{"type":"FeatureCollection","features":[{"type":"Feature","geometry":{"type":"Point","coordinates":[-67.93119174974028,44.5098064003157]},"properties":{"OBJECTID":"1","LATITUDE":"44.50981","LONGITUDE":"-67.93119","SITE_NAME":"ANDERSONS LANDFILL","SITE_NUMBER":"93635","ADDRESS":"RP RD OFF RTE 1","TOWN":"STEUBEN","DESCRIPTION":"","SUMMARY":"","CLOSED":"PRE-1976"},"id":1},{"type":"Feature","geometry":{"type":"Point","coordinates":[-68.76601691994844,44.82438890996834]},"properties":{"OBJECTID":"2","LATITUDE":"44.82439","LONGITUDE":"-68.76602","SITE_NAME":"BANGOR CITY DUMP FORMER SITE","SITE_NUMBER":"74187","ADDRESS":"WATCHMAKER ST","TOWN":"BANGOR","DESCRIPTION":"","SUMMARY":"A LARGE FIELD AT THE END OF WATCHMAKER ST WHICH LEADS DOWN TO A LARGE WETLANDS.\r\n\r\nTHIS IS STILL AN OPEN FIELD TO THE RIGHT AND AT THE END OF WATCHMAKER STREET. THIS WAS AN OPEN BURNING DUMP UNTIL THE MID-1960'S WHEN IT WAS CLOSED AND THE KITTREDGE STREET DUMP WAS OPENED. THERE IS A LARGE WETLANDS AT THE BASE OF THIS FIELD. THIS SITE IS EASILY WITHIN VIEW OF I-95 SOUTH. INFORMATION ON THIS SITE WAS SUPPLIED BY THE CEO OF THE CITY OF BANGOR IN 2008","CLOSED":"PRE-1976"},"id":2},{"type":"Feature","geometry":{"type":"Point","coordinates":[-68.77047759947216,44.81527814972691]},"properties":{"OBJECTID":"3","LATITUDE":"44.81528","LONGITUDE":"-68.77048","SITE_NAME":"BANGOR FIRE DUMP","SITE_NUMBER":"74184","ADDRESS":"NORTH PARK ST","TOWN":"BANGOR","DESCRIPTION":"","SUMMARY":"WOODED AREA NORTH OF DAKIN PARK AND SOUTH OF MILFORD COURT AND BETWEEN ESSEX AND BROADWAY.\r\n\r\nIN 1914 THERE WAS A MAJOR DESTRUCTIVE FIRE IN BANGOR. A LANDOWNER WHO WAS LOOKING FOR FILL OFFERED  HIS LAND. THIS LAND  ONCE HAD A MINOR BROOK FLOWING THROUGH IT. THE FIRE DEBRIS WAS DUMPED HERE. THERE HAD BEEN A HISTORY OF SCAVENGING HERE EACH TIME A TREE (USUALLY BOX ALDERS WOULD FALL OVER AND REVEAL THE GLASS AND METAL AND WOOD BELOW. THIS INFORMATION WAS SUPPLIED BY THE CODE ENFORCEMENT OFFICER OF THE CITY OF BANGOR IN 2008, DAN WELLINGTON.","CLOSED":"PRE-1976"},"id":3},{"type":"Feature","geometry":{"type":"Point","coordinates":[-67.33138127941177,45.1275814603661]},"properties":{"OBJECTID":"4","LATITUDE":"45.12758","LONGITUDE":"-67.33138","SITE_NAME":"BARING PLT DUMP","SITE_NUMBER":"29682","ADDRESS":"OLD RTE 1","TOWN":"BARING PLT","DESCRIPTION":"","SUMMARY":"","CLOSED":"PRE-1976"},"id":4},{"type":"Feature","geometry":{"type":"Point","coordinates":[-69.86391836957914,44.512152820080495]},"properties":{"OBJECTID":"5","LATITUDE":"44.51215","LONGITUDE":"-69.86392","SITE_NAME":"BELGRADE OLD LANDFILL","SITE_NUMBER":"27353","ADDRESS":"CHANDLER RD OFF RTE 27","TOWN":"BELGRADE","DESCRIPTION":"0.5 ACRE LANDFILL CLOSED IN 1980 AS REQUIRED BY THE MEDEP LANDFILL CLOSURE AND REMEDIATION PROGRAM.   THE LANDFILL CLOSURE USED THE REGULATION CLOSURE PROCEDURE.  THIS GENERALLY CONSISTED OF AN ENVIRONMENTAL ASSESSMENT, A CLAY OR COMPOSITE COVER SYSTEM, AND WATER QUALITY MONITORING.  SPECIFIC DETAILS FOR CLOSURE OF THIS LANDFILL ARE AVAILABLE THROUGH MEDEP FILE ROOM.","SUMMARY":"CLOSED IN 1980 UNDER STATE APPROVAL.  0.5 ACRE LANDFILL. APPARENTLY, THERE IS NO MONITORING TAKING PLACE, BUT OLD LANDFILL STILL EXISTS AS A HIGHLY POTENTIAL GW CONTAMINATOR. HOUSE BUILT WITHIN 300 FEET OF THIS LANDFILL","CLOSED":"PRE-1976"},"id":5},{"type":"Feature","geometry":{"type":"Point","coordinates":[-70.47701388049073,43.49946871962092]},"properties":{"OBJECTID":"6","LATITUDE":"43.49947","LONGITUDE":"-70.47701","SITE_NAME":"BIDDEFORD ROTARY PARK OLD DUMP","SITE_NUMBER":"27747","ADDRESS":"MAIN ST","TOWN":"BIDDEFORD","DESCRIPTION":"","SUMMARY":"SITE POSES NO IMMEDIATE THREAT BUT MAY CONTAIN WASTE CHEMICALS - XYLENE, TOLUENE, CRYENOL.  ROTARY PARK WAS BIDDEFORD'S MUNICIPAL LANDFILL UNTIL THE EARLY 70'S.","CLOSED":"PRE-1976"},"id":6},{"type":"Feature","geometry":{"type":"Point","coordinates":[-70.64003604047964,43.14472697036378]},"properties":{"OBJECTID":"7","LATITUDE":"43.14473","LONGITUDE":"-70.64004","SITE_NAME":"BOBAN ST ABANDONED LANDFILL YORK","SITE_NUMBER":"91068","ADDRESS":"BOBAN AND DARCY STREET INTERSE","TOWN":"YORK","DESCRIPTION":"PRESENTLY SITE OF HODGIN SUBDIVISION. TWO OLDER BURIED WASTE LOCATIONS ARE IN THE 1977 DEP BLWQ FILE FOR AN APPROVED SUBDIVISION # L-03737. WASTE WAS BURNED. THERE MAY BE SOME HOMES LOCATED OVER ASH, ETC.","SUMMARY":"PRESENTLY SITE OF HODGIN SUBDIVISION.  THIS IS THE APPROXIMATE LOCATION; ALTHOUGH NOT ACTUAL SOLID WASTE BOUNDARY DETERMINATIONS, THESE LOCATION POINTS ARE LIKELY WITHIN THE FORMER WASTE AREAS. THE ESTIMATED LOCATIONS ARE DEPICTED ON A SUBDIVISION PLAN DATED 1977. THE WHOLE AREA WHICH INCLUDES THE TWO SUB-SITES WAS FORMERLY OWNED AND OPERATED BY THE TOWN UNTIL 1960S.\r\nTHE AREAS WERE REQUIRED TO BE COVERED WITH UP TO 2 FT OF SOILS; NO REMEDIATION ANTICIPATED AT THIS TIME(2011) AS HOMES ARE SERVED BY PUBLIC WATER. SITES WERE BASICALLY BURN SITES (ASHLAYER PRESENT BELOW SOME HOME SITES), AND NO SETTLEMENT OF HOMES REPORTED FOR THAT PERIOD.   DEP  REQUIRES  FOR THE HOMES ON/ADJACENT TO WASTE ON SAME PROPERTY LOT AS LANDFILL AREAS TO HAVE DISCLOSURE AT TIME OF SALE PER 38 MRSA, SECTION 1310.H.1","CLOSED":"PRE-1976"},"id":7},{"type":"Feature","geometry":{"type":"Point","coordinates":[-69.98005144003534,44.082304699849445]},"properties":{"OBJECTID":"8","LATITUDE":"44.0823","LONGITUDE":"-69.98005","SITE_NAME":"BOWDOIN DUMP","SITE_NUMBER":"27569","ADDRESS":"LITCHFIELD RD","TOWN":"BOWDOIN","DESCRIPTION":"","SUMMARY":"SUPPOSEDLY THE SITE WAS IN OPERATION IN THE MID-70'S. THERE IS NOT MUCH INFORMATION ON IT SINCE IT WAS SO SMALL THAT THE STATE HAD NO OBLIGATION TO MONITOR IT. LISTED AS ACTIVE HOWEVER, IN SPEAKING TO THE HEAD SELECTMAN LEROY LETOURNEAU TODAY (4/12/12), HE SAYS THAT THERE WAS NEVER A DUMP IN BOWDOIN BUT ONLY IN BOWDOINHAM OR LISBON FALLS.","CLOSED":"PRE-1976"},"id":8},{"type":"Feature","geometry":{"type":"Point","coordinates":[-68.3200955295008,47.35727302975937]},"properties":{"OBJECTID":"9","LATITUDE":"47.35727","LONGITUDE":"-68.3201","SITE_NAME":"BRIDGE STREET DUMP","SITE_NUMBER":"56250","ADDRESS":"BRIDGE AVE","TOWN":"MADAWASKA","DESCRIPTION":"","SUMMARY":"THIS SITE IS ASSOCIATED WITH THE FRASIER PAPER MILL.","CLOSED":"PRE-1976"},"id":9},{"type":"Feature","geometry":{"type":"Point","coordinates":[-67.78584126004533,45.557853219566354]},"properties":{"OBJECTID":"10","LATITUDE":"45.55785","LONGITUDE":"-67.78584","SITE_NAME":"BROOKTON TWP DUMP","SITE_NUMBER":"29684","ADDRESS":"RTE 1","TOWN":"BROOKTON TWP","DESCRIPTION":"","SUMMARY":"NOTED AS A SOLID WASTE LANDFILL ON BUREAU OF SOLID WASTE MAP. 1958 TOPO MAP ALSO SHOW THIS CLEARING. THIS SMALL (1 ACRE)  LANDFILL APPEARS TO HAVE BEEN ACTIVE FROM THE 1950'S TO THE 1970 OR 80'S. NO OTHER INFO. OLD ENTRY ROAD AND GRASSY AREA TO THE WEST SIDE OF RT ONE WHICH WAS FAIRLY OPEN IN 1997 BUT APPEARS TO BE GETTING INFILLED A BIT WITH TREES AND SCRUB GROWTH AS OF 2007, MORESO AS OF 2011","CLOSED":"PRE-1976"},"id":10},{"type":"Feature","geometry":{"type":"Point","coordinates":[-69.04920838058322,45.34950302994074]},"properties":{"OBJECTID":"11","LATITUDE":"45.3495","LONGITUDE":"-69.04921","SITE_NAME":"BROWNVILLE JCT DUMP","SITE_NUMBER":"29563","ADDRESS":"RTE 11 NEAR TEAM BRIDGE","TOWN":"BROWNVILLE","DESCRIPTION":"","SUMMARY":"OLD OPEN-BURNING DUMP ON FLOOD-PLAIN NEXT TO THE PLEASANT RIVER.  CLOSED OR ABANDONED IN THE EARLY '70S. ALSO ADJACENT TO PRESENT DAY BALL FIELD","CLOSED":"PRE-1976"},"id":11},{"type":"Feature","geometry":{"type":"Point","coordinates":[-69.02184260051301,45.29970179977303]},"properties":{"OBJECTID":"12","LATITUDE":"45.2997","LONGITUDE":"-69.02184","SITE_NAME":"BROWNVILLE_MILO DUMP","SITE_NUMBER":"30802","ADDRESS":"PLEASANT RIVER ROAD","TOWN":"MILO","DESCRIPTION":"ON LEFT HAND SIDE OF STREAM GOING DOWN TO THE PLEASANT RIVER IN ESKER (OLD SUBGLACIAL STREAM DEPOSITS).  CLOSED OR ABANDONED IN THE EARLY '70S.  OLD OPEN-BURNING DUMP LOCATED IN ESKER NEAR THE RIVER.   ON 4/19/12, SPOKE WITH KEVIN BLACK OF BROWNVILLE TOWN PUBLIC WORKS. HE SAID THAT THE BROWNVILLE DUMP (AS DISTINCT FROM THE ONE IN BROWNVILLE JUNCTION) WAS JUST OVER THE BORDER IN MILO ON PLEASANT RIVER ROAD) ON THE LEFT SIDE OF A STREAM IN THE DIRECTION OF PLEASANT RIVER.","SUMMARY":"CLOSED OR ABANDONED IN THE EARLY '70S.  OLD OPEN-BURNING DUMP LOCATED IN ESKER NEAR THE RIVER.   ON 4/19/12, SPOKE WITH KEVIN BLACK OF BROWNVILLE TOWN PUBLIC WORKS. HE SAID THAT THE BROWNVILLE DUMP (AS DISTINCT FROM THE ONE IN BROWNVILLE JUNCTION) WAS JUST OVER THE BORDER IN MILO ON PLEASANT RIVER ROAD) ON THE LEFT SIDE OF A STREAM IN THE DIRECTION OF PLEASANT RIVER.","CLOSED":"PRE-1976"},"id":12},{"type":"Feature","geometry":{"type":"Point","coordinates":[-68.78599865000456,44.79287125013052]},"properties":{"OBJECTID":"13","LATITUDE":"44.79287","LONGITUDE":"-68.786","SITE_NAME":"BUCK STREET LANDFILL - OLD SITE","SITE_NUMBER":"74188","ADDRESS":"BUCK STREET","TOWN":"BANGOR","DESCRIPTION":"","SUMMARY":"OPEN LOT ON CORNER OF BUCK STREET AND BOND ST EAST SIDE OF BOND.\r\n\r\nTHIS WAS A LOCAL PRIVATELY OWNED DUMP WHICH WAS ACTIVE IN THE LATE 1920S EARLY 1930'S AND AS LATE AS 1932. WHEN AN OWNER TRIED TO BUILD AT THIS LOCATION IN LATER YEARS, IT WAS NOT POSSIBLE TO PUT IN A FOUNDATION BECAUSE OF THE DEBRIS FROM UNSORTED TRASH AND FILL WHICH WAS STILL AT THIS LOCATION. THIS INFORMATION WAS PROVIDED BY THE BANGOR CEO IN 2008","CLOSED":"PRE-1976"},"id":13},{"type":"Feature","geometry":{"type":"Point","coordinates":[-70.06945007043235,43.80388543999134]},"properties":{"OBJECTID":"14","LATITUDE":"43.80389","LONGITUDE":"-70.06945","SITE_NAME":"BUSTINS ISLAND SOLID WASTE FACILITY","SITE_NUMBER":"60560","ADDRESS":"NORTHWEST SIDE OF THE ISLAND","TOWN":"FREEPORT","DESCRIPTION":"","SUMMARY":"CLOSED. SOLID WASTE AND HOLDING TANK FOR SEPTAGE","CLOSED":"PRE-1976"},"id":14},{"type":"Feature","geometry":{"type":"Point","coordinates":[-70.60040759050462,44.698960139762576]},"properties":{"OBJECTID":"15","LATITUDE":"44.69896","LONGITUDE":"-70.60041","SITE_NAME":"BYRON FORMER LANDFILL","SITE_NUMBER":"56546","ADDRESS":"OFF RT 17","TOWN":"BYRON","DESCRIPTION":"OLD GRASSED OVER FORMER COMMUNITY DUMP. SEE FILE IN FILE ROON FOR 1960S AND 1970S CORRESPONDENCE. THIS LANDFILL EXISTED PRIOR TO 1970 AND OPERATED TILL 1974 WHEN THE TOWN AGREED TO SENT THEIR TRASH TO THE MEXICO RUMFORD LANDFILL. AERIAL PHOTOS SHOW A HOUSE NEARBY. THIS LANDFILL EXISTED WITHIN 50 FT OF TOWN FARM BROOK (FORMERLY KNOWN AS TAYLOR BROOK OR TAYLOR BROOK IS A NEARBY OFFSHOOT). JUST NORTH OF THE ROXBURY LINE","SUMMARY":"CLOSED IN 1974. 1.7 ACRES.OLD GRASSED OVER FORMER COMMUNITY DUMP. SEE FILE IN FILE ROON FOR 1960S AND 1970S CORRESPONDENCE. THIS LANDFILL EXISTED PRIOR TO 1970 AND OPERATED TILL 1974 WHEN THE TOWN AGREED TO SENT THEIR TRASH TO THE MEXICO RUMFORD LANDFILL. AERIAL PHOTOS SHOW A HOUSE NEARBY. THIS LANDFILL EXISTED WITHIN 50 FT OF TOWN FARM BROOK (FORMERLY KNOWN AS TAYLOR BROOK OR TAYLOR BROOK IS A NEARBY OFFSHOOT). JUST NORTH OF THE ROXBURY LINE","CLOSED":"PRE-1976"},"id":15},{"type":"Feature","geometry":{"type":"Point","coordinates":[-69.06802959036112,44.80859897450983]},"properties":{"OBJECTID":"16","LATITUDE":"44.80779","LONGITUDE":"-69.06653","SITE_NAME":"CARMEL DUMP","SITE_NUMBER":"29619","ADDRESS":"DAMASCUS RD","TOWN":"CARMEL","DESCRIPTION":"DUMP STOPPED OPERATING 30-40 YEARS AGO ACCORDING TO THE CODE ENFORCEMENT OPERATOR. THE LOCATION WAS ON THE NORTH SIDE OF DAMASCUS ROAD JUST WEST OF GRIST MILL RD AND JUST BEYOND AND BESIDE A TRAILER HOME. THE CEO SAID HE WAS NOT AWARE OF ANY COMPLAINTS (FROM PHONE CALL OFAPRIL 27, 2012)","SUMMARY":"CLOSED BETWEEN 1972-1982. DUMP STOPPED OPERATING 30-40 YEARS AGO ACCORDING TO THE CODE ENFORCEMENT OPERATOR. THE LOCATION WAS ON THE NORTH SIDE OF DAMASCUS ROAD JUST WEST OF GRIST MILL RD AND JUST BEYOND AND BESIDE A TRAILER HOME. THE CEO SAID HE WAS NOT AWARE OF ANY COMPLAINTS (FROM PHONE CALL OFAPRIL 27, 2012)","CLOSED":"PRE-1976"},"id":16},{"type":"Feature","geometry":{"type":"Point","coordinates":[-70.20382094003745,45.091035139655936]},"properties":{"OBJECTID":"17","LATITUDE":"45.09104","LONGITUDE":"-70.20382","SITE_NAME":"CARRABASSET VALLEY DUMP","SITE_NUMBER":"29344","ADDRESS":"CARRIAGE RD","TOWN":"CARRABASSETT VALLEY","DESCRIPTION":"THE DUMP WAS LAST ACTIVE IN THE EARLY 1970'S. IT WAS LOCATED RIGHT ON THE CARRIAGE ROAD. DEBRIS CAN STILL BE FOUND TO THE EAST SIDE OF THE NORTH SOUTH ORIENTED SECTION OF ROAD AT ABOUT ELEVATION 1080 FEET AND ABOUT 1.25  MILES UP FROM CARRABASSETT DRIVE. THIS IS BASED ON INFORMATION FROM THE TOWN CEO BILL GILMORE (MAY 9, 2012)","SUMMARY":"CLOSED EARLY 1970'S. THE DUMP WAS LAST ACTIVE IN THE EARLY 1970'S. IT WAS LOCATED RIGHT ON THE CARRIAGE ROAD. DEBRIS CAN STILL BE FOUND TO THE EAST SIDE OF THE NORTH SOUTH ORIENTED SECTION OF ROAD AT ABOUT ELEVATION 1080 FEET AND ABOUT 1.25  MILES UP FROM CARRABASSETT DRIVE. THIS IS BASED ON INFORMATION FROM THE TOWN CEO BILL GILMORE (MAY 9, 2012)","CLOSED":"PRE-1976"},"id":17},{"type":"Feature","geometry":{"type":"Point","coordinates":[-70.22506702979771,44.10723800978433]},"properties":{"OBJECTID":"18","LATITUDE":"44.10724","LONGITUDE":"-70.22507","SITE_NAME":"CENTER STREET DUMP","SITE_NUMBER":"37959","ADDRESS":"CENTER/NORTH ST INTERSECTION","TOWN":"AUBURN","DESCRIPTION":"LANDFILL SIZE, CLOSURE DATE, AND CLOSURE PROCEDURE UNKNOWN","SUMMARY":"OPERATED LATE 1920'S TO LATE 1940'S. NEAR RIVER. LOCATION A GUESS BASED ON POSSIBLE FILL LAND NEXT TO RIVER AT THAT LOCATION.","CLOSED":"PRE-1976"},"id":18},{"type":"Feature","geometry":{"type":"Point","coordinates":[-69.87079932049971,45.020090399606524]},"properties":{"OBJECTID":"19","LATITUDE":"45.02009","LONGITUDE":"-69.8708","SITE_NAME":"CONCORD TWP FORMER DUMP SITE","SITE_NUMBER":"81478","ADDRESS":"KENNEBEC RIVER ROAD","TOWN":"CONCORD TWP","DESCRIPTION":"FORMER DUMP SITE","SUMMARY":"FORMER DUMP SITE.","CLOSED":"PRE-1976"},"id":19},{"type":"Feature","geometry":{"type":"Point","coordinates":[-70.3482146094712,45.11971749003866]},"properties":{"OBJECTID":"20","LATITUDE":"45.11972","LONGITUDE":"-70.34821","SITE_NAME":"COPLIN PLANTATION DUMP_IN QUESTION","SITE_NUMBER":"29347","ADDRESS":"RTE 4","TOWN":"WYMAN TWP","DESCRIPTION":"CLOSED OR NEVER EXISTED. LOCATION ARBITRARILY PLACED. IN 1972-TWO INDIVIDUALS WERE  INTERESTED IN LICENSING WASTE DUMP WOOD AND GRAVEL ONLY - NO FURTHER INFO ON THIS.  LETTER FROM TOWN SELECTMAN IN 1998 STATED THAT TOWN HAD ALWAYS ONLY USED THE EUSTIS DUMP AND LATER THE TRANSFER STATION IN EUSTIS.","SUMMARY":"CLOSED OR NEVER EXISTED. LOCATION ARBITRARILY PLACED.IN 1972-TWO INDIVIDUALS WERE INTERESTED IN LICENSING WASTE DUMP WOOD AND GRAVEL ONLY - NO FURTHER INFO ON THIS.  LETTER FROM TOWN SELECTMAN IN 1998 STATED THAT TOWN HAD ALWAYS ONLY USED THE EUSTIS DUMP AND LATER THE TRANSFER STATION IN EUSTIS..","CLOSED":"PRE-1976"},"id":20},{"type":"Feature","geometry":{"type":"Point","coordinates":[-70.60381583001411,44.953387829923]},"properties":{"OBJECTID":"21","LATITUDE":"44.95339","LONGITUDE":"-70.60382","SITE_NAME":"DALLAS PLT LANDFILL NEVER EXISTED","SITE_NUMBER":"29348","ADDRESS":"ORRIS LAMB RD","TOWN":"DALLAS PLT","DESCRIPTION":"","SUMMARY":"IN 1985 THETRE WAS A PROPOSAL FOR THE TOWN OF RANGELEY TO BUY LAND IN THE LOON LAKE WATERSHED, A THRITY ACRES SITE, IN DALLAS PLT. HOWEVER IT WAS NOT BUILT. INSTEAD THERE WAS A COMBINATION OF A TRANSFER STATION AND CONSTRUCTION DEMOLITION DEBRIS FILL SITE IN RANGELEY OFF LOON LAKE RD WHICH HAS EXISTED SINCE 1989. THERE IS NO LANDFILL IN DALLAS PLT WHICH USES THE DISPOSAL AND TRANSFER FACILITY IN RANNGELEY","CLOSED":"PRE-1976"},"id":21},{"type":"Feature","geometry":{"type":"Point","coordinates":[-69.48605846032869,44.04270996003649]},"properties":{"OBJECTID":"22","LATITUDE":"44.04271","LONGITUDE":"-69.48606","SITE_NAME":"DAMARISCOTTA OLD NEIGHBORHOOD DUMP","SITE_NUMBER":"79886","ADDRESS":"STANDPIPE RD","TOWN":"DAMARISCOTTA","DESCRIPTION":"VISITED BY DEP STAFF IN MAY 2006. TOP FROM THE ROAD EAST COVERED WITH EARTHEN MATERIALS. SIDE SLOPES AND REAR ARE UNCOVERED WITH SHARP METALS, TIRES, APPLIANCES THROUGHOUT. RESDIDENTIAL AREA. TRAILER HOME (DRILLED WELL) DUE SOUTHEAST AND 125 FT AWAY MAY BE MOST AT RISK IF THERE ARE ANY GROUNDWATER IMPACTS. PRIVATELY OWNED PROPERTY, NEVER MUNICIPAL.","SUMMARY":"VISITED BY DEP STAFF IN MAY 2006. TOP FROM THE ROAD EAST COVERED WITH EARTHEN MATERIALS. SIDE SLOPES AND REAR ARE UNCOVERED WITH SHARP METALS, TIRES, APPLIANCES THROUGHOUT. RESDIDENTIAL AREA. TRAILER HOME (DRILLED WELL) DUE SOUTHEAST AND 125 FT AWAY MAY BE MOST AT RISK IF THERE ARE ANY GROUNDWATER IMPACTS. PRIVATELY OWNED PROPERTY, NEVER  MUNICIPAL.","CLOSED":"PRE-1976"},"id":22},{"type":"Feature","geometry":{"type":"Point","coordinates":[-67.96660361029375,44.52933900000194]},"properties":{"OBJECTID":"23","LATITUDE":"44.52934","LONGITUDE":"-67.9666","SITE_NAME":"DOWNEAST LANDFILL","SITE_NUMBER":"29746","ADDRESS":"RTE 1","TOWN":"STEUBEN","DESCRIPTION":"","SUMMARY":"FACILITY IS LOCATED ON SANDY, CEMENTED GLACIAL TILL.","CLOSED":"PRE-1976"},"id":23},{"type":"Feature","geometry":{"type":"Point","coordinates":[-70.11421970039422,43.96341821002911]},"properties":{"OBJECTID":"24","LATITUDE":"43.96342","LONGITUDE":"-70.11422","SITE_NAME":"DURHAM LANDFILL AND TIRES","SITE_NUMBER":"28407","ADDRESS":"BRUNSWICK ST","TOWN":"DURHAM","DESCRIPTION":"","SUMMARY":"THIS PROPERTY WAS FORMERLY OWNED BY JOHN EMERSON ANS OPERATED AS A LANDFILL AND TIRE DUMP. IT CONTAINED DRUMS OF SULFUR, WASTE WOOD, AND THOUSANDS OF TIRES. PROCEDURES TO CLEAN UP THE TIRES AND CLOSE AND CAP THE LANDFILL WERE INITIATED IN THE LATE 1990'S AND EARLY 2000'S.","CLOSED":"PRE-1976"},"id":24},{"type":"Feature","geometry":{"type":"Point","coordinates":[-69.73908706992496,44.85053344038782]},"properties":{"OBJECTID":"25","LATITUDE":"44.85053","LONGITUDE":"-69.73909","SITE_NAME":"E MADISON DUMP","SITE_NUMBER":"29459","ADDRESS":"CORNVILLE RD","TOWN":"MADISON","DESCRIPTION":"","SUMMARY":"SMALL BURNING DUMP CLOSURE (DUE TO NON-COMPLIAMCE/300' RULE AND RECLAMATION","CLOSED":"PRE-1976"},"id":25},{"type":"Feature","geometry":{"type":"Point","coordinates":[-68.26468955993491,44.648136530265525]},"properties":{"OBJECTID":"26","LATITUDE":"44.64814","LONGITUDE":"-68.26469","SITE_NAME":"EASTBROOK DUMP","SITE_NUMBER":"29758","ADDRESS":"BULLETS LANE NEAR SAND_SALT_PI","TOWN":"EASTBROOK","DESCRIPTION":"IT WAS USED IN THE 1970'S AND WAS A SAND PIT CALLED THE ROARING BROOK GRAVEL PIT. IT WAS FILLED IN AND THE DUMP WAS MOVED TO THE LOCATION FURTHER DOWN BULLETS LANE.  ACCORDING TO THE TOWN OFFICE, THERE WAS ONLY A SMALL PRIVATE DUMP OVER BY SPARROW HILL ROAD YEARS AGO BUT NOT A TOWN DUMP. THIS SITE WAS THE TOWN'S FORMER SAND SALT PILE.","SUMMARY":"SITE CLOSED","CLOSED":"PRE-1976"},"id":26},{"type":"Feature","geometry":{"type":"Point","coordinates":[-67.27841179047158,44.88390522962286]},"properties":{"OBJECTID":"27","LATITUDE":"44.88391","LONGITUDE":"-67.27841","SITE_NAME":"EDMUNDS TWP LANDFILL","SITE_NUMBER":"29695","ADDRESS":"RTE 86","TOWN":"EDMUNDS TWP","DESCRIPTION":"LANDFILL WAS USED IN THE 1950'S THROUGH 1976 WHEN IT WAS MOVED TO ROBINSON'S LANDFILL FOR SEVERAL YEARS UNTIL THE MARION TRANSFER STATION OPENED UP. THIS LANDFILL WAS COVERED UNDER THE OVERSIGHT OF THE DEP.","SUMMARY":"LANDFILL WAS USED IN THE 1950'S THROUGH 1976 WHEN IT WAS MOVED TO ROBINSON'S LANDFILL FOR SEVERAL YEARS UNTIL THE MARION TRANSFER STATION OPENED UP.  THIS LANDFILL WAS COVERED UNDER THE OVERSIGHT OF THE DEP.","CLOSED":"PRE-1976"},"id":27},{"type":"Feature","geometry":{"type":"Point","coordinates":[-70.09105262962912,44.64250614982684]},"properties":{"OBJECTID":"28","LATITUDE":"44.64251","LONGITUDE":"-70.09105","SITE_NAME":"FARMINGTON LANDFILL SLUDGE","SITE_NUMBER":"36052","ADDRESS":"OFF RTE 2","TOWN":"FARMINGTON","DESCRIPTION":"","SUMMARY":"FARMINGTON WWTP RECEIVED APPROVAL 10/20/95 TO APPLY LIME-STABILIZED WWTP SLUDGE AND RESIDUALS TO 10.1 AC OF THE CLOSED TOWN LANDFILL SITE OFF RTE 2 IN FARMINGTON.  THE LANDFILL SURFACE CONSISTS OF A 6 LAYER OF GAS TRANSMISSABLE SAND, 18 OF GLACIAL TILL AND A 6 LAYER OF TOPSOIL.","CLOSED":"PRE-1976"},"id":28},{"type":"Feature","geometry":{"type":"Point","coordinates":[-69.61287200060302,44.53237769007134]},"properties":{"OBJECTID":"29","LATITUDE":"44.53238","LONGITUDE":"-69.61287","SITE_NAME":"GARLAND RD DUMP PRE_1976","SITE_NUMBER":"84627","ADDRESS":"GARLAND ROAD","TOWN":"WINSLOW","DESCRIPTION":"","SUMMARY":"THE SITE IS ON THE SOUTH SIDE OF THE ROAD NEAR THE CHINA LAKE OUTLET STREAM AND WEST OF IT UP IN THE WOODS. ABOUT 400 FEET TO 500 FEET OFF GARLAND RD.  THIS IS A PRE-1976 LANDFILL, OUT OF OPERATION BUT NOT CLOSED UNDER RULES WHICH CAME INTO EFFECT AFTER 1976. THE DEBRIS WAS DUMPED IN TWO GENERAL AREAS ON EITHER SIDE OF A SMALL BROOK AND ABOUT 200 FEET BACK FROM THE CHINA LAKE OUTLET STREAM (WEST SIDE)","CLOSED":"PRE-1976"},"id":29},{"type":"Feature","geometry":{"type":"Point","coordinates":[-70.44520644975336,43.66382552010634]},"properties":{"OBJECTID":"30","LATITUDE":"43.66383","LONGITUDE":"-70.44521","SITE_NAME":"GORHAM DUMP","SITE_NUMBER":"37961","ADDRESS":"WEEKS ROAD","TOWN":"GORHAM","DESCRIPTION":"","SUMMARY":"OLD DUMP INACTIVE FOR SEVERAL DECADES","CLOSED":"PRE-1976"},"id":30},{"type":"Feature","geometry":{"type":"Point","coordinates":[-70.13799744940343,44.21095703015345]},"properties":{"OBJECTID":"31","LATITUDE":"44.21096","LONGITUDE":"-70.138","SITE_NAME":"GREENE TOWN DUMP","SITE_NUMBER":"28412","ADDRESS":"HOOPER POND RD","TOWN":"GREENE","DESCRIPTION":"","SUMMARY":"SITE WAS CLOSED IN 1987 AND TOWN NOW USES A TRANSFER STATION.  NO MONITORING HAS TAKEN PLACE.  GROUNDWATER CONTAMINATION ISA POTENTIAL.","CLOSED":"PRE-1976"},"id":31},{"type":"Feature","geometry":{"type":"Point","coordinates":[-70.32660552015732,43.73645684973707]},"properties":{"OBJECTID":"32","LATITUDE":"43.73646","LONGITUDE":"-70.32661","SITE_NAME":"HARDY ROAD LANDFILL","SITE_NUMBER":"56098","ADDRESS":"HARDY RD","TOWN":"FALMOUTH","DESCRIPTION":"","SUMMARY":"THIS SITE WAS NOTED ON A 7.5 MINUTE QUAD FROM 1980'S DEP RESEARCH AS A CLOSED FORMER SOLID WASTE SITE IN FALMOUTH. THIS WAS NEVER A LICENSED SITE","CLOSED":"PRE-1976"},"id":32},{"type":"Feature","geometry":{"type":"Point","coordinates":[-69.57071642940173,44.99899375997497]},"properties":{"OBJECTID":"33","LATITUDE":"44.99899","LONGITUDE":"-69.57072","SITE_NAME":"HARMONY DUMP","SITE_NUMBER":"29455","ADDRESS":"RTE 154","TOWN":"HARMONY","DESCRIPTION":"","SUMMARY":"DUMP SITE ABANDONED 1974; NEVER PROPERLY COVERED OR CLOSED; NO G.W.MONITORING ON SITE.","CLOSED":"PRE-1976"},"id":33},{"type":"Feature","geometry":{"type":"Point","coordinates":[-67.8284324194995,44.626039349748254]},"properties":{"OBJECTID":"34","LATITUDE":"44.62604","LONGITUDE":"-67.82843","SITE_NAME":"HARRINGTON TOWN DUMP","SITE_NUMBER":"29697","ADDRESS":"SACARAP RD","TOWN":"HARRINGTON","DESCRIPTION":"","SUMMARY":"NO LONGER USED AND OVERGROWN WITH TREES. PERHAPS ACTIVE AS RECENTLY AS 1970'S TO 1980'S. THIS SITE IS CONFIRMED ON THE CHERRYFIELD 15 MINUTE QUAD OF SOLID WASTE FACILITIES COMPILED IN THE 1980'S BY DEP STAFFERS ( ARCHIVAL MAP REVIEWED IN 2012)","CLOSED":"PRE-1976"},"id":34},{"type":"Feature","geometry":{"type":"Point","coordinates":[-70.4206675895151,44.19999869023636]},"properties":{"OBJECTID":"35","LATITUDE":"44.20","LONGITUDE":"-70.42067","SITE_NAME":"HEBRON ACADEMY LANDFILL","SITE_NUMBER":"27169","ADDRESS":"HEBRON RD","TOWN":"HEBRON","DESCRIPTION":"","SUMMARY":"THIS LOCATION IS NOTED ON AN ARCHIVAL DEP LANDFILL 15 MINUTE QUAD TOPO MAP. IT HAS NOT BEEN INVESTIGATED BY THE CLOSURE STAFF BECAUSE IT IS CONSIDERED A PRIVATE LANDFILL. GROUNDTRUTHING OF THE LOCATION WILL BE NECESSARY.","CLOSED":"PRE-1976"},"id":35},{"type":"Feature","geometry":{"type":"Point","coordinates":[-68.07913007946682,44.399599159555564]},"properties":{"OBJECTID":"36","LATITUDE":"44.3996","LONGITUDE":"-68.07913","SITE_NAME":"HILLCREST DRIVE DUMP","SITE_NUMBER":"33455","ADDRESS":"HILLCREST DRIVE","TOWN":"WINTER HARBOR","DESCRIPTION":"","SUMMARY":"TOWN DUMP. IT MAY HAVE HAD SOME USE BY THE US NAVY. LIMITED INVESTIGATION WORK BY THE DEP IN 1990. NO HIGH RISKS TO NEARBY RESIDENTS FOUND. 2006 SAMPLING FOUND NEW ISSUES WITH WELL WATER AND MORE TO BE DONE IN 2007. PRELIMINARY LOOKS LIKE HOMES CLOSE AND LOTS OF POOR STORAGE PRACTICES AND SPILLING OF GASOLINE.","CLOSED":"PRE-1976"},"id":36},{"type":"Feature","geometry":{"type":"Point","coordinates":[-68.63460835944355,44.73252541969182]},"properties":{"OBJECTID":"37","LATITUDE":"44.73253","LONGITUDE":"-68.63461","SITE_NAME":"HOLDEN OLD DUMP","SITE_NUMBER":"108402","ADDRESS":"LOWER DEDHAM RD","TOWN":"HOLDEN","DESCRIPTION":"FORMER MUNICIPAL LANDFILL THAT DID NOT OPERATE AFTER 1976.","SUMMARY":"","CLOSED":"PRE-1976"},"id":37},{"type":"Feature","geometry":{"type":"Point","coordinates":[-68.44838107034279,45.91808215010731]},"properties":{"OBJECTID":"38","LATITUDE":"45.91808","LONGITUDE":"-68.44838","SITE_NAME":"KATHADIN REG LANDFIL_NEVER BUILT","SITE_NUMBER":"27842","ADDRESS":"RTE 11","TOWN":"STACYVILLE","DESCRIPTION":"","SUMMARY":"THE SITE WAS ORIGINALLY PROPOSED AND APPLIED FOR TO THE DEP IN 1986. AFTER THREE YEARS OF MEETINGS AND DISCUSSION, THE APPLICATION WAS RETURNED AS CERTAIN CRITERIA WERE NOT BEING MET. THERE WAS NO FOLLOWUP APPLICATION. THE TOWN OF STACYVILLE HAS ALWAYS HISTORICALLY USED THE SHERMAN TOWN LANDFILL AND TRANSFER STATION (CONVERSATION WITH TOWN CLERK IN 2012).","CLOSED":"PRE-1976"},"id":38},{"type":"Feature","geometry":{"type":"Point","coordinates":[-70.90149759057697,43.80501724962559]},"properties":{"OBJECTID":"39","LATITUDE":"43.80502","LONGITUDE":"-70.9015","SITE_NAME":"KEZAR FALLS DUMP","SITE_NUMBER":"27943","ADDRESS":"MOSES CHAPMAN RD","TOWN":"PORTER","DESCRIPTION":"A TOWN SELECTMAN (2012) SAID THAT IT WAS IN BACK OF LIBBY'S SERVICE BUT TO THE RIGHT NEAR END OF DAY RD; AN OLD GRAVEL PIT  USED FROM AROUND THE 1920'S TO THE 1940'S, AFTER THAT PORTER PAID A SMALL FEE TO DUMP IN CORNISH DUMP AS WELL AS EVENTUALLY PARSONSFIELD AND ONE OTHER TOWN.","SUMMARY":"A TOWN SELECTMAN (2012)  SAID THAT IT WAS IN BACK OF LIBBY'S SERVICE BUT TO THE RIGHT NEAR END OF DAY RD; AN OLD GRAVEL PIT  USED FROM AROUND THE 1920'S TO THE 1940'S, AFTER THAT PORTER PAID A SMALL FEE TO DUMP IN CORNISH DUMP AS WELL AS EVENTUALLY PARSONSFIELD AND ONE OTHER TOWN.","CLOSED":"PRE-1976"},"id":39},{"type":"Feature","geometry":{"type":"Point","coordinates":[-68.06504142507991,45.30346763689404]},"properties":{"OBJECTID":"40","LATITUDE":"45.30347","LONGITUDE":"-68.06504","SITE_NAME":"LAKEVILLE LANDFILL","SITE_NUMBER":"37962","ADDRESS":"BOTTLE LAKE ROAD","TOWN":"LAKEVILLE","DESCRIPTION":"OLD DUMP SITE OPERATING IN 1990.","SUMMARY":"OLD DUMP SITE OPERATING IN 1990.  LOCATION INFO FOR THIS DUMP IS FROM A USGS LOWER PUG LAKE FISH ASSESSMENT FROM 1976: AN OLD ROAD STARTING FROM THE SYSLADOBSIS LAKE ROAD AND PASSING THROUGH THE LOCAL DUMP GOES WITHIN 100 FEET OF THE SANDY COVE ON LOWER PUG POND. THE TWO MILE LONG ROAD IS PASSABLE BY TWO WHEEL DRIVE VEHICLES  BUT EXACTLY WHERE THIS TWO MILE ROAD IS IS UNCERTAIN. SAND COEV IS AT THE SOUTHEAST END OF THE POND","CLOSED":"PRE-1976"},"id":40},{"type":"Feature","geometry":{"type":"Point","coordinates":[-70.91594275940172,43.381534110021924]},"properties":{"OBJECTID":"41","LATITUDE":"43.38153","LONGITUDE":"-70.91594","SITE_NAME":"LEBANON DUMP","SITE_NUMBER":"27821","ADDRESS":"EAST LEBANON RD","TOWN":"LEBANON","DESCRIPTION":"","SUMMARY":"LANDFILL IS LOCATED NEAR A SAND PIT AND IS A DOCUMENTED GROUND AND SURFACE WATER CONTAMINATOR.","CLOSED":"PRE-1976"},"id":41},{"type":"Feature","geometry":{"type":"Point","coordinates":[-70.18305578963748,44.048895740395636]},"properties":{"OBJECTID":"42","LATITUDE":"44.0489","LONGITUDE":"-70.18306","SITE_NAME":"LEWISTON LANDFILL CLOSURE","SITE_NUMBER":"29003","ADDRESS":"RIVER RD","TOWN":"LEWISTON","DESCRIPTION":"","SUMMARY":"SCOTT PAPER CO RECEIVED A LICENSE TO UTILIZE PAPER MILL SLUDGE TO MANUFACTURE TOPSOIL FOR USE IN PHASE II CLOSURE OF THE LEWISTON MUNICIPAL SOLID WASTE LANDFILL.  THE PROGRAM APPROVAL IS #L-015287-56-A-N AND THE RENEWAL IS #S-015287-62-C-R.  PAPERMILL SLUDGE WAS ALSO PREVIOUSLY UTILIZED AT THIS SITE IN CONJUNCTION WITH PHASE I CLOSURE OF THIS SAME LANDFILL.  SLUDGE MAY BE STOCKPILED AND MIXED WITH SOIL UP TO 180 DAYS AT 2 SUB-SITES ADJACENT TO THE LANDFILL.  THESE STORAGE AND MIXING SITES TOTAL 2.0 ACRES IN SIZE.  THE LANDFILL UTILIZATION AREA IS 25 ACRES IN SIZE.  THE LICENSE WAS ISSUED APRIL 29, 1994 AND EXPIRED OCTOBER 31, 1994.","CLOSED":"PRE-1976"},"id":42},{"type":"Feature","geometry":{"type":"Point","coordinates":[-67.7958506799341,46.87505223992737]},"properties":{"OBJECTID":"43","LATITUDE":"46.87505","LONGITUDE":"-67.79585","SITE_NAME":"LIMESTONE DUMP","SITE_NUMBER":"29825","ADDRESS":"RTE 229","TOWN":"LIMESTONE","DESCRIPTION":"","SUMMARY":"","CLOSED":"PRE-1976"},"id":43},{"type":"Feature","geometry":{"type":"Point","coordinates":[-68.21211971050879,47.220198259666496]},"properties":{"OBJECTID":"44","LATITUDE":"47.2202","LONGITUDE":"-68.21212","SITE_NAME":"LOUIS COTE LANDFILL MADAWASKA","SITE_NUMBER":"29829","ADDRESS":"BACK SETTLEMENT RD","TOWN":"MADAWASKA","DESCRIPTION":"THIS OLD DUMP WAS INVESTIGATED BY THE DEP. A SITE VISIT IN  MAY 1993 SHOWED EVIDENCE OF RECENT UNREGULATED DISPOSAL OF HOUSEHOLD WASTE AND JUNK OBJECTS ALONG THE EASTERN SIDE OF THE DUMP. IN 1987, FRASER PAPER COMPANY HAD BEEN  REQUIRED TO REMOVE SEVERAL 55 GALLONS DRUMS OF DYE ON THE NORTHERN PORTION OF THIS SITE. WITH THE EXCEPTION OF ACETONE, BIS-PHALATE, AND BENZOIC ACID DETECTED AT LOW LEVELS, NO VOLATILE NOR SEMIVOLATILE ORGANIC COMPOUNDS WERE DETECTED.   THE NORTHERN PORTION OF THIS PROPERTY WAS USED FOR MUNICIAPL SLUDGE SPREADING BY THE TOWN OF MADAWASKA FOR APPROX. 3 YEARS. A METAL DETECTOR FOUND NO EVIDENCE OF BURIED DRUMS.","SUMMARY":"THIS OLD DUMP WAS INVESTIGATED BY THE DEP. A SITE VISIT IN  MAY 1993 SHOWED EVIDENCE OF RECENT UNREGULATED DISPOSAL OF HOUSEHOLD WASTE AND JUNK OBJECTS ALONG THE EASTERN SIDE OF THE DUMP. IN 1987, FRASER PAPER COMPANY HAD BEEN  REQUIRED TO REMOVE SEVERAL 55 GALLONS DRUMS OF DYE ON THE NORTHERN PORTION OF THIS SITE. WITH THE EXCEPTION OF ACETONE, BIS-PHALATE, AND BENZOIC ACID DETECTED AT LOW LEVELS, NO VOLATILE NOR SEMIVOLATILE ORGANIC COMPOUNDS WERE DETECTED.  THE NORTHERN PORTION OF THIS PROPERTY WAS USED FOR MUNICIAPL SLUDGE SPREADING BY THE TOWN OF MADAWASKA FOR APPROX. 3 YEARS. A METAL DETECTOR FOUND NO EVIDENCE OF BURIED DRUMS.","CLOSED":"PRE-1976"},"id":44},{"type":"Feature","geometry":{"type":"Point","coordinates":[-70.884513129602,44.13757659960099]},"properties":{"OBJECTID":"45","LATITUDE":"44.13758","LONGITUDE":"-70.88451","SITE_NAME":"LOVELL LANDFILL","SITE_NUMBER":"27175","ADDRESS":"RTE 5 MAIN ST","TOWN":"LOVELL","DESCRIPTION":"2 ACRE LANDFILL CLOSED IN 1980  THE LANDFILL WAS CLOSED PRIOR TO THE ESTABLISHMENT OF THE MEDEP LANDFILL CLOSURE AND REMEDIATION PROGRAM IN 1988.  THEREFORE THE CLOSURE PROCEDURE IS UNKNOWN.","SUMMARY":"CLOSED IN 1980  THE LANDFILL WAS CLOSED PRIOR TO THE ESTABLISHMENT OF THE MEDEP LANDFILL CLOSURE AND REMEDIATION PROGRAM IN 1988.  2 ACRE LANDFILL.  THEREFORE THE CLOSURE PROCEDURE IS UNKNOWN.LISTED AS A CLOSED SOLID WASTE LANDFILL RATHER THAN A DUMP SINCE IT WAS CLOSED TO DEP STANDARDS IN 1983.","CLOSED":"PRE-1976"},"id":45},{"type":"Feature","geometry":{"type":"Point","coordinates":[-70.61035040979928,43.51507834038049]},"properties":{"OBJECTID":"46","LATITUDE":"43.51508","LONGITUDE":"-70.61035","SITE_NAME":"LYMAN LANDFILL","SITE_NUMBER":"27872","ADDRESS":"CLARKS WOODS RD","TOWN":"LYMAN","DESCRIPTION":"","SUMMARY":"","CLOSED":"PRE-1976"},"id":46},{"type":"Feature","geometry":{"type":"Point","coordinates":[-68.29900665956879,47.34021633038463]},"properties":{"OBJECTID":"47","LATITUDE":"47.34022","LONGITUDE":"-68.29901","SITE_NAME":"MADAWASKA OLD DUMP","SITE_NUMBER":"29828","ADDRESS":"GAGNON RD","TOWN":"MADAWASKA","DESCRIPTION":"","SUMMARY":"INSPECTION CONDUCTED BY DEP STAFF IN OCTOBER 1989. FOUND THAT THE CLOSURE WAS VISIBLY IN EXCELLENT CONDITION WITH A DENSE PERENNIAL GRASS COVER WITH NO WOODY VEGETATION ENCROACHING ON THE INTEGRITY OF THE CAP. ACCESS TO THE SITE IS RESTRICTED.","CLOSED":"PRE-1976"},"id":47},{"type":"Feature","geometry":{"type":"Point","coordinates":[-69.87598079026984,44.779044969981555]},"properties":{"OBJECTID":"48","LATITUDE":"44.77904","LONGITUDE":"-69.87598","SITE_NAME":"MADISON VILLAGE DUMP","SITE_NUMBER":"29458","ADDRESS":"ASH ST","TOWN":"MADISON","DESCRIPTION":"","SUMMARY":"MUNICIPAL LANDFILL CLOSURE DUE TO NON-COMPLIANCE (300' RULE)","CLOSED":"PRE-1976"},"id":48},{"type":"Feature","geometry":{"type":"Point","coordinates":[-70.4332104396675,44.88868615985573]},"properties":{"OBJECTID":"49","LATITUDE":"44.88869","LONGITUDE":"-70.43321","SITE_NAME":"MADRID DUMP","SITE_NUMBER":"29355","ADDRESS":"3.5 MI OFF RTE 4","TOWN":"MADRID TWP","DESCRIPTION":"","SUMMARY":"3.5 MILES OFF ROUTE 4  RUBBISH IS PUSHED OVER BANK TOWARD STREAM  FIRE WARDEN CLOSED DUMP BECAUSE THERE WASN'T ADEQUATE FIRE BREAK  WORK HERE AT DUMP IS NEARLY ALL VOLUNTARY BY PEOPLE IN TOWN.  TOWN USES PHILLIPS LANDFILL","CLOSED":"PRE-1976"},"id":49},{"type":"Feature","geometry":{"type":"Point","coordinates":[-71.02729722043428,44.852286880374855]},"properties":{"OBJECTID":"50","LATITUDE":"44.85229","LONGITUDE":"-71.0273","SITE_NAME":"MAGALLOWAY LANDFILL","SITE_NUMBER":"27177","ADDRESS":"OFF STURTEVANT POND RD","TOWN":"MAGALLOWAY PLT","DESCRIPTION":"","SUMMARY":"LOCATED IN UNORGANIZED TOWNSHIP, MAGALLOWAY PLT., T5 R1.","CLOSED":"PRE-1976"},"id":50},{"type":"Feature","geometry":{"type":"Point","coordinates":[-67.85816001028329,46.51216524993119]},"properties":{"OBJECTID":"51","LATITUDE":"46.51217","LONGITUDE":"-67.85816","SITE_NAME":"MARS HILL OLD DUMP","SITE_NUMBER":"79838","ADDRESS":"MILL ST","TOWN":"MARS HILL","DESCRIPTION":"","SUMMARY":"ADJACENT TO THE NORTH OF THE MARS HILL LANDFILL","CLOSED":"PRE-1976"},"id":51},{"type":"Feature","geometry":{"type":"Point","coordinates":[-69.27401120028682,44.38873791040002]},"properties":{"OBJECTID":"52","LATITUDE":"44.38874","LONGITUDE":"-69.27401","SITE_NAME":"MONTVILLE OLD DUMP","SITE_NUMBER":"29210","ADDRESS":"TROTTING PARK RD","TOWN":"MONTVILLE","DESCRIPTION":"","SUMMARY":"ABANDONED; LOCATED ON BANK OF AND IN MIDDLE OF STREAM. LOT IS FORESTED NOW AND FOR PAST 15 YEARS (1996-2011)","CLOSED":"PRE-1976"},"id":52},{"type":"Feature","geometry":{"type":"Point","coordinates":[-68.54772404006654,46.08930173977569]},"properties":{"OBJECTID":"53","LATITUDE":"46.0893","LONGITUDE":"-68.54772","SITE_NAME":"MOUNT CHASE OLD DUMP","SITE_NUMBER":"79839","ADDRESS":"RT 159","TOWN":"MOUNT CHASE","DESCRIPTION":"","SUMMARY":"WEST OF MOUNT CHASE LANDFILL","CLOSED":"PRE-1976"},"id":53},{"type":"Feature","geometry":{"type":"Point","coordinates":[-69.85968580973464,43.9063740099512]},"properties":{"OBJECTID":"54","LATITUDE":"43.90637","LONGITUDE":"-69.85969","SITE_NAME":"NEW MEADOWS LANDFILL","SITE_NUMBER":"37943","ADDRESS":"OLD BATH ROAD (OLD US 1)","TOWN":"WEST BATH","DESCRIPTION":"","SUMMARY":"USED FROM 1965-1988. CLOSURE LATE 1996. USED FOR WOODWASTE, CONSTRUCTION DEBRIS, DREDGE SPOILS, ETC.","CLOSED":"PRE-1976"},"id":54},{"type":"Feature","geometry":{"type":"Point","coordinates":[-70.05292802943191,44.907014600450225]},"properties":{"OBJECTID":"55","LATITUDE":"44.90701","LONGITUDE":"-70.05293","SITE_NAME":"NEW PORTLAND DUMP","SITE_NUMBER":"95115","ADDRESS":"MIDDLE RD","TOWN":"NEW PORTLAND","DESCRIPTION":"0.5 ACRE LANDFILL CLOSED IN 1975 AS REQUIRED BY THE MEDEP LANDFILL CLOSURE AND REMEDIATION PROGRAM.  THE LANDFILL WAS CLOSED PRIOR TO THE ESTABLISHMENT OF THE MEDEP LANDFILL CLOSURE AND REMEDIATION PROGRAM IN 1988.  THEREFORE THE CLOSURE PROCEDURE IS UNKNOWN.","SUMMARY":"CLOSED IN 1975 AS REQUIRED BY THE MEDEP LANDFILL CLOSURE AND REMEDIATION PROGRAM. 0.5 ACRE LANDFILL.  THE LANDFILL WAS CLOSED PRIOR TO THE ESTABLISHMENT OF THE MEDEP LANDFILL CLOSURE AND REMEDIATION PROGRAM IN 1988.  THEREFORE THE CLOSURE PROCEDURE IS UNKNOWN.","CLOSED":"PRE-1976"},"id":55},{"type":"Feature","geometry":{"type":"Point","coordinates":[-69.55981372059502,44.08336927967061]},"properties":{"OBJECTID":"56","LATITUDE":"44.08337","LONGITUDE":"-69.55981","SITE_NAME":"NEWCASTLE C AND D DEBRIS LANDFILL","SITE_NUMBER":"31278","ADDRESS":"RTE 215","TOWN":"NEWCASTLE","DESCRIPTION":"","SUMMARY":"THE TOWN OF NEWCASTLE SUBMITTED AN APPLICATION TO LICENSE AN EXISTING LANDFILL WHICH CONSISTS OF, AMONG OTHER THINGS, C&D DEBRIS. THE APPLICATION WAS SUBMITTED IN JUNE OF 1993 AND WAS DENIED IN THE SAME MONTH ON SEVERAL GROUNDS: MONITORING PROBLEMS; INSUFFICIENT EVIDENCE OF PUBLIC BENEFIT; AND INSUFFICIENT EVIDENCE THAT THE FACILITY WILL CONTINUE TO BE CONSISTENT WITH THE MOST RECENT STATE RECYCLING PLAN. AN INSPECTION IN APRIL OF 1993 ALSO REVEILED POTENTIAL PROBLEMS. BURNT DEMO DEBRIS WAS FOUND; EVIDENCE OF POSSIBLE LEACHATE LEAKING OUT FROM UNDER DEBRIS PILE WAS FOUND; OIL WASTE IN CONTAINER WAS FOUND; POSSIBLE CONTAMINATION OF DEER MEADOW BROOK WAS ALSO QUESTIONED. THIS IS ALSO AN UNLICENSED FACILITY.","CLOSED":"PRE-1976"},"id":56},{"type":"Feature","geometry":{"type":"Point","coordinates":[-69.26956204993802,44.82163917034298]},"properties":{"OBJECTID":"57","LATITUDE":"44.82164","LONGITUDE":"-69.26956","SITE_NAME":"NEWPORT DEMOLITION LANDFILL","SITE_NUMBER":"32297","ADDRESS":"OLD LUNT RD","TOWN":"NEWPORT","DESCRIPTION":"H.E.SARGENT RECEIVED A AFTER THE FACT APPROVAL TO DISPOSE OF INERT FILL MATERIAL IN NEWPORT ON THE OLD LUNT RD. ORIGINAL APPROVAL WAS GRANTED ON 11 MAY 1983, WHICH ALLOWED FOR THE DISPOSAL OF GRUBBINGS AND EXCESS SOIL MATERIAL TAKEN FROM SITE PREPERATION OF A WASTEWATER TREATMENT FACILITY, AT THE MUNICIPAL LANDFILL SITE IN NEWPORT. SARGENT ENDED UP TAKING THE EXCESS SOIL MATERIAL ONLY TO THE NEWPORT LANDFILL, AND THE GRUBBINGS TO AN OLD BORROW PIT ON OLD LUNT RD IN NEWPORT, WHICH WAS IN VIOLATION UNTIL THE ABOVE DESCRIBED AFTER THE FACT APPROVAL WAS GRANTED.","SUMMARY":"H.E.SARGENT RECEIVED AN AFTER THE FACT APPROVAL TO DISPOSE OF INERT FILL MATERIAL IN NEWPORT ON THE OLD LUNT RD. ORIGINAL APPROVAL WAS GRANTED ON 11 MAY 1983, WHICH ALLOWED FOR THE DISPOSAL OF GRUBBINGS AND EXCESS SOIL MATERIAL TAKEN FROM SITE PREPERATION OF A WASTEWATER TREATMENT FACILITY, AT THE MUNICIPAL LANDFILL SITE IN NEWPORT. SARGENT ENDED UP TAKING THE EXCESS SOIL MATERIAL ONLY TO THE NEWPORT LANDFILL, AND THE GRUBBINGS TO AN OLD BORROW PIT ON OLD LUNT RD IN NEWPORT, WHICH WAS IN VIOLATION UNTIL THE ABOVE DESCRIBED AFTER THE FACT APPROVAL WAS GRANTED.","CLOSED":"PRE-1976"},"id":57},{"type":"Feature","geometry":{"type":"Point","coordinates":[-69.25299523041417,44.886689060026455]},"properties":{"OBJECTID":"58","LATITUDE":"44.88669","LONGITUDE":"-69.253","SITE_NAME":"NEWPORT FORMER DUMP SITE","SITE_NUMBER":"81480","ADDRESS":"COUNTY WOODS RD","TOWN":"NEWPORT","DESCRIPTION":"","SUMMARY":"LOCATION CLOSE TO SEBASTICOOK RIVER. TOOK WASTE FROM NEWPORT, CORINNA AND OTHER TOWNS. OWNER WANTS TO REMOVE METALS AND REMOVE SOME TREES IN THE SHORELAND ZONE. DEP SITE ASSESSMENT UNIT DID A DISCOVERY IN 1998 AND FOUND NO HAZ. SUBSTANCES, SOILS OR POREWATER. NFA (NO FURTHER ACTION) RECOMMENDED..THERE IS A WRITTEN SUPPORT SHOWING THAT THE  TOWN OPERATED THE SITE AT ONE TIME.","CLOSED":"PRE-1976"},"id":58},{"type":"Feature","geometry":{"type":"Point","coordinates":[-70.20638646001726,43.86079618013452]},"properties":{"OBJECTID":"59","LATITUDE":"43.8608","LONGITUDE":"-70.20639","SITE_NAME":"NORTH YARMOUTH DUMP","SITE_NUMBER":"28480","ADDRESS":"352 WEST POWNAL RD","TOWN":"NORTH YARMOUTH","DESCRIPTION":"MUNICIPAL LANDFILL.  NO MONITORING WELLS. FORMER DUMP.  \r\nNOTES FROM FILE: TOWN TO WORK WITH OWNER TO FILE DA. METALS PHYS. HAZARD NEED TO BE REMOVED/COVERED AS THERE ARE NEARBY RESIDENTS. TOWN SHOULD SAMPLE TWO WELLS.","SUMMARY":"CLOSED BUT NOT FORMERLY. MUNICIPAL LANDFILL.  NO MONITORING WELLS. FORMER DUMP.  \r\nNOTES FROM FILE: TOWN TO WORK WITH OWNER TO FILE DA. METALS PHYS. HAZARD NEED TO BE REMOVED/COVERED AS THERE ARE NEARBY RESIDENTS. TOWN SHOULD SAMPLE TWO WELLS.","CLOSED":"PRE-1976"},"id":59},{"type":"Feature","geometry":{"type":"Point","coordinates":[-70.94616182057418,44.0616570096094]},"properties":{"OBJECTID":"60","LATITUDE":"44.06166","LONGITUDE":"-70.94616","SITE_NAME":"OLD FRYEBURG DUMP","SITE_NUMBER":"53363","ADDRESS":"RT 5 AND SACO RIVER WEST SIDE","TOWN":"FRYEBURG","DESCRIPTION":"","SUMMARY":"NEAR SACO RIVER. TOWN ASKED BY DEP TO MITIGATE SHARP METALS AND VOIDS,OVERGROWN WITH TREE NOW (2011)","CLOSED":"PRE-1976"},"id":60},{"type":"Feature","geometry":{"type":"Point","coordinates":[-70.6274532701383,43.56607136995158]},"properties":{"OBJECTID":"61","LATITUDE":"43.56607","LONGITUDE":"-70.62745","SITE_NAME":"OLD HOLLIS DUMP","SITE_NUMBER":"56045","ADDRESS":"NEW COUNTY RD STATE RT 5","TOWN":"HOLLIS","DESCRIPTION":"1.25 ACRE  (APPROX.)  LANDFILL CLOSED IN 1983 AS REQUIRED BY THE MEDEP LANDFILL CLOSURE AND REMEDIATION PROGRAM.   THE LANDFILL CLOSURE USED THE REGULATION CLOSURE PROCEDURE.  THIS GENERALLY CONSISTED OF AN ENVIRONMENTAL ASSESSMENT, A CLAY OR COMPOSITE COVER SYSTEM, AND WATER QUALITY MONITORING.  SPECIFIC DETAILS FOR CLOSURE OF THIS LANDFILL ARE AVAILABLE THROUGH MEDEP FILE ROOM.","SUMMARY":"CLOSED IN 1983 AS REQUIRED BY THE MEDEP LANDFILL CLOSURE AND REMEDIATION PROGRAM. 1.25 ACRE  (APPROX.).  THE LANDFILL CLOSURE USED THE REGULATION CLOSURE PROCEDURE.  THIS GENERALLY CONSISTED OF AN ENVIRONMENTAL ASSESSMENT, A CLAY OR COMPOSITE COVER SYSTEM, AND WATER QUALITY MONITORING.  SPECIFIC DETAILS FOR CLOSURE OF THIS LANDFILL ARE AVAILABLE THROUGH MEDEP FILE ROOM.  FORMER DUMP. NOW AN EQUESTRIAN TRAINING AREA","CLOSED":"PRE-1976"},"id":61},{"type":"Feature","geometry":{"type":"Point","coordinates":[-70.45122437015165,43.430000600379145]},"properties":{"OBJECTID":"62","LATITUDE":"43.43","LONGITUDE":"-70.45122","SITE_NAME":"OLD KENNEBUNKPORT DUMP","SITE_NUMBER":"55384","ADDRESS":"WHITTEN HILL RD","TOWN":"KENNEBUNKPORT","DESCRIPTION":"","SUMMARY":"PRE-1976 DUMP FORMERLY USED BY THE TOWN OF ARUNDEL; THERE ARE HOUSE AND WELLS HERE. AN INVESTIGATION BY THE DEP DID NOT FIND ANY CONTAMINATION IN THE WELLS","CLOSED":"PRE-1976"},"id":62},{"type":"Feature","geometry":{"type":"Point","coordinates":[-70.37275284963671,43.521084759804715]},"properties":{"OBJECTID":"63","LATITUDE":"43.52108","LONGITUDE":"-70.37275","SITE_NAME":"OLD ORCHARD BEACH OLD DUMP SITE","SITE_NUMBER":"79846","ADDRESS":"WALNUT AND MILLIKEN ST","TOWN":"OLD ORCHARD BEACH","DESCRIPTION":"","SUMMARY":"INACTIVE AND RESTRICTED. ADJACENT TO TOWN PARKING LOT NEAR BEACHES. SIGNS RESRTICT ENTRY; FEW PIECES OF TIRES AND METALS THROUGH GRASS COVERED WASTE AREA. NO HIGH RISKS OBSERVED; PUBLIC WATER IN VICINITY.","CLOSED":"PRE-1976"},"id":63},{"type":"Feature","geometry":{"type":"Point","coordinates":[-70.26431685037683,44.23054686972201]},"properties":{"OBJECTID":"64","LATITUDE":"44.23055","LONGITUDE":"-70.26432","SITE_NAME":"OLD TURNER DUMP","SITE_NUMBER":"48117","ADDRESS":"449 COUNTY RD","TOWN":"TURNER","DESCRIPTION":"","SUMMARY":"OFFICE AND HOME ON WASTE.OTHER HOMES BEING DEVELOPED IN AREA. VISIT ON 7/30/09 BY RGB NO HIGH RISKS IDENTIFIED; WELL 300' DISTANT AND DON'T DRINK WATER.","CLOSED":"PRE-1976"},"id":64},{"type":"Feature","geometry":{"type":"Point","coordinates":[-68.74682567947043,44.56368293993637]},"properties":{"OBJECTID":"65","LATITUDE":"44.56368","LONGITUDE":"-68.74683","SITE_NAME":"ORLAND LANDFILL","SITE_NUMBER":"118546","ADDRESS":"HOPKINS RD","TOWN":"ORLAND","DESCRIPTION":"THE DUMP WAS PLACED IN OPERATION IN 1966 AND CLOSED IN 1973 WHEN ORLAND ENTERED INTO A CONTRACT TO USE THE BUCKSPORT DUMP.  IN A LETTER DATED JULY 16, 1973, SELECTMAN WAYNE AMES WROTE THAT THE TOWN WAS IN THE PROCESS OF COVERING THE DUMP AND GRADING THE LAND BACK TO ITS ORIGINAL GRADES.  THAT WORK APPARENTLY WAS NOT COMPLETED AS UNCOVERED WASTE IS VISIBLE AND THE SURFACE IS VERY ROUGH.  THE AREAL EXTENT OF WASTE DISPOSAL IS UNCLEAR AS THE SITE IS OVERGROWN, STEEP AND DIFFICULT TO NEGOTIATE ON FOOT.  AN INVESTIGATION REPORT DATED AUGUST 7, 1969 BY DAVID BAGLEY OF BUREAU OF HEALTH REPORTED THE TOTAL AREA USED FOR LAND DISPOSAL TO BE 1 ACRE.  AN INVESTIGATION BY RICHARD SWASEY OF THE ENVIRONMENTAL IMPROVEMENT COMMISSION IN OCTOBER 1969 FOUND THE DUMP TO BE  AN EYESORE FOR BOATERS ON THE RIVER BUT TYPICAL OF TOWN DUMPS WHERE OPEN BURNING IS PRACTICED.","SUMMARY":"","CLOSED":"PRE-1976"},"id":65},{"type":"Feature","geometry":{"type":"Point","coordinates":[-70.99173910060713,45.0103404001215]},"properties":{"OBJECTID":"66","LATITUDE":"45.01034","LONGITUDE":"-70.99174","SITE_NAME":"PARKERTOWN DUMP","SITE_NUMBER":"29094","ADDRESS":"UNKNOWN","TOWN":"PARKERTOWN TWP","DESCRIPTION":"","SUMMARY":"EXISTENCE OF THIS DUMP AND THIS LOCATION REMAINS TO BE INVESTIGATED (2012). THERE IS NO INFORMATION AND IT MAY BE AN ARTIFACT OF THE ORIGINAL PROGRAM ASSIGMENT OF LOCATIONS.","CLOSED":"PRE-1976"},"id":66},{"type":"Feature","geometry":{"type":"Point","coordinates":[-67.16434705957235,44.94620579038412]},"properties":{"OBJECTID":"67","LATITUDE":"44.94621","LONGITUDE":"-67.16435","SITE_NAME":"PEMBROKE DUMP","SITE_NUMBER":"37955","ADDRESS":"HARDY POINT RD","TOWN":"PEMBROKE","DESCRIPTION":"","SUMMARY":"CLOSURE NOT COMPLETED, FUNDING NEEDED (2012).  SIGNIFICANT LEACHATE. PHYSICAL SLUMPING INTO WETLAND. NEEDS STABILIZATION (I.E. RIP RAP ETC). OLD LANDFILL - INITIAL SITE OVERSIGHT IN 2002.","CLOSED":"PRE-1976"},"id":67},{"type":"Feature","geometry":{"type":"Point","coordinates":[-70.9545113599681,43.85702908965289]},"properties":{"OBJECTID":"68","LATITUDE":"43.85703","LONGITUDE":"-70.95451","SITE_NAME":"PORTER LANDFILL","SITE_NUMBER":"27241","ADDRESS":"MOSES CHAPMAN RD","TOWN":"PORTER","DESCRIPTION":"EXISTENCE IN QUESTION. AFTER THE KEZARS FALLS DUMP (1920'S TO 1940'S) THE TOWN PAID TO BE ABLE TO USE THE CORNISH DUMP; THIS ACCORDING TO AN OLDER TOWN SELECTMAN","SUMMARY":"EXISTENCE IN QUESTION. AFTER THE KEZARS FALLS DUMP (1920'S TO 1940'S) THE TOWN PAID TO BE ABLE TO USE THE CORNISH DUMP. THIS ACCORDING TO AN OLDER TOWN SELECTMAN","CLOSED":"PRE-1976"},"id":68},{"type":"Feature","geometry":{"type":"Point","coordinates":[-70.25433773042943,43.67323558030843]},"properties":{"OBJECTID":"69","LATITUDE":"43.67324","LONGITUDE":"-70.25434","SITE_NAME":"PORTLAND EAST END DUMP","SITE_NUMBER":"29102","ADDRESS":"CUTTER ST LANDFILL","TOWN":"PORTLAND","DESCRIPTION":"","SUMMARY":"THERE IS NO MONITORING DUE ELDERLINESS OF FACILITY AND PROXIMITY TO BAY.  SITE WAS COVERED OVER TO BUILD EAST-END PARK, AND PARTLY EXCAVATED TO BUILD PORTLAND WASTEWATER TREATMENT PLANT.","CLOSED":"PRE-1976"},"id":69},{"type":"Feature","geometry":{"type":"Point","coordinates":[-68.06280812065494,46.68310828958337]},"properties":{"OBJECTID":"70","LATITUDE":"46.68311","LONGITUDE":"-68.06281","SITE_NAME":"PRESQUE ISLE DUMP","SITE_NUMBER":"29876","ADDRESS":"RTE 163 MAPLETON RD","TOWN":"MAPLETON","DESCRIPTION":"","SUMMARY":"OLD CONE BURNER SITE. FORMER LANDFILL AND TRANSFER STATION.","CLOSED":"PRE-1976"},"id":70},{"type":"Feature","geometry":{"type":"Point","coordinates":[-69.72611168008034,44.23332708989819]},"properties":{"OBJECTID":"71","LATITUDE":"44.23333","LONGITUDE":"-69.72611","SITE_NAME":"RANDOLPH DUMP SITE","SITE_NUMBER":"81482","ADDRESS":"160 BARBER RD","TOWN":"RANDOLPH","DESCRIPTION":"","SUMMARY":"FORMER DUMP SITE UNDER AND IN BACK OF HOME. PUBLIC WATER SERVES HOME; NO COMPLAINTS NOTED EXCEPTION OF WASTE MOVING TO SURFACE AND SETTLEMENT. HOME ON WASTE AND SETTLING.","CLOSED":"PRE-1976"},"id":71},{"type":"Feature","geometry":{"type":"Point","coordinates":[-70.50833024020956,43.85171055989861]},"properties":{"OBJECTID":"72","LATITUDE":"43.85171","LONGITUDE":"-70.50833","SITE_NAME":"RAYMOND NECK DUMP","SITE_NUMBER":"76194","ADDRESS":"504 CAPE RD","TOWN":"RAYMOND","DESCRIPTION":"","SUMMARY":"OLD LANDFILL NOT FAR FROM THE FERRY TERMINAL ON RAYMOND NECK. CODE ENFORCEMENT OFFICER SAID THAT DURING CONSTRUCTION OF NEW HOUSE NEAR DUMP SITE, NOTHING SIGNIFICANT TURNED  UP DURING CONSTRUCTION. IT IS NOT CLEAR HOW MUCH OF THE FORMER DUMP AREA WAS ACTUALLY TURNED UP BY THE SITE WORK FOR THE NEW HOUSE. THE WELL OF THE HOUSE IS LOCATED UPGRADIENT.  WATER SAMPLE TURNED UP CFC'S, # FE/MN. SOME SURFACE WASTE. PRIVATE LOCATION NOT MUNICIPALLYOWNED/OPERATED. SUGGESTED BASEMENT AIR MON. AND POSSIBLE USE OF PERIMETER DRAINAGE FOR VENTILATION. RESAMPLE WATER PERIODICALLY.","CLOSED":"PRE-1976"},"id":72},{"type":"Feature","geometry":{"type":"Point","coordinates":[-70.4484977001551,43.88525636994923]},"properties":{"OBJECTID":"73","LATITUDE":"43.88526","LONGITUDE":"-70.4485","SITE_NAME":"RAYMOND STUMP DUMP","SITE_NUMBER":"37956","ADDRESS":"PATRICIA AVE","TOWN":"RAYMOND","DESCRIPTION":"","SUMMARY":"ADJACENT TO RAYMOND MUNICIPAL LANDFILL","CLOSED":"PRE-1976"},"id":73},{"type":"Feature","geometry":{"type":"Point","coordinates":[-69.89977713017821,44.599240940383474]},"properties":{"OBJECTID":"74","LATITUDE":"44.59924","LONGITUDE":"-69.89978","SITE_NAME":"ROME DUMP","SITE_NUMBER":"28396","ADDRESS":"RTE 27 MERCER RD","TOWN":"ROME","DESCRIPTION":"","SUMMARY":"ABANDONED IN 1977: THIS DUMP WAS PRIVATELY OWNED, AND USED AS TOWN DUMP BY PERMISSION.  DUMP WAS ABANDONED IN 1977, WHEN OWNER DIED.  NO MONITORING WELLS.","CLOSED":"PRE-1976"},"id":74},{"type":"Feature","geometry":{"type":"Point","coordinates":[-70.64599451007045,44.62951101976265]},"properties":{"OBJECTID":"75","LATITUDE":"44.62951","LONGITUDE":"-70.64599","SITE_NAME":"ROXBURY LANDFILL","SITE_NUMBER":"27242","ADDRESS":"MINE  NOTCH RD","TOWN":"ROXBURY","DESCRIPTION":"","SUMMARY":"LOCATED OFF MINE NOTCH ROAD A SHORT DISTANCE OFF THE MAIN ROAD. IT WAS LAST USED PERHAPS IN THE 1970'S - TREES HAVE LARGELY OVERGROWN IT NOW","CLOSED":"PRE-1976"},"id":75},{"type":"Feature","geometry":{"type":"Point","coordinates":[-70.44328184021936,43.447547069807534]},"properties":{"OBJECTID":"76","LATITUDE":"43.44755","LONGITUDE":"-70.44328","SITE_NAME":"RUCK DUMP BIDDEFORD","SITE_NUMBER":"56042","ADDRESS":"PROCTOR RD","TOWN":"BIDDEFORD","DESCRIPTION":"","SUMMARY":"APPROXIMATE LOCATION OF FORMER RUCK DUMP INACTIVE SINCE THE 1980S AT LEAST. SAND AND GRAVEL PITS NEAR BY.","CLOSED":"PRE-1976"},"id":76},{"type":"Feature","geometry":{"type":"Point","coordinates":[-70.42518335961911,43.50306552973005]},"properties":{"OBJECTID":"77","LATITUDE":"43.50307","LONGITUDE":"-70.42518","SITE_NAME":"SACO DUMP","SITE_NUMBER":"28334","ADDRESS":"OFF CUMBERLAND AVE","TOWN":"SACO","DESCRIPTION":" CLOSED AND CAPPED FOR THE SECOND TIME IN 1986. DEPOSITORY FOR MUNICIPAL SOLID WASTE, POTW, SLUDGE, TANNERY SLUDGE, TANNERY &OTHER INDUSTRIAL WASTE.  THREE LANDFILLED AREAS; TWO, OLD MUNICIPAL AND OLD INDUSTRIAL DUMPS, MOST RECENT ACTIVE MUNICIPAL AND INDUSTRIAL DUMP WAS ABANDONED AREA ADDED TO NPL IN 1989.","SUMMARY":"CLOSED AND CAPPED FOR THE SECOND TIME IN 1986. DEPOSITORY FOR MUNICIPAL SOLID WASTE, POTW, SLUDGE, TANNERY SLUDGE, TANNERY &OTHER INDUSTRIAL WASTE.  THREE LANDFILLED AREAS; TWO, OLD MUNICIPAL AND OLD INDUSTRIAL DUMPS, MOST RECENT ACTIVE MUNICIPAL AND INDUSTRIAL DUMP WAS ABANDONED AREA ADDED TO NPL IN 1989.","CLOSED":"PRE-1976"},"id":77},{"type":"Feature","geometry":{"type":"Point","coordinates":[-70.31335148991383,43.567518349937686]},"properties":{"OBJECTID":"78","LATITUDE":"43.56752","LONGITUDE":"-70.31335","SITE_NAME":"SCARBOROUGH BLACK PT DUMP","SITE_NUMBER":"28118","ADDRESS":"BLACK POINT RD","TOWN":"SCARBOROUGH","DESCRIPTION":"","SUMMARY":"ONLY INFORMATION WAS ATTACHED SHEET TO A SINGLE FILE. THIS WAS LOCATED BY DEP STAFF IN THE FORMER BLACK POINT GRAVEL AND LOAM PITS WHICH IS NOW A POND SURROUNDED BY HOMES","CLOSED":"PRE-1976"},"id":78},{"type":"Feature","geometry":{"type":"Point","coordinates":[-69.62840525005022,43.810865359812304]},"properties":{"OBJECTID":"79","LATITUDE":"43.81087","LONGITUDE":"-69.62841","SITE_NAME":"SOUTHPORT SQUIRREL ISLAND DUMP","SITE_NUMBER":"29525","ADDRESS":"COW POINT","TOWN":"SOUTHPORT","DESCRIPTION":"0.5 ACRE BURNING DUMP LANDFILL WAS CLOSED ON 27 MARCH 1988 SEE LIC. # S-003702-7C-A-A . THE LANDFILL WAS CLOSED PRIOR TO THE ESTABLISHMENT OF THE MEDEP LANDFILL CLOSURE AND REMEDIATION PROGRAM IN 1988.  THEREFORE THE CLOSURE PROCEDURE IS UNKNOWN.","SUMMARY":"CLOSED IN 1988  THE LANDFILL WAS CLOSED ON 27 MARCH 1988 SEE LIC. # S-003702-7C-A-A .THE LANDFILL WAS CLOSED PRIOR TO THE ESTABLISHMENT OF THE MEDEP LANDFILL CLOSURE AND REMEDIATION PROGRAM IN 1988.  0.5 ACRE LANDFILL. THEREFORE THE CLOSURE PROCEDURE IS UNKNOWN.","CLOSED":"PRE-1976"},"id":79},{"type":"Feature","geometry":{"type":"Point","coordinates":[-68.07883727043536,44.83717587986524]},"properties":{"OBJECTID":"80","LATITUDE":"44.83718","LONGITUDE":"-68.07884","SITE_NAME":"ST REGIS PAPER COMPANY DUMP BEDDINGTON","SITE_NUMBER":"29683","ADDRESS":"RTE 9","TOWN":"T22 MD","DESCRIPTION":"","SUMMARY":"CLOSED IN 1989, THE LANDFILL WAS APPROXIMATELY 1.6 ACRES AND WAS PRIMARLIY USED BY ST. REGIS (LATER CHAMPION) PAPER COMPANY AND LAKE SIDE RESIDENTS (RECREATIONAL LEASE HOLDERS) . IT WAS USED FOR A WHILE BY THE MDOT AND ALSO BY ABOUT 10 RESIDENTS OF BEDDINGTON. IT WAS THEREFORE MAINLY A PRIVATE DUMP. ACCESS WAS EVENTUALLY TAKEN AWAY FROM TOWN RESIDENTS BEFORE UNOFFICIAL CLOSURE. TRASH IS BURIED UNDER INDETERMINATE FILL.","CLOSED":"PRE-1976"},"id":80},{"type":"Feature","geometry":{"type":"Point","coordinates":[-70.51142536022738,43.765108509766414]},"properties":{"OBJECTID":"81","LATITUDE":"43.76511","LONGITUDE":"-70.51143","SITE_NAME":"STANDISH ASH SITE","SITE_NUMBER":"79845","ADDRESS":"RT 35 - SKIP RD","TOWN":"STANDISH","DESCRIPTION":"","SUMMARY":"","CLOSED":"PRE-1976"},"id":81},{"type":"Feature","geometry":{"type":"Point","coordinates":[-70.51349077053071,43.60713433039727]},"properties":{"OBJECTID":"82","LATITUDE":"43.60713","LONGITUDE":"-70.51349","SITE_NAME":"STUMP DUMP_BORROW PIT  BUXTON","SITE_NUMBER":"56093","ADDRESS":"TOWN FARM RD IN BACK OF SEAVEY","TOWN":"BUXTON","DESCRIPTION":"STUMP DUMP AND BORROW PIT FOR TOWN AND DOT","SUMMARY":"MINOR STUMP DUMP AND BORROW PIT USED BY TOWN AS SOURCE FOR SAND AND FOR DUMPING OF MATERIAL EXCAVATED DURING DITCH MAINTENANCE. ALSO USED AS A DUMPING SITE FOR STUMPS BY THE DOT AND TOWN ON OCCASION. SAND IS ONLY BORROWED DOWN TO THE GROUNDWATER LEVEL.  PITS ARE USUALLY FILLED IN WITH THE MATERIAL FROM DITCH MAINTENANCE.","CLOSED":"PRE-1976"},"id":82},{"type":"Feature","geometry":{"type":"Point","coordinates":[-69.17381197989556,44.08810266972085]},"properties":{"OBJECTID":"83","LATITUDE":"44.0881","LONGITUDE":"-69.17381","SITE_NAME":"THOMASTON STUMP DUMP TRANSFER STATION","SITE_NUMBER":"32701","ADDRESS":"ANNA BELLE LANE","TOWN":"THOMASTON","DESCRIPTION":"","SUMMARY":"THE TOWN OF THOMASTON RECEIVED A PERMIT BY RULE TO CONSTRUCT AND OPERATE A STUMP DUMP TO SERVE THE TOWNS OF THOMASTON, SOUTH THOMASTON, AND OWL'S HEAD. ALLOWED MATERIALS INCLUDE STUMPS, CONSTRUCTION DEMOLITION DEBRIS, BRUSH, TREE LIMBS, BRANCHES, LEAVES, GRASS, NATURAL VEGETATION, FURNITURE, MATTRESSES, DEMOLITION LUMBER, AND ASH FROM ALL WOOD AND COAL STOVES. ALL OTHER MATERIALS THAT DO NOT CONFORM TO THE TYPES OF MATERIALS ALLOWED ARE EXCLUDED FROM THE STUMP DUMP. WASTE NOT PLACED IN THE BURN AREA WILL BE PLACED IN THE TRANSFER CONTAINER FOR TRANSPORT TO THE SAWYER LANDFILL FACILITY WITH 24 HOURS OF BECOMING FULL. THE PERMIT BY RULE WAS ISSUED 5 OCTOBER 1993.","CLOSED":"PRE-1976"},"id":83},{"type":"Feature","geometry":{"type":"Point","coordinates":[-70.22941924031414,44.12900214015682]},"properties":{"OBJECTID":"84","LATITUDE":"44.129","LONGITUDE":"-70.22942","SITE_NAME":"TURNER ST BURN SITE","SITE_NUMBER":"37958","ADDRESS":"ACROSS FROM STETSON STREET","TOWN":"AUBURN","DESCRIPTION":"","SUMMARY":"ACROSS STREET FROM WHERE JOLINE ST (NOW STETSON ST) INTERSECT (NEAR CMTC); USED HISTORIC MAP, SHOWS THAT IN 1956 SITE DID NOT HAVE TREES","CLOSED":"PRE-1976"},"id":84},{"type":"Feature","geometry":{"type":"Point","coordinates":[-69.33646666013998,44.221614019730886]},"properties":{"OBJECTID":"85","LATITUDE":"44.22161","LONGITUDE":"-69.33647","SITE_NAME":"UNION OLD DUMP","SITE_NUMBER":"79884","ADDRESS":"BUMP HILL RD","TOWN":"UNION","DESCRIPTION":"","SUMMARY":"","CLOSED":"PRE-1976"},"id":85},{"type":"Feature","geometry":{"type":"Point","coordinates":[-70.98229790994748,44.69089485036835]},"properties":{"OBJECTID":"86","LATITUDE":"44.69089","LONGITUDE":"-70.9823","SITE_NAME":"UPTON TOWN DUMP","SITE_NUMBER":"29514","ADDRESS":"UPTON RD","TOWN":"UPTON","DESCRIPTION":"","SUMMARY":"OLD TOWN DUMP.","CLOSED":"PRE-1976"},"id":86},{"type":"Feature","geometry":{"type":"Point","coordinates":[-68.70101676976053,44.82834890013158]},"properties":{"OBJECTID":"87","LATITUDE":"44.82835","LONGITUDE":"-68.70102","SITE_NAME":"VEAZIE DUMP","SITE_NUMBER":"29678","ADDRESS":"OLD COUNTY RD","TOWN":"VEAZIE","DESCRIPTION":"2 ACRE LANDFILL CLOSED IN 1974 AS REQUIRED BY THE MEDEP LANDFILL CLOSURE AND REMEDIATION PROGRAM.  THE LANDFILL WAS CLOSED PRIOR TO THE ESTABLISHMENT OF THE MEDEP LANDFILL CLOSURE AND REMEDIATION PROGRAM IN 1988.  THEREFORE THE CLOSURE PROCEDURE IS UNKNOWN.","SUMMARY":"CLOSED IN 1974 AS REQUIRED BY THE MEDEP LANDFILL CLOSURE AND REMEDIATION PROGRAM.2 ACRE LANDFILL.   THE LANDFILL WAS CLOSED PRIOR TO THE ESTABLISHMENT OF THE MEDEP LANDFILL CLOSURE AND REMEDIATION PROGRAM IN 1988.  THEREFORE THE CLOSURE PROCEDURE IS UNKNOWN.","CLOSED":"PRE-1976"},"id":87},{"type":"Feature","geometry":{"type":"Point","coordinates":[-70.02676916038065,44.58351284991477]},"properties":{"OBJECTID":"88","LATITUDE":"44.58351","LONGITUDE":"-70.02677","SITE_NAME":"VIENNA LANDFILL ABANDONED","SITE_NUMBER":"27655","ADDRESS":"RTE 41","TOWN":"VIENNA","DESCRIPTION":"","SUMMARY":"INSPECTED IN 2005 AND IN 2009.","CLOSED":"PRE-1976"},"id":88},{"type":"Feature","geometry":{"type":"Point","coordinates":[-69.76447918974694,44.25928245024661]},"properties":{"OBJECTID":"89","LATITUDE":"44.25928","LONGITUDE":"-69.76448","SITE_NAME":"WARREN CO LANDFILL","SITE_NUMBER":"27410","ADDRESS":"RTE 9","TOWN":"CHELSEA","DESCRIPTION":"","SUMMARY":"PRIVATE. DEMOLITION DEBRIS AND KENNEBEC RIVER DREDGINGS. BEGAN 1975.  NO MONITORING.  (ACTIVE/INACTIVE?)","CLOSED":"PRE-1976"},"id":89},{"type":"Feature","geometry":{"type":"Point","coordinates":[-69.18115342939119,44.16286475987252]},"properties":{"OBJECTID":"90","LATITUDE":"44.16286","LONGITUDE":"-69.18115","SITE_NAME":"WARREN OLD DUMP","SITE_NUMBER":"29614","ADDRESS":"RTE 90","TOWN":"WARREN","DESCRIPTION":"","SUMMARY":"","CLOSED":"PRE-1976"},"id":90},{"type":"Feature","geometry":{"type":"Point","coordinates":[-69.95432203963695,43.92104314970629]},"properties":{"OBJECTID":"91","LATITUDE":"43.92104","LONGITUDE":"-69.95432","SITE_NAME":"WATER STREET DUMP","SITE_NUMBER":"37960","ADDRESS":"WATER STREET","TOWN":"BRUNSWICK","DESCRIPTION":"","SUMMARY":"CLOSED IN 1958. INSTITUTIONAL CONTROLS IN PLACE","CLOSED":"PRE-1976"},"id":91},{"type":"Feature","geometry":{"type":"Point","coordinates":[-70.61211987052987,43.29859485987054]},"properties":{"OBJECTID":"92","LATITUDE":"43.29859","LONGITUDE":"-70.61212","SITE_NAME":"WELLS 9B LANDFILL","SITE_NUMBER":"36574","ADDRESS":"RTE 9B/ABNEKI DRIVE","TOWN":"WELLS","DESCRIPTION":"","SUMMARY":"5 ACRE CLOSED LANDFILL.  CLOSURE DATE AND PROCEDURE UNKNOWN. PROPERTY SOLD AND THEN SUBDIVIDED IN 1970'S. AS WASTES SURFACED, DEP INVESTIGATED AND FOUND SOME LIMITED RISKS TO GW AND SURFACE MATERIALS TO BE DEALT WITH. INVESTIGATED WELLS, SOILS AND IN HOME GAS ISSUES. WATER LINE EXTENDED AND TOWN PAID TO BUY OUT ALL HOMES ON OR ADJACENT TO DUMP AREA. DEP ASSISTED WITH INVESTIGATIONS AND WATER LINE. NEXT TEIR WELLS STILL SAMPLED.","CLOSED":"PRE-1976"},"id":92},{"type":"Feature","geometry":{"type":"Point","coordinates":[-69.71171418957694,43.88038961960072]},"properties":{"OBJECTID":"93","LATITUDE":"43.88039","LONGITUDE":"-69.71171","SITE_NAME":"WESTPORT DUMP","SITE_NUMBER":"29559","ADDRESS":"RTE 144 MAIN RD","TOWN":"WESTPORT ISLAND","DESCRIPTION":"","SUMMARY":"CLOSED IN 1978.  DUMP WAS AN OLD 300-FOOT VIOLATION. IT WAS CLOSED IN 1978. TOWN SAMPLED TWO HOMES. GRADED AND COVERED METALS AREA.","CLOSED":"PRE-1976"},"id":93},{"type":"Feature","geometry":{"type":"Point","coordinates":[-69.38190361011628,45.3068110495533]},"properties":{"OBJECTID":"94","LATITUDE":"45.30681","LONGITUDE":"-69.3819","SITE_NAME":"WILLIMANTIC OLD DUMP","SITE_NUMBER":"29575","ADDRESS":"WILSON STREAM RD","TOWN":"WILLIMANTIC","DESCRIPTION":"","SUMMARY":"","CLOSED":"PRE-1976"},"id":94},{"type":"Feature","geometry":{"type":"Point","coordinates":[-69.59409102056169,44.50129721000415]},"properties":{"OBJECTID":"95","LATITUDE":"44.5013","LONGITUDE":"-69.59409","SITE_NAME":"WINSLOW LANDFILL OLD","SITE_NUMBER":"27777","ADDRESS":"REYNOLDS RD","TOWN":"WINSLOW","DESCRIPTION":"","SUMMARY":"A PRIVATELY OWNED, LICENSED, AND OPERATED LANDFILL BEGIN IN THE 1940'S SERVING THE TOWN OF WINSLOW AND THE SCOTT PAPER CO. THIS IS ON FILE WITH THE EPA AS LOW PRIORITY HAZARDOUS WASTE SITE (1982). THE LANDFILL IS INACTIVE SINCE 1975. FOUND NO INFORMATION MORE RECENT THAN 6/82. (NO CLOSURE DOCUMENTS OR GROUNDWATER DATA).","CLOSED":"PRE-1976"},"id":95},{"type":"Feature","geometry":{"type":"Point","coordinates":[-68.60226712988708,46.99477473010833]},"properties":{"OBJECTID":"96","LATITUDE":"46.99477","LONGITUDE":"-68.60227","SITE_NAME":"WINTERVILLE DUMP","SITE_NUMBER":"29889","ADDRESS":"NORTH QUIMBY RD","TOWN":"WINTERVILLE PLT","DESCRIPTION":"","SUMMARY":"","CLOSED":"PRE-1976"},"id":96},{"type":"Feature","geometry":{"type":"Point","coordinates":[-70.64276554001567,43.199747540104234]},"properties":{"OBJECTID":"97","LATITUDE":"43.19975","LONGITUDE":"-70.64277","SITE_NAME":"YORK DUMP","SITE_NUMBER":"27210","ADDRESS":"SEWALL'S PASTURE RD","TOWN":"YORK","DESCRIPTION":"","SUMMARY":"ABANDONED TOWN DUMP, NEXT TO INTERSTATE.","CLOSED":"PRE-1976"},"id":97},{"type":"Feature","geometry":{"type":"Point","coordinates":[-69.44918348963826,45.19011367978794]},"properties":{"OBJECTID":"98","LATITUDE":"45.19011","LONGITUDE":"-69.44918","SITE_NAME":"ABBOT LANDFILL","SITE_NUMBER":"29561","ADDRESS":"RTE 6 AND 15","TOWN":"ABBOT","DESCRIPTION":"2 ACRE LANDFILL CLOSED IN 1995 AS REQUIRED BY THE MEDEP LANDFILL CLOSURE AND REMEDIATION PROGRAM.  THE LANDFILL CLOSURE USED THE INTERIM COVER AND GRADING (ICAG) PROCEDURE.  THIS GENERALLY CONSISTED OF REGRADING WASTE AND CAPPING WITH 6 INCHES TOPSOIL OVER 18 INCHES 10E-6 CM/S GLACIAL TILL OVER 6 INCHES OF BURROW.  SPECIFIC DETAILS FOR CLOSURE OF THIS LANDFILL ARE AVAILABLE THROUGH THE MEDEP FILE ROOM.","SUMMARY":"CLOSED - 1995 AS REQUIRED BY THE MEDEP LANDFILL CLOSURE AND REMEDIATION PROGRAM.2 ACRE LANDFILL   THE LANDFILL CLOSURE USED THE INTERIM COVER AND GRADING (ICAG) PROCEDURE.  THIS GENERALLY CONSISTED OF REGRADING WASTE AND CAPPING WITH 6 INCHES TOPSOIL OVER 18 INCHES 10E-6 CM/S GLACIAL TILL OVER 6 INCHES OF BURROW.  SPECIFIC DETAILS FOR CLOSURE OF THIS LANDFILL ARE AVAILABLE THROUGH THE MEDEP FILE ROOM.","CLOSED":"POST-1976"},"id":98},{"type":"Feature","geometry":{"type":"Point","coordinates":[-70.91369743943942,43.55744658997532]},"properties":{"OBJECTID":"99","LATITUDE":"43.55745","LONGITUDE":"-70.9137","SITE_NAME":"ACTON LANDFILL","SITE_NUMBER":"27640","ADDRESS":"837 H RD","TOWN":"ACTON","DESCRIPTION":"2.5 ACRE LANDFILL CLOSED IN 1994 AS REQUIRED BY THE MEDEP LANDFILL CLOSURE AND REMEDIATION PROGRAM.  THE LANDFILL CLOSURE USED A REDUCED PROCEDURE.  THIS GENERALLY CONSISTED OF REGRADING WASTE AND CAPPING WITH 6 INCHES TOPSOIL OVER 18 INCHES 10E-6 CM/S GLACIAL TILL OVER 6 INCHES OF BURROW.  SPECIFIC DETAILS FOR CLOSURE OF THIS LANDFILL ARE AVAILABLE THROUGH THE MEDEP FILE ROOM.","SUMMARY":"CLOSED IN 1994 AS REQUIRED BY THE MEDEP LANDFILL CLOSURE AND REMEDIATION PROGRAM.LISTED AS ACTIVE. 2.5 ACRE LANDFILL.  LANDFILL CLOSURE USED A REDUCED PROCEDURE.  THIS GENERALLY CONSISTED OF REGRADING WASTE AND CAPPING WITH 6 INCHES TOPSOIL OVER 18 INCHES 10E-6 CM/S GLACIAL TILL OVER 6 INCHES OF BURROW.  SPECIFIC DETAILS FOR CLOSURE OF THIS LANDFILL ARE AVAILABLE THROUGH THE MEDEP FILE ROOM.","CLOSED":"POST-1976"},"id":99},{"type":"Feature","geometry":{"type":"Point","coordinates":[-67.71451006049186,44.61734194989634]},"properties":{"OBJECTID":"100","LATITUDE":"44.61734","LONGITUDE":"-67.71451","SITE_NAME":"ADDISON LANDFILL","SITE_NUMBER":"29679","ADDRESS":"NEAR TRACEY CORNER","TOWN":"ADDISON","DESCRIPTION":"2.4 ACRE LANDFILL CLOSED IN 1994 AS REQUIRED BY THE MEDEP LANDFILL CLOSURE AND REMEDIATION PROGRAM.  THE LANDFILL CLOSURE USED A REDUCED PROCEDURE.  THIS GENERALLY CONSISTED OF REGRADING WASTE AND CAPPING WITH 6 INCHES TOPSOIL OVER 18 INCHES 10E-6 CM/S GLACIAL TILL OVER 6 INCHES OF BURROW.  SPECIFIC DETAILS FOR CLOSURE OF THIS LANDFILL ARE AVAILABLE THROUGH THE MEDEP FILE ROOM.","SUMMARY":"CLOSED - 1994 AS REQUIRED BY THE MEDEP LANDFILL CLOSURE AND REMEDIATION PROGRAM. 2.4 ACRE LANDFILL.  THE LANDFILL CLOSURE USED A REDUCED PROCEDURE.  THIS GENERALLY CONSISTED OF REGRADING WASTE AND CAPPING WITH 6 INCHES TOPSOIL OVER 18 INCHES 10E-6 CM/S GLACIAL TILL OVER 6 INCHES OF BURROW.  SPECIFIC DETAILS FOR CLOSURE OF THIS LANDFILL ARE AVAILABLE THROUGH THE MEDEP FILE ROOM.","CLOSED":"POST-1976"},"id":100},{"type":"Feature","geometry":{"type":"Point","coordinates":[-67.45614653046675,45.08744674009544]},"properties":{"OBJECTID":"101","LATITUDE":"45.08745","LONGITUDE":"-67.45615","SITE_NAME":"ALEXANDER LANDFILL","SITE_NUMBER":"29680","ADDRESS":"SPEARIN RD","TOWN":"ALEXANDER","DESCRIPTION":"2.5 ACRE LANDFILL CLOSED IN 1994 AS REQUIRED BY THE MEDEP LANDFILL CLOSURE AND REMEDIATION PROGRAM.  THE LANDFILL CLOSURE USED THE INTERIM COVER AND GRADING (ICAG) PROCEDURE.  THIS GENERALLY CONSISTED OF REGRADING WASTE AND CAPPING WITH 6 INCHES TOPSOIL OVER 18 INCHES 10E-6 CM/S GLACIAL TILL OVER 6 INCHES OF BURROW.  SPECIFIC DETAILS FOR CLOSURE OF THIS LANDFILL ARE AVAILABLE THROUGH THE MEDEP FILE ROOM.","SUMMARY":"CLOSED - 1994 AS REQUIRED BY THE MEDEP LANDFILL CLOSURE AND REMEDIATION PROGRAM. 2.5 ACRE LANDFILL.  THE LANDFILL CLOSURE USED THE INTERIM COVER AND GRADING (ICAG) PROCEDURE.  THIS GENERALLY CONSISTED OF REGRADING WASTE AND CAPPING WITH 6 INCHES TOPSOIL OVER 18 INCHES 10E-6 CM/S GLACIAL TILL OVER 6 INCHES OF BURROW.  SPECIFIC DETAILS FOR CLOSURE OF THIS LANDFILL ARE AVAILABLE THROUGH THE MEDEP FILE ROOM.","CLOSED":"POST-1976"},"id":101},{"type":"Feature","geometry":{"type":"Point","coordinates":[-70.72033724057327,43.46533853960814]},"properties":{"OBJECTID":"102","LATITUDE":"43.46534","LONGITUDE":"-70.72034","SITE_NAME":"ALFRED LANDFILL AND TRANSFER STATION","SITE_NUMBER":"27687","ADDRESS":"JORDAN SPRINGS RD RTE 4","TOWN":"ALFRED","DESCRIPTION":"2.5 ACRE LANDFILL CLOSED IN 1979 AND 1981  THE LANDFILL WAS CLOSED PRIOR TO THE ESTABLISHMENT OF THE MEDEP LANDFILL CLOSURE AND REMEDIATION PROGRAM IN 1988.  THEREFORE THE CLOSURE PROCEDURE IS UNKNOWN.","SUMMARY":"CLOSED IN 1979 AND 1981. 2.5 ACRE LANDFILL.  THE ALFRED WATER DISTRICT WELLS ARE LOCATED ADJACENT TO THE CLOSED DUMP. THE LANDFILL WAS CLOSED PRIOR TO THE ESTABLISHMENT OF THE MEDEP LANDFILL CLOSURE AND REMEDIATION PROGRAM IN 1988.  THEREFORE THE CLOSURE PROCEDURE IS UNKNOWN.","CLOSED":"POST-1976"},"id":102},{"type":"Feature","geometry":{"type":"Point","coordinates":[-70.71219921963001,43.45869260975038]},"properties":{"OBJECTID":"103","LATITUDE":"43.45869","LONGITUDE":"-70.7122","SITE_NAME":"ALFRED STUMP DUMP","SITE_NUMBER":"72549","ADDRESS":"SWETTS BRIDGE RD","TOWN":"ALFRED","DESCRIPTION":"1.3 ACRE LANDFILL CLOSED IN 1994 AS REQUIRED BY THE MEDEP LANDFILL CLOSURE AND REMEDIATION PROGRAM.  THE LANDFILL CLOSURE USED AN ALTERNATIVE PROCEDURE AS IT WAS NOT AUTOMATICALLY ELIGIBLE FOR A REDUCED PROCEDURE CLOSURE.  THIS INCLUDED AN ENVIRONMENTAL ASSESSMENT AND POSSIBLE IMPROVED COVER SYSTEM AND/OR WATER QUALITY MONITORING.  SPECIFIC DETAILS OF CLOSURE ARE AVAIABLE THROUGH THE MEDEP FILE ROOM.","SUMMARY":"CLOSED IN 1994 AS REQUIRED BY THE MEDEP LANDFILL CLOSURE AND REMEDIATION PROGRAM. 1.3 ACRE LANDFILL.   THE LANDFILL CLOSURE USED AN ALTERNATIVE PROCEDURE AS IT WAS NOT AUTOMATICALLY ELIGIBLE FOR A REDUCED PROCEDURE CLOSURE.  THIS INCLUDED AN ENVIRONMENTAL ASSESSMENT AND POSSIBLE IMPROVED COVER SYSTEM AND/OR WATER QUALITY MONITORING.  SPECIFIC DETAILS OF CLOSURE ARE AVAIABLE THROUGH THE MEDEP FILE ROOM.","CLOSED":"POST-1976"},"id":103},{"type":"Feature","geometry":{"type":"Point","coordinates":[-69.0728173499981,47.07450939009669]},"properties":{"OBJECTID":"104","LATITUDE":"47.07451","LONGITUDE":"-69.07282","SITE_NAME":"ALLAGASH LANDFILL","SITE_NUMBER":"29810","ADDRESS":"MICHAUD TOTE RD","TOWN":"ALLAGASH","DESCRIPTION":"0.5 ACRE LANDFILL CLOSED IN 1994 AS REQUIRED BY THE MEDEP LANDFILL CLOSURE AND REMEDIATION PROGRAM.  THE LANDFILL CLOSURE USED THE INTERIM COVER AND GRADING (ICAG) PROCEDURE.  THIS GENERALLY CONSISTED OF REGRADING WASTE AND CAPPING WITH 6 INCHES TOPSOIL OVER 18 INCHES 10E-6 CM/S GLACIAL TILL OVER 6 INCHES OF BURROW.  SPECIFIC DETAILS FOR CLOSURE OF THIS LANDFILL ARE AVAILABLE THROUGH THE MEDEP FILE ROOM.","SUMMARY":"CLOSED IN 1994 AS REQUIRED BY THE MEDEP LANDFILL CLOSURE AND REMEDIATION PROGRAM. 0.5 ACRE LANDFILL.   THE LANDFILL CLOSURE USED THE INTERIM COVER AND GRADING (ICAG) PROCEDURE.  THIS GENERALLY CONSISTED OF REGRADING WASTE AND CAPPING WITH 6 INCHES TOPSOIL OVER 18 INCHES 10E-6 CM/S GLACIAL TILL OVER 6 INCHES OF BURROW.  SPECIFIC DETAILS FOR CLOSURE OF THIS LANDFILL ARE AVAILABLE THROUGH THE MEDEP FILE ROOM.","CLOSED":"POST-1976"},"id":104},{"type":"Feature","geometry":{"type":"Point","coordinates":[-69.64034319001729,44.08567261000969]},"properties":{"OBJECTID":"105","LATITUDE":"44.08567","LONGITUDE":"-69.64034","SITE_NAME":"ALNA LANDFILL","SITE_NUMBER":"29523","ADDRESS":"RTE 218 WEST ALNA RD","TOWN":"ALNA","DESCRIPTION":"3 ACRE LANDFILL CLOSED IN 1995 AS REQUIRED BY THE MEDEP LANDFILL CLOSURE AND REMEDIATION PROGRAM.  THE LANDFILL CLOSURE USED A REDUCED PROCEDURE.  THIS GENERALLY CONSISTED OF REGRADING WASTE AND CAPPING WITH 6 INCHES TOPSOIL OVER 18 INCHES 10E-6 CM/S GLACIAL TILL OVER 6 INCHES OF BURROW.  SPECIFIC DETAILS FOR CLOSURE OF THIS LANDFILL ARE AVAILABLE THROUGH THE MEDEP FILE ROOM.","SUMMARY":"CLOSED IN 1995 AS REQUIRED BY THE MEDEP LANDFILL CLOSURE AND REMEDIATION PROGRAM.  3 ACRE LANDFILL.   THE LANDFILL CLOSURE USED A REDUCED PROCEDURE.  THIS GENERALLY CONSISTED OF REGRADING WASTE AND CAPPING WITH 6 INCHES TOPSOIL OVER 18 INCHES 10E-6 CM/S GLACIAL TILL OVER 6 INCHES OF BURROW.  SPECIFIC DETAILS FOR CLOSURE OF THIS LANDFILL ARE AVAILABLE THROUGH THE MEDEP FILE ROOM.","CLOSED":"POST-1976"},"id":105},{"type":"Feature","geometry":{"type":"Point","coordinates":[-67.82454324062728,45.95200094992325]},"properties":{"OBJECTID":"106","LATITUDE":"45.952","LONGITUDE":"-67.82454","SITE_NAME":"AMITY LANDFILL","SITE_NUMBER":"29811","ADDRESS":"MONUMENT RD","TOWN":"AMITY","DESCRIPTION":"1 ACRE LANDFILL CLOSED IN 1996 AS REQUIRED BY THE MEDEP LANDFILL CLOSURE AND REMEDIATION PROGRAM.  THE LANDFILL CLOSURE USED A REDUCED PROCEDURE.  THIS GENERALLY CONSISTED OF REGRADING WASTE AND CAPPING WITH 6 INCHES TOPSOIL OVER 18 INCHES 10E-6 CM/S GLACIAL TILL OVER 6 INCHES OF BURROW.  SPECIFIC DETAILS FOR CLOSURE OF THIS LANDFILL ARE AVAILABLE THROUGH THE MEDEP FILE ROOM.","SUMMARY":"CLOSED IN 1996 AS REQUIRED BY THE MEDEP LANDFILL CLOSURE AND REMEDIATION PROGRAM.  1 ACRE LANDFILL   THE LANDFILL CLOSURE USED A REDUCED PROCEDURE.  THIS GENERALLY CONSISTED OF REGRADING WASTE AND CAPPING WITH 6 INCHES TOPSOIL OVER 18 INCHES 10E-6 CM/S GLACIAL TILL OVER 6 INCHES OF BURROW.  SPECIFIC DETAILS FOR CLOSURE OF THIS LANDFILL ARE AVAILABLE THROUGH THE MEDEP FILE ROOM.","CLOSED":"POST-1976"},"id":106},{"type":"Feature","geometry":{"type":"Point","coordinates":[-70.74882355946757,44.61608358033705]},"properties":{"OBJECTID":"107","LATITUDE":"44.61608","LONGITUDE":"-70.74882","SITE_NAME":"ANDOVER LANDFILL","SITE_NUMBER":"27102","ADDRESS":"LANDFILL RD OFF RTE 5","TOWN":"ANDOVER","DESCRIPTION":"5 ACRE LANDFILL CLOSED IN 1994 AS REQUIRED BY THE MEDEP LANDFILL CLOSURE AND REMEDIATION PROGRAM.  THE LANDFILL CLOSURE USED A REDUCED PROCEDURE.  THIS GENERALLY CONSISTED OF REGRADING WASTE AND CAPPING WITH 6 INCHES TOPSOIL OVER 18 INCHES 10E-6 CM/S GLACIAL TILL OVER 6 INCHES OF BURROW.  SPECIFIC DETAILS FOR CLOSURE OF THIS LANDFILL ARE AVAILABLE THROUGH THE MEDEP FILE ROOM.","SUMMARY":"CLOSED IN 1994 AS REQUIRED BY THE MEDEP LANDFILL CLOSURE AND REMEDIATION PROGRAM.  5 ACRE LANDFILL.   THE LANDFILL CLOSURE USED A REDUCED PROCEDURE.  THIS GENERALLY CONSISTED OF REGRADING WASTE AND CAPPING WITH 6 INCHES TOPSOIL OVER 18 INCHES 10E-6 CM/S GLACIAL TILL OVER 6 INCHES OF BURROW.  SPECIFIC DETAILS FOR CLOSURE OF THIS LANDFILL ARE AVAILABLE THROUGH THE MEDEP FILE ROOM.","CLOSED":"POST-1976"},"id":107},{"type":"Feature","geometry":{"type":"Point","coordinates":[-69.86793059025891,44.861445029978356]},"properties":{"OBJECTID":"108","LATITUDE":"44.86145","LONGITUDE":"-69.86793","SITE_NAME":"ANSON LANDFILL","SITE_NUMBER":"27838","ADDRESS":"PATTERSON BRIDGE RD","TOWN":"ANSON","DESCRIPTION":"2.5 ACRE LANDFILL CLOSED IN 1996 AS REQUIRED BY THE MEDEP LANDFILL CLOSURE AND REMEDIATION PROGRAM.  THE LANDFILL CLOSURE USED A REDUCED PROCEDURE.  THIS GENERALLY CONSISTED OF REGRADING WASTE AND CAPPING WITH 6 INCHES TOPSOIL OVER 18 INCHES 10E-6 CM/S GLACIAL TILL OVER 6 INCHES OF BURROW.  SPECIFIC DETAILS FOR CLOSURE OF THIS LANDFILL ARE AVAILABLE THROUGH THE MEDEP FILE ROOM.","SUMMARY":"CLOSED IN 1996 AS REQUIRED BY THE MEDEP LANDFILL CLOSURE AND REMEDIATION PROGRAM. 2.5 ACRE LANDFILL  THE LANDFILL CLOSURE USED A REDUCED PROCEDURE.  THIS GENERALLY CONSISTED OF REGRADING WASTE AND CAPPING WITH 6 INCHES TOPSOIL OVER 18 INCHES 10E-6 CM/S GLACIAL TILL OVER 6 INCHES OF BURROW.  SPECIFIC DETAILS FOR CLOSURE OF THIS LANDFILL ARE AVAILABLE THROUGH THE MEDEP FILE ROOM. OLD OPEN-BURNING DUMP LOCATED IN A GRAVEL PIT.","CLOSED":"POST-1976"},"id":108},{"type":"Feature","geometry":{"type":"Point","coordinates":[-69.24883142030652,44.2788386498974]},"properties":{"OBJECTID":"109","LATITUDE":"44.27884","LONGITUDE":"-69.24883","SITE_NAME":"APPLETON LANDFILL","SITE_NUMBER":"29576","ADDRESS":"SENNEBEC RD","TOWN":"APPLETON","DESCRIPTION":"1 ACRE LANDFILL CLOSED IN 1994 AS REQUIRED BY THE MEDEP LANDFILL CLOSURE AND REMEDIATION PROGRAM.  THE LANDFILL CLOSURE USED A REDUCED PROCEDURE.  THIS GENERALLY CONSISTED OF REGRADING WASTE AND CAPPING WITH 6 INCHES TOPSOIL OVER 18 INCHES 10E-6 CM/S GLACIAL TILL OVER 6 INCHES OF BURROW.  SPECIFIC DETAILS FOR CLOSURE OF THIS LANDFILL ARE AVAILABLE THROUGH THE MEDEP FILE ROOM.","SUMMARY":"CLOSED IN 1994 AS REQUIRED BY THE MEDEP LANDFILL CLOSURE AND REMEDIATION PROGRAM. 1 ACRE LANDFILL.  THE LANDFILL CLOSURE USED A REDUCED PROCEDURE.  THIS GENERALLY CONSISTED OF REGRADING WASTE AND CAPPING WITH 6 INCHES TOPSOIL OVER 18 INCHES 10E-6 CM/S GLACIAL TILL OVER 6 INCHES OF BURROW.  SPECIFIC DETAILS FOR CLOSURE OF THIS LANDFILL ARE AVAILABLE THROUGH THE MEDEP FILE ROOM.","CLOSED":"POST-1976"},"id":109},{"type":"Feature","geometry":{"type":"Point","coordinates":[-67.90723424989083,46.86084874991376]},"properties":{"OBJECTID":"110","LATITUDE":"46.86085","LONGITUDE":"-67.90723","SITE_NAME":"AROOSTOOK WASTE SOLUTIONS","SITE_NUMBER":"29884","ADDRESS":"MURPHY RD","TOWN":"FORT FAIRFIELD","DESCRIPTION":"PHASE I: 13 ACRE LANDFILL CLOSED IN 1999 AS REQUIRED BY THE MEDEP LANDFILL CLOSURE AND REMEDIATION PROGRAM.   THE LANDFILL CLOSURE USED THE REGULATION CLOSURE PROCEDURE.  THIS GENERALLY CONSISTED OF AN ENVIRONMENTAL ASSESSMENT, A CLAY OR COMPOSITE COVER SYSTEM, AND WATER QUALITY MONITORING.  SPECIFIC DETAILS FOR CLOSURE OF THIS LANDFILL ARE AVAILABLE THROUGH MEDEP FILE ROOM.  PHASE II: 13 ACRE ACTIVE LANDFILL.","SUMMARY":"PHASE I CLOSED BY STANDARD DEP PROCEDURE IN 1999. 13 ACRES. PHASE II, ALSO 13 ACRES IS ACTIVE THROUGH 2015. MAIN GARAGE:  HOLDING TANK CONTENTS NO LONGER GO TO LANDSPREADING FIELD, NOW TO FT. FAIRFIELD WWTF; 2,000 GAL HOLDING TANK WITH ALARM; STORAGE GARAGE: USED FOR WASTE OIL STORAGE AND EQUIPMENT\r\nDISCHARGE POINT PIPE TO TOP OF GROUND OIL/WATER SEPARATOR THEN TO HOLDING TANK\r\n4 UIC\r\n\r\nTRI-COMMUNITY RECYCLING AND SANITARY LANDFILL RECEIVED A LICENSE TO LANDSPREAD SEPTAGE ON A FIELD 15.6 ACRES OWNED AND OPERATED BY TRI-COMMUNITY RECYCLING. THE MAXIMUM LOADING RATE IS 37,000 GALONS PER ACRE PER YEAR. LICENSED VOLUME CAPACITY OF SEPTAGE IS 577,200 GALLONS PER YEAR. THE STORAGE FACILITY HAS FOUR UNDERGROUND STEEL TANKS(4EA-25,000 GALLON TANKS) WITH A TOTAL STORAGE CAPACITY OF 100,000 GALLONS. THE LICENSE WAS RENEWED 19 MAY 1994 FOR A TERM OF 5 YEARS AND DOES NOT EXPIRE. NOTE: PORTIONS OF THIS SITE HAVE 25 BUFFER ZONES DUE TO PORLY DRAINED SOILS(SEE LICENSE AND AMENDMENTS)\r\nCAN/BOTTLE CRUSHER, DRAINS RECEIVE SODA, ETC. - 1,000 GAL TANK, GOES TO FT FAIRFIELD WWTF\r\n2 UIC \r\nDISCHARGE POINT HOLDING TANK\r\n\r\nTRI-COMMUNITY RECYCLING AND SANITARY LANDFILL RECEIVED A LICENSE TO LANDSPREAD SEPTAGE ON 1 FIELD TOTALLING 19.59 ACRES, OWNED AND OPERATED BY TRI-COMMUNITY RECYCLING AND SANITARY LANDFILL. THE LICENSE VOLUME CAPACITY OF SEPTAGE IS 578,580 GALLONS PER YEAR. MAXIMUM LOADING RATE IS 37,500 GALLONS PER ACRE PER YEAR ON PERHAM SOILS(14.14 ACRES) AND 12,000 GALLONS PER ACRE PER YEAR(4.45 ACRES) ON DAIGLE SOILS. THE CROP IS HAY. USE OF THE EXISTING SEPTAGE STORAGE FACILITY WHICH CONSISTS OF FOUR 25,000 GALLON STEEL STORAGE TANKS(FROM #S-004838-S3-B-A) IS UNCHANGED BY THIS LICENSE. THE LICENSE WAS ISSUED ON 5 JUNE 1995 FOR A TERM OF 5 YEARS AND DOES NOT EXPIRE.","CLOSED":"POST-1976"},"id":110},{"type":"Feature","geometry":{"type":"Point","coordinates":[-70.52583853973111,43.450520740174994]},"properties":{"OBJECTID":"111","LATITUDE":"43.45052","LONGITUDE":"-70.52584","SITE_NAME":"ARUNDEL LANDFILL","SITE_NUMBER":"27691","ADDRESS":"MOUNTAIN RD","TOWN":"ARUNDEL","DESCRIPTION":"5 ACRE LANDFILL CLOSED IN 1995 AS REQUIRED BY THE MEDEP LANDFILL CLOSURE AND REMEDIATION PROGRAM.   THE LANDFILL CLOSURE USED THE REGULATION CLOSURE PROCEDURE.  THIS GENERALLY CONSISTED OF AN ENVIRONMENTAL ASSESSMENT, A CLAY OR COMPOSITE COVER SYSTEM, AND WATER QUALITY MONITORING.  SPECIFIC DETAILS FOR CLOSURE OF THIS LANDFILL ARE AVAILABLE THROUGH MEDEP FILE ROOM.","SUMMARY":"CLOSED IN 1995 AS REQUIRED BY THE MEDEP LANDFILL CLOSURE AND REMEDIATION PROGRAM. 5 ACRE LANDFILL.    THE LANDFILL CLOSURE USED THE REGULATION CLOSURE PROCEDURE.  THIS GENERALLY CONSISTED OF AN ENVIRONMENTAL ASSESSMENT, A CLAY OR COMPOSITE COVER SYSTEM, AND WATER QUALITY MONITORING.  SPECIFIC DETAILS FOR CLOSURE OF THIS LANDFILL ARE AVAILABLE THROUGH MEDEP FILE ROOM.NO GW MONITORING AS OF 8/91. SAND SALT PILE HAS BEEN REMOVED. LANDFILL IS NO LONGER ACTIVE. GEOPHYSICAL INVESTIGATION CONDUCT-ED 11/90. IT IS RECOMMENDED THAT A BORING AND MONITORINGWELL INSTALLATION PROGRAM BE IMPLEMENTED SOUTHEAST AND SOUTHWEST OF THE OLD LANDFILL.  TERRAIN CONDUCTIVITY INDICATES A SEEP CONDUCTIVITY 1537 UMHOS/CM IN 1990.  SEEP CONDUCTIVITY 980 UMHOS/CM 1984.","CLOSED":"POST-1976"},"id":111},{"type":"Feature","geometry":{"type":"Point","coordinates":[-68.36664742976339,46.66440343011954]},"properties":{"OBJECTID":"112","LATITUDE":"46.6644","LONGITUDE":"-68.36665","SITE_NAME":"ASHLAND LANDFILL","SITE_NUMBER":"29812","ADDRESS":"SHERIDAN RD","TOWN":"ASHLAND","DESCRIPTION":"2 ACRE LANDFILL CLOSED IN 1994 AS REQUIRED BY THE MEDEP LANDFILL CLOSURE AND REMEDIATION PROGRAM.  THE LANDFILL CLOSURE USED A REDUCED PROCEDURE.  THIS GENERALLY CONSISTED OF REGRADING WASTE AND CAPPING WITH 6 INCHES TOPSOIL OVER 18 INCHES 10E-6 CM/S GLACIAL TILL OVER 6 INCHES OF BURROW.  SPECIFIC DETAILS FOR CLOSURE OF THIS LANDFILL ARE AVAILABLE THROUGH THE MEDEP FILE ROOM.","SUMMARY":"CLOSED IN 1994 AS REQUIRED BY THE MEDEP LANDFILL CLOSURE AND REMEDIATION PROGRAM. 2 ACRE LANDFILL.  CLOSED IN 1994 AS REQUIRED BY THE MEDEP LANDFILL CLOSURE AND REMEDIATION PROGRAM.  THE LANDFILL CLOSURE USED A REDUCED PROCEDURE.  THIS GENERALLY CONSISTED OF REGRADING WASTE AND CAPPING WITH 6 INCHES TOPSOIL OVER 18 INCHES 10E-6 CM/S GLACIAL TILL OVER 6 INCHES OF BURROW.  SPECIFIC DETAILS FOR CLOSURE OF THIS LANDFILL ARE AVAILABLE THROUGH THE MEDEP FILE ROOM.","CLOSED":"POST-1976"},"id":112},{"type":"Feature","geometry":{"type":"Point","coordinates":[-69.63268499014555,44.96721785955681]},"properties":{"OBJECTID":"113","LATITUDE":"44.96722","LONGITUDE":"-69.63268","SITE_NAME":"ATHENS LANDFILL","SITE_NUMBER":"29412","ADDRESS":"DORE HILL RD","TOWN":"ATHENS","DESCRIPTION":"2 ACRE LANDFILL CLOSED IN 1994 AS REQUIRED BY THE MEDEP LANDFILL CLOSURE AND REMEDIATION PROGRAM.  THE LANDFILL CLOSURE USED THE INTERIM COVER AND GRADING (ICAG) PROCEDURE.  THIS GENERALLY CONSISTED OF REGRADING WASTE AND CAPPING WITH 6 INCHES TOPSOIL OVER 18 INCHES 10E-6 CM/S GLACIAL TILL OVER 6 INCHES OF BURROW.  SPECIFIC DETAILS FOR CLOSURE OF THIS LANDFILL ARE AVAILABLE THROUGH THE MEDEP FILE ROOM.","SUMMARY":"CLOSED IN 1994 AS REQUIRED BY THE MEDEP LANDFILL CLOSURE AND REMEDIATION PROGRAM. 2 ACRE LANDFILL.  THE LANDFILL CLOSURE USED THE INTERIM COVER AND GRADING (ICAG) PROCEDURE.  THIS GENERALLY CONSISTED OF REGRADING WASTE AND CAPPING WITH 6 INCHES TOPSOIL OVER 18 INCHES 10E-6 CM/S GLACIAL TILL OVER 6 INCHES OF BURROW.  SPECIFIC DETAILS FOR CLOSURE OF THIS LANDFILL ARE AVAILABLE THROUGH THE MEDEP FILE ROOM.SMALL DUMP BEGAN CLEAN-UP IN 1989 IN PREPARATION FOR CLOSURE BY 1/92. NO MONITORING ON SITE.","CLOSED":"POST-1976"},"id":113},{"type":"Feature","geometry":{"type":"Point","coordinates":[-70.28030498010217,44.02918408972369]},"properties":{"OBJECTID":"114","LATITUDE":"44.02918","LONGITUDE":"-70.2803","SITE_NAME":"AUBURN ASH DREDGE LANDFILL","SITE_NUMBER":"28328","ADDRESS":"POLAND RD","TOWN":"AUBURN","DESCRIPTION":"5 ACRE LANDFILL CLOSED IN 1996 AS REQUIRED BY THE MEDEP LANDFILL CLOSURE AND REMEDIATION PROGRAM.   THE LANDFILL CLOSURE USED THE REGULATION CLOSURE PROCEDURE.  THIS GENERALLY CONSISTED OF AN ENVIRONMENTAL ASSESSMENT, A CLAY OR COMPOSITE COVER SYSTEM, AND WATER QUALITY MONITORING.  SPECIFIC DETAILS FOR CLOSURE OF THIS LANDFILL ARE AVAILABLE THROUGH MEDEP FILE ROOM.","SUMMARY":"CLOSED IN 1996 AS REQUIRED BY THE MEDEP LANDFILL CLOSURE AND REMEDIATION PROGRAM.  5 ACRE LANDFILL.   THE LANDFILL CLOSURE USED THE REGULATION CLOSURE PROCEDURE.  THIS GENERALLY CONSISTED OF AN ENVIRONMENTAL ASSESSMENT, A CLAY OR COMPOSITE COVER SYSTEM, AND WATER QUALITY MONITORING.  SPECIFIC DETAILS FOR CLOSURE OF THIS LANDFILL ARE AVAILABLE THROUGH MEDEP FILE ROOM.  BEGUN IN 1980.  ASH/COAL ASH AND DREDGE LF WITH A 3 FOOT CLAY LINER AND 5 FOOT CLAY LEACHATE COLLECTION SYSTEM.","CLOSED":"POST-1976"},"id":114},{"type":"Feature","geometry":{"type":"Point","coordinates":[-70.23828122059952,44.124298639617344]},"properties":{"OBJECTID":"115","LATITUDE":"44.1243","LONGITUDE":"-70.23828","SITE_NAME":"AUBURN GRACELAWN LANDFILL","SITE_NUMBER":"28331","ADDRESS":"GRACELAWN RD","TOWN":"AUBURN","DESCRIPTION":"12.5 ACRE LANDFILL CLOSED IN 1980 AS REQUIRED BY THE MEDEP LANDFILL CLOSURE AND REMEDIATION PROGRAM.   THE LANDFILL CLOSURE USED THE REGULATION CLOSURE PROCEDURE.  THIS GENERALLY CONSISTED OF AN ENVIRONMENTAL ASSESSMENT, A CLAY OR COMPOSITE COVER SYSTEM, AND WATER QUALITY MONITORING.  SPECIFIC DETAILS FOR CLOSURE OF THIS LANDFILL ARE AVAILABLE THROUGH MEDEP FILE ROOM.\r\n\r\nFROM SUMMIT ENVIRONMENTAL 2011 ANNUAL REPORT - THE FORMER GRACELAWN LANDFILL WAS PERVIOUSLY A SAND AND GRAVEL PIT THAT WAS EXCAVATED TO A MAXIMUM DEPTH OF APPROXIMATELY 60 FEET BELOW GROUND SURFACE.  REFUSE WAS DEPOSITED IN THE UNLINED, AND EXCAVATED AREA AND CONSISTED OF MUNICIPAL AND LIGHT INDUSTRIAL WASTES, INLCUDING LIQUIDS FROM 1964 THROUGH 1977.  A CLAY COLVER WAS PLACED IN 1980.  CURRENTLY LAKEVIEW PARK, WHICH CONSISTS OF TWO BASEBALL FIELDS, A PLYGROUND, AND A PICNIC AREA, IS LOCATED ON TOP OF THE CAPPED LANDFILL.","SUMMARY":"CLOSED IN 1980 AS REQUIRED BY THE MEDEP LANDFILL CLOSURE AND REMEDIATION PROGRAM. 12.5 ACRE LANDFILL.    THE LANDFILL CLOSURE USED THE REGULATION CLOSURE PROCEDURE.  THIS GENERALLY CONSISTED OF AN ENVIRONMENTAL ASSESSMENT, A CLAY OR COMPOSITE COVER SYSTEM, AND WATER QUALITY MONITORING.  SPECIFIC DETAILS FOR CLOSURE OF THIS LANDFILL ARE AVAILABLE THROUGH MEDEP FILE ROOM.  FIRST CLOSED IN 1972. MUNICIPAL SOLID WASTE. NINE  MONITORING WELL LOCATIONS ALSO ASSOCIATED WITH; PIONITE DISPOSAL AREA,  GRACELAWN LIQUID DISPOSAL AREA (MW-5), AUBURN INTERIM LANDFILL (MW-205), OLD BURNING DUMP AND DEMO DEBRIS (MW-10, MW-201, MW-301)","CLOSED":"POST-1976"},"id":115},{"type":"Feature","geometry":{"type":"Point","coordinates":[-70.23886938983479,44.12647565994133]},"properties":{"OBJECTID":"116","LATITUDE":"44.12648","LONGITUDE":"-70.23887","SITE_NAME":"AUBURN PIONITE-BRUSH LANDFILL","SITE_NUMBER":"95099","ADDRESS":"GRACELAWN RD","TOWN":"AUBURN","DESCRIPTION":"11 ACRE LANDFILL CLOSED IN 1996 AS REQUIRED BY THE MEDEP LANDFILL CLOSURE AND REMEDIATION PROGRAM.   THE LANDFILL CLOSURE USED THE REGULATION CLOSURE PROCEDURE.  THIS GENERALLY CONSISTED OF AN ENVIRONMENTAL ASSESSMENT, A CLAY OR COMPOSITE COVER SYSTEM, AND WATER QUALITY MONITORING.  SPECIFIC DETAILS FOR CLOSURE OF THIS LANDFILL ARE AVAILABLE THROUGH MEDEP FILE ROOM.\r\n\r\nFROM SUMMIT ENVIRONMENTAL 2011 ANNUAL REPORT - THE PIONITE SAWDUST DISPOSAL AREA IS UNLINED AND LOCATED ADJACENT TO THE OLD BURNING DUMP.  IT BEGAN OPERATION IN 1981.  PRIOR TO 1981, PIONITE SAWDUST WAS DISPOSED IN THE INTERIUM SANITARY LANDFILL AND GRACELAWN LANDFILL.","SUMMARY":"CLOSED IN 1996 AS REQUIRED BY THE MEDEP LANDFILL CLOSURE AND REMEDIATION PROGRAM.   11 ACRE LANDFILL.   THE LANDFILL CLOSURE USED THE REGULATION CLOSURE PROCEDURE.  THIS GENERALLY CONSISTED OF AN ENVIRONMENTAL ASSESSMENT, A CLAY OR COMPOSITE COVER SYSTEM, AND WATER QUALITY MONITORING.  SPECIFIC DETAILS FOR CLOSURE OF THIS LANDFILL ARE AVAILABLE THROUGH MEDEP FILE ROOM.   WATER QUALITY MONITORING RESULTS ARE LOCATED WITH THE GRACELAWN LANDFILL EGAD SEQ #28331.","CLOSED":"POST-1976"},"id":116},{"type":"Feature","geometry":{"type":"Point","coordinates":[-68.28984106946679,44.858433850127454]},"properties":{"OBJECTID":"117","LATITUDE":"44.85843","LONGITUDE":"-68.28984","SITE_NAME":"AURORA LANDFILL","SITE_NUMBER":"29752","ADDRESS":"RTE 9","TOWN":"AURORA","DESCRIPTION":"2.5 ACRE LANDFILL CLOSED IN 1999 AS REQUIRED BY THE MEDEP LANDFILL CLOSURE AND REMEDIATION PROGRAM.  THE LANDFILL CLOSURE USED AN ALTERNATIVE PROCEDURE AS IT WAS NOT AUTOMATICALLY ELIGIBLE FOR A REDUCED PROCEDURE CLOSURE.  THIS INCLUDED AN ENVIRONMENTAL ASSESSMENT AND POSSIBLE IMPROVED COVER SYSTEM AND/OR WATER QUALITY MONITORING.  SPECIFIC DETAILS OF CLOSURE ARE AVAIABLE THROUGH THE MEDEP FILE ROOM.","SUMMARY":"CLOSED IN 1999 AS REQUIRED BY THE MEDEP LANDFILL CLOSURE AND REMEDIATION PROGRAM.  2.5 ACRE LANDFILL. THE LANDFILL CLOSURE USED AN ALTERNATIVE PROCEDURE AS IT WAS NOT AUTOMATICALLY ELIGIBLE FOR A REDUCED PROCEDURE CLOSURE.  THIS INCLUDED AN ENVIRONMENTAL ASSESSMENT AND POSSIBLE IMPROVED COVER SYSTEM AND/OR WATER QUALITY MONITORING.  SPECIFIC DETAILS OF CLOSURE ARE AVAIABLE THROUGH THE MEDEP FILE ROOM.","CLOSED":"POST-1976"},"id":117},{"type":"Feature","geometry":{"type":"Point","coordinates":[-67.39686725022774,45.13203759984037]},"properties":{"OBJECTID":"118","LATITUDE":"45.13204","LONGITUDE":"-67.39687","SITE_NAME":"BAILEYVILLE LANDFILL","SITE_NUMBER":"29681","ADDRESS":"OFF RTE 1","TOWN":"BAILEYVILLE","DESCRIPTION":"5 ACRE LANDFILL CLOSED IN 1994 AS REQUIRED BY THE MEDEP LANDFILL CLOSURE AND REMEDIATION PROGRAM.  THE LANDFILL CLOSURE USED AN ALTERNATIVE PROCEDURE AS IT WAS NOT AUTOMATICALLY ELIGIBLE FOR A REDUCED PROCEDURE CLOSURE.  THIS INCLUDED AN ENVIRONMENTAL ASSESSMENT AND POSSIBLE IMPROVED COVER SYSTEM AND/OR WATER QUALITY MONITORING.  SPECIFIC DETAILS OF CLOSURE ARE AVAIABLE THROUGH THE MEDEP FILE ROOM.","SUMMARY":"CLOSED IN 1994 AS REQUIRED BY THE MEDEP LANDFILL CLOSURE AND REMEDIATION PROGRAM.  5 ACRE LANDFILL.  THE LANDFILL CLOSURE USED AN ALTERNATIVE PROCEDURE AS IT WAS NOT AUTOMATICALLY ELIGIBLE FOR A REDUCED PROCEDURE CLOSURE.  THIS INCLUDED AN ENVIRONMENTAL ASSESSMENT AND POSSIBLE IMPROVED COVER SYSTEM AND/OR WATER QUALITY MONITORING.  SPECIFIC DETAILS OF CLOSURE ARE AVAIABLE THROUGH THE MEDEP FILE ROOM.","CLOSED":"POST-1976"},"id":118},{"type":"Feature","geometry":{"type":"Point","coordinates":[-68.73947840943264,44.85695065976288]},"properties":{"OBJECTID":"119","LATITUDE":"44.85695","LONGITUDE":"-68.73948","SITE_NAME":"BANGOR MUNICIPAL LANDFILL","SITE_NUMBER":"29616","ADDRESS":"END OF KITTERIDGE  RD","TOWN":"BANGOR","DESCRIPTION":"16 ACRE LANDFILL CLOSED IN 1994 AS REQUIRED BY THE MEDEP LANDFILL CLOSURE AND REMEDIATION PROGRAM.  THE LANDFILL CLOSURE USED A REDUCED PROCEDURE.  THIS GENERALLY CONSISTED OF REGRADING WASTE AND CAPPING WITH 6 INCHES TOPSOIL OVER 18 INCHES 10E-6 CM/S GLACIAL TILL OVER 6 INCHES OF BURROW.  SPECIFIC DETAILS FOR CLOSURE OF THIS LANDFILL ARE AVAILABLE THROUGH THE MEDEP FILE ROOM.","SUMMARY":"CLOSED IN 1994 AS REQUIRED BY THE MEDEP LANDFILL CLOSURE AND REMEDIATION PROGRAM.  16 ACRE LANDFILL. THE LANDFILL CLOSURE USED A REDUCED PROCEDURE.  THIS GENERALLY CONSISTED OF REGRADING WASTE AND CAPPING WITH 6 INCHES TOPSOIL OVER 18 INCHES 10E-6 CM/S GLACIAL TILL OVER 6 INCHES OF BURROW.  SPECIFIC DETAILS FOR CLOSURE OF THIS LANDFILL ARE AVAILABLE THROUGH THE MEDEP FILE ROOM.","CLOSED":"POST-1976"},"id":119},{"type":"Feature","geometry":{"type":"Point","coordinates":[-69.82296168962519,43.94238736964223]},"properties":{"OBJECTID":"120","LATITUDE":"43.94239","LONGITUDE":"-69.82296","SITE_NAME":"BATH LANDFILL","SITE_NUMBER":"27522","ADDRESS":"DETRITUS DRIVE","TOWN":"BATH","DESCRIPTION":"10 ACRE ACTIVE LANDFILL.  ","SUMMARY":"LANDFILL STILL OPEN. IT EXPANDED TO 15 ACRES IN 1982 UNDER DEP APPROVAL. IN 1987 DEP APPROVED THE USE OF DREDGE SPOILSFROM BIW AS A COVERING MATERIAL. THIS SITE SEEMS TO HAVE A HIGH POTENTIAL FOR GROUNDWATER CONTAMINATION.","CLOSED":"POST-1976"},"id":120},{"type":"Feature","geometry":{"type":"Point","coordinates":[-69.82343448028891,43.94081170008843]},"properties":{"OBJECTID":"121","LATITUDE":"43.94081","LONGITUDE":"-69.82343","SITE_NAME":"BATH LANDFILL - OLD","SITE_NUMBER":"95101","ADDRESS":"DETRITUS AVE","TOWN":"BATH","DESCRIPTION":"12 ACRE LANDFILL CLOSED IN 1993 AS REQUIRED BY THE MEDEP LANDFILL CLOSURE AND REMEDIATION PROGRAM.   THE LANDFILL CLOSURE USED THE REGULATION CLOSURE PROCEDURE.  THIS GENERALLY CONSISTED OF AN ENVIRONMENTAL ASSESSMENT, A CLAY OR COMPOSITE COVER SYSTEM, AND WATER QUALITY MONITORING.  SPECIFIC DETAILS FOR CLOSURE OF THIS LANDFILL ARE AVAILABLE THROUGH MEDEP FILE ROOM.","SUMMARY":"CLOSED IN 1993 AS REQUIRED BY THE MEDEP LANDFILL CLOSURE AND REMEDIATION PROGRAM.   12 ACRE LANDFILL.  THE LANDFILL CLOSURE USED THE REGULATION CLOSURE PROCEDURE.  THIS GENERALLY CONSISTED OF AN ENVIRONMENTAL ASSESSMENT, A CLAY OR COMPOSITE COVER SYSTEM, AND WATER QUALITY MONITORING.  SPECIFIC DETAILS FOR CLOSURE OF THIS LANDFILL ARE AVAILABLE THROUGH MEDEP FILE ROOM.","CLOSED":"POST-1976"},"id":121},{"type":"Feature","geometry":{"type":"Point","coordinates":[-69.06761670942718,44.42107578023969]},"properties":{"OBJECTID":"122","LATITUDE":"44.42108","LONGITUDE":"-69.06762","SITE_NAME":"BELFAST LANDFILL","SITE_NUMBER":"29402","ADDRESS":"PITCHER RD","TOWN":"BELFAST","DESCRIPTION":"12 ACRE LANDFILL CLOSED IN 1997 AS REQUIRED BY THE MEDEP LANDFILL CLOSURE AND REMEDIATION PROGRAM.  THE LANDFILL CLOSURE USED AN ALTERNATIVE PROCEDURE AS IT WAS NOT AUTOMATICALLY ELIGIBLE FOR A REDUCED PROCEDURE CLOSURE.  THIS INCLUDED AN ENVIRONMENTAL ASSESSMENT AND POSSIBLE IMPROVED COVER SYSTEM AND/OR WATER QUALITY MONITORING.  SPECIFIC DETAILS OF CLOSURE ARE AVAIABLE THROUGH THE MEDEP FILE ROOM.","SUMMARY":"CLOSED IN 1997 AS REQUIRED BY THE MEDEP LANDFILL CLOSURE AND REMEDIATION PROGRAM.  12 ACRE LANDFILL.  THE LANDFILL CLOSURE USED AN ALTERNATIVE PROCEDURE AS IT WAS NOT AUTOMATICALLY ELIGIBLE FOR A REDUCED PROCEDURE CLOSURE.  THIS INCLUDED AN ENVIRONMENTAL ASSESSMENT AND POSSIBLE IMPROVED COVER SYSTEM AND/OR WATER QUALITY MONITORING.  SPECIFIC DETAILS OF CLOSURE ARE AVAIABLE THROUGH THE MEDEP FILE ROOM.  FINAL CLOSING PLAN COMPLETED BY SEA ENGINEERS/ARCHITECTS","CLOSED":"POST-1976"},"id":122},{"type":"Feature","geometry":{"type":"Point","coordinates":[-69.88149583947262,44.47268098011948]},"properties":{"OBJECTID":"123","LATITUDE":"44.47268","LONGITUDE":"-69.8815","SITE_NAME":"BELGRADE LANDFILL","SITE_NUMBER":"27352","ADDRESS":"TRANSFER STATION RD","TOWN":"BELGRADE","DESCRIPTION":"5 ACRE LANDFILL CLOSED IN 1993 AS REQUIRED BY THE MEDEP LANDFILL CLOSURE AND REMEDIATION PROGRAM.   THE LANDFILL CLOSURE USED THE REGULATION CLOSURE PROCEDURE.  THIS GENERALLY CONSISTED OF AN ENVIRONMENTAL ASSESSMENT, A CLAY OR COMPOSITE COVER SYSTEM, AND WATER QUALITY MONITORING.  SPECIFIC DETAILS FOR CLOSURE OF THIS LANDFILL ARE AVAILABLE THROUGH MEDEP FILE ROOM.","SUMMARY":"CLOSED IN 1993 AS REQUIRED BY THE MEDEP LANDFILL CLOSURE AND REMEDIATION PROGRAM.  5 ACRE LANDFILL.  THE LANDFILL CLOSURE USED THE REGULATION CLOSURE PROCEDURE.  THIS GENERALLY CONSISTED OF AN ENVIRONMENTAL ASSESSMENT, A CLAY OR COMPOSITE COVER SYSTEM, AND WATER QUALITY MONITORING.  SPECIFIC DETAILS FOR CLOSURE OF THIS LANDFILL ARE AVAILABLE THROUGH MEDEP FILE ROOM.DECEMBER 1990 REPORT TO DEP FROM THE TOWN OF BELGRADE REGARDING THE ACTIVE MUNICIPAL LANDFILL AT THIS SITE. QUARTERLY SAMPLING OF GROUNDWATER AND SURFACE WATER. LANDFILL WAS IN OPERATION UNDER DEP APPROVAL SINCE 1979. SITE WAS USED PRIOR TO 1979. SOME ASBESTOS DISPOSAL ON SITE.","CLOSED":"POST-1976"},"id":123},{"type":"Feature","geometry":{"type":"Point","coordinates":[-69.12918340012627,44.35879243965985]},"properties":{"OBJECTID":"124","LATITUDE":"44.35879","LONGITUDE":"-69.12918","SITE_NAME":"BELMONT LANDFILL","SITE_NUMBER":"29403","ADDRESS":"OLD CRIE RD","TOWN":"BELMONT","DESCRIPTION":"0.5 ACRE LANDFILL CLOSED IN 1994 AS REQUIRED BY THE MEDEP LANDFILL CLOSURE AND REMEDIATION PROGRAM.  THE LANDFILL CLOSURE USED A REDUCED PROCEDURE.  THIS GENERALLY CONSISTED OF REGRADING WASTE AND CAPPING WITH 6 INCHES TOPSOIL OVER 18 INCHES 10E-6 CM/S GLACIAL TILL OVER 6 INCHES OF BURROW.  SPECIFIC DETAILS FOR CLOSURE OF THIS LANDFILL ARE AVAILABLE THROUGH THE MEDEP FILE ROOM.","SUMMARY":"CLOSED IN 1994 AS REQUIRED BY THE MEDEP LANDFILL CLOSURE AND REMEDIATION PROGRAM.  0.5 ACRE LANDFILL.  THE LANDFILL CLOSURE USED A REDUCED PROCEDURE.  THIS GENERALLY CONSISTED OF REGRADING WASTE AND CAPPING WITH 6 INCHES TOPSOIL OVER 18 INCHES 10E-6 CM/S GLACIAL TILL OVER 6 INCHES OF BURROW.  SPECIFIC DETAILS FOR CLOSURE OF THIS LANDFILL ARE AVAILABLE THROUGH THE MEDEP FILE ROOM.","CLOSED":"POST-1976"},"id":124},{"type":"Feature","geometry":{"type":"Point","coordinates":[-70.84546901018518,43.25649929028424]},"properties":{"OBJECTID":"125","LATITUDE":"43.2565","LONGITUDE":"-70.84547","SITE_NAME":"BERWICK SANITARY DIST LANDFILL","SITE_NUMBER":"27694","ADDRESS":"POWERHOUSE ROAD","TOWN":"BERWICK","DESCRIPTION":"5 ACRE LANDFILL CLOSED IN 1996 AS REQUIRED BY THE MEDEP LANDFILL CLOSURE AND REMEDIATION PROGRAM.   THE LANDFILL CLOSURE USED THE REGULATION CLOSURE PROCEDURE.  THIS GENERALLY CONSISTED OF AN ENVIRONMENTAL ASSESSMENT, A CLAY OR COMPOSITE COVER SYSTEM, AND WATER QUALITY MONITORING.  SPECIFIC DETAILS FOR CLOSURE OF THIS LANDFILL ARE AVAILABLE THROUGH MEDEP FILE ROOM.","SUMMARY":"CLOSED IN 1996 AS REQUIRED BY THE MEDEP LANDFILL CLOSURE AND REMEDIATION PROGRAM.   5 ACRE LANDFILL.  THE LANDFILL CLOSURE USED THE REGULATION CLOSURE PROCEDURE.  THIS GENERALLY CONSISTED OF AN ENVIRONMENTAL ASSESSMENT, A CLAY OR COMPOSITE COVER SYSTEM, AND WATER QUALITY MONITORING.  SPECIFIC DETAILS FOR CLOSURE OF THIS LANDFILL ARE AVAILABLE THROUGH MEDEP FILE ROOM. THE OLD DUMP IS UNDER THE TRANSFER STATION AND DUE WEST OF IT. WORSTER (CLASS B) STREAM FLOWS ADJACENT TO DEBRIS SLOPE FROM FORMER DUMP.  STEEP SLOPES TO ADJACENT STREAM ARE WELL STABILIZED, BUT WITH SHRUBS. PROBABLY BEST TO LEAVE AS IS. COULD THERE BE ANY GAS ISSUES IN TRANSFER STATION BUILDINGS OR SETTLEMENT ISSUES? UNLIKELY DUE TO OPEN BURN HISTORY.","CLOSED":"POST-1976"},"id":125},{"type":"Feature","geometry":{"type":"Point","coordinates":[-70.79318845962692,44.4800050698185]},"properties":{"OBJECTID":"126","LATITUDE":"44.48001","LONGITUDE":"-70.79319","SITE_NAME":"BETHEL LANDFILL","SITE_NUMBER":"34170","ADDRESS":"RTE 2-5 AND 26","TOWN":"BETHEL","DESCRIPTION":"8 ACRE LANDFILL CLOSED IN 1993 AS REQUIRED BY THE MEDEP LANDFILL CLOSURE AND REMEDIATION PROGRAM.  THE LANDFILL CLOSURE USED THE INTERIM COVER AND GRADING (ICAG) PROCEDURE.  THIS GENERALLY CONSISTED OF REGRADING WASTE AND CAPPING WITH 6 INCHES TOPSOIL OVER 18 INCHES 10E-6 CM/S GLACIAL TILL OVER 6 INCHES OF BURROW.  SPECIFIC DETAILS FOR CLOSURE OF THIS LANDFILL ARE AVAILABLE THROUGH THE MEDEP FILE ROOM.","SUMMARY":"CLOSED IN 1993 AS REQUIRED BY THE MEDEP LANDFILL CLOSURE AND REMEDIATION PROGRAM.  8 ACRE LANDFILL.  THE LANDFILL CLOSURE USED THE INTERIM COVER AND GRADING (ICAG) PROCEDURE.  THIS GENERALLY CONSISTED OF REGRADING WASTE AND CAPPING WITH 6 INCHES TOPSOIL OVER 18 INCHES 10E-6 CM/S GLACIAL TILL OVER 6 INCHES OF BURROW.  SPECIFIC DETAILS FOR CLOSURE OF THIS LANDFILL ARE AVAILABLE THROUGH THE MEDEP FILE ROOM.","CLOSED":"POST-1976"},"id":126},{"type":"Feature","geometry":{"type":"Point","coordinates":[-70.52932684024016,43.48183603972251]},"properties":{"OBJECTID":"127","LATITUDE":"43.48184","LONGITUDE":"-70.52933","SITE_NAME":"BIDDEFORD LANDFILL","SITE_NUMBER":"34136","ADDRESS":"ANDREWS RD","TOWN":"BIDDEFORD","DESCRIPTION":"20 ACRE LANDFILL CLOSED IN 1993 AS REQUIRED BY THE MEDEP LANDFILL CLOSURE AND REMEDIATION PROGRAM.   THE LANDFILL CLOSURE USED THE REGULATION CLOSURE PROCEDURE.  THIS GENERALLY CONSISTED OF AN ENVIRONMENTAL ASSESSMENT, A CLAY OR COMPOSITE COVER SYSTEM, AND WATER QUALITY MONITORING.  SPECIFIC DETAILS FOR CLOSURE OF THIS LANDFILL ARE AVAILABLE THROUGH MEDEP FILE ROOM.","SUMMARY":"CLOSED IN 1993. 20 ACRE LANDFILL.  THE ANDREWS ROAD LANDFILL ACCEPTED MUNICIPAL WASTES, INDUSTRIAL SOLID WASTES, SOLVENT WASTES AND SLUDGE FROM 1970 UNTIL THE MID- TO LATE 1980S.  THE LANDFILL WAS CAPPED IN 1993-1994.  SOIL SAMPLING IN 1994 DETECTED ARSENIC, BERYLLIUM, CADMIUM, MERCURY, SELENIUM, LEAD, THALLIUM AND ZINC.  GROUNDWATER SAMPLING DETECTED XYLENES, CHLOROBENZENE, BENZENE, COPPER, BERYLLIUM, CADMIUM, ARSENIC AND CHROMIUM.  SURFACEWATER SAMPLING DETECTED COPPER, NICKEL, ZINK AND BERYLLIUM.","CLOSED":"POST-1976"},"id":127},{"type":"Feature","geometry":{"type":"Point","coordinates":[-69.86700344011948,45.01840064014973]},"properties":{"OBJECTID":"128","LATITUDE":"45.0184","LONGITUDE":"-69.867","SITE_NAME":"BINGHAM REGIONAL LANDFILL","SITE_NUMBER":"29449","ADDRESS":"RTE 16  TRANSFER STATION RD","TOWN":"CONCORD TWP","DESCRIPTION":"2.5 ACRE LANDFILL CLOSED IN 1996 AS REQUIRED BY THE MEDEP LANDFILL CLOSURE AND REMEDIATION PROGRAM.  THE LANDFILL CLOSURE USED AN ALTERNATIVE PROCEDURE AS IT WAS NOT AUTOMATICALLY ELIGIBLE FOR A REDUCED PROCEDURE CLOSURE.  THIS INCLUDED AN ENVIRONMENTAL ASSESSMENT AND POSSIBLE IMPROVED COVER SYSTEM AND/OR WATER QUALITY MONITORING.  SPECIFIC DETAILS OF CLOSURE ARE AVAIABLE THROUGH THE MEDEP FILE ROOM.","SUMMARY":"CLOSED IN 1996 AS REQUIRED BY THE MEDEP LANDFILL CLOSURE AND REMEDIATION PROGRAM.  2.5 ACRE LANDFILL.  THE LANDFILL CLOSURE USED AN ALTERNATIVE PROCEDURE AS IT WAS NOT AUTOMATICALLY ELIGIBLE FOR A REDUCED PROCEDURE CLOSURE.  THIS INCLUDED AN ENVIRONMENTAL ASSESSMENT AND POSSIBLE IMPROVED COVER SYSTEM AND/OR WATER QUALITY MONITORING.  SPECIFIC DETAILS OF CLOSURE ARE AVAIABLE THROUGH THE MEDEP FILE ROOM.  HISTORY: BINGHAM LANDFILL LIES ON THE SAME AQUIFER, AS THE TOWN WATER SUPPLY HOWEVER IT HAS 9300' HORIZONTAL SEPERATION AND A HYDRAULIC BARRIER AT LILY POND OUTLET; BINGHAM LANDFILL WILL BE CLOSED UNDER ICAG REDUCED CLOSURE PROCEDURES.","CLOSED":"POST-1976"},"id":128},{"type":"Feature","geometry":{"type":"Point","coordinates":[-68.57149535988711,44.443173270291695]},"properties":{"OBJECTID":"129","LATITUDE":"44.44317","LONGITUDE":"-68.5715","SITE_NAME":"BLUE HILL LANDFILL","SITE_NUMBER":"29753","ADDRESS":"TURKEY FARM RD","TOWN":"BLUE HILL","DESCRIPTION":"3.5 ACRE LANDFILL CLOSED IN 1987 AS REQUIRED BY THE MEDEP LANDFILL CLOSURE AND REMEDIATION PROGRAM.   THE LANDFILL CLOSURE USED THE REGULATION CLOSURE PROCEDURE.  THIS GENERALLY CONSISTED OF AN ENVIRONMENTAL ASSESSMENT, A CLAY OR COMPOSITE COVER SYSTEM, AND WATER QUALITY MONITORING.  SPECIFIC DETAILS FOR CLOSURE OF THIS LANDFILL ARE AVAILABLE THROUGH MEDEP FILE ROOM.","SUMMARY":"CLOSED IN 1987 AS REQUIRED BY THE MEDEP LANDFILL CLOSURE AND REMEDIATION PROGRAM.  3.5 ACRE LANDFILL.  THE LANDFILL CLOSURE USED THE REGULATION CLOSURE PROCEDURE.  THIS GENERALLY CONSISTED OF AN ENVIRONMENTAL ASSESSMENT, A CLAY OR COMPOSITE COVER SYSTEM, AND WATER QUALITY MONITORING.  SPECIFIC DETAILS FOR CLOSURE OF THIS LANDFILL ARE AVAILABLE THROUGH MEDEP FILE ROOM. FORMER TOWN LANDFILL.","CLOSED":"POST-1976"},"id":129},{"type":"Feature","geometry":{"type":"Point","coordinates":[-68.53486855006413,44.46351517031056]},"properties":{"OBJECTID":"130","LATITUDE":"44.46352","LONGITUDE":"-68.53487","SITE_NAME":"BLUE HILL SURRY CDD LANDFILL","SITE_NUMBER":"31239","ADDRESS":"885 ELLSWORTH RD RTE 172","TOWN":"BLUE HILL","DESCRIPTION":"","SUMMARY":"THE TOWN OF BLUE HILL HAS PROPOSED TO ADD A DEMO DEBRIS DISPOSAL AREA TO THE EXISTING TRANSFER STATION AND DEMO DEBRIS AREA, FOR THE DISPOSAL OF WOODWASTE AND C&D DEBRIS. THE SITE IS LOCATED ON A SMALL PENINSULA OF UPLAND TERRAIN WHICH SEPARATES TWO SMALL STREAM VALLEYS. THE MSW TRANSFER STATION AND C&D DEBRIS AREA ORIGINALLY RECEIVED APPROVAL ON OCT. 1, 1984, TO SERVE THE TOWNS OF BLUE HILL AND SURRY. THEY WERE APPROVED SEPT. 24, 1985, TO ADD A 2ND WASTE CONTAINER AND COMPACTOR, AND ALLOWED SIX ADDITIONAL TOWNS TO USE THE SITE. THEY WERE AGAIN APPROVED ON APRIL 4, 1994, TO EXPAND THE DEMO DEBRIS DISPOSAL AREA, AND AGAIN APPROVED ON SEPT. 13, 1996, TO REVISE THE BASEFILL SPECIFICATIONS ON THE 1994 EXPANSION.","CLOSED":"POST-1976"},"id":130},{"type":"Feature","geometry":{"type":"Point","coordinates":[-69.61956374039674,43.879109699870476]},"properties":{"OBJECTID":"131","LATITUDE":"43.87911","LONGITUDE":"-69.61956","SITE_NAME":"BOOTHBAY LANDFILL","SITE_NUMBER":"29357","ADDRESS":"COUNTRY CLUB RD","TOWN":"BOOTHBAY","DESCRIPTION":"6 ACRE LANDFILL CLOSED IN 1990 AS REQUIRED BY THE MEDEP LANDFILL CLOSURE AND REMEDIATION PROGRAM.   THE LANDFILL CLOSURE USED THE REGULATION CLOSURE PROCEDURE.  THIS GENERALLY CONSISTED OF AN ENVIRONMENTAL ASSESSMENT, A CLAY OR COMPOSITE COVER SYSTEM, AND WATER QUALITY MONITORING.  SPECIFIC DETAILS FOR CLOSURE OF THIS LANDFILL ARE AVAILABLE THROUGH MEDEP FILE ROOM.","SUMMARY":"CLOSED IN 1990 AS REQUIRED BY THE MEDEP LANDFILL CLOSURE AND REMEDIATION PROGRAM.   6 ACRE LANDFILL. THE LANDFILL CLOSURE USED THE REGULATION CLOSURE PROCEDURE.  THIS GENERALLY CONSISTED OF AN ENVIRONMENTAL ASSESSMENT, A CLAY OR COMPOSITE COVER SYSTEM, AND WATER QUALITY MONITORING.  SPECIFIC DETAILS FOR CLOSURE OF THIS LANDFILL ARE AVAILABLE THROUGH MEDEP FILE ROOM.MONITORING AND CLOSURE PLAN DONE BY KIMBALL CHASE 53 FRONT ST  BATH, MAINE 04530","CLOSED":"POST-1976"},"id":131},{"type":"Feature","geometry":{"type":"Point","coordinates":[-69.83394855944147,44.05685082997899]},"properties":{"OBJECTID":"132","LATITUDE":"44.05685","LONGITUDE":"-69.83395","SITE_NAME":"BOWDOINHAM LANDFILL","SITE_NUMBER":"27572","ADDRESS":"371 CARDING MACH RD","TOWN":"BOWDOINHAM","DESCRIPTION":"2.5 ACRE LANDFILL CLOSED IN 1992 AS REQUIRED BY THE MEDEP LANDFILL CLOSURE AND REMEDIATION PROGRAM.  THE LANDFILL CLOSURE USED THE INTERIM COVER AND GRADING (ICAG) PROCEDURE.  THIS GENERALLY CONSISTED OF REGRADING WASTE AND CAPPING WITH 6 INCHES TOPSOIL OVER 18 INCHES 10E-6 CM/S GLACIAL TILL OVER 6 INCHES OF BURROW.  SPECIFIC DETAILS FOR CLOSURE OF THIS LANDFILL ARE AVAILABLE THROUGH THE MEDEP FILE ROOM.","SUMMARY":"CLOSED IN 1992 AS REQUIRED BY THE MEDEP LANDFILL CLOSURE AND REMEDIATION PROGRAM.  2.5 ACRE LANDFILL.  TOWN WAS TOLD IN 1985 BY DEP THAT IT HAD TO CLOSE LANDFILL. THAT IS THE LAST INFO IN THE FILE. IT WAS OPENED IN 1940 AND HAS HAD TWO GROUNDWATER WELLS INSTALLED. IT IS A POTENTIAL CONTAMINATOR. THE LANDFILL WAS COVERED AT CLOSURE WITH TOPSOIL MANUFACTURED BY SCOTT PAPER CO. MADE FROM PULP AND PAPER MILL SLUDGE, LIC. #S-020923-SH-A-N, ISSUED OCTOBER 7, 1992 AND EXPIRED OCTOBER 22, 1992.","CLOSED":"POST-1976"},"id":132},{"type":"Feature","geometry":{"type":"Point","coordinates":[-69.21199806057018,45.2734969198513]},"properties":{"OBJECTID":"133","LATITUDE":"45.2735","LONGITUDE":"-69.212","SITE_NAME":"BOWERBANK LANDFILL","SITE_NUMBER":"29562","ADDRESS":"BOWERBANK RD","TOWN":"BOWERBANK","DESCRIPTION":"LANDFILL CLOSED IN 1998 AS REQUIRED BY THE MEDEP LANDFILL CLOSURE AND REMEDIATION PROGRAM.  THE LANDFILL CLOSURE USED A REDUCED PROCEDURE.  THIS GENERALLY CONSISTED OF REGRADING WASTE AND CAPPING WITH 6 INCHES TOPSOIL OVER 18 INCHES 10E-6 CM/S GLACIAL TILL OVER 6 INCHES OF BURROW.  SPECIFIC DETAILS FOR CLOSURE OF THIS LANDFILL ARE AVAILABLE THROUGH THE MEDEP FILE ROOM.","SUMMARY":"CLOSED IN 1998 AS REQUIRED BY THE MEDEP LANDFILL CLOSURE AND REMEDIATION PROGRAM.  THE LANDFILL CLOSURE USED A REDUCED PROCEDURE.  THIS GENERALLY CONSISTED OF REGRADING WASTE AND CAPPING WITH 6 INCHES TOPSOIL OVER 18 INCHES 10E-6 CM/S GLACIAL TILL OVER 6 INCHES OF BURROW.  SPECIFIC DETAILS FOR CLOSURE OF THIS LANDFILL ARE AVAILABLE THROUGH THE MEDEP FILE ROOM.","CLOSED":"POST-1976"},"id":133},{"type":"Feature","geometry":{"type":"Point","coordinates":[-68.91923030965465,45.099408240226396]},"properties":{"OBJECTID":"134","LATITUDE":"45.09941","LONGITUDE":"-68.91923","SITE_NAME":"BRADFORD LANDFILL","SITE_NUMBER":"29617","ADDRESS":"MIDDLLE RD","TOWN":"BRADFORD","DESCRIPTION":"1.5 ACRE LANDFILL CLOSED IN 1994 AS REQUIRED BY THE MEDEP LANDFILL CLOSURE AND REMEDIATION PROGRAM.  THE LANDFILL CLOSURE USED A REDUCED PROCEDURE.  THIS GENERALLY CONSISTED OF REGRADING WASTE AND CAPPING WITH 6 INCHES TOPSOIL OVER 18 INCHES 10E-6 CM/S GLACIAL TILL OVER 6 INCHES OF BURROW.  SPECIFIC DETAILS FOR CLOSURE OF THIS LANDFILL ARE AVAILABLE THROUGH THE MEDEP FILE ROOM.","SUMMARY":"CLOSED IN 1994 AS REQUIRED BY THE MEDEP LANDFILL CLOSURE AND REMEDIATION PROGRAM. 1.5 ACRE LANDFILL.  THE LANDFILL CLOSURE USED A REDUCED PROCEDURE.  THIS GENERALLY CONSISTED OF REGRADING WASTE AND CAPPING WITH 6 INCHES TOPSOIL OVER 18 INCHES 10E-6 CM/S GLACIAL TILL OVER 6 INCHES OF BURROW.  SPECIFIC DETAILS FOR CLOSURE OF THIS LANDFILL ARE AVAILABLE THROUGH THE MEDEP FILE ROOM.","CLOSED":"POST-1976"},"id":134},{"type":"Feature","geometry":{"type":"Point","coordinates":[-68.75647663948385,44.76097382992913]},"properties":{"OBJECTID":"135","LATITUDE":"44.76097","LONGITUDE":"-68.75648","SITE_NAME":"BREWER LANDFILL","SITE_NUMBER":"27370","ADDRESS":"WISWELL RD","TOWN":"BREWER","DESCRIPTION":"18 ACRE LANDFILL CLOSED IN 1992 AS REQUIRED BY THE MEDEP LANDFILL CLOSURE AND REMEDIATION PROGRAM.   THE LANDFILL CLOSURE USED THE REGULATION CLOSURE PROCEDURE.  THIS GENERALLY CONSISTED OF AN ENVIRONMENTAL ASSESSMENT, A CLAY OR COMPOSITE COVER SYSTEM, AND WATER QUALITY MONITORING.  SPECIFIC DETAILS FOR CLOSURE OF THIS LANDFILL ARE AVAILABLE THROUGH MEDEP FILE ROOM. UPDATE: 5/2012: CONSOLIDATED MATERIAL, FROM JUST WEST OF SID AREY ROAD ACROSS THE STREET FROM LEACHATE PROBLEM AREA, HAS BEEN REMOVED AND PLACED IN  AND ADJACENT TO LANDFILL AND CAPPED.","SUMMARY":"CLOSED IN 1992 AS REQUIRED BY THE MEDEP LANDFILL CLOSURE AND REMEDIATION PROGRAM.  18 ACRE LANDFILL. THE NEAREST DRINKING WATER WELL IS 1000 FEET AWAY.  VEGETATION DAMAGE CODE 3, MOONSCAPE AND SEVERE VEGETATION KILL IMMEDIATELY BEHIND PILE AND ALONG DITCHING.  DIRECT DISCHARGE TO SURFACE WATER, WETLAND OBSERVED. UPDATE: 5/2012: CONSOLIDATED MATERIAL, FROM JUST WEST OF SID AREY ROAD ACROSS THE STREET FROM LEACHATE PROBLEM AREA, HAS BEEN REMOVED AND PLACED IN  AND ADJACENT TO LANDFILL AND CAPPED.  UPDATE 12/99.  SSP SIZE IS 2500 CUBIC YARDS UNCOVERED. LAND BUREAU IS TRYING TO GET LANDFILL CLOSED. SALT LEACHING FROM PILES WILL BE PART OF LANDFILL LEACHATE.","CLOSED":"POST-1976"},"id":135},{"type":"Feature","geometry":{"type":"Point","coordinates":[-67.83565755027162,46.45713069042995]},"properties":{"OBJECTID":"136","LATITUDE":"46.45713","LONGITUDE":"-67.83566","SITE_NAME":"BRIDGEWATER BLAINE LANDFILL","SITE_NUMBER":"29813","ADDRESS":"CORNER RD","TOWN":"BRIDGEWATER","DESCRIPTION":"7.5 ACRE LANDFILL CLOSED IN 1994 AS REQUIRED BY THE MEDEP LANDFILL CLOSURE AND REMEDIATION PROGRAM.  THE LANDFILL CLOSURE USED THE INTERIM COVER AND GRADING (ICAG) PROCEDURE.  THIS GENERALLY CONSISTED OF REGRADING WASTE AND CAPPING WITH 6 INCHES TOPSOIL OVER 18 INCHES 10E-6 CM/S GLACIAL TILL OVER 6 INCHES OF BURROW.  SPECIFIC DETAILS FOR CLOSURE OF THIS LANDFILL ARE AVAILABLE THROUGH THE MEDEP FILE ROOM.","SUMMARY":"CLOSED IN 1994 AS REQUIRED BY THE MEDEP LANDFILL CLOSURE AND REMEDIATION PROGRAM.  7.5 ACRE LANDFILL. THE LANDFILL CLOSURE USED THE INTERIM COVER AND GRADING (ICAG) PROCEDURE.  THIS GENERALLY CONSISTED OF REGRADING WASTE AND CAPPING WITH 6 INCHES TOPSOIL OVER 18 INCHES 10E-6 CM/S GLACIAL TILL OVER 6 INCHES OF BURROW.  SPECIFIC DETAILS FOR CLOSURE OF THIS LANDFILL ARE AVAILABLE THROUGH THE MEDEP FILE ROOM.","CLOSED":"POST-1976"},"id":136},{"type":"Feature","geometry":{"type":"Point","coordinates":[-70.70294874976044,44.02668579963279]},"properties":{"OBJECTID":"137","LATITUDE":"44.02669","LONGITUDE":"-70.70295","SITE_NAME":"BRIDGTON LANDFILL","SITE_NUMBER":"27220","ADDRESS":"RTE 117 SANDY CREEK ROAD","TOWN":"BRIDGTON","DESCRIPTION":"9 ACRE LANDFILL CLOSED IN 1992 AS REQUIRED BY THE MEDEP LANDFILL CLOSURE AND REMEDIATION PROGRAM.   THE LANDFILL CLOSURE USED THE REGULATION CLOSURE PROCEDURE.  THIS GENERALLY CONSISTED OF AN ENVIRONMENTAL ASSESSMENT, A CLAY OR COMPOSITE COVER SYSTEM, AND WATER QUALITY MONITORING.  SPECIFIC DETAILS FOR CLOSURE OF THIS LANDFILL ARE AVAILABLE THROUGH MEDEP FILE ROOM.","SUMMARY":"CLOSED IN 1992 AS REQUIRED BY THE MEDEP LANDFILL CLOSURE AND REMEDIATION PROGRAM.  9 ACRE LANDFILL.  GEOPHYSICAL INVESTIGATION (1991) INDICATES A LEACHATE PLUME TO THE NORTHEAST AND EAST OF THE CAPPED LANDFILL. PLUME EXT-ENDS BEYOND WILLETT BROOK TO THE NORTHEAST AND EXTENDS TO BUT NOT BEYOND WILLETT BROOK TO THE EAST. SOUTHWEST PORTION IS CAPPED. ACTIVE BRUSH AND DEMO DISPOSAL IN NE PORTION. ELEVATED CHLORIDE, SODIUM, CALCIUM, IRON, MANGANESE, CHROMIUM, LEAD, AND ORGANIC COMPOUNDS (1986). NO RECENT CONTAMINATION INFO AVAILABLE IN AUGUSTA.","CLOSED":"POST-1976"},"id":137},{"type":"Feature","geometry":{"type":"Point","coordinates":[-69.68475913960154,45.03991055966647]},"properties":{"OBJECTID":"138","LATITUDE":"45.03991","LONGITUDE":"-69.68476","SITE_NAME":"BRIGHTON PLT LANDFILL AND TRANSFER STATION","SITE_NUMBER":"29450","ADDRESS":"RTE 154","TOWN":"BRIGHTON PLT","DESCRIPTION":"1 ACRE LANDFILL CLOSED IN 1996 AS REQUIRED BY THE MEDEP LANDFILL CLOSURE AND REMEDIATION PROGRAM.  THE LANDFILL CLOSURE USED A REDUCED PROCEDURE.  THIS GENERALLY CONSISTED OF REGRADING WASTE AND CAPPING WITH 6 INCHES TOPSOIL OVER 18 INCHES 10E-6 CM/S GLACIAL TILL OVER 6 INCHES OF BURROW.  SPECIFIC DETAILS FOR CLOSURE OF THIS LANDFILL ARE AVAILABLE THROUGH THE MEDEP FILE ROOM.","SUMMARY":"CLOSED IN 1996 AS REQUIRED BY THE MEDEP LANDFILL CLOSURE AND REMEDIATION PROGRAM.  1 ACRE LANDFILL. THE LANDFILL CLOSURE USED A REDUCED PROCEDURE.  THIS GENERALLY CONSISTED OF REGRADING WASTE AND CAPPING WITH 6 INCHES TOPSOIL OVER 18 INCHES 10E-6 CM/S GLACIAL TILL OVER 6 INCHES OF BURROW.  SPECIFIC DETAILS FOR CLOSURE OF THIS LANDFILL ARE AVAILABLE THROUGH THE MEDEP FILE ROOM.; NEW BRIGHTON PLT LANDFILL SITE(LAT/LONG)COORD 4502428694107 HAS NO PERMIT/LICENSE NUMBER, NO FILE","CLOSED":"POST-1976"},"id":138},{"type":"Feature","geometry":{"type":"Point","coordinates":[-69.49566451022793,43.90468161982585]},"properties":{"OBJECTID":"139","LATITUDE":"43.90468","LONGITUDE":"-69.49566","SITE_NAME":"BRISTOL LANDFILL","SITE_NUMBER":"29358","ADDRESS":"FOSTER RD","TOWN":"BRISTOL","DESCRIPTION":"5 ACRE LANDFILL CLOSED IN 1996 AS REQUIRED BY THE MEDEP LANDFILL CLOSURE AND REMEDIATION PROGRAM.  THE LANDFILL CLOSURE USED AN ALTERNATIVE PROCEDURE AS IT WAS NOT AUTOMATICALLY ELIGIBLE FOR A REDUCED PROCEDURE CLOSURE.  THIS INCLUDED AN ENVIRONMENTAL ASSESSMENT AND POSSIBLE IMPROVED COVER SYSTEM AND/OR WATER QUALITY MONITORING.  SPECIFIC DETAILS OF CLOSURE ARE AVAIABLE THROUGH THE MEDEP FILE ROOM.","SUMMARY":"CLOSED IN 1996 AS REQUIRED BY THE MEDEP LANDFILL CLOSURE AND REMEDIATION PROGRAM. 5 ACRE LANDFILL.  THE LANDFILL CLOSURE USED AN ALTERNATIVE PROCEDURE AS IT WAS NOT AUTOMATICALLY ELIGIBLE FOR A REDUCED PROCEDURE CLOSURE.  THIS INCLUDED AN ENVIRONMENTAL ASSESSMENT AND POSSIBLE IMPROVED COVER SYSTEM AND/OR WATER QUALITY MONITORING.  SPECIFIC DETAILS OF CLOSURE ARE AVAIABLE THROUGH THE MEDEP FILE ROOM.CLOSING PLAN DONE BY KIMBALL CHASE BATH MAINE","CLOSED":"POST-1976"},"id":139},{"type":"Feature","geometry":{"type":"Point","coordinates":[-68.56723436053127,44.29345023988513]},"properties":{"OBJECTID":"140","LATITUDE":"44.29345","LONGITUDE":"-68.56723","SITE_NAME":"BROOKLIN LANDFILL","SITE_NUMBER":"29754","ADDRESS":"OLD COUNTY RD","TOWN":"BROOKLIN","DESCRIPTION":"2.5 ACRE LANDFILL CLOSED IN 1995 AS REQUIRED BY THE MEDEP LANDFILL CLOSURE AND REMEDIATION PROGRAM.  THE LANDFILL CLOSURE USED A REDUCED PROCEDURE.  THIS GENERALLY CONSISTED OF REGRADING WASTE AND CAPPING WITH 6 INCHES TOPSOIL OVER 18 INCHES 10E-6 CM/S GLACIAL TILL OVER 6 INCHES OF BURROW.  SPECIFIC DETAILS FOR CLOSURE OF THIS LANDFILL ARE AVAILABLE THROUGH THE MEDEP FILE ROOM.","SUMMARY":"CLOSED IN 1995 AS REQUIRED BY THE MEDEP LANDFILL CLOSURE AND REMEDIATION PROGRAM.  2.5 ACRE LANDFILL. THE LANDFILL CLOSURE USED A REDUCED PROCEDURE.  THIS GENERALLY CONSISTED OF REGRADING WASTE AND CAPPING WITH 6 INCHES TOPSOIL OVER 18 INCHES 10E-6 CM/S GLACIAL TILL OVER 6 INCHES OF BURROW.  SPECIFIC DETAILS FOR CLOSURE OF THIS LANDFILL ARE AVAILABLE THROUGH THE MEDEP FILE ROOM.","CLOSED":"POST-1976"},"id":140},{"type":"Feature","geometry":{"type":"Point","coordinates":[-69.09912322993843,44.55506213994376]},"properties":{"OBJECTID":"141","LATITUDE":"44.55506","LONGITUDE":"-69.09912","SITE_NAME":"BROOKS LANDFILL","SITE_NUMBER":"29404","ADDRESS":"HELL HILL RD","TOWN":"BROOKS","DESCRIPTION":"1.7 ACRE LANDFILL CLOSED IN 1994 AS REQUIRED BY THE MEDEP LANDFILL CLOSURE AND REMEDIATION PROGRAM.  THE LANDFILL CLOSURE USED AN ALTERNATIVE PROCEDURE AS IT WAS NOT AUTOMATICALLY ELIGIBLE FOR A REDUCED PROCEDURE CLOSURE.  THIS INCLUDED AN ENVIRONMENTAL ASSESSMENT AND POSSIBLE IMPROVED COVER SYSTEM AND/OR WATER QUALITY MONITORING.  SPECIFIC DETAILS OF CLOSURE ARE AVAIABLE THROUGH THE MEDEP FILE ROOM.","SUMMARY":"CLOSED IN 1994 AS REQUIRED BY THE MEDEP LANDFILL CLOSURE AND REMEDIATION PROGRAM. 1.7 ACRE LANDFILL.  THE LANDFILL CLOSURE USED AN ALTERNATIVE PROCEDURE AS IT WAS NOT AUTOMATICALLY ELIGIBLE FOR A REDUCED PROCEDURE CLOSURE.  THIS INCLUDED AN ENVIRONMENTAL ASSESSMENT AND POSSIBLE IMPROVED COVER SYSTEM AND/OR WATER QUALITY MONITORING.  SPECIFIC DETAILS OF CLOSURE ARE AVAIABLE THROUGH THE MEDEP FILE ROOM.JOHN X MOLLISON - 722-3254 SITE WAS GRANDFATERED-THE TOWN WANTED TO EXPAND THE SITE.  THIS EXPANSION NEEDED DEP APPROVAL","CLOSED":"POST-1976"},"id":141},{"type":"Feature","geometry":{"type":"Point","coordinates":[-70.86039733961118,43.922260329985626]},"properties":{"OBJECTID":"142","LATITUDE":"43.92226","LONGITUDE":"-70.8604","SITE_NAME":"BROWNFIELD LANDFILL","SITE_NUMBER":"27108","ADDRESS":"RTE 5 - 113  1076 PEQUAWKET TR","TOWN":"BROWNFIELD","DESCRIPTION":"2.5 ACRE LANDFILL CLOSED IN 1995 AS REQUIRED BY THE MEDEP LANDFILL CLOSURE AND REMEDIATION PROGRAM.  THE LANDFILL CLOSURE USED THE INTERIM COVER AND GRADING (ICAG) PROCEDURE.  THIS GENERALLY CONSISTED OF REGRADING WASTE AND CAPPING WITH 6 INCHES TOPSOIL OVER 18 INCHES 10E-6 CM/S GLACIAL TILL OVER 6 INCHES OF BURROW.  SPECIFIC DETAILS FOR CLOSURE OF THIS LANDFILL ARE AVAILABLE THROUGH THE MEDEP FILE ROOM.","SUMMARY":"CLOSED IN 1995 AS REQUIRED BY THE MEDEP LANDFILL CLOSURE AND REMEDIATION PROGRAM.  2.5 ACRE LANDFILL. THE LANDFILL CLOSURE USED THE INTERIM COVER AND GRADING (ICAG) PROCEDURE.  THIS GENERALLY CONSISTED OF REGRADING WASTE AND CAPPING WITH 6 INCHES TOPSOIL OVER 18 INCHES 10E-6 CM/S GLACIAL TILL OVER 6 INCHES OF BURROW.  SPECIFIC DETAILS FOR CLOSURE OF THIS LANDFILL ARE AVAILABLE THROUGH THE MEDEP FILE ROOM.DUMP IS LOCATED ON A DEEP, COARSE SAND AQUIFER.","CLOSED":"POST-1976"},"id":142},{"type":"Feature","geometry":{"type":"Point","coordinates":[-70.0477084506248,43.95333193044043]},"properties":{"OBJECTID":"143","LATITUDE":"43.95333","LONGITUDE":"-70.04771","SITE_NAME":"BRUNSWICK C AND D SITE","SITE_NUMBER":"32298","ADDRESS":"COFFEE RIDGE RD OFF RIVER RD","TOWN":"BRUNSWICK","DESCRIPTION":"6 ACRE LANDFILL CLOSED IN 2006 AS REQUIRED BY THE MEDEP LANDFILL CLOSURE AND REMEDIATION PROGRAM.  CLOSURE PROCEDURE UNKNOWN.","SUMMARY":"CLOSED IN 2006 AS REQUIRED BY THE MEDEP LANDFILL CLOSURE AND REMEDIATION PROGRAM.  6 ACRE LANDFILL.  CLOSURE PROCEDURE UNKNOWN. HISTORY: THE TOWN OF BRUNSWICK RECEIVED APPROVAL ON 25 JULY 1984, TO CONSTRUCT AND OPERATE A 10.4 ACRE LANDFILL FOR THE DISPOSAL OF STUMPS, BRUSH, AND INERT DEMOLITION DEBRIS ON A 14.6 ACRE SITE WEST OF THE RIVER RD. IN BRUNSWICK. BASED ON AN ANNUAL DISPOSAL VOLUME OF 15,000 CU. YRDS., THE ESTIMATED SITE LIFE IS 20 YEARS.","CLOSED":"POST-1976"},"id":143},{"type":"Feature","geometry":{"type":"Point","coordinates":[-70.03547435951097,43.970426870385]},"properties":{"OBJECTID":"144","LATITUDE":"43.97043","LONGITUDE":"-70.03547","SITE_NAME":"BRUNSWICK GRAHAM ROAD LANDFILL","SITE_NUMBER":"28232","ADDRESS":"GRAHAM RD","TOWN":"BRUNSWICK","DESCRIPTION":"7.3 ACRE LANDFILL CLOSED IN 2006 AS REQUIRED BY THE MEDEP LANDFILL CLOSURE AND REMEDIATION PROGRAM.  CLOSURE PROCEDURE UNKNOWN.","SUMMARY":"CLOSED IN 2006 AS REQUIRED BY THE MEDEP LANDFILL CLOSURE AND REMEDIATION PROGRAM. 7.3 ACRE LANDFILL.  CLOSURE PROCEDURE UNKNOWN. HISTORY: 1990 ACTIVE LANDFILL WHICH APPLIED FOR EXPANSION IN JULY 1990. A STUDY ENSUED WHICH CONCLUDED THAT EXPANSION PUT LITTLETHREAT ON GROUND WATER.  MONITORING BY WOODARD AND CURREN ASRECENTLY AS 3/92.","CLOSED":"POST-1976"},"id":144},{"type":"Feature","geometry":{"type":"Point","coordinates":[-70.03135303004755,43.89191788961314]},"properties":{"OBJECTID":"145","LATITUDE":"43.89192","LONGITUDE":"-70.03135","SITE_NAME":"BRUNSWICK PLEASANT HILL LANDFILL","SITE_NUMBER":"28380","ADDRESS":"PLEASANT HILL RD","TOWN":"BRUNSWICK","DESCRIPTION":"12 ACRE LANDFILL CLOSED IN 1984 AS REQUIRED BY THE MEDEP LANDFILL CLOSURE AND REMEDIATION PROGRAM.   THE LANDFILL CLOSURE USED THE REGULATION CLOSURE PROCEDURE.  THIS GENERALLY CONSISTED OF AN ENVIRONMENTAL ASSESSMENT, A CLAY OR COMPOSITE COVER SYSTEM, AND WATER QUALITY MONITORING.  SPECIFIC DETAILS FOR CLOSURE OF THIS LANDFILL ARE AVAILABLE THROUGH MEDEP FILE ROOM.","SUMMARY":"CLOSURE COMPLETED IN 1984. 12 ACRE LANDFILL.  SURFACE WATER MONITORING IS ON GOING. COLIFORM IS TRENDING UPWARD. CLAY CAP, MINOR VEGETATION, EROSION PROBLEM. LEACHATE SEEPS NOTED 7/91. SAMPLING APPEARS TO BE LIMITED TO 4 TEST WELLS AROUND THE OLD DUMP AND SURFACE WATER POINTS RUNNING ALONG THE ACCESS ROAD NEAR BOTH DUMPS.\n\nTHE OLD SITE WAS A GENERAL MUNICIPAL LANDFILL, AND IN LATER YEARS WAS USED AS A SLUDGE DUMP BY THE SEWER DISTRICT. NO LONGER ACTIVE.","CLOSED":"POST-1976"},"id":145},{"type":"Feature","geometry":{"type":"Point","coordinates":[-69.99761159963526,43.925672500020475]},"properties":{"OBJECTID":"146","LATITUDE":"43.92567","LONGITUDE":"-69.99761","SITE_NAME":"BRUNSWICK STUMP DUMP","SITE_NUMBER":"95102","ADDRESS":"FOX RUN DR","TOWN":"BRUNSWICK","DESCRIPTION":" LANDFILL CLOSED IN 1984  THE LANDFILL WAS CLOSED PRIOR TO THE ESTABLISHMENT OF THE MEDEP LANDFILL CLOSURE AND REMEDIATION PROGRAM IN 1988.  THEREFORE THE CLOSURE PROCEDURE IS UNKNOWN.","SUMMARY":"CLOSED IN 1984  THE LANDFILL WAS CLOSED PRIOR TO THE ESTABLISHMENT OF THE MEDEP LANDFILL CLOSURE AND REMEDIATION PROGRAM IN 1988.  THEREFORE THE CLOSURE PROCEDURE IS UNKNOWN.","CLOSED":"POST-1976"},"id":146},{"type":"Feature","geometry":{"type":"Point","coordinates":[-70.36070681952837,44.31058469021783]},"properties":{"OBJECTID":"147","LATITUDE":"44.31058","LONGITUDE":"-70.36071","SITE_NAME":"BUCKFIELD LANDFILL","SITE_NUMBER":"29511","ADDRESS":"RTE 140 SUMNER RD","TOWN":"BUCKFIELD","DESCRIPTION":"2 ACRE LANDFILL CLOSED IN 1984 AS REQUIRED BY THE MEDEP LANDFILL CLOSURE AND REMEDIATION PROGRAM.   THE LANDFILL CLOSURE USED THE REGULATION CLOSURE PROCEDURE.  THIS GENERALLY CONSISTED OF AN ENVIRONMENTAL ASSESSMENT, A CLAY OR COMPOSITE COVER SYSTEM, AND WATER QUALITY MONITORING.  SPECIFIC DETAILS FOR CLOSURE OF THIS LANDFILL ARE AVAILABLE THROUGH MEDEP FILE ROOM.","SUMMARY":"CLOSED IN 1984 AS REQUIRED BY THE MEDEP LANDFILL CLOSURE AND REMEDIATION PROGRAM.  2 ACRE LANDFILL.  THE LANDFILL CLOSURE USED THE REGULATION CLOSURE PROCEDURE.  THIS GENERALLY CONSISTED OF AN ENVIRONMENTAL ASSESSMENT, A CLAY OR COMPOSITE COVER SYSTEM, AND WATER QUALITY MONITORING.  SPECIFIC DETAILS FOR CLOSURE OF THIS LANDFILL ARE AVAILABLE THROUGH MEDEP FILE ROOM. HISTORY: BUCKFIELD AND SUMNER SHARED.  DUMP IS LOCATED NEXT TO THE ROAD, ON A TERRACE, ABOVE THE FLOOD PLAIN OF THE NEZINSCOT RIVER.","CLOSED":"POST-1976"},"id":147},{"type":"Feature","geometry":{"type":"Point","coordinates":[-70.36047926971112,44.311034240204634]},"properties":{"OBJECTID":"148","LATITUDE":"44.31103","LONGITUDE":"-70.36048","SITE_NAME":"BUCKFIELD STUMP DUMP","SITE_NUMBER":"95103","ADDRESS":"RT 140 SUMNER RD","TOWN":"BUCKFIELD","DESCRIPTION":"1 ACRE LANDFILL CLOSED IN 1994 AS REQUIRED BY THE MEDEP LANDFILL CLOSURE AND REMEDIATION PROGRAM.  THE LANDFILL CLOSURE USED A REDUCED PROCEDURE.  THIS GENERALLY CONSISTED OF REGRADING WASTE AND CAPPING WITH 6 INCHES TOPSOIL OVER 18 INCHES 10E-6 CM/S GLACIAL TILL OVER 6 INCHES OF BURROW.  SPECIFIC DETAILS FOR CLOSURE OF THIS LANDFILL ARE AVAILABLE THROUGH THE MEDEP FILE ROOM.","SUMMARY":"CLOSED IN 1994 AS REQUIRED BY THE MEDEP LANDFILL CLOSURE AND REMEDIATION PROGRAM. 1 ACRE LANDFILL.  THE LANDFILL CLOSURE USED A REDUCED PROCEDURE.  THIS GENERALLY CONSISTED OF REGRADING WASTE AND CAPPING WITH 6 INCHES TOPSOIL OVER 18 INCHES 10E-6 CM/S GLACIAL TILL OVER 6 INCHES OF BURROW.  SPECIFIC DETAILS FOR CLOSURE OF THIS LANDFILL ARE AVAILABLE THROUGH THE MEDEP FILE ROOM.","CLOSED":"POST-1976"},"id":148},{"type":"Feature","geometry":{"type":"Point","coordinates":[-68.76847090011978,44.59641612974671]},"properties":{"OBJECTID":"149","LATITUDE":"44.59642","LONGITUDE":"-68.76847","SITE_NAME":"BUCKSPORT LANDFILL","SITE_NUMBER":"29755","ADDRESS":"TRANSFER STATION RD","TOWN":"BUCKSPORT","DESCRIPTION":"9 ACRE LANDFILL CLOSED IN 1993 AS REQUIRED BY THE MEDEP LANDFILL CLOSURE AND REMEDIATION PROGRAM.   THE LANDFILL CLOSURE USED THE REGULATION CLOSURE PROCEDURE.  THIS GENERALLY CONSISTED OF AN ENVIRONMENTAL ASSESSMENT, A CLAY OR COMPOSITE COVER SYSTEM, AND WATER QUALITY MONITORING.  SPECIFIC DETAILS FOR CLOSURE OF THIS LANDFILL ARE AVAILABLE THROUGH MEDEP FILE ROOM.","SUMMARY":"9 ACRE LANDFILL CLOSED IN 1993 AS REQUIRED BY THE MEDEP LANDFILL CLOSURE AND REMEDIATION PROGRAM.  9 ACRE LANDFILL.  THE LANDFILL CLOSURE USED THE REGULATION CLOSURE PROCEDURE.  THIS GENERALLY CONSISTED OF AN ENVIRONMENTAL ASSESSMENT, A CLAY OR COMPOSITE COVER SYSTEM, AND WATER QUALITY MONITORING.  SPECIFIC DETAILS FOR CLOSURE OF THIS LANDFILL ARE AVAILABLE THROUGH MEDEP FILE ROOM.","CLOSED":"POST-1976"},"id":149},{"type":"Feature","geometry":{"type":"Point","coordinates":[-68.43431404007065,45.2086723395735]},"properties":{"OBJECTID":"150","LATITUDE":"45.20867","LONGITUDE":"-68.43431","SITE_NAME":"BURLINGTON LANDFILL","SITE_NUMBER":"29618","ADDRESS":"RTE 188 CHURCH HILL RD","TOWN":"BURLINGTON","DESCRIPTION":"2.5 ACRE LANDFILL CLOSED IN 1995 AS REQUIRED BY THE MEDEP LANDFILL CLOSURE AND REMEDIATION PROGRAM.  THE LANDFILL CLOSURE USED A REDUCED PROCEDURE.  THIS GENERALLY CONSISTED OF REGRADING WASTE AND CAPPING WITH 6 INCHES TOPSOIL OVER 18 INCHES 10E-6 CM/S GLACIAL TILL OVER 6 INCHES OF BURROW.  SPECIFIC DETAILS FOR CLOSURE OF THIS LANDFILL ARE AVAILABLE THROUGH THE MEDEP FILE ROOM.","SUMMARY":"CLOSED IN 1995, 2.5 ACRES, NEARBY SAND SALT PILE IMPACTS GROUNDWATER, NOT LANDFILL.","CLOSED":"POST-1976"},"id":150},{"type":"Feature","geometry":{"type":"Point","coordinates":[-69.36656045998916,44.67542052001697]},"properties":{"OBJECTID":"151","LATITUDE":"44.67542","LONGITUDE":"-69.36656","SITE_NAME":"BURNHAM LANDFILL","SITE_NUMBER":"29405","ADDRESS":"HORSEBACK RD","TOWN":"BURNHAM","DESCRIPTION":"2 ACRE LANDFILL CLOSED IN 1982  THE LANDFILL WAS CLOSED PRIOR TO THE ESTABLISHMENT OF THE MEDEP LANDFILL CLOSURE AND REMEDIATION PROGRAM IN 1988.  THEREFORE THE CLOSURE PROCEDURE IS UNKNOWN.","SUMMARY":"CLOSED IN 1982  THE LANDFILL WAS CLOSED PRIOR TO THE ESTABLISHMENT OF THE MEDEP LANDFILL CLOSURE AND REMEDIATION PROGRAM IN 1988.  THEREFORE THE CLOSURE PROCEDURE IS UNKNOWN. 2 ACRE LANDFILL.  FILE HAS NOT BEEN UPDATED SINCE 1971  OLD SITE WAS LOCATED AT N-4949600 E-471260.  NEW TRANSFER STATION IS LOCATED AT SAME SITE.","CLOSED":"POST-1976"},"id":151},{"type":"Feature","geometry":{"type":"Point","coordinates":[-70.50529421967057,43.612001980141386]},"properties":{"OBJECTID":"152","LATITUDE":"43.612","LONGITUDE":"-70.50529","SITE_NAME":"BUXTON LANDFILL","SITE_NUMBER":"27748","ADDRESS":"TOWN FARM RD","TOWN":"BUXTON","DESCRIPTION":"7.5 ACRE LANDFILL CLOSED IN 1996 AS REQUIRED BY THE MEDEP LANDFILL CLOSURE AND REMEDIATION PROGRAM.   THE LANDFILL CLOSURE USED THE REGULATION CLOSURE PROCEDURE.  THIS GENERALLY CONSISTED OF AN ENVIRONMENTAL ASSESSMENT, A CLAY OR COMPOSITE COVER SYSTEM, AND WATER QUALITY MONITORING.  SPECIFIC DETAILS FOR CLOSURE OF THIS LANDFILL ARE AVAILABLE THROUGH MEDEP FILE ROOM.","SUMMARY":"CLOSED IN 1996 AS REQUIRED BY THE MEDEP LANDFILL CLOSURE AND REMEDIATION PROGRAM.  7.5 ACRE LANDFILL.  THE LANDFILL CLOSURE USED THE REGULATION CLOSURE PROCEDURE.  THIS GENERALLY CONSISTED OF AN ENVIRONMENTAL ASSESSMENT, A CLAY OR COMPOSITE COVER SYSTEM, AND WATER QUALITY MONITORING.  SPECIFIC DETAILS FOR CLOSURE OF THIS LANDFILL ARE AVAILABLE THROUGH MEDEP FILE ROOM.HISTORY: THE LANDFILL IS NOW IN THE CLOSING PROCESS, SEVERAL STUDIES HAVE REVEALED NO GROUNDWATER CONTAMINATION OF SERIOUS DEGREE BUT THE POTENTIAL IS ALWAYS THERE.  LISTED AS INACTIVE.","CLOSED":"POST-1976"},"id":152},{"type":"Feature","geometry":{"type":"Point","coordinates":[-70.51583289015146,43.67021638999193]},"properties":{"OBJECTID":"153","LATITUDE":"43.67022","LONGITUDE":"-70.51583","SITE_NAME":"BUXTON LANDFILL OLD","SITE_NUMBER":"29508","ADDRESS":"GROVEVILLE RD","TOWN":"BUXTON","DESCRIPTION":"3.3 ACRE LANDFILL CLOSED IN 1996 AS REQUIRED BY THE MEDEP LANDFILL CLOSURE AND REMEDIATION PROGRAM.  THE LANDFILL CLOSURE USED AN ALTERNATIVE PROCEDURE AS IT WAS NOT AUTOMATICALLY ELIGIBLE FOR A REDUCED PROCEDURE CLOSURE.  THIS INCLUDED AN ENVIRONMENTAL ASSESSMENT AND POSSIBLE IMPROVED COVER SYSTEM AND/OR WATER QUALITY MONITORING.  SPECIFIC DETAILS OF CLOSURE ARE AVAIABLE THROUGH THE MEDEP FILE ROOM.","SUMMARY":"OLD DUMP CLOSED BEFORE 1975.  WAS LATER USED FOR SPREADING/STOCKPILING OIL-SOAKED SOIL FROM A SURFACE SPILL.  IN 1992, HOUSE WELL BECAME CONTAMINATED BY A PESTICIDE.  MONTORING WELLS, BUT NO LONG-TERM WATER QUALITY DATA. 3.3 ACRE LANDFILL WAS OFFICIALLY CLOSED IN 1996 AS REQUIRED BY THE MEDEP LANDFILL CLOSURE AND REMEDIATION PROGRAM.","CLOSED":"POST-1976"},"id":153},{"type":"Feature","geometry":{"type":"Point","coordinates":[-67.27322697966203,45.168884550103115]},"properties":{"OBJECTID":"154","LATITUDE":"45.16888","LONGITUDE":"-67.27323","SITE_NAME":"CALAIS CITY LANDFILL","SITE_NUMBER":"29685","ADDRESS":"TRANSFER RD OFF SOUTH ST","TOWN":"CALAIS","DESCRIPTION":"PHASE I:  14.5 ACRE LANDFILL CLOSED IN 1993 USING A REDUCED PROCEDURE.  THIS GENERALLY CONSISTED OF REGRADING WASTE AND CAPPING WITH 6 INCHES TOPSOIL OVER 18 INCHES 10E-6 CM/S GLACIAL TILL OVER 6 INCHES OF BURROW.  PHASE II:  14.5 ACRE LANDFILL CLOSED IN 1995 USING A REGULATION CLOSURE PROCEDURE.  THIS GENERALLY CONSISTED OF AN ENVIRONMENTAL ASSESSMENT, A CLAY OR COMPOSITE COVER SYSTEM, AND WATER QUALITY MONITORING.  SPECIFIC DETAILS FOR CLOSURE OF THESE LANDFILLS ARE AVAILABLE THROUGH THE MEDEP FILE ROOM.","SUMMARY":"PHASE I: CLOSED IN 1993 USING A REDUCED PROCEDURE.  14.5 ACRE LANDFILL.  THIS GENERALLY CONSISTED OF REGRADING WASTE AND CAPPING WITH 6 INCHES TOPSOIL OVER 18 INCHES 10E-6 CM/S GLACIAL TILL OVER 6 INCHES OF BURROW.  PHASE II:  14.5 ACRE LANDFILL CLOSED IN 1995 USING A REGULATION CLOSURE PROCEDURE.  THIS GENERALLY CONSISTED OF AN ENVIRONMENTAL ASSESSMENT, A CLAY OR COMPOSITE COVER SYSTEM, AND WATER QUALITY MONITORING.  SPECIFIC DETAILS FOR CLOSURE OF THESE LANDFILLS ARE AVAILABLE THROUGH THE MEDEP FILE ROOM.","CLOSED":"POST-1976"},"id":154},{"type":"Feature","geometry":{"type":"Point","coordinates":[-69.4691400903535,45.034888650397214]},"properties":{"OBJECTID":"155","LATITUDE":"45.03489","LONGITUDE":"-69.46914","SITE_NAME":"CAMBRIDGE LANDFILL","SITE_NUMBER":"29451","ADDRESS":"RTE 150","TOWN":"CAMBRIDGE","DESCRIPTION":"2 ACRE LANDFILL CLOSED IN 1994 AS REQUIRED BY THE MEDEP LANDFILL CLOSURE AND REMEDIATION PROGRAM.  THE LANDFILL CLOSURE USED A REDUCED PROCEDURE.  THIS GENERALLY CONSISTED OF REGRADING WASTE AND CAPPING WITH 6 INCHES TOPSOIL OVER 18 INCHES 10E-6 CM/S GLACIAL TILL OVER 6 INCHES OF BURROW.  SPECIFIC DETAILS FOR CLOSURE OF THIS LANDFILL ARE AVAILABLE THROUGH THE MEDEP FILE ROOM.","SUMMARY":"CLOSED IN 1994 AS REQUIRED BY THE MEDEP LANDFILL CLOSURE AND REMEDIATION PROGRAM. 2 ACRE LANDFILL.  THE LANDFILL CLOSURE USED A REDUCED PROCEDURE.  THIS GENERALLY CONSISTED OF REGRADING WASTE AND CAPPING WITH 6 INCHES TOPSOIL OVER 18 INCHES 10E-6 CM/S GLACIAL TILL OVER 6 INCHES OF BURROW.  SPECIFIC DETAILS FOR CLOSURE OF THIS LANDFILL ARE AVAILABLE THROUGH THE MEDEP FILE ROOM.HISTORY: ACTIVE SITE WITH NO PLANS TO CEASE CURRENT OPERATIONS.  SITE MEETS REDUCED PROCEDURE CLOSURE CRITERIA.","CLOSED":"POST-1976"},"id":155},{"type":"Feature","geometry":{"type":"Point","coordinates":[-69.60103944959985,44.83205301045371]},"properties":{"OBJECTID":"156","LATITUDE":"44.83205","LONGITUDE":"-69.60104","SITE_NAME":"CANAAN MUNICIPAL LANDFILL","SITE_NUMBER":"29452","ADDRESS":"BROWNS CORNER RD","TOWN":"CANAAN","DESCRIPTION":"0.5 ACRE LANDFILL CLOSED IN 1981  THE LANDFILL WAS CLOSED PRIOR TO THE ESTABLISHMENT OF THE MEDEP LANDFILL CLOSURE AND REMEDIATION PROGRAM IN 1988.  THEREFORE THE CLOSURE PROCEDURE IS UNKNOWN.","SUMMARY":"CLOSED IN 1981.  0.5 ACRE LANDFILL. THE LANDFILL WAS CLOSED PRIOR TO THE ESTABLISHMENT OF THE MEDEP LANDFILL CLOSURE AND REMEDIATION PROGRAM IN 1988.  THEREFORE THE CLOSURE PROCEDURE IS UNKNOWN. UNLICENSED MUNICIPAL LANDFILL CLOSURE BY DEP ORDER/CONSENT AGREEMENT.","CLOSED":"POST-1976"},"id":156},{"type":"Feature","geometry":{"type":"Point","coordinates":[-70.29268744976407,44.45495230972335]},"properties":{"OBJECTID":"157","LATITUDE":"44.45495","LONGITUDE":"-70.29269","SITE_NAME":"CANTON LANDFILL","SITE_NUMBER":"27111","ADDRESS":"JEWETT HILL RD","TOWN":"CANTON","DESCRIPTION":"6 ACRE LANDFILL CLOSED IN 1996 AS REQUIRED BY THE MEDEP LANDFILL CLOSURE AND REMEDIATION PROGRAM.  THE LANDFILL CLOSURE USED A REDUCED PROCEDURE.  THIS GENERALLY CONSISTED OF REGRADING WASTE AND CAPPING WITH 6 INCHES TOPSOIL OVER 18 INCHES 10E-6 CM/S GLACIAL TILL OVER 6 INCHES OF BURROW.  SPECIFIC DETAILS FOR CLOSURE OF THIS LANDFILL ARE AVAILABLE THROUGH THE MEDEP FILE ROOM.","SUMMARY":"CLOSED IN 1996 AS REQUIRED BY THE MEDEP LANDFILL CLOSURE AND REMEDIATION PROGRAM.  6 ACRE LANDFILL. THE LANDFILL CLOSURE USED A REDUCED PROCEDURE.  THIS GENERALLY CONSISTED OF REGRADING WASTE AND CAPPING WITH 6 INCHES TOPSOIL OVER 18 INCHES 10E-6 CM/S GLACIAL TILL OVER 6 INCHES OF BURROW.  SPECIFIC DETAILS FOR CLOSURE OF THIS LANDFILL ARE AVAILABLE THROUGH THE MEDEP FILE ROOM.  DUMP IS LOCATED IN ABANDONED GRAVEL PIT.","CLOSED":"POST-1976"},"id":157},{"type":"Feature","geometry":{"type":"Point","coordinates":[-70.24125453957326,43.587847630032606]},"properties":{"OBJECTID":"158","LATITUDE":"43.58785","LONGITUDE":"-70.24125","SITE_NAME":"CAPE ELIZABETH LANDFILL","SITE_NUMBER":"28391","ADDRESS":"DENNISON DR","TOWN":"CAPE ELIZABETH","DESCRIPTION":"7.5 ACRE LANDFILL CLOSED IN 1996 AS REQUIRED BY THE MEDEP LANDFILL CLOSURE AND REMEDIATION PROGRAM.  THE LANDFILL CLOSURE USED A REDUCED PROCEDURE.  THIS GENERALLY CONSISTED OF REGRADING WASTE AND CAPPING WITH 6 INCHES TOPSOIL OVER 18 INCHES 10E-6 CM/S GLACIAL TILL OVER 6 INCHES OF BURROW.  SPECIFIC DETAILS FOR CLOSURE OF THIS LANDFILL ARE AVAILABLE THROUGH THE MEDEP FILE ROOM.","SUMMARY":"CLOSED IN 1996 AS REQUIRED BY THE MEDEP LANDFILL CLOSURE AND REMEDIATION PROGRAM.  7.5 ACRE LANDFILL.  THE LANDFILL CLOSURE USED A REDUCED PROCEDURE.  THIS GENERALLY CONSISTED OF REGRADING WASTE AND CAPPING WITH 6 INCHES TOPSOIL OVER 18 INCHES 10E-6 CM/S GLACIAL TILL OVER 6 INCHES OF BURROW.  SPECIFIC DETAILS FOR CLOSURE OF THIS LANDFILL ARE AVAILABLE THROUGH THE MEDEP FILE ROOM. HISTORY: LANDFILL AND TRANSFER STATION.  SLUDGE AND SEPTAGE ALSO DUMPED HERE.  SURFACE IMPOUNDMENT FORMERLY NEARBY HERE (1980) #05040-029","CLOSED":"POST-1976"},"id":158},{"type":"Feature","geometry":{"type":"Point","coordinates":[-68.04566546054131,46.90901072978793]},"properties":{"OBJECTID":"159","LATITUDE":"46.90901","LONGITUDE":"-68.04567","SITE_NAME":"CARIBOU LANDFILL","SITE_NUMBER":"29815","ADDRESS":"DUMP RD OFF OGREN ROAD","TOWN":"CARIBOU","DESCRIPTION":"11 ACRE LANDFILL CLOSED IN 1993 AS REQUIRED BY THE MEDEP LANDFILL CLOSURE AND REMEDIATION PROGRAM.   THE LANDFILL CLOSURE USED THE REGULATION CLOSURE PROCEDURE.  THIS GENERALLY CONSISTED OF AN ENVIRONMENTAL ASSESSMENT, A CLAY OR COMPOSITE COVER SYSTEM, AND WATER QUALITY MONITORING.  SPECIFIC DETAILS FOR CLOSURE OF THIS LANDFILL ARE AVAILABLE THROUGH MEDEP FILE ROOM.","SUMMARY":"CLOSED IN 1993 AS REQUIRED BY THE MEDEP LANDFILL CLOSURE AND REMEDIATION PROGRAM.  11 ACRE LANDFILL.  THE LANDFILL CLOSURE USED THE REGULATION CLOSURE PROCEDURE.  THIS GENERALLY CONSISTED OF AN ENVIRONMENTAL ASSESSMENT, A CLAY OR COMPOSITE COVER SYSTEM, AND WATER QUALITY MONITORING.  SPECIFIC DETAILS FOR CLOSURE OF THIS LANDFILL ARE AVAILABLE THROUGH MEDEP FILE ROOM.","CLOSED":"POST-1976"},"id":159},{"type":"Feature","geometry":{"type":"Point","coordinates":[-70.45067218006841,44.62300524984751]},"properties":{"OBJECTID":"160","LATITUDE":"44.62301","LONGITUDE":"-70.45067","SITE_NAME":"CARTHAGE LANDFILL","SITE_NUMBER":"29345","ADDRESS":"RTE 142 RIVER RD","TOWN":"CARTHAGE","DESCRIPTION":"2.5 ACRE LANDFILL HAS NOT BEEN FORMALLY CLOSED AS OF 2011.  ","SUMMARY":"FACILITY CLOSED BUT NOT FORMALLY (AS OF 2011). IT IS A 2.5 ACRE LANDFILL. FACILITY IS LOCATED W/IN 300' OF DURGIN BROOK . HISTORY: FILE WAS LAST UPDATED IN 1986.","CLOSED":"POST-1976"},"id":160},{"type":"Feature","geometry":{"type":"Point","coordinates":[-70.54617021051318,43.98999970002482]},"properties":{"OBJECTID":"161","LATITUDE":"43.99","LONGITUDE":"-70.54617","SITE_NAME":"CASCO LANDFILL","SITE_NUMBER":"28460","ADDRESS":"LEACH HILL RD","TOWN":"CASCO","DESCRIPTION":"7 ACRE LANDFILL CLOSED IN 1992 AS REQUIRED BY THE MEDEP LANDFILL CLOSURE AND REMEDIATION PROGRAM.   THE LANDFILL CLOSURE USED THE REGULATION CLOSURE PROCEDURE.  THIS GENERALLY CONSISTED OF AN ENVIRONMENTAL ASSESSMENT, A CLAY OR COMPOSITE COVER SYSTEM, AND WATER QUALITY MONITORING.  SPECIFIC DETAILS FOR CLOSURE OF THIS LANDFILL ARE AVAILABLE THROUGH MEDEP FILE ROOM.","SUMMARY":"CLOSED IN 1992 AS REQUIRED BY THE MEDEP LANDFILL CLOSURE AND REMEDIATION PROGRAM.   7 ACRE LANDFILL.  THE LANDFILL CLOSURE USED THE REGULATION CLOSURE PROCEDURE.  THIS GENERALLY CONSISTED OF AN ENVIRONMENTAL ASSESSMENT, A CLAY OR COMPOSITE COVER SYSTEM, AND WATER QUALITY MONITORING.  SPECIFIC DETAILS FOR CLOSURE OF THIS LANDFILL ARE AVAILABLE THROUGH MEDEP FILE ROOM.HISTORY: GEOPHYSICAL STUDIES PERFORMED W/MORE RECOMMENDED BY WESTON GEO.  LEACHATE DISCHARGING TO MILL BROOK.  NO MONITORING ORCONTAMINANT INFO IN FILE.","CLOSED":"POST-1976"},"id":161},{"type":"Feature","geometry":{"type":"Point","coordinates":[-68.80304395040183,44.42358417001828]},"properties":{"OBJECTID":"162","LATITUDE":"44.42358","LONGITUDE":"-68.80304","SITE_NAME":"CASTINE LANDFILL","SITE_NUMBER":"29756","ADDRESS":"RTE 166A THE SHORE RD","TOWN":"CASTINE","DESCRIPTION":"5 ACRE LANDFILL CLOSED IN 1994 AS REQUIRED BY THE MEDEP LANDFILL CLOSURE AND REMEDIATION PROGRAM.  THE LANDFILL CLOSURE USED A REDUCED PROCEDURE.  THIS GENERALLY CONSISTED OF REGRADING WASTE AND CAPPING WITH 6 INCHES TOPSOIL OVER 18 INCHES 10E-6 CM/S GLACIAL TILL OVER 6 INCHES OF BURROW.  SPECIFIC DETAILS FOR CLOSURE OF THIS LANDFILL ARE AVAILABLE THROUGH THE MEDEP FILE ROOM.","SUMMARY":"CLOSED IN 1994 AS REQUIRED BY THE MEDEP LANDFILL CLOSURE AND REMEDIATION PROGRAM.  5 ACRE LANDFILL.  THE LANDFILL CLOSURE USED A REDUCED PROCEDURE.  THIS GENERALLY CONSISTED OF REGRADING WASTE AND CAPPING WITH 6 INCHES TOPSOIL OVER 18 INCHES 10E-6 CM/S GLACIAL TILL OVER 6 INCHES OF BURROW.  SPECIFIC DETAILS FOR CLOSURE OF THIS LANDFILL ARE AVAILABLE THROUGH THE MEDEP FILE ROOM.","CLOSED":"POST-1976"},"id":162},{"type":"Feature","geometry":{"type":"Point","coordinates":[-70.02545753034457,45.36969518964092]},"properties":{"OBJECTID":"163","LATITUDE":"45.3697","LONGITUDE":"-70.02546","SITE_NAME":"CFWF MUNICIPAL LANDFILL AND TRANSFER STATION WEST FORKS","SITE_NUMBER":"34479","ADDRESS":"161 LOWER ENCHANTED RD","TOWN":"WEST FORKS PLT","DESCRIPTION":"1.75 ACRE LANDFILL CLOSED IN 2009 AS REQUIRED BY THE MEDEP LANDFILL CLOSURE AND REMEDIATION PROGRAM.   THE LANDFILL CLOSURE USED THE REGULATION CLOSURE PROCEDURE.  THIS GENERALLY CONSISTED OF AN ENVIRONMENTAL ASSESSMENT, A CLAY OR COMPOSITE COVER SYSTEM, AND WATER QUALITY MONITORING.  SPECIFIC DETAILS FOR CLOSURE OF THIS LANDFILL ARE AVAILABLE THROUGH MEDEP FILE ROOM.","SUMMARY":"CLOSED IN 2009 AS REQUIRED BY THE MEDEP LANDFILL CLOSURE AND REMEDIATION PROGRAM. 1.75 ACRE LANDFILL.   THE LANDFILL CLOSURE USED THE REGULATION CLOSURE PROCEDURE.  THIS GENERALLY CONSISTED OF AN ENVIRONMENTAL ASSESSMENT, A CLAY OR COMPOSITE COVER SYSTEM, AND WATER QUALITY MONITORING.  SPECIFIC DETAILS FOR CLOSURE OF THIS LANDFILL ARE AVAILABLE THROUGH MEDEP FILE ROOM.","CLOSED":"POST-1976"},"id":163},{"type":"Feature","geometry":{"type":"Point","coordinates":[-69.0768491303157,45.07474928987919]},"properties":{"OBJECTID":"164","LATITUDE":"45.07475","LONGITUDE":"-69.07685","SITE_NAME":"CHARLESTON LANDFILL","SITE_NUMBER":"29620","ADDRESS":"DOVER RD RTE 15","TOWN":"CHARLESTON","DESCRIPTION":"6 ACRE LANDFILL CLOSED IN 1994 AS REQUIRED BY THE MEDEP LANDFILL CLOSURE AND REMEDIATION PROGRAM.  THE LANDFILL CLOSURE USED AN ALTERNATIVE PROCEDURE AS IT WAS NOT AUTOMATICALLY ELIGIBLE FOR A REDUCED PROCEDURE CLOSURE.  THIS INCLUDED AN ENVIRONMENTAL ASSESSMENT AND POSSIBLE IMPROVED COVER SYSTEM AND/OR WATER QUALITY MONITORING.  SPECIFIC DETAILS OF CLOSURE ARE AVAIABLE THROUGH THE MEDEP FILE ROOM.","SUMMARY":"CLOSED IN 1994 AS REQUIRED BY THE MEDEP LANDFILL CLOSURE AND REMEDIATION PROGRAM.  6 ACRE LANDFILL.  THE LANDFILL CLOSURE USED AN ALTERNATIVE PROCEDURE AS IT WAS NOT AUTOMATICALLY ELIGIBLE FOR A REDUCED PROCEDURE CLOSURE.  THIS INCLUDED AN ENVIRONMENTAL ASSESSMENT AND POSSIBLE IMPROVED COVER SYSTEM AND/OR WATER QUALITY MONITORING.  SPECIFIC DETAILS OF CLOSURE ARE AVAIABLE THROUGH THE MEDEP FILE ROOM.","CLOSED":"POST-1976"},"id":164},{"type":"Feature","geometry":{"type":"Point","coordinates":[-67.28526822971787,45.000894949601644]},"properties":{"OBJECTID":"165","LATITUDE":"45.00089","LONGITUDE":"-67.28527","SITE_NAME":"CHARLOTTE LANDFILL","SITE_NUMBER":"29686","ADDRESS":"OFF RTE 214 SMITH RIDGE RD","TOWN":"CHARLOTTE","DESCRIPTION":"0.5 ACRE LANDFILL CLOSED IN 1993 AS REQUIRED BY THE MEDEP LANDFILL CLOSURE AND REMEDIATION PROGRAM.  THE LANDFILL CLOSURE USED THE INTERIM COVER AND GRADING (ICAG) PROCEDURE.  THIS GENERALLY CONSISTED OF REGRADING WASTE AND CAPPING WITH 6 INCHES TOPSOIL OVER 18 INCHES 10E-6 CM/S GLACIAL TILL OVER 6 INCHES OF BURROW.  SPECIFIC DETAILS FOR CLOSURE OF THIS LANDFILL ARE AVAILABLE THROUGH THE MEDEP FILE ROOM.","SUMMARY":"CLOSED IN 1993 AS REQUIRED BY THE MEDEP LANDFILL CLOSURE AND REMEDIATION PROGRAM. 0.5 ACRE LANDFILL.  THE LANDFILL CLOSURE USED THE INTERIM COVER AND GRADING (ICAG) PROCEDURE.  THIS GENERALLY CONSISTED OF REGRADING WASTE AND CAPPING WITH 6 INCHES TOPSOIL OVER 18 INCHES 10E-6 CM/S GLACIAL TILL OVER 6 INCHES OF BURROW.  SPECIFIC DETAILS FOR CLOSURE OF THIS LANDFILL ARE AVAILABLE THROUGH THE MEDEP FILE ROOM.","CLOSED":"POST-1976"},"id":165},{"type":"Feature","geometry":{"type":"Point","coordinates":[-70.123833780203,43.73240155007376]},"properties":{"OBJECTID":"166","LATITUDE":"43.7324","LONGITUDE":"-70.12383","SITE_NAME":"CHEBEAGUE ISLAND TOWN LANDFILL AND TRANSFER STATION","SITE_NUMBER":"28472","ADDRESS":"CHEBEAGUE ISLAND NORTH RD","TOWN":"CHEBEAGUE ISLAND","DESCRIPTION":"2 ACRE LANDFILL CLOSED IN 1994 AS REQUIRED BY THE MEDEP LANDFILL CLOSURE AND REMEDIATION PROGRAM.  THE LANDFILL CLOSURE USED A REDUCED PROCEDURE.  THIS GENERALLY CONSISTED OF REGRADING WASTE AND CAPPING WITH 6 INCHES TOPSOIL OVER 18 INCHES 10E-6 CM/S GLACIAL TILL OVER 6 INCHES OF BURROW.  SPECIFIC DETAILS FOR CLOSURE OF THIS LANDFILL ARE AVAILABLE THROUGH THE MEDEP FILE ROOM.  TRANSFER STATION IS ACTIVE, OPEN WED THROUGH SUNDAY (2014).","SUMMARY":"CLOSED IN 1994 AS REQUIRED BY THE MEDEP LANDFILL CLOSURE AND REMEDIATION PROGRAM. 2 ACRE LANDFILL.  HISTORY :THIS WAS STILL AN ACTIVE LANDFILL AS OF 9/91. GROUNDWATER MONITORING HAS BEEN CONTINUOUS SINCE 1984.  SAMPLING WAS CONDUCTED JUNE 1991, BUT MOST RECENT DATA IS FROM 1986. IMPACT ON GROUNDWATER AT THE TIME WAS NEGLIGIBLE. THE TOWN IS PLANNING TO CLOSE THE LANDFILL AND ESTABLISH A TRANSFER STATION FOR OFF-ISLAND TRANSPORT.  THE TOWN OF CUMBERLAND'S APPLICATION FOR A TRANSFER STATION WAS APPROVED ON 8/26/93.  TS PERMIT # 018430; TRANSFER STATION IS ACTIVE (2014).\r\nTHE FOLLOWING WASTE NON-HALOGENATED SOLVENTS: XYLENE, ACETONE, ETHYL ACETATE, ETHYL BENZENE, ETHYL ETHER, METHYL ISOBUTYL KETONE, N-BUTYL ALCOHOL, CYCLOHEXANONE, AND METHANOL; ALL WASTE SOLVENT MIXTURES/BLENDS CONTAINING BEFORE USE, ONLY THE ABOVE WASTE N\r\nTHE FOLLOWING WASTE NON-HALOGENATED SOLVENTS: TOLUENE, METHYL ETHYL KETONE, CARBON DISULFIDE, ISOBUTANOL, PYRIDINE, BENZENE, 2-ETHOXYETHANOL, AND 2-NITROPROPANE; ALL WASTE SOLVENT MIXTURES AND BLENDS CONTAINING BEFORE USE, A TOTAL OF TEN PERCENT OR MORE.","CLOSED":"POST-1976"},"id":166},{"type":"Feature","geometry":{"type":"Point","coordinates":[-69.70633151046975,44.24318484000509]},"properties":{"OBJECTID":"167","LATITUDE":"44.24318","LONGITUDE":"-69.70633","SITE_NAME":"CHELSEA LANDFILL","SITE_NUMBER":"27409","ADDRESS":"SEARLS MILLS  RD","TOWN":"CHELSEA","DESCRIPTION":"5 ACRE LANDFILL CLOSED IN 1979  THE LANDFILL WAS CLOSED PRIOR TO THE ESTABLISHMENT OF THE MEDEP LANDFILL CLOSURE AND REMEDIATION PROGRAM IN 1988.  THEREFORE THE CLOSURE PROCEDURE IS UNKNOWN.","SUMMARY":"CLOSED IN 1979.  5 ACRE LANDFILL. ORANGE SEEPAGE COMING OFF THE NORTHERN END OF THE LANDFILL IN ONE AREA. THE LANDFILL WAS CLOSED PRIOR TO THE ESTABLISHMENT OF THE MEDEP LANDFILL CLOSURE AND REMEDIATION PROGRAM IN 1988.  THEREFORE THE CLOSURE PROCEDURE IS UNKNOWN. HISTORY: CHELSEA USED TO HAVE A TOWN DUMP IN THE '70'S. IT IS NO LONGER IN USE. THE PEOPLE OF CHELSEA USE THE HATCH HILL AUGUSTA DUMP. THERE WAS NO RECORD OF GROUNDWATER CONTAMINATION OR MONITORING AT TIME OF INVESTIGATION. NO MEPPS OR ADDRESS AS WELL. NO MONITORING FILE/INFO.","CLOSED":"POST-1976"},"id":167},{"type":"Feature","geometry":{"type":"Point","coordinates":[-67.94732998941679,44.660672400272425]},"properties":{"OBJECTID":"168","LATITUDE":"44.66067","LONGITUDE":"-67.94733","SITE_NAME":"CHERRYFIELD LANDFILL","SITE_NUMBER":"29687","ADDRESS":"RTE 193 BEDDINGTON RD","TOWN":"CHERRYFIELD","DESCRIPTION":"2.5 ACRE LANDFILL CLOSED IN 1994 AS REQUIRED BY THE MEDEP LANDFILL CLOSURE AND REMEDIATION PROGRAM.  THE LANDFILL CLOSURE USED A REDUCED PROCEDURE.  THIS GENERALLY CONSISTED OF REGRADING WASTE AND CAPPING WITH 6 INCHES TOPSOIL OVER 18 INCHES 10E-6 CM/S GLACIAL TILL OVER 6 INCHES OF BURROW.  SPECIFIC DETAILS FOR CLOSURE OF THIS LANDFILL ARE AVAILABLE THROUGH THE MEDEP FILE ROOM.","SUMMARY":"CLOSED IN 1994 AS REQUIRED BY THE MEDEP LANDFILL CLOSURE AND REMEDIATION PROGRAM.  2.5 ACRE LANDFILL.  THE LANDFILL CLOSURE USED A REDUCED PROCEDURE.  THIS GENERALLY CONSISTED OF REGRADING WASTE AND CAPPING WITH 6 INCHES TOPSOIL OVER 18 INCHES 10E-6 CM/S GLACIAL TILL OVER 6 INCHES OF BURROW.  SPECIFIC DETAILS FOR CLOSURE OF THIS LANDFILL ARE AVAILABLE THROUGH THE MEDEP FILE ROOM.","CLOSED":"POST-1976"},"id":168},{"type":"Feature","geometry":{"type":"Point","coordinates":[-68.52318325023387,45.40520930990763]},"properties":{"OBJECTID":"169","LATITUDE":"45.40521","LONGITUDE":"-68.52318","SITE_NAME":"CHESTER LANDFILL","SITE_NUMBER":"29621","ADDRESS":"OLD KEENE RD","TOWN":"CHESTER","DESCRIPTION":"1 ACRE LANDFILL CLOSED IN 1993 AS REQUIRED BY THE MEDEP LANDFILL CLOSURE AND REMEDIATION PROGRAM.  THE LANDFILL CLOSURE USED THE INTERIM COVER AND GRADING (ICAG) PROCEDURE.  THIS GENERALLY CONSISTED OF REGRADING WASTE AND CAPPING WITH 6 INCHES TOPSOIL OVER 18 INCHES 10E-6 CM/S GLACIAL TILL OVER 6 INCHES OF BURROW.  SPECIFIC DETAILS FOR CLOSURE OF THIS LANDFILL ARE AVAILABLE THROUGH THE MEDEP FILE ROOM.","SUMMARY":"CLOSED IN 1993 AS REQUIRED BY THE MEDEP LANDFILL CLOSURE AND REMEDIATION PROGRAM.  1 ACRE LANDFILL.  THE LANDFILL CLOSURE USED THE INTERIM COVER AND GRADING (ICAG) PROCEDURE.  THIS GENERALLY CONSISTED OF REGRADING WASTE AND CAPPING WITH 6 INCHES TOPSOIL OVER 18 INCHES 10E-6 CM/S GLACIAL TILL OVER 6 INCHES OF BURROW.  SPECIFIC DETAILS FOR CLOSURE OF THIS LANDFILL ARE AVAILABLE THROUGH THE MEDEP FILE ROOM.","CLOSED":"POST-1976"},"id":169},{"type":"Feature","geometry":{"type":"Point","coordinates":[-70.07667846062627,44.54342864033436]},"properties":{"OBJECTID":"170","LATITUDE":"44.54343","LONGITUDE":"-70.07668","SITE_NAME":"CHESTERVILLE LANDFILL","SITE_NUMBER":"29346","ADDRESS":"RIDGE RD","TOWN":"CHESTERVILLE","DESCRIPTION":"1 ACRE LANDFILL CLOSED IN 1998 AS REQUIRED BY THE MEDEP LANDFILL CLOSURE AND REMEDIATION PROGRAM.  THE LANDFILL CLOSURE USED A REDUCED PROCEDURE.  THIS GENERALLY CONSISTED OF REGRADING WASTE AND CAPPING WITH 6 INCHES TOPSOIL OVER 18 INCHES 10E-6 CM/S GLACIAL TILL OVER 6 INCHES OF BURROW.  SPECIFIC DETAILS FOR CLOSURE OF THIS LANDFILL ARE AVAILABLE THROUGH THE MEDEP FILE ROOM.","SUMMARY":"CLOSED IN 1998 AS REQUIRED BY THE MEDEP LANDFILL CLOSURE AND REMEDIATION PROGRAM.  1 ACRE LANDFILL.  THE LANDFILL CLOSURE USED A REDUCED PROCEDURE.  THIS GENERALLY CONSISTED OF REGRADING WASTE AND CAPPING WITH 6 INCHES TOPSOIL OVER 18 INCHES 10E-6 CM/S GLACIAL TILL OVER 6 INCHES OF BURROW.  SPECIFIC DETAILS FOR CLOSURE OF THIS LANDFILL ARE AVAILABLE THROUGH THE MEDEP FILE ROOM.CLOSING PLAN COMPLETED BY FERGUS P. LEA, P.E. ANDROSCOGGIN VALLEY COUNCIL OF GOVERNMENTS 70 COURT ST., AUBURN, ME. 04210.  LOCATED ON A GRAVEL PIT.","CLOSED":"POST-1976"},"id":170},{"type":"Feature","geometry":{"type":"Point","coordinates":[-69.4224567594194,46.06307191043416]},"properties":{"OBJECTID":"171","LATITUDE":"46.06307","LONGITUDE":"-69.42246","SITE_NAME":"CHESUNCOOK MUNICIPAL LANDFILL","SITE_NUMBER":"72550","ADDRESS":"TRAIL 3/4 MILE WEST OF VILLAGE","TOWN":"CHESUNCOOK TWP","DESCRIPTION":"0.1 ACRE LANDFILL CLOSED IN 1994 AS REQUIRED BY THE MEDEP LANDFILL CLOSURE AND REMEDIATION PROGRAM.  THE LANDFILL CLOSURE USED A REDUCED PROCEDURE.  THIS GENERALLY CONSISTED OF REGRADING WASTE AND CAPPING WITH 6 INCHES TOPSOIL OVER 18 INCHES 10E-6 CM/S GLACIAL TILL OVER 6 INCHES OF BURROW.  SPECIFIC DETAILS FOR CLOSURE OF THIS LANDFILL ARE AVAILABLE THROUGH THE MEDEP FILE ROOM.","SUMMARY":"CLOSED IN 1994 AS REQUIRED BY THE MEDEP LANDFILL CLOSURE AND REMEDIATION PROGRAM.  0.1 ACRE LANDFILL.  THE LANDFILL CLOSURE USED A REDUCED PROCEDURE.  THIS GENERALLY CONSISTED OF REGRADING WASTE AND CAPPING WITH 6 INCHES TOPSOIL OVER 18 INCHES 10E-6 CM/S GLACIAL TILL OVER 6 INCHES OF BURROW.  SPECIFIC DETAILS FOR CLOSURE OF THIS LANDFILL ARE AVAILABLE THROUGH THE MEDEP FILE ROOM.","CLOSED":"POST-1976"},"id":171},{"type":"Feature","geometry":{"type":"Point","coordinates":[-69.52374697974824,44.42400063012772]},"properties":{"OBJECTID":"172","LATITUDE":"44.424","LONGITUDE":"-69.52375","SITE_NAME":"CHINA LANDFILL","SITE_NUMBER":"27414","ADDRESS":"ALDER PARK RD","TOWN":"CHINA","DESCRIPTION":"5 ACRE LANDFILL CLOSED IN 1993 AS REQUIRED BY THE MEDEP LANDFILL CLOSURE AND REMEDIATION PROGRAM.  THE LANDFILL CLOSURE USED THE INTERIM COVER AND GRADING (ICAG) PROCEDURE.  THIS GENERALLY CONSISTED OF REGRADING WASTE AND CAPPING WITH 6 INCHES TOPSOIL OVER 18 INCHES 10E-6 CM/S GLACIAL TILL OVER 6 INCHES OF BURROW.  SPECIFIC DETAILS FOR CLOSURE OF THIS LANDFILL ARE AVAILABLE THROUGH THE MEDEP FILE ROOM.","SUMMARY":"CLOSED IN 1993 AS REQUIRED BY THE MEDEP LANDFILL CLOSURE AND REMEDIATION PROGRAM.  5 ACRE LANDFILL. THE LANDFILL CLOSURE USED THE INTERIM COVER AND GRADING (ICAG) PROCEDURE.  THIS GENERALLY CONSISTED OF REGRADING WASTE AND CAPPING WITH 6 INCHES TOPSOIL OVER 18 INCHES 10E-6 CM/S GLACIAL TILL OVER 6 INCHES OF BURROW.  SPECIFIC DETAILS FOR CLOSURE OF THIS LANDFILL ARE AVAILABLE THROUGH THE MEDEP FILE ROOM. ALSO A TRANSFER STATION LOCATION.","CLOSED":"POST-1976"},"id":172},{"type":"Feature","geometry":{"type":"Point","coordinates":[-69.51749437000755,46.609868479974644]},"properties":{"OBJECTID":"173","LATITUDE":"46.60987","LONGITUDE":"-69.51749","SITE_NAME":"CLAYTON LAKE LANDFILL","SITE_NUMBER":"94975","ADDRESS":"AMERICAN REALTY ROAD","TOWN":"T11 R14 WELS","DESCRIPTION":"","SUMMARY":"CLOSED PRIOR TO 1997. APPEARS FROM AERIAL PHOTOS TO BE MOWED AND HAVE GRASS COVERED CAP  FROM 1997 TO 2011.","CLOSED":"POST-1976"},"id":173},{"type":"Feature","geometry":{"type":"Point","coordinates":[-69.50844255040236,44.62656686012194]},"properties":{"OBJECTID":"174","LATITUDE":"44.62657","LONGITUDE":"-69.50844","SITE_NAME":"CLINTON LANDFILL","SITE_NUMBER":"27467","ADDRESS":"OFF RTE 11","TOWN":"CLINTON","DESCRIPTION":"11 ACRE LANDFILL CLOSED IN 1983  THE LANDFILL WAS CLOSED PRIOR TO THE ESTABLISHMENT OF THE MEDEP LANDFILL CLOSURE AND REMEDIATION PROGRAM IN 1988.  THEREFORE THE CLOSURE PROCEDURE IS UNKNOWN.","SUMMARY":"CLOSURE COMPLETED IN 1983. 11 ACRE LANDFILL.  TWO FOOT COVER VEGETATED. COVER RUN-OFF WILL FLOW (OR HAS BEEN DIVERTED TO FLOW) INTO THE RIVER. INSPECTED BY DEP 1985, FOUND IN SATISFACTORY CONDITION (WITH MINOR REPAIRS TO COVER AND VEGETATION). ALSO UNPERMITTED STUMP DUMP DISCOVERED. TOWN WAS ORDERED TO DISCONTINUE IMMEDIATELY. NO RECORD OF GROUND OR SURFACE WATER MONITORING FOUND.","CLOSED":"POST-1976"},"id":174},{"type":"Feature","geometry":{"type":"Point","coordinates":[-70.8029283004692,45.37864075989403]},"properties":{"OBJECTID":"175","LATITUDE":"45.37864","LONGITUDE":"-70.80293","SITE_NAME":"COBURN GORE LANDFILL","SITE_NUMBER":"29520","ADDRESS":"PRIVATE ROAD SOUTH OFF RT 27","TOWN":"COBURN GORE","DESCRIPTION":"","SUMMARY":"CLOSURE DATE AND PROCEDURE UNKNOWN.  0.5 ACRE LANDFILL.  LOCATION INFORMATION PROVIDED BY EMPLOYEE OF LABONTE'S STORE OVER THE PHONE IN MAY 2012. SUPPOSEDLY BECAME INACTIVE IN THE 1980'S","CLOSED":"POST-1976"},"id":175},{"type":"Feature","geometry":{"type":"Point","coordinates":[-67.67581568004597,45.44799945042678]},"properties":{"OBJECTID":"176","LATITUDE":"45.448","LONGITUDE":"-67.67582","SITE_NAME":"CODYVILLE LANDFILL","SITE_NUMBER":"37951","ADDRESS":"STATE ROUTE 6 VANCEBORO RD","TOWN":"CODYVILLE TWP","DESCRIPTION":"1 ACRE LANDFILL CLOSED IN 1996 AS REQUIRED BY THE MEDEP LANDFILL CLOSURE AND REMEDIATION PROGRAM.  CLOSURE PROCEDURE UNKNOWN.","SUMMARY":"CLOSED IN 1996 AS REQUIRED BY THE MEDEP LANDFILL CLOSURE AND REMEDIATION PROGRAM.  1 ACRE LANDFILL.  CLOSURE PROCEDURE UNKNOWN.","CLOSED":"POST-1976"},"id":176},{"type":"Feature","geometry":{"type":"Point","coordinates":[-67.70868961022781,44.647056439883464]},"properties":{"OBJECTID":"177","LATITUDE":"44.64706","LONGITUDE":"-67.70869","SITE_NAME":"COLUMBIA FALLS LANDFILL","SITE_NUMBER":"29688","ADDRESS":"RTE 187 INDIAN RIVER RD","TOWN":"COLUMBIA FALLS","DESCRIPTION":"2.5 ACRE LANDFILL CLOSED IN 1996 AS REQUIRED BY THE MEDEP LANDFILL CLOSURE AND REMEDIATION PROGRAM.  THE LANDFILL CLOSURE USED A REDUCED PROCEDURE.  THIS GENERALLY CONSISTED OF REGRADING WASTE AND CAPPING WITH 6 INCHES TOPSOIL OVER 18 INCHES 10E-6 CM/S GLACIAL TILL OVER 6 INCHES OF BURROW.  SPECIFIC DETAILS FOR CLOSURE OF THIS LANDFILL ARE AVAILABLE THROUGH THE MEDEP FILE ROOM.","SUMMARY":"CLOSED IN 1996 AS REQUIRED BY THE MEDEP LANDFILL CLOSURE AND REMEDIATION PROGRAM. 2.5 ACRE LANDFILL.  THE LANDFILL CLOSURE USED A REDUCED PROCEDURE.  THIS GENERALLY CONSISTED OF REGRADING WASTE AND CAPPING WITH 6 INCHES TOPSOIL OVER 18 INCHES 10E-6 CM/S GLACIAL TILL OVER 6 INCHES OF BURROW.  SPECIFIC DETAILS FOR CLOSURE OF THIS LANDFILL ARE AVAILABLE THROUGH THE MEDEP FILE ROOM. ABOUT 500 FT FROM A PUBLIC WATER SUPPLY","CLOSED":"POST-1976"},"id":177},{"type":"Feature","geometry":{"type":"Point","coordinates":[-67.9834951302418,46.969023550425185]},"properties":{"OBJECTID":"178","LATITUDE":"46.96902","LONGITUDE":"-67.9835","SITE_NAME":"CONNOR TWP MUNICIPAL LANDFILL","SITE_NUMBER":"49995","ADDRESS":"BEAULIEU RD","TOWN":"CONNOR TWP","DESCRIPTION":"1 ACRE LANDFILL CLOSED IN 1994 AS REQUIRED BY THE MEDEP LANDFILL CLOSURE AND REMEDIATION PROGRAM.  THE LANDFILL CLOSURE USED THE INTERIM COVER AND GRADING (ICAG) PROCEDURE.  THIS GENERALLY CONSISTED OF REGRADING WASTE AND CAPPING WITH 6 INCHES TOPSOIL OVER 18 INCHES 10E-6 CM/S GLACIAL TILL OVER 6 INCHES OF BURROW.  SPECIFIC DETAILS FOR CLOSURE OF THIS LANDFILL ARE AVAILABLE THROUGH THE MEDEP FILE ROOM.","SUMMARY":"CLOSED IN 1994 AS REQUIRED BY THE MEDEP LANDFILL CLOSURE AND REMEDIATION PROGRAM.  1 ACRE LANDFILL.  THE LANDFILL CLOSURE USED THE INTERIM COVER AND GRADING (ICAG) PROCEDURE.  THIS GENERALLY CONSISTED OF REGRADING WASTE AND CAPPING WITH 6 INCHES TOPSOIL OVER 18 INCHES 10E-6 CM/S GLACIAL TILL OVER 6 INCHES OF BURROW.  SPECIFIC DETAILS FOR CLOSURE OF THIS LANDFILL ARE AVAILABLE THROUGH THE MEDEP FILE ROOM.","CLOSED":"POST-1976"},"id":178},{"type":"Feature","geometry":{"type":"Point","coordinates":[-67.45921315982318,44.99175332034168]},"properties":{"OBJECTID":"179","LATITUDE":"44.99175","LONGITUDE":"-67.45921","SITE_NAME":"COOPER LANDFILL","SITE_NUMBER":"29689","ADDRESS":"RTE 191","TOWN":"COOPER","DESCRIPTION":"0.5 ACRE LANDFILL CLOSED IN 1994 AS REQUIRED BY THE MEDEP LANDFILL CLOSURE AND REMEDIATION PROGRAM.  THE LANDFILL CLOSURE USED THE INTERIM COVER AND GRADING (ICAG) PROCEDURE.  THIS GENERALLY CONSISTED OF REGRADING WASTE AND CAPPING WITH 6 INCHES TOPSOIL OVER 18 INCHES 10E-6 CM/S GLACIAL TILL OVER 6 INCHES OF BURROW.  SPECIFIC DETAILS FOR CLOSURE OF THIS LANDFILL ARE AVAILABLE THROUGH THE MEDEP FILE ROOM.","SUMMARY":"CLOSED IN 1994 AS REQUIRED BY THE MEDEP LANDFILL CLOSURE AND REMEDIATION PROGRAM.  0.5 ACRE LANDFILL.  THE LANDFILL CLOSURE USED THE INTERIM COVER AND GRADING (ICAG) PROCEDURE.  THIS GENERALLY CONSISTED OF REGRADING WASTE AND CAPPING WITH 6 INCHES TOPSOIL OVER 18 INCHES 10E-6 CM/S GLACIAL TILL OVER 6 INCHES OF BURROW.  SPECIFIC DETAILS FOR CLOSURE OF THIS LANDFILL ARE AVAILABLE THROUGH THE MEDEP FILE ROOM.","CLOSED":"POST-1976"},"id":179},{"type":"Feature","geometry":{"type":"Point","coordinates":[-69.22659548973992,44.97711449025771]},"properties":{"OBJECTID":"180","LATITUDE":"44.97711","LONGITUDE":"-69.2266","SITE_NAME":"CORINNA LANDFILL","SITE_NUMBER":"27433","ADDRESS":"PHINNEY RD","TOWN":"CORINNA","DESCRIPTION":"5 ACRE LANDFILL CLOSED IN 1996 AS REQUIRED BY THE MEDEP LANDFILL CLOSURE AND REMEDIATION PROGRAM.   THE LANDFILL CLOSURE USED THE REGULATION CLOSURE PROCEDURE.  THIS GENERALLY CONSISTED OF AN ENVIRONMENTAL ASSESSMENT, A CLAY OR COMPOSITE COVER SYSTEM, AND WATER QUALITY MONITORING.  SPECIFIC DETAILS FOR CLOSURE OF THIS LANDFILL ARE AVAILABLE THROUGH MEDEP FILE ROOM.","SUMMARY":"CLOSED IN 1996 AS REQUIRED BY THE MEDEP LANDFILL CLOSURE AND REMEDIATION PROGRAM.  5 ACRE LANDFIL. L THE LANDFILL CLOSURE USED THE REGULATION CLOSURE PROCEDURE.  THIS GENERALLY CONSISTED OF AN ENVIRONMENTAL ASSESSMENT, A CLAY OR COMPOSITE COVER SYSTEM, AND WATER QUALITY MONITORING.  SPECIFIC DETAILS FOR CLOSURE OF THIS LANDFILL ARE AVAILABLE THROUGH MEDEP FILE ROOM.HISTORY: THE SITE BEGAN THE CLOSURE PROCESS IN 1990 AND IS STILL IN THAT PHASE. THERE ARE NO GROUNDWATER MONITORING WELLS AT THE SITE BUT IT IS A POTENTIAL CONTAMINATOR.","CLOSED":"POST-1976"},"id":180},{"type":"Feature","geometry":{"type":"Point","coordinates":[-69.00333818960814,44.96901497972585]},"properties":{"OBJECTID":"181","LATITUDE":"44.96901","LONGITUDE":"-69.00334","SITE_NAME":"CORINTH LANDFILL","SITE_NUMBER":"29622","ADDRESS":"NOTCH RD","TOWN":"CORINTH","DESCRIPTION":"5 ACRE LANDFILL CLOSED IN 1995 AS REQUIRED BY THE MEDEP LANDFILL CLOSURE AND REMEDIATION PROGRAM.  THE LANDFILL CLOSURE USED A REDUCED PROCEDURE.  THIS GENERALLY CONSISTED OF REGRADING WASTE AND CAPPING WITH 6 INCHES TOPSOIL OVER 18 INCHES 10E-6 CM/S GLACIAL TILL OVER 6 INCHES OF BURROW.  SPECIFIC DETAILS FOR CLOSURE OF THIS LANDFILL ARE AVAILABLE THROUGH THE MEDEP FILE ROOM.","SUMMARY":"CLOSED IN 1995 AS REQUIRED BY THE MEDEP LANDFILL CLOSURE AND REMEDIATION PROGRAM. 5 ACRE LANDFILL.   THE LANDFILL CLOSURE USED A REDUCED PROCEDURE.  THIS GENERALLY CONSISTED OF REGRADING WASTE AND CAPPING WITH 6 INCHES TOPSOIL OVER 18 INCHES 10E-6 CM/S GLACIAL TILL OVER 6 INCHES OF BURROW.  SPECIFIC DETAILS FOR CLOSURE OF THIS LANDFILL ARE AVAILABLE THROUGH THE MEDEP FILE ROOM.","CLOSED":"POST-1976"},"id":181},{"type":"Feature","geometry":{"type":"Point","coordinates":[-70.8452190899479,43.80620932043204]},"properties":{"OBJECTID":"182","LATITUDE":"43.80621","LONGITUDE":"-70.84522","SITE_NAME":"CORNISH LANDFILL","SITE_NUMBER":"27751","ADDRESS":"RTE 25","TOWN":"CORNISH","DESCRIPTION":"5 ACRE CLOSED LANDFILL.  CLOSURE DATE AND PROCEDURE UNKNOWN.  ","SUMMARY":"5 ACRE CLOSED LANDFILL.  CLOSURE DATE AND PROCEDURE UNKNOWN.","CLOSED":"POST-1976"},"id":182},{"type":"Feature","geometry":{"type":"Point","coordinates":[-69.65602052936879,44.83212684006429]},"properties":{"OBJECTID":"183","LATITUDE":"44.83213","LONGITUDE":"-69.65602","SITE_NAME":"CORNVILLE SANITARY LANDFILL","SITE_NUMBER":"29453","ADDRESS":"HUFF RD","TOWN":"CORNVILLE","DESCRIPTION":"2.5 ACRE LANDFILL CLOSED IN 1994  THE LANDFILL CLOSURE PROCEDURE IS UNKNOWN.","SUMMARY":"2.5 ACRE LANDFILL CLOSED IN 1994  THE LANDFILL CLOSURE PROCEDURE IS UNKNOWN.  SANITARY LANDFILL CONSTRUCTED 1977; ONE DUG MW ON SITE.","CLOSED":"POST-1976"},"id":183},{"type":"Feature","geometry":{"type":"Point","coordinates":[-70.24927067968265,43.788150739743614]},"properties":{"OBJECTID":"184","LATITUDE":"43.78815","LONGITUDE":"-70.24927","SITE_NAME":"CUMBERLAND LANDFILL","SITE_NUMBER":"28471","ADDRESS":"DROWNE RD","TOWN":"CUMBERLAND","DESCRIPTION":"8 ACRE LANDFILL CLOSED IN 1994 AS REQUIRED BY THE MEDEP LANDFILL CLOSURE AND REMEDIATION PROGRAM.   THE LANDFILL CLOSURE USED THE REGULATION CLOSURE PROCEDURE.  THIS GENERALLY CONSISTED OF AN ENVIRONMENTAL ASSESSMENT, A CLAY OR COMPOSITE COVER SYSTEM, AND WATER QUALITY MONITORING.  SPECIFIC DETAILS FOR CLOSURE OF THIS LANDFILL ARE AVAILABLE THROUGH MEDEP FILE ROOM.","SUMMARY":"CLOSED IN 1994 AS REQUIRED BY THE MEDEP LANDFILL CLOSURE AND REMEDIATION PROGRAM.  8 ACRE LANDFILL.   THE LANDFILL CLOSURE USED THE REGULATION CLOSURE PROCEDURE.  THIS GENERALLY CONSISTED OF AN ENVIRONMENTAL ASSESSMENT, A CLAY OR COMPOSITE COVER SYSTEM, AND WATER QUALITY MONITORING.  SPECIFIC DETAILS FOR CLOSURE OF THIS LANDFILL ARE AVAILABLE THROUGH MEDEP FILE ROOM.  HISTORY: CLOSURE AT THIS SITE SHOULD BE IN PROGRESS.  MONITORING PLAN (1991) CALLS FOR QUARTERLY SAMPLING OF TWO DOWN GRADIENT WELLS, ONE DEEP, ONE SHALLOW. S. D. WARREN CO. RECEIVED A LICENSE TO UTILIZE THEIR BIOASH TO MANUFACTURE TOPSOIL USED IN THE CLOSURE, LIC. #S-020653-56-A-N.\n\nLEACHATE POND - SIA #05060-036","CLOSED":"POST-1976"},"id":184},{"type":"Feature","geometry":{"type":"Point","coordinates":[-67.17922771981986,44.685686930263145]},"properties":{"OBJECTID":"185","LATITUDE":"44.68569","LONGITUDE":"-67.17923","SITE_NAME":"CUTLER LANDFILL","SITE_NUMBER":"29690","ADDRESS":"RTE 191 NUMBER NINE RD","TOWN":"CUTLER","DESCRIPTION":"1.5 ACRE LANDFILL CLOSED IN 1997 AS REQUIRED BY THE MEDEP LANDFILL CLOSURE AND REMEDIATION PROGRAM.  THE LANDFILL CLOSURE USED AN ALTERNATIVE PROCEDURE AS IT WAS NOT AUTOMATICALLY ELIGIBLE FOR A REDUCED PROCEDURE CLOSURE.  THIS INCLUDED AN ENVIRONMENTAL ASSESSMENT AND POSSIBLE IMPROVED COVER SYSTEM AND/OR WATER QUALITY MONITORING.  SPECIFIC DETAILS OF CLOSURE ARE AVAIABLE THROUGH THE MEDEP FILE ROOM.","SUMMARY":"CLOSED IN 1997 AS REQUIRED BY THE MEDEP LANDFILL CLOSURE AND REMEDIATION PROGRAM.  1.5 ACRE LANDFILL.  THE LANDFILL CLOSURE USED AN ALTERNATIVE PROCEDURE AS IT WAS NOT AUTOMATICALLY ELIGIBLE FOR A REDUCED PROCEDURE CLOSURE.  THIS INCLUDED AN ENVIRONMENTAL ASSESSMENT AND POSSIBLE IMPROVED COVER SYSTEM AND/OR WATER QUALITY MONITORING.  SPECIFIC DETAILS OF CLOSURE ARE AVAIABLE THROUGH THE MEDEP FILE ROOM.","CLOSED":"POST-1976"},"id":185},{"type":"Feature","geometry":{"type":"Point","coordinates":[-69.4869914297825,44.03842447983213]},"properties":{"OBJECTID":"186","LATITUDE":"44.03842","LONGITUDE":"-69.48699","SITE_NAME":"DAMARISCOTTA LANDFILL","SITE_NUMBER":"29524","ADDRESS":"STANDPIPE RD","TOWN":"DAMARISCOTTA","DESCRIPTION":"4 ACRE LANDFILL CLOSED IN 1987 AS REQUIRED BY THE MEDEP LANDFILL CLOSURE AND REMEDIATION PROGRAM.   THE LANDFILL CLOSURE USED THE REGULATION CLOSURE PROCEDURE.  THIS GENERALLY CONSISTED OF AN ENVIRONMENTAL ASSESSMENT, A CLAY OR COMPOSITE COVER SYSTEM, AND WATER QUALITY MONITORING.  SPECIFIC DETAILS FOR CLOSURE OF THIS LANDFILL ARE AVAILABLE THROUGH MEDEP FILE ROOM.","SUMMARY":"CLOSED IN 1987 AS REQUIRED BY THE MEDEP LANDFILL CLOSURE AND REMEDIATION PROGRAM.   4 ACRE LANDFILL.  THE LANDFILL CLOSURE USED THE REGULATION CLOSURE PROCEDURE.  THIS GENERALLY CONSISTED OF AN ENVIRONMENTAL ASSESSMENT, A CLAY OR COMPOSITE COVER SYSTEM, AND WATER QUALITY MONITORING.  SPECIFIC DETAILS FOR CLOSURE OF THIS LANDFILL ARE AVAILABLE THROUGH MEDEP FILE ROOM.","CLOSED":"POST-1976"},"id":186},{"type":"Feature","geometry":{"type":"Point","coordinates":[-67.88191714950635,45.6685496598759]},"properties":{"OBJECTID":"187","LATITUDE":"45.66855","LONGITUDE":"-67.88192","SITE_NAME":"DANFORTH OLD LANDFILL","SITE_NUMBER":"29691","ADDRESS":"MAPLE ST","TOWN":"DANFORTH","DESCRIPTION":"OLD LANDFILL: 3 ACRE LANDFILL CLOSED IN 1994 USING THE INTERIM COVER AND GRADING (ICAG) PROCEDURE.  JUST NORTH THERE IS A NEW LANDFILL:  3 ACRE LANDFILL CLOSED IN 1996 USING A REDUCED PROCEDURE.  BOTH TYPES OF CLOSURES GENERALLY CONSISTED OF REGRADING WASTE AND CAPPING WITH 6 INCHES TOPSOIL OVER 18 INCHES 10E-6 CM/S GLACIAL TILL OVER 6 INCHES OF BURROW.  SPECIFIC DETAILS FOR CLOSURE OF THESE LANDFIILS ARE AVAILABLE THROUGH THE MEDEP FILE ROOM.","SUMMARY":"CLOSED IN 1994, 3 ACRE LANDFILL,  THIS LANDFILL IS ON THE LEFT HAND SIDE OF ROAD ACROSS FROM PRESENT TRANSFER STATION. LAST SITE VISIT IN 2006. THERE WERE TWO SMALL LANDFILLS NEAR EACH OTHER. THIS  OLDER ONE  RECEIVED AN EARTHEN CAP IN 1994 AND THE NEWER ONE, JUST NORTH OF THIS SITE, WAS CAPPED IN 1996.","CLOSED":"POST-1976"},"id":187},{"type":"Feature","geometry":{"type":"Point","coordinates":[-70.61024435945843,43.54636483971666]},"properties":{"OBJECTID":"188","LATITUDE":"43.54636","LONGITUDE":"-70.61024","SITE_NAME":"DAYTON LANDFILL","SITE_NUMBER":"27754","ADDRESS":"DUMP RD","TOWN":"DAYTON","DESCRIPTION":"2.4 ACRE LANDFILL CLOSED IN 1994 AS REQUIRED BY THE MEDEP LANDFILL CLOSURE AND REMEDIATION PROGRAM.  THE LANDFILL CLOSURE USED THE INTERIM COVER AND GRADING (ICAG) PROCEDURE.  THIS GENERALLY CONSISTED OF REGRADING WASTE AND CAPPING WITH 6 INCHES TOPSOIL OVER 18 INCHES 10E-6 CM/S GLACIAL TILL OVER 6 INCHES OF BURROW.  SPECIFIC DETAILS FOR CLOSURE OF THIS LANDFILL ARE AVAILABLE THROUGH THE MEDEP FILE ROOM.","SUMMARY":"CLOSED IN 1994 AS REQUIRED BY THE MEDEP LANDFILL CLOSURE AND REMEDIATION PROGRAM.  2.4 ACRE LANDFILL.  THE LANDFILL CLOSURE USED THE INTERIM COVER AND GRADING (ICAG) PROCEDURE.  THIS GENERALLY CONSISTED OF REGRADING WASTE AND CAPPING WITH 6 INCHES TOPSOIL OVER 18 INCHES 10E-6 CM/S GLACIAL TILL OVER 6 INCHES OF BURROW.  SPECIFIC DETAILS FOR CLOSURE OF THIS LANDFILL ARE AVAILABLE THROUGH THE MEDEP FILE ROOM.  HISTORY: LANDFILL SERVES <1000 PEOPLE","CLOSED":"POST-1976"},"id":188},{"type":"Feature","geometry":{"type":"Point","coordinates":[-68.02131061966779,44.73722645022283]},"properties":{"OBJECTID":"189","LATITUDE":"44.73723","LONGITUDE":"-68.02131","SITE_NAME":"DEBLOIS LANDFILL","SITE_NUMBER":"29692","ADDRESS":"LANE RD OFF RTE 193","TOWN":"DEBLOIS","DESCRIPTION":"0.5 ACRE LANDFILL CLOSED IN 1985 AS REQUIRED BY THE MEDEP LANDFILL CLOSURE AND REMEDIATION PROGRAM.   THE LANDFILL CLOSURE USED THE REGULATION CLOSURE PROCEDURE.  THIS GENERALLY CONSISTED OF AN ENVIRONMENTAL ASSESSMENT, A CLAY OR COMPOSITE COVER SYSTEM, AND WATER QUALITY MONITORING.  SPECIFIC DETAILS FOR CLOSURE OF THIS LANDFILL ARE AVAILABLE THROUGH MEDEP FILE ROOM.","SUMMARY":"CLOSED IN 1985 AS REQUIRED BY THE MEDEP LANDFILL CLOSURE AND REMEDIATION PROGRAM.  0.5 ACRE LANDFILL.   THE LANDFILL CLOSURE USED THE REGULATION CLOSURE PROCEDURE.  THIS GENERALLY CONSISTED OF AN ENVIRONMENTAL ASSESSMENT, A CLAY OR COMPOSITE COVER SYSTEM, AND WATER QUALITY MONITORING.  SPECIFIC DETAILS FOR CLOSURE OF THIS LANDFILL ARE AVAILABLE THROUGH MEDEP FILE ROOM.","CLOSED":"POST-1976"},"id":189},{"type":"Feature","geometry":{"type":"Point","coordinates":[-68.65909957963116,44.23731011032808]},"properties":{"OBJECTID":"190","LATITUDE":"44.23731","LONGITUDE":"-68.6591","SITE_NAME":"DEER ISLE LANDFILL","SITE_NUMBER":"29757","ADDRESS":"QUACO RD","TOWN":"DEER ISLE","DESCRIPTION":"5 ACRE LANDFILL CLOSED IN 1994 AS REQUIRED BY THE MEDEP LANDFILL CLOSURE AND REMEDIATION PROGRAM.  THE LANDFILL CLOSURE USED A REDUCED PROCEDURE.  THIS GENERALLY CONSISTED OF REGRADING WASTE AND CAPPING WITH 6 INCHES TOPSOIL OVER 18 INCHES 10E-6 CM/S GLACIAL TILL OVER 6 INCHES OF BURROW.  SPECIFIC DETAILS FOR CLOSURE OF THIS LANDFILL ARE AVAILABLE THROUGH THE MEDEP FILE ROOM.","SUMMARY":"CLOSED IN 1994 AS REQUIRED BY THE MEDEP LANDFILL CLOSURE AND REMEDIATION PROGRAM. 5 ACRE LANDFILL.  THE LANDFILL CLOSURE USED A REDUCED PROCEDURE.  THIS GENERALLY CONSISTED OF REGRADING WASTE AND CAPPING WITH 6 INCHES TOPSOIL OVER 18 INCHES 10E-6 CM/S GLACIAL TILL OVER 6 INCHES OF BURROW.  SPECIFIC DETAILS FOR CLOSURE OF THIS LANDFILL ARE AVAILABLE THROUGH THE MEDEP FILE ROOM.","CLOSED":"POST-1976"},"id":190},{"type":"Feature","geometry":{"type":"Point","coordinates":[-70.7743526395576,43.98839928964692]},"properties":{"OBJECTID":"191","LATITUDE":"43.9884","LONGITUDE":"-70.77435","SITE_NAME":"DENMARK LANDFILL","SITE_NUMBER":"27113","ADDRESS":"HANCOCK POND ROAD","TOWN":"DENMARK","DESCRIPTION":"2.5 ACRE LANDFILL CLOSED IN 1995 AS REQUIRED BY THE MEDEP LANDFILL CLOSURE AND REMEDIATION PROGRAM.  THE LANDFILL CLOSURE USED THE INTERIM COVER AND GRADING (ICAG) PROCEDURE.  THIS GENERALLY CONSISTED OF REGRADING WASTE AND CAPPING WITH 6 INCHES TOPSOIL OVER 18 INCHES 10E-6 CM/S GLACIAL TILL OVER 6 INCHES OF BURROW.  SPECIFIC DETAILS FOR CLOSURE OF THIS LANDFILL ARE AVAILABLE THROUGH THE MEDEP FILE ROOM.","SUMMARY":"CLOSED IN 1995 AS REQUIRED BY THE MEDEP LANDFILL CLOSURE AND REMEDIATION PROGRAM. 2.5 ACRE LANDFILL.  THE LANDFILL CLOSURE USED THE INTERIM COVER AND GRADING (ICAG) PROCEDURE.  THIS GENERALLY CONSISTED OF REGRADING WASTE AND CAPPING WITH 6 INCHES TOPSOIL OVER 18 INCHES 10E-6 CM/S GLACIAL TILL OVER 6 INCHES OF BURROW.  SPECIFIC DETAILS FOR CLOSURE OF THIS LANDFILL ARE AVAILABLE THROUGH THE MEDEP FILE ROOM.","CLOSED":"POST-1976"},"id":191},{"type":"Feature","geometry":{"type":"Point","coordinates":[-69.26998278947529,45.02159509974643]},"properties":{"OBJECTID":"192","LATITUDE":"45.0216","LONGITUDE":"-69.26998","SITE_NAME":"DEXTER LANDFILL","SITE_NUMBER":"27483","ADDRESS":"UPPER GARLAND RD","TOWN":"DEXTER","DESCRIPTION":"10 ACRE LANDFILL CLOSED IN 1992 AS REQUIRED BY THE MEDEP LANDFILL CLOSURE AND REMEDIATION PROGRAM.   THE LANDFILL CLOSURE USED THE REGULATION CLOSURE PROCEDURE.  THIS GENERALLY CONSISTED OF AN ENVIRONMENTAL ASSESSMENT, A CLAY OR COMPOSITE COVER SYSTEM, AND WATER QUALITY MONITORING.  SPECIFIC DETAILS FOR CLOSURE OF THIS LANDFILL ARE AVAILABLE THROUGH MEDEP FILE ROOM.","SUMMARY":"CLOSED IN 1992 AS REQUIRED BY THE MEDEP LANDFILL CLOSURE AND REMEDIATION PROGRAM. 10 ACRE LANDFILL.   THE LANDFILL CLOSURE USED THE REGULATION CLOSURE PROCEDURE.  THIS GENERALLY CONSISTED OF AN ENVIRONMENTAL ASSESSMENT, A CLAY OR COMPOSITE COVER SYSTEM, AND WATER QUALITY MONITORING.  SPECIFIC DETAILS FOR CLOSURE OF THIS LANDFILL ARE AVAILABLE THROUGH MEDEP FILE ROOM. SIGNIFICANT LEACHATE ON THE SOUTHERN BOUNDARY OF THE LANDFILL","CLOSED":"POST-1976"},"id":192},{"type":"Feature","geometry":{"type":"Point","coordinates":[-70.40491899979463,44.530244280294625]},"properties":{"OBJECTID":"193","LATITUDE":"44.53024","LONGITUDE":"-70.40492","SITE_NAME":"DIXFIELD LANDFILL","SITE_NUMBER":"27161","ADDRESS":"RTE 2","TOWN":"DIXFIELD","DESCRIPTION":"3.4 ACRE LANDFILL CLOSED IN 1981 AS REQUIRED BY THE MEDEP LANDFILL CLOSURE AND REMEDIATION PROGRAM.   THE LANDFILL CLOSURE USED THE REGULATION CLOSURE PROCEDURE.  THIS GENERALLY CONSISTED OF AN ENVIRONMENTAL ASSESSMENT, A CLAY OR COMPOSITE COVER SYSTEM, AND WATER QUALITY MONITORING.  SPECIFIC DETAILS FOR CLOSURE OF THIS LANDFILL ARE AVAILABLE THROUGH MEDEP FILE ROOM.","SUMMARY":"CLOSED IN 1981 AS REQUIRED BY THE MEDEP LANDFILL CLOSURE AND REMEDIATION PROGRAM.  3.4 ACRE LANDFILL.  THE LANDFILL CLOSURE USED THE REGULATION CLOSURE PROCEDURE.  THIS GENERALLY CONSISTED OF AN ENVIRONMENTAL ASSESSMENT, A CLAY OR COMPOSITE COVER SYSTEM, AND WATER QUALITY MONITORING.  SPECIFIC DETAILS FOR CLOSURE OF THIS LANDFILL ARE AVAILABLE THROUGH MEDEP FILE ROOM.","CLOSED":"POST-1976"},"id":193},{"type":"Feature","geometry":{"type":"Point","coordinates":[-69.17582179032533,44.70561367017225]},"properties":{"OBJECTID":"194","LATITUDE":"44.70561","LONGITUDE":"-69.17582","SITE_NAME":"DIXMONT LANDFILL","SITE_NUMBER":"29623","ADDRESS":"MITCHELL RD","TOWN":"DIXMONT","DESCRIPTION":"1 ACRE LANDFILL CLOSED IN 1994 AS REQUIRED BY THE MEDEP LANDFILL CLOSURE AND REMEDIATION PROGRAM.  THE LANDFILL CLOSURE USED THE INTERIM COVER AND GRADING (ICAG) PROCEDURE.  THIS GENERALLY CONSISTED OF REGRADING WASTE AND CAPPING WITH 6 INCHES TOPSOIL OVER 18 INCHES 10E-6 CM/S GLACIAL TILL OVER 6 INCHES OF BURROW.  SPECIFIC DETAILS FOR CLOSURE OF THIS LANDFILL ARE AVAILABLE THROUGH THE MEDEP FILE ROOM.","SUMMARY":"CLOSED IN 1994 AS REQUIRED BY THE MEDEP LANDFILL CLOSURE AND REMEDIATION PROGRAM. 1 ACRE LANDFIL.L THE LANDFILL CLOSURE USED THE INTERIM COVER AND GRADING (ICAG) PROCEDURE.  THIS GENERALLY CONSISTED OF REGRADING WASTE AND CAPPING WITH 6 INCHES TOPSOIL OVER 18 INCHES 10E-6 CM/S GLACIAL TILL OVER 6 INCHES OF BURROW.  SPECIFIC DETAILS FOR CLOSURE OF THIS LANDFILL ARE AVAILABLE","CLOSED":"POST-1976"},"id":194},{"type":"Feature","geometry":{"type":"Point","coordinates":[-69.20426896943138,45.1908272797277]},"properties":{"OBJECTID":"195","LATITUDE":"45.19083","LONGITUDE":"-69.20427","SITE_NAME":"DOVER-FOXCROFT LANDFILL","SITE_NUMBER":"29564","ADDRESS":"FOXCROFT CENTER RD","TOWN":"DOVER-FOXCROFT","DESCRIPTION":"9.5 ACRE LANDFILL CLOSED IN 1995 AS REQUIRED BY THE MEDEP LANDFILL CLOSURE AND REMEDIATION PROGRAM.   THE LANDFILL CLOSURE USED THE REGULATION CLOSURE PROCEDURE.  THIS GENERALLY CONSISTED OF AN ENVIRONMENTAL ASSESSMENT, A CLAY OR COMPOSITE COVER SYSTEM, AND WATER QUALITY MONITORING.  SPECIFIC DETAILS FOR CLOSURE OF THIS LANDFILL ARE AVAILABLE THROUGH MEDEP FILE ROOM.","SUMMARY":"CLOSED IN 1995 AS REQUIRED BY THE MEDEP LANDFILL CLOSURE AND REMEDIATION PROGRAM.  9.5 ACRE LANDFILL.  THE LANDFILL CLOSURE USED THE REGULATION CLOSURE PROCEDURE.  THIS GENERALLY CONSISTED OF AN ENVIRONMENTAL ASSESSMENT, A CLAY OR COMPOSITE COVER SYSTEM, AND WATER QUALITY MONITORING.  SPECIFIC DETAILS FOR CLOSURE OF THIS LANDFILL ARE AVAILABLE THROUGH MEDEP FILE ROOM.HISTORY:OLD DUMP LOCATED NEAR AN ALDER SWAMP.  CONVERTED TO A LANDFILL IN THE LATE '70S.  FEPR FROM PERC ACCEPTED DURING THE EARLY '90S.","CLOSED":"POST-1976"},"id":195},{"type":"Feature","geometry":{"type":"Point","coordinates":[-69.75406626943087,44.163422090447106]},"properties":{"OBJECTID":"196","LATITUDE":"44.16342","LONGITUDE":"-69.75407","SITE_NAME":"E C BARRY LANDFILL","SITE_NUMBER":"27591","ADDRESS":"VICTORY LANE OFF RTE 27","TOWN":"PITTSTON","DESCRIPTION":"OPENED IN 1969. THE BURNING AREA WAS CLOSED IN 1980 AND THE REST OF THE LANDFILL IN 1985-86.  THIS FACILITY SERVED AT LEAST SIX MUNICIPALITIES: GARDINER, WEST GARDINER, PITTSTON, RANDOLPH, DRESDON, FARMINGDALE. LAST MONITORING DATA 10/85.  APRROX. 5.5 ACRES","SUMMARY":"CLOSED 1986.  APPROX 5.5 ACRES. OPENED IN 1969. THE BURNING AREA WAS CLOSED IN 1980 AND THE REST OF THE LANDFILL IN 1985-86.  THIS FACILITY SERVED AT LEAST SIX MUNICIPALITIES: GARDINER, WEST GARDINER, PITTSTON, RANDOLPH, DRESDON, FARMINGDALE. LAST MONITORING DATA 10/85.","CLOSED":"POST-1976"},"id":196},{"type":"Feature","geometry":{"type":"Point","coordinates":[-68.60975411970782,47.04061467039933]},"properties":{"OBJECTID":"197","LATITUDE":"47.04061","LONGITUDE":"-68.60975","SITE_NAME":"EAGLE LAKE LANDFILL","SITE_NUMBER":"29816","ADDRESS":"CONVENT RD","TOWN":"EAGLE LAKE","DESCRIPTION":"3 ACRE LANDFILL CLOSED IN 1997 AS REQUIRED BY THE MEDEP LANDFILL CLOSURE AND REMEDIATION PROGRAM.  THE LANDFILL CLOSURE USED THE INTERIM COVER AND GRADING (ICAG) PROCEDURE.  THIS GENERALLY CONSISTED OF REGRADING WASTE AND CAPPING WITH 6 INCHES TOPSOIL OVER 18 INCHES 10E-6 CM/S GLACIAL TILL OVER 6 INCHES OF BURROW.  SPECIFIC DETAILS FOR CLOSURE OF THIS LANDFILL ARE AVAILABLE THROUGH THE MEDEP FILE ROOM.","SUMMARY":" CLOSED IN 1997 AS REQUIRED BY THE MEDEP LANDFILL CLOSURE AND REMEDIATION PROGRAM. 3 ACRE LANDFILL.  THE LANDFILL CLOSURE USED THE INTERIM COVER AND GRADING (ICAG) PROCEDURE.  THIS GENERALLY CONSISTED OF REGRADING WASTE AND CAPPING WITH 6 INCHES TOPSOIL OVER 18 INCHES 10E-6 CM/S GLACIAL TILL OVER 6 INCHES OF BURROW.  SPECIFIC DETAILS FOR CLOSURE OF THIS LANDFILL ARE AVAILABLE THROUGH THE MEDEP FILE ROOM.","CLOSED":"POST-1976"},"id":197},{"type":"Feature","geometry":{"type":"Point","coordinates":[-67.38079489055617,44.734921470057344]},"properties":{"OBJECTID":"198","LATITUDE":"44.73492","LONGITUDE":"-67.38079","SITE_NAME":"EAST MACHIAS LANDFILL","SITE_NUMBER":"29693","ADDRESS":"RTE 1","TOWN":"EAST MACHIAS","DESCRIPTION":"2.5 ACRE LANDFILL CLOSED IN 1999 AS REQUIRED BY THE MEDEP LANDFILL CLOSURE AND REMEDIATION PROGRAM.  THE LANDFILL CLOSURE USED A REDUCED PROCEDURE.  THIS GENERALLY CONSISTED OF REGRADING WASTE AND CAPPING WITH 6 INCHES TOPSOIL OVER 18 INCHES 10E-6 CM/S GLACIAL TILL OVER 6 INCHES OF BURROW.  SPECIFIC DETAILS FOR CLOSURE OF THIS LANDFILL ARE AVAILABLE THROUGH THE MEDEP FILE ROOM.","SUMMARY":"CLOSED IN 1999 AS REQUIRED BY THE MEDEP LANDFILL CLOSURE AND REMEDIATION PROGRAM. 2.5 ACRE LANDFILL.  THE LANDFILL CLOSURE USED A REDUCED PROCEDURE.  THIS GENERALLY CONSISTED OF REGRADING WASTE AND CAPPING WITH 6 INCHES TOPSOIL OVER 18 INCHES 10E-6 CM/S GLACIAL TILL OVER 6 INCHES OF BURROW.  SPECIFIC DETAILS FOR CLOSURE OF THIS LANDFILL ARE AVAILABLE THROUGH THE MEDEP FILE ROOM.","CLOSED":"POST-1976"},"id":198},{"type":"Feature","geometry":{"type":"Point","coordinates":[-68.58903375002674,45.63261209030953]},"properties":{"OBJECTID":"199","LATITUDE":"45.63261","LONGITUDE":"-68.58903","SITE_NAME":"EAST MILLINOCKET LANDFILL","SITE_NUMBER":"29624","ADDRESS":"RTE 11","TOWN":"EAST MILLINOCKET","DESCRIPTION":"2.3 ACRE LANDFILL CLOSED IN 1994 AS REQUIRED BY THE MEDEP LANDFILL CLOSURE AND REMEDIATION PROGRAM.  THE LANDFILL CLOSURE USED A REDUCED PROCEDURE.  THIS GENERALLY CONSISTED OF REGRADING WASTE AND CAPPING WITH 6 INCHES TOPSOIL OVER 18 INCHES 10E-6 CM/S GLACIAL TILL OVER 6 INCHES OF BURROW.  SPECIFIC DETAILS FOR CLOSURE OF THIS LANDFILL ARE AVAILABLE THROUGH THE MEDEP FILE ROOM.","SUMMARY":"CLOSED IN 1994 AS REQUIRED BY THE MEDEP LANDFILL CLOSURE AND REMEDIATION PROGRAM.  2.3 ACRE LANDFILL. THE LANDFILL CLOSURE USED A REDUCED PROCEDURE.  THIS GENERALLY CONSISTED OF REGRADING WASTE AND CAPPING WITH 6 INCHES TOPSOIL OVER 18 INCHES 10E-6 CM/S GLACIAL TILL OVER 6 INCHES OF BURROW.  SPECIFIC DETAILS FOR CLOSURE OF THIS LANDFILL ARE AVAILABLE THROUGH THE MEDEP FILE ROOM.SITE IS ALSO THE LOCATION OF THE OLD CONE BURNER.  FACILITY HAS NOT OPERATED IN MANY YEARS.","CLOSED":"POST-1976"},"id":199},{"type":"Feature","geometry":{"type":"Point","coordinates":[-68.26619614961525,44.64872369959565]},"properties":{"OBJECTID":"200","LATITUDE":"44.64872","LONGITUDE":"-68.2662","SITE_NAME":"EASTBROOK MUNICIPAL LANDFILL","SITE_NUMBER":"79887","ADDRESS":"END OF BULLETS LANE","TOWN":"EASTBROOK","DESCRIPTION":"1 ACRE LANDFILL CLOSED IN 1996 AS REQUIRED BY THE MEDEP LANDFILL CLOSURE AND REMEDIATION PROGRAM.  THE LANDFILL CLOSURE USED A REDUCED PROCEDURE.  THIS GENERALLY CONSISTED OF REGRADING WASTE AND CAPPING WITH 6 INCHES TOPSOIL OVER 18 INCHES 10E-6 CM/S GLACIAL TILL OVER 6 INCHES OF BURROW.  SPECIFIC DETAILS FOR CLOSURE OF THIS LANDFILL ARE AVAILABLE THROUGH THE MEDEP FILE ROOM.","SUMMARY":"CLOSED IN 1996 AS REQUIRED BY THE MEDEP LANDFILL CLOSURE AND REMEDIATION PROGRAM.  1 ACRE LANDFILL.  THE LANDFILL CLOSURE USED A REDUCED PROCEDURE.  THIS GENERALLY CONSISTED OF REGRADING WASTE AND CAPPING WITH 6 INCHES TOPSOIL OVER 18 INCHES 10E-6 CM/S GLACIAL TILL OVER 6 INCHES OF BURROW.  SPECIFIC DETAILS FOR CLOSURE OF THIS LANDFILL ARE AVAILABLE THROUGH THE MEDEP FILE ROOM.","CLOSED":"POST-1976"},"id":200},{"type":"Feature","geometry":{"type":"Point","coordinates":[-67.86723170046004,46.65653144987388]},"properties":{"OBJECTID":"201","LATITUDE":"46.65653","LONGITUDE":"-67.86723","SITE_NAME":"EASTON LANDFILL","SITE_NUMBER":"29817","ADDRESS":"RTE 1A AND 165","TOWN":"EASTON","DESCRIPTION":"5 ACRE LANDFILL CLOSED IN 1986 AS REQUIRED BY THE MEDEP LANDFILL CLOSURE AND REMEDIATION PROGRAM.   THE LANDFILL CLOSURE USED THE REGULATION CLOSURE PROCEDURE.  THIS GENERALLY CONSISTED OF AN ENVIRONMENTAL ASSESSMENT, A CLAY OR COMPOSITE COVER SYSTEM, AND WATER QUALITY MONITORING.  SPECIFIC DETAILS FOR CLOSURE OF THIS LANDFILL ARE AVAILABLE THROUGH MEDEP FILE ROOM.","SUMMARY":"CLOSED IN 1986 AS REQUIRED BY THE MEDEP LANDFILL CLOSURE AND REMEDIATION PROGRAM. 5 ACRE LANDFILL.   THE LANDFILL CLOSURE USED THE REGULATION CLOSURE PROCEDURE.  THIS GENERALLY CONSISTED OF AN ENVIRONMENTAL ASSESSMENT, A CLAY OR COMPOSITE COVER SYSTEM, AND WATER QUALITY MONITORING.  SPECIFIC DETAILS FOR CLOSURE OF THIS LANDFILL ARE AVAILABLE THROUGH MEDEP FILE ROOM.","CLOSED":"POST-1976"},"id":201},{"type":"Feature","geometry":{"type":"Point","coordinates":[-67.01038089031823,44.90648727995656]},"properties":{"OBJECTID":"202","LATITUDE":"44.90649","LONGITUDE":"-67.01038","SITE_NAME":"EASTPORT LANDFILL","SITE_NUMBER":"29694","ADDRESS":"14 DEEP COVE RD","TOWN":"EASTPORT","DESCRIPTION":"2.5 ACRE CLOSED LANDFILL.  CLOSURE DATE AND PROCEDURE UNKNOWN.  NOT STABLE;  PHYSICALLY SLUMPING INTO ADJACENT WETLAND. 300 FT FROM WELL","SUMMARY":"2.5 ACRE CLOSED LANDFILL.  CLOSURE DATE AND PROCEDURE UNKNOWN. NOT STABLE;  PHYSICALLY SLUMPING INTO ADJACENT WETLAND. 300 FT FROM WELL","CLOSED":"POST-1976"},"id":202},{"type":"Feature","geometry":{"type":"Point","coordinates":[-70.37139973004471,43.63851219960113]},"properties":{"OBJECTID":"203","LATITUDE":"43.63851","LONGITUDE":"-70.3714","SITE_NAME":"ECO-MAINE LANDFILL","SITE_NUMBER":"31344","ADDRESS":"GREEN RD OFF RUNNING HILL RD","TOWN":"SCARBOROUGH","DESCRIPTION":"LANDFILL CONSISTS OF TWO SEPARATE AREAS INCLUDING PHASES 1 THORUGH 6 (29.3 ACRES) AND PHASES 7 AND 8 (13.4 ACRES).  BOTH AREAS CLOSED IN 1999 USING A COMPOSITE  COVER SYSTEM IN ACCORANCE WITH THE REQUIREMENTS OF THE MAINE SOLID WASTE MANAGEMENT REGULATIONS.  POST-CLOSURE MONITORING OF GROUNDWATER AND SUBSURFACE LANDFILL GAS ARE INCLUDED IN CLOSURE REQUIREMENTS.  SPECIFIC DETAILS OF CLOSURE ARE AVAIABLE THROUGH THE MEDEP FILE ROOM.","SUMMARY":"CLOSED IN 1999. LANDFILL CONSISTS OF TWO SEPARATE AREAS INCLUDING PHASES 1 THORUGH 6 (29.3 ACRES) AND PHASES 7 AND 8 (13.4 ACRES).  BOTH AREAS CLOSED USING A COMPOSITE  COVER SYSTEM IN ACCORANCE WITH THE REQUIREMENTS OF THE MAINE SOLID WASTE MANAGEMENT REGULATIONS.  POST-CLOSURE MONITORING OF GROUNDWATER AND SUBSURFACE LANDFILL GAS ARE INCLUDED IN CLOSURE REQUIREMENTS.  SPECIFIC DETAILS OF CLOSURE ARE AVAIABLE THROUGH THE MEDEP FILE ROOM.\r\n\r\nHISTORICALNOTES: \r\n\r\nLANDFILL INCLUDES:\r\n-THE BALEFILL 1-6\r\n-ASHFILL-BALEFILL 7-8\r\n-PHASE THREE OF ASH-BALEFILL LANDFILL.\r\n\r\nTHE BALEFILL WAS LICENSED 6/9/76, AND CONSTRUCTED IN 1977.  IT HAS A 20-MIL PVC LINER, WITH LEACHATE COLLECTION.  LEACHATE WAS ORIGINALLY COLLECTED IN TANKS AND PUMPED, FOR DISPOSAL AT THE PORTLAND WATER DISTRICT TREATMENT PLANT.  THE AREA IS NOW SERVED BY A FORCE MAIN.  BALES AND LOOSE REFUSE WERE DISPOSED OF.  GROUND WATER HAS BEEN CONTAMINATED FOR SEVERAL YEARS. CELLS 1-6\r\n\r\nTHE ASHFILL-BALEFILL 7-8 WAS LICENSED 7/12/85.  IT IS USED FOR DISPOSAL OF ASH FROM THE RWS INCINERATOR, AS WELL AS BALES WHEN THE INCINERATOR ISN'T OPERATING, AND LOOSE REFUSE WHEN BOTH THE BALER AND INCINERATOR AREN'T OPERATING.  IT IS UNLINED, BUT IS CONSTRUCTED ON THICK DEPOSITS OF MARINE CLAY.  IT HAS LEACHATE COLLECTION AND MANAGEMENT.\r\n\r\nPHASE THREE OF ASH-BALEFILL LANDFILL; APPROX. 98% ASH 2 % BALEFILL. PLAN TO EXPAND ACREAGE CONTIGUOUS TO SOUTH.","CLOSED":"POST-1976"},"id":203},{"type":"Feature","geometry":{"type":"Point","coordinates":[-70.78752074988952,43.145132159702115]},"properties":{"OBJECTID":"204","LATITUDE":"43.14513","LONGITUDE":"-70.78752","SITE_NAME":"ELIOT LANDFILL","SITE_NUMBER":"27756","ADDRESS":"RTE 236","TOWN":"ELIOT","DESCRIPTION":"2.5 ACRE LANDFILL CLOSED IN 1982 AS REQUIRED BY THE MEDEP LANDFILL CLOSURE AND REMEDIATION PROGRAM.   THE LANDFILL CLOSURE USED THE REGULATION CLOSURE PROCEDURE.  THIS GENERALLY CONSISTED OF AN ENVIRONMENTAL ASSESSMENT, A CLAY OR COMPOSITE COVER SYSTEM, AND WATER QUALITY MONITORING.  SPECIFIC DETAILS FOR CLOSURE OF THIS LANDFILL ARE AVAILABLE THROUGH MEDEP FILE ROOM.","SUMMARY":"CLOSED IN 1982 AS REQUIRED BY THE MEDEP LANDFILL CLOSURE AND REMEDIATION PROGRAM.  2.5 ACRE LANDFILL.  THE LANDFILL CLOSURE USED THE REGULATION CLOSURE PROCEDURE.  THIS GENERALLY CONSISTED OF AN ENVIRONMENTAL ASSESSMENT, A CLAY OR COMPOSITE COVER SYSTEM, AND WATER QUALITY MONITORING.  SPECIFIC DETAILS FOR CLOSURE OF THIS LANDFILL ARE AVAILABLE THROUGH MEDEP FILE ROOM.","CLOSED":"POST-1976"},"id":204},{"type":"Feature","geometry":{"type":"Point","coordinates":[-68.40960585992424,44.558255379804095]},"properties":{"OBJECTID":"205","LATITUDE":"44.55826","LONGITUDE":"-68.40961","SITE_NAME":"ELLSWORTH LANDFILL","SITE_NUMBER":"29759","ADDRESS":"STABAWL RD","TOWN":"ELLSWORTH","DESCRIPTION":"19.4 ACRE LANDFILL CLOSED IN 1994 AS REQUIRED BY THE MEDEP LANDFILL CLOSURE AND REMEDIATION PROGRAM.  THE LANDFILL CLOSURE USED A REDUCED PROCEDURE.  THIS GENERALLY CONSISTED OF REGRADING WASTE AND CAPPING WITH 6 INCHES TOPSOIL OVER 18 INCHES 10E-6 CM/S GLACIAL TILL OVER 6 INCHES OF BURROW.  SPECIFIC DETAILS FOR CLOSURE OF THIS LANDFILL ARE AVAILABLE THROUGH THE MEDEP FILE ROOM.","SUMMARY":"CLOSED IN 1994 AS REQUIRED BY THE MEDEP LANDFILL CLOSURE AND REMEDIATION PROGRAM. 19.4 ACRE LANDFILL.  THE LANDFILL CLOSURE USED A REDUCED PROCEDURE.  THIS GENERALLY CONSISTED OF REGRADING WASTE AND CAPPING WITH 6 INCHES TOPSOIL OVER 18 INCHES 10E-6 CM/S GLACIAL TILL OVER 6 INCHES OF BURROW.  SPECIFIC DETAILS FOR CLOSURE OF THIS LANDFILL ARE AVAILABLE THROUGH THE MEDEP FILE ROOM.","CLOSED":"POST-1976"},"id":205},{"type":"Feature","geometry":{"type":"Point","coordinates":[-68.58469096037905,45.246813280417044]},"properties":{"OBJECTID":"206","LATITUDE":"45.24681","LONGITUDE":"-68.58469","SITE_NAME":"ENFIELD LANDFILL","SITE_NUMBER":"29625","ADDRESS":"DUMP RD","TOWN":"ENFIELD","DESCRIPTION":"2.5 ACRE LANDFILL CLOSED IN 1995 AS REQUIRED BY THE MEDEP LANDFILL CLOSURE AND REMEDIATION PROGRAM.  THE LANDFILL CLOSURE USED AN ALTERNATIVE PROCEDURE AS IT WAS NOT AUTOMATICALLY ELIGIBLE FOR A REDUCED PROCEDURE CLOSURE.  THIS INCLUDED AN ENVIRONMENTAL ASSESSMENT AND POSSIBLE IMPROVED COVER SYSTEM AND/OR WATER QUALITY MONITORING.  SPECIFIC DETAILS OF CLOSURE ARE AVAIABLE THROUGH THE MEDEP FILE ROOM.","SUMMARY":"CLOSED IN 1995 AS REQUIRED BY THE MEDEP LANDFILL CLOSURE AND REMEDIATION PROGRAM. 2.5 ACRE LANDFILL.  THE LANDFILL CLOSURE USED AN ALTERNATIVE PROCEDURE AS IT WAS NOT AUTOMATICALLY ELIGIBLE FOR A REDUCED PROCEDURE CLOSURE.  THIS INCLUDED AN ENVIRONMENTAL ASSESSMENT AND POSSIBLE IMPROVED COVER SYSTEM AND/OR WATER QUALITY MONITORING.  SPECIFIC DETAILS OF CLOSURE ARE AVAIABLE THROUGH THE MEDEP FILE ROOM.DUMP IS LOCATED ON SAND AND GRAVEL DEPOSIT.","CLOSED":"POST-1976"},"id":206},{"type":"Feature","geometry":{"type":"Point","coordinates":[-70.42247524991174,45.16770402014876]},"properties":{"OBJECTID":"207","LATITUDE":"45.1677","LONGITUDE":"-70.42248","SITE_NAME":"EUSTIS LANDFILL","SITE_NUMBER":"29349","ADDRESS":"SCHOOL ST","TOWN":"BIGELOW TWP","DESCRIPTION":"2.5 ACRE LANDFILL CLOSED IN 1991 AS REQUIRED BY THE MEDEP LANDFILL CLOSURE AND REMEDIATION PROGRAM.   THE LANDFILL CLOSURE USED THE REGULATION CLOSURE PROCEDURE.  THIS GENERALLY CONSISTED OF AN ENVIRONMENTAL ASSESSMENT, A CLAY OR COMPOSITE COVER SYSTEM, AND WATER QUALITY MONITORING.  SPECIFIC DETAILS FOR CLOSURE OF THIS LANDFILL ARE AVAILABLE THROUGH MEDEP FILE ROOM.","SUMMARY":"CLOSED IN 1991 AS REQUIRED BY THE MEDEP LANDFILL CLOSURE AND REMEDIATION PROGRAM.   2.5 ACRE LANDFILL.  THE LANDFILL CLOSURE USED THE REGULATION CLOSURE PROCEDURE.  THIS GENERALLY CONSISTED OF AN ENVIRONMENTAL ASSESSMENT, A CLAY OR COMPOSITE COVER SYSTEM, AND WATER QUALITY MONITORING.  SPECIFIC DETAILS FOR CLOSURE OF THIS LANDFILL ARE AVAILABLE THROUGH MEDEP FILE ROOM.  LANDFILL CLOSING PLAN BY E.C. JORDAN  562 CONGRESS ST., P.O. BOX 7050  PORTLAND, ME. 04112","CLOSED":"POST-1976"},"id":207},{"type":"Feature","geometry":{"type":"Point","coordinates":[-69.07258342028004,44.948809209638185]},"properties":{"OBJECTID":"208","LATITUDE":"44.94881","LONGITUDE":"-69.07258","SITE_NAME":"EXETER LANDFILL","SITE_NUMBER":"29626","ADDRESS":"OLD COLBATH RD","TOWN":"EXETER","DESCRIPTION":"3.3 ACRE LANDFILL CLOSED IN 1995 AS REQUIRED BY THE MEDEP LANDFILL CLOSURE AND REMEDIATION PROGRAM.  THE LANDFILL CLOSURE USED AN ALTERNATIVE PROCEDURE AS IT WAS NOT AUTOMATICALLY ELIGIBLE FOR A REDUCED PROCEDURE CLOSURE.  THIS INCLUDED AN ENVIRONMENTAL ASSESSMENT AND POSSIBLE IMPROVED COVER SYSTEM AND/OR WATER QUALITY MONITORING.  SPECIFIC DETAILS OF CLOSURE ARE AVAIABLE THROUGH THE MEDEP FILE ROOM.","SUMMARY":"CLOSED IN 1995 AS REQUIRED BY THE MEDEP LANDFILL CLOSURE AND REMEDIATION PROGRAM. 3.3 ACRE LANDFILL.  THE LANDFILL CLOSURE USED AN ALTERNATIVE PROCEDURE AS IT WAS NOT AUTOMATICALLY ELIGIBLE FOR A REDUCED PROCEDURE CLOSURE.  THIS INCLUDED AN ENVIRONMENTAL ASSESSMENT AND POSSIBLE IMPROVED COVER SYSTEM AND/OR WATER QUALITY MONITORING.  SPECIFIC DETAILS OF CLOSURE ARE AVAIABLE THROUGH THE MEDEP FILE ROOM.","CLOSED":"POST-1976"},"id":208},{"type":"Feature","geometry":{"type":"Point","coordinates":[-69.60451378025509,44.596301930178555]},"properties":{"OBJECTID":"209","LATITUDE":"44.5963","LONGITUDE":"-69.60451","SITE_NAME":"FAIRFIELD MUNI LANDFILL","SITE_NUMBER":"29454","ADDRESS":"MAPLE STREET","TOWN":"FAIRFIELD","DESCRIPTION":"18 ACRE LANDFILL CLOSED IN 1993 AS REQUIRED BY THE MEDEP LANDFILL CLOSURE AND REMEDIATION PROGRAM.   THE LANDFILL CLOSURE USED THE REGULATION CLOSURE PROCEDURE.  THIS GENERALLY CONSISTED OF AN ENVIRONMENTAL ASSESSMENT, A CLAY OR COMPOSITE COVER SYSTEM, AND WATER QUALITY MONITORING.  SPECIFIC DETAILS FOR CLOSURE OF THIS LANDFILL ARE AVAILABLE THROUGH MEDEP FILE ROOM.","SUMMARY":"CLOSED IN 1993 AS REQUIRED BY THE MEDEP LANDFILL CLOSURE AND REMEDIATION PROGRAM. 18 ACRE LANDFILL.   THE LANDFILL CLOSURE USED THE REGULATION CLOSURE PROCEDURE.  THIS GENERALLY CONSISTED OF AN ENVIRONMENTAL ASSESSMENT, A CLAY OR COMPOSITE COVER SYSTEM, AND WATER QUALITY MONITORING.  SPECIFIC DETAILS FOR CLOSURE OF THIS LANDFILL ARE AVAILABLE THROUGH MEDEP FILE ROOM.COMMENT FROM 1993: LANDFILL CLOSURE IN PROGRESS-EVIDENCE OF LEACHATE BREAKOUT; GAS MIGRATION BARRIER AND VENT SYSTEM CONSTRUCTED, AND EXPECTED TO CATCH LEACHATE.","CLOSED":"POST-1976"},"id":209},{"type":"Feature","geometry":{"type":"Point","coordinates":[-70.2454670694902,43.73844228978173]},"properties":{"OBJECTID":"210","LATITUDE":"43.73844","LONGITUDE":"-70.24547","SITE_NAME":"FALMOUTH LANDFILL","SITE_NUMBER":"28545","ADDRESS":"WOODS RD","TOWN":"FALMOUTH","DESCRIPTION":"4 ACRE LANDFILL CLOSED IN 1990 AS REQUIRED BY THE MEDEP LANDFILL CLOSURE AND REMEDIATION PROGRAM.   THE LANDFILL CLOSURE USED THE REGULATION CLOSURE PROCEDURE.  THIS GENERALLY CONSISTED OF AN ENVIRONMENTAL ASSESSMENT, A CLAY OR COMPOSITE COVER SYSTEM, AND WATER QUALITY MONITORING.  SPECIFIC DETAILS FOR CLOSURE OF THIS LANDFILL ARE AVAILABLE THROUGH MEDEP FILE ROOM.","SUMMARY":"CLOSED IN 1990 AS REQUIRED BY THE MEDEP LANDFILL CLOSURE AND REMEDIATION PROGRAM.  4 ACRE LANDFILL.  THE LANDFILL CLOSURE USED THE REGULATION CLOSURE PROCEDURE.  THIS GENERALLY CONSISTED OF AN ENVIRONMENTAL ASSESSMENT, A CLAY OR COMPOSITE COVER SYSTEM, AND WATER QUALITY MONITORING.  SPECIFIC DETAILS FOR CLOSURE OF THIS LANDFILL ARE AVAILABLE THROUGH MEDEP FILE ROOM.    005138-07 IS THE OLD LICENSE ID. 2001 LIC AS TRANSFER STATION, 2002 LICENSED FOR COMPOST","CLOSED":"POST-1976"},"id":210},{"type":"Feature","geometry":{"type":"Point","coordinates":[-70.09164427015406,44.641013319583365]},"properties":{"OBJECTID":"211","LATITUDE":"44.64101","LONGITUDE":"-70.09164","SITE_NAME":"FARMINGTON LANDFILL","SITE_NUMBER":"29516","ADDRESS":"RTE2","TOWN":"FARMINGTON","DESCRIPTION":"16.3 ACRE LANDFILL CLOSED IN 1995 AS REQUIRED BY THE MEDEP LANDFILL CLOSURE AND REMEDIATION PROGRAM.  THE LANDFILL CLOSURE USED A REDUCED PROCEDURE.  THIS GENERALLY CONSISTED OF REGRADING WASTE AND CAPPING WITH 6 INCHES TOPSOIL OVER 18 INCHES 10E-6 CM/S GLACIAL TILL OVER 6 INCHES OF BURROW.  SPECIFIC DETAILS FOR CLOSURE OF THIS LANDFILL ARE AVAILABLE THROUGH THE MEDEP FILE ROOM.","SUMMARY":"CLOSED IN 1995 AS REQUIRED BY THE MEDEP LANDFILL CLOSURE AND REMEDIATION PROGRAM. 16.3 ACRE LANDFILL.  THE LANDFILL CLOSURE USED A REDUCED PROCEDURE.  THIS GENERALLY CONSISTED OF REGRADING WASTE AND CAPPING WITH 6 INCHES TOPSOIL OVER 18 INCHES 10E-6 CM/S GLACIAL TILL OVER 6 INCHES OF BURROW.  SPECIFIC DETAILS FOR CLOSURE OF THIS LANDFILL ARE AVAILABLE THROUGH THE MEDEP FILE ROOM.OLD COMMENTS;FACILITY WAS LICENSED, AND CONSISTED OF TRENCHES IN SHALLOW BASAL TILL OVER BEDROCK.  FACILITY WAS APPROVED CONTINGENT UPON MONITORING, BUT RESULTS HAVEN'T BEEN RECEIVED FOR YEARS.","CLOSED":"POST-1976"},"id":211},{"type":"Feature","geometry":{"type":"Point","coordinates":[-67.88952972967388,46.82424917039986]},"properties":{"OBJECTID":"212","LATITUDE":"46.82425","LONGITUDE":"-67.88953","SITE_NAME":"FORT FAIRFIELD LANDFILL","SITE_NUMBER":"29818","ADDRESS":"NORTH CARIBOU RD","TOWN":"FORT FAIRFIELD","DESCRIPTION":"2.5 ACRE LANDFILL CLOSED IN 1980 AS REQUIRED BY THE MEDEP LANDFILL CLOSURE AND REMEDIATION PROGRAM.   HISTORY: SITE SELECTED IN 1963 AND USED TILL 1970 WHEN IT BECAME CLEAR THAT THE POTATO WASTE, AKA POTATO DIRT, FAILED TO DECOMPOSE FAST ENOUGH AND CAUSED A POLLUTION AND ODOR PROBLEM. THIS WAS IN THE FAR NORTHEAST CORNER OF THE 58 ACRE LOT.  THE LANDFILL CLOSURE USED THE REGULATION CLOSURE PROCEDURE.  THIS GENERALLY CONSISTED OF AN ENVIRONMENTAL ASSESSMENT, A CLAY OR COMPOSITE COVER SYSTEM, AND WATER QUALITY MONITORING.  SPECIFIC DETAILS FOR CLOSURE OF THIS LANDFILL ARE AVAILABLE THROUGH MEDEP FILE ROOM.","SUMMARY":"CLOSED IN 1980 AS REQUIRED BY THE MEDEP LANDFILL CLOSURE AND REMEDIATION PROGRAM. 2.5 ACRE LANDFILL.  HISTORY: SITE SELECTED IN 1963 AND USED TILL 1970 WHEN IT BECAME CLEAR THAT THE POTATO WASTE, AKA POTATO DIRT, FAILED TO DECOMPOSE FAST ENOUGH AND CAUSED A POLLUTION AND ODOR PROBLEM. THIS WAS IN THE FAR NORTHEAST CORNER OF THE 58 ACRE LOT. THE LANDFILL CLOSURE USED THE REGULATION CLOSURE PROCEDURE.  THIS GENERALLY CONSISTED OF AN ENVIRONMENTAL ASSESSMENT, A CLAY OR COMPOSITE COVER SYSTEM, AND WATER QUALITY MONITORING.  SPECIFIC DETAILS FOR CLOSURE OF THIS LANDFILL ARE AVAILABLE THROUGH MEDEP FILE ROOM.","CLOSED":"POST-1976"},"id":212},{"type":"Feature","geometry":{"type":"Point","coordinates":[-68.51794940975978,47.24272512015805]},"properties":{"OBJECTID":"213","LATITUDE":"47.24273","LONGITUDE":"-68.51795","SITE_NAME":"FORT KENT LANDFILL","SITE_NUMBER":"29819","ADDRESS":"NORTH PERLEY BROOK RD","TOWN":"FORT KENT","DESCRIPTION":"2.5 ACRE LANDFILL CLOSED IN 1995 AS REQUIRED BY THE MEDEP LANDFILL CLOSURE AND REMEDIATION PROGRAM.  THE LANDFILL CLOSURE USED A REDUCED PROCEDURE.  THIS GENERALLY CONSISTED OF REGRADING WASTE AND CAPPING WITH 6 INCHES TOPSOIL OVER 18 INCHES 10E-6 CM/S GLACIAL TILL OVER 6 INCHES OF BURROW.  SPECIFIC DETAILS FOR CLOSURE OF THIS LANDFILL ARE AVAILABLE THROUGH THE MEDEP FILE ROOM.","SUMMARY":"CLOSED IN 1995 AS REQUIRED BY THE MEDEP LANDFILL CLOSURE AND REMEDIATION PROGRAM.  2.5 ACRE LANDFILL.  THE LANDFILL CLOSURE USED A REDUCED PROCEDURE.  THIS GENERALLY CONSISTED OF REGRADING WASTE AND CAPPING WITH 6 INCHES TOPSOIL OVER 18 INCHES 10E-6 CM/S GLACIAL TILL OVER 6 INCHES OF BURROW.  SPECIFIC DETAILS FOR CLOSURE OF THIS LANDFILL ARE AVAILABLE THROUGH THE MEDEP FILE ROOM.","CLOSED":"POST-1976"},"id":213},{"type":"Feature","geometry":{"type":"Point","coordinates":[-68.25835822949738,44.59495336029996]},"properties":{"OBJECTID":"214","LATITUDE":"44.59495","LONGITUDE":"-68.25836","SITE_NAME":"FRANKLIN LANDFILL","SITE_NUMBER":"29760","ADDRESS":"RTE 200","TOWN":"FRANKLIN","DESCRIPTION":"2.5 ACRE LANDFILL CLOSED IN 1995 AS REQUIRED BY THE MEDEP LANDFILL CLOSURE AND REMEDIATION PROGRAM.  THE LANDFILL CLOSURE USED A REDUCED PROCEDURE.  THIS GENERALLY CONSISTED OF REGRADING WASTE AND CAPPING WITH 6 INCHES TOPSOIL OVER 18 INCHES 10E-6 CM/S GLACIAL TILL OVER 6 INCHES OF BURROW.  SPECIFIC DETAILS FOR CLOSURE OF THIS LANDFILL ARE AVAILABLE THROUGH THE MEDEP FILE ROOM.","SUMMARY":"CLOSED IN 1995 AS REQUIRED BY THE MEDEP LANDFILL CLOSURE AND REMEDIATION PROGRAM. 2.5 ACRE LANDFILL.  THE LANDFILL CLOSURE USED A REDUCED PROCEDURE.  THIS GENERALLY CONSISTED OF REGRADING WASTE AND CAPPING WITH 6 INCHES TOPSOIL OVER 18 INCHES 10E-6 CM/S GLACIAL TILL OVER 6 INCHES OF BURROW.  SPECIFIC DETAILS FOR CLOSURE OF THIS LANDFILL ARE AVAILABLE THROUGH THE MEDEP FILE ROOM.","CLOSED":"POST-1976"},"id":214},{"type":"Feature","geometry":{"type":"Point","coordinates":[-69.32059608048729,44.49879494968384]},"properties":{"OBJECTID":"215","LATITUDE":"44.49879","LONGITUDE":"-69.3206","SITE_NAME":"FREEDOM LANDFILL","SITE_NUMBER":"29406","ADDRESS":"MITCHELL RD","TOWN":"FREEDOM","DESCRIPTION":"2 ACRE LANDFILL CLOSED IN 1995 AS REQUIRED BY THE MEDEP LANDFILL CLOSURE AND REMEDIATION PROGRAM.  THE LANDFILL CLOSURE USED AN ALTERNATIVE PROCEDURE AS IT WAS NOT AUTOMATICALLY ELIGIBLE FOR A REDUCED PROCEDURE CLOSURE.  THIS INCLUDED AN ENVIRONMENTAL ASSESSMENT AND POSSIBLE IMPROVED COVER SYSTEM AND/OR WATER QUALITY MONITORING.  SPECIFIC DETAILS OF CLOSURE ARE AVAIABLE THROUGH THE MEDEP FILE ROOM.","SUMMARY":"CLOSED IN 1995 AS REQUIRED BY THE MEDEP LANDFILL CLOSURE AND REMEDIATION PROGRAM. 2 ACRE LANDFILL.  SW COLE NOTED THE LOCATION OF AT LEAST ONE HOMEOWNER(LEWIN) WELL <1000' AWAY CLOSURE WAS PERFORMED BY 1. ENGINEERING DYNAMICS 1224 HAMMOND ST BANGOR, MAINE 04401 (207)947-7747 2. SUB-SURFACE INVESTIGATION SW COLE ENGINEERING INC 6 LIBERTY DRIVE  BANGOR, MAINE 04401 MONITORING WELLS WILL BE INSTALLED IF THE LICENSE CAN BE EXTENDED","CLOSED":"POST-1976"},"id":215},{"type":"Feature","geometry":{"type":"Point","coordinates":[-70.13555037052936,43.863425650054886]},"properties":{"OBJECTID":"216","LATITUDE":"43.86343","LONGITUDE":"-70.13555","SITE_NAME":"FREEPORT DEMO DEBRIS LANDFILL","SITE_NUMBER":"95104","ADDRESS":"POWNAL RD","TOWN":"FREEPORT","DESCRIPTION":"","SUMMARY":"LANDFILL WAS FORMALLY CLOSED IN 2016. SIGNIFICANT LEACHATE SEEP NEARBY WHICH IS ALSO STRONGLY ASSOCIATED WITH THE ADJACENT FREEPORT MUNICIPAL LANDFILL.","CLOSED":"POST-1976"},"id":216},{"type":"Feature","geometry":{"type":"Point","coordinates":[-70.13453771970312,43.864260900236005]},"properties":{"OBJECTID":"217","LATITUDE":"43.86426","LONGITUDE":"-70.13454","SITE_NAME":"FREEPORT MUNICIPAL LANDFILL","SITE_NUMBER":"28612","ADDRESS":"OFF HUNTER RD (POWNAL RD)","TOWN":"FREEPORT","DESCRIPTION":"6 ACRE LANDFILL CLOSED IN 1990 AS REQUIRED BY THE MEDEP LANDFILL CLOSURE AND REMEDIATION PROGRAM.  THE LANDFILL CLOSURE USED AN ALTERNATIVE PROCEDURE AS IT WAS NOT AUTOMATICALLY ELIGIBLE FOR A REDUCED PROCEDURE CLOSURE.  THIS INCLUDED AN ENVIRONMENTAL ASSESSMENT AND POSSIBLE IMPROVED COVER SYSTEM AND/OR WATER QUALITY MONITORING.  SPECIFIC DETAILS OF CLOSURE ARE AVAIABLE THROUGH THE MEDEP FILE ROOM.\r\n\r\nOLD FREEPORT LANDFILL: 7.5 ACRE LANDFILL CLOSED IN 1995 AS REQUIRED BY THE MEDEP LANDFILL CLOSURE AND REMEDIATION PROGRAM.   THE LANDFILL CLOSURE USED THE REGULATION CLOSURE PROCEDURE.  THIS GENERALLY CONSISTED OF AN ENVIRONMENTAL ASSESSMENT, A CLAY OR COMPOSITE COVER SYSTEM, AND WATER QUALITY MONITORING.  SPECIFIC DETAILS FOR CLOSURE OF THIS LANDFILL ARE AVAILABLE THROUGH MEDEP FILE ROOM.","SUMMARY":"CLOSED IN 1990 AS REQUIRED BY THE MEDEP LANDFILL CLOSURE AND REMEDIATION PROGRAM.  6 ACRE LANDFILL.  THIS IS A CAPPED LANDFILL (1990). WESTON GEOPHYSICAL CONDUCTED THE STUDY. LEACHATE COLLECTION AND TREATMENT. SEVERAL MONITORING WELLS SHOW DEGRADATION.\r\n\r\nOLD FREEPORT LANDFILL: CLOSED IN 1995 AS REQUIRED BY THE MEDEP LANDFILL CLOSURE AND REMEDIATION PROGRAM. 7.5 ACRE LANDFILL. OLD CAPPED CLOSED LANDFILL LOCATED ON THE NORTH SIDE OF POWNAL ROAD.","CLOSED":"POST-1976"},"id":217},{"type":"Feature","geometry":{"type":"Point","coordinates":[-68.3600644898504,44.117945140077836]},"properties":{"OBJECTID":"218","LATITUDE":"44.11795","LONGITUDE":"-68.36006","SITE_NAME":"FRENCHBORO LANDFILL","SITE_NUMBER":"37950","ADDRESS":"FIREHOUSE ROAD","TOWN":"FRENCHBORO","DESCRIPTION":"0.5 ACRE LANDFILL CLOSED IN 1998 AS REQUIRED BY THE MEDEP LANDFILL CLOSURE AND REMEDIATION PROGRAM.  THE LANDFILL CLOSURE USED AN ALTERNATIVE PROCEDURE AS IT WAS NOT AUTOMATICALLY ELIGIBLE FOR A REDUCED PROCEDURE CLOSURE.  THIS INCLUDED AN ENVIRONMENTAL ASSESSMENT AND POSSIBLE IMPROVED COVER SYSTEM AND/OR WATER QUALITY MONITORING.  SPECIFIC DETAILS OF CLOSURE ARE AVAIABLE THROUGH THE MEDEP FILE ROOM.","SUMMARY":"CLOSED IN 1998 AS REQUIRED BY THE MEDEP LANDFILL CLOSURE AND REMEDIATION PROGRAM. 0.5 ACRE LANDFILL.  THE LANDFILL CLOSURE USED AN ALTERNATIVE PROCEDURE AS IT WAS NOT AUTOMATICALLY ELIGIBLE FOR A REDUCED PROCEDURE CLOSURE.  THIS INCLUDED AN ENVIRONMENTAL ASSESSMENT AND POSSIBLE IMPROVED COVER SYSTEM AND/OR WATER QUALITY MONITORING.  SPECIFIC DETAILS OF CLOSURE ARE AVAIABLE THROUGH THE MEDEP FILE ROOM.","CLOSED":"POST-1976"},"id":218},{"type":"Feature","geometry":{"type":"Point","coordinates":[-69.42410472030208,45.655953859683514]},"properties":{"OBJECTID":"219","LATITUDE":"45.65595","LONGITUDE":"-69.4241","SITE_NAME":"FRENCHTOWN MUNICIPAL LANDFILL","SITE_NUMBER":"72551","ADDRESS":"FRENCHTOWN RD","TOWN":"FRENCHTOWN TWP","DESCRIPTION":"0.3 ACRE LANDFILL CLOSED IN 1994 AS REQUIRED BY THE MEDEP LANDFILL CLOSURE AND REMEDIATION PROGRAM.  THE LANDFILL CLOSURE USED A REDUCED PROCEDURE.  THIS GENERALLY CONSISTED OF REGRADING WASTE AND CAPPING WITH 6 INCHES TOPSOIL OVER 18 INCHES 10E-6 CM/S GLACIAL TILL OVER 6 INCHES OF BURROW.  SPECIFIC DETAILS FOR CLOSURE OF THIS LANDFILL ARE AVAILABLE THROUGH THE MEDEP FILE ROOM.","SUMMARY":"CLOSED IN 1994 AS REQUIRED BY THE MEDEP LANDFILL CLOSURE AND REMEDIATION PROGRAM. 0.3 ACRE LANDFILL.  THE LANDFILL CLOSURE USED A REDUCED PROCEDURE.  THIS GENERALLY CONSISTED OF REGRADING WASTE AND CAPPING WITH 6 INCHES TOPSOIL OVER 18 INCHES 10E-6 CM/S GLACIAL TILL OVER 6 INCHES OF BURROW.  SPECIFIC DETAILS FOR CLOSURE OF THIS LANDFILL ARE AVAILABLE THROUGH THE MEDEP FILE ROOM.","CLOSED":"POST-1976"},"id":219},{"type":"Feature","geometry":{"type":"Point","coordinates":[-68.34270345976263,47.28308185993454]},"properties":{"OBJECTID":"220","LATITUDE":"47.28308","LONGITUDE":"-68.3427","SITE_NAME":"FRENCHVILLE LANDFILL","SITE_NUMBER":"29820","ADDRESS":"CLEVELAND RD","TOWN":"FRENCHVILLE","DESCRIPTION":"2.5 ACRE LANDFILL CLOSED IN 1982  THE LANDFILL WAS CLOSED PRIOR TO THE ESTABLISHMENT OF THE MEDEP LANDFILL CLOSURE AND REMEDIATION PROGRAM IN 1988.  THEREFORE THE CLOSURE PROCEDURE IS UNKNOWN.","SUMMARY":"CLOSED IN 1982. 2.5 ACRE LANDFILL.   THE LANDFILL WAS CLOSED PRIOR TO THE ESTABLISHMENT OF THE MEDEP LANDFILL CLOSURE AND REMEDIATION PROGRAM IN 1988.  THEREFORE THE CLOSURE PROCEDURE IS UNKNOWN.","CLOSED":"POST-1976"},"id":220},{"type":"Feature","geometry":{"type":"Point","coordinates":[-69.28335834046277,44.02932117031767]},"properties":{"OBJECTID":"221","LATITUDE":"44.02932","LONGITUDE":"-69.28336","SITE_NAME":"FRIENDSHIP LANDFILL","SITE_NUMBER":"30433","ADDRESS":"FINNTOWN RD","TOWN":"FRIENDSHIP","DESCRIPTION":"10 ACRE LANDFILL CLOSED IN 1992 AS REQUIRED BY THE MEDEP LANDFILL CLOSURE AND REMEDIATION PROGRAM.   THE LANDFILL CLOSURE USED THE REGULATION CLOSURE PROCEDURE.  THIS GENERALLY CONSISTED OF AN ENVIRONMENTAL ASSESSMENT, A CLAY OR COMPOSITE COVER SYSTEM, AND WATER QUALITY MONITORING.  SPECIFIC DETAILS FOR CLOSURE OF THIS LANDFILL ARE AVAILABLE THROUGH MEDEP FILE ROOM.","SUMMARY":"CLOSED IN 1992 AS REQUIRED BY THE MEDEP LANDFILL CLOSURE AND REMEDIATION PROGRAM. 10 ACRE LANDFILL.  SCOTT PAPER CO RECEIVED A LICENSE TO UTILIZE THEIR PAPERMILL SLUDGE IN ORDER TO MANUFACTURE TOPSOIL FOR USE IN THE CLOSURE OF THE FRIENDSHIP MUNICIPAL SOLID WASTE LANDFILL FACILITY.  THE PROGRAM APPROVAL IS UNDER LIC. #L-015287-56-A-N. THERE IS A TEMPORARY STORAGE AND MIXING AREA IN CUSHING, MAINE OFF RT 97, 1.5 MILES AWAY FROM THE UTILIZATION SITE. THE LICENSE WAS ISSUED JUNE 24, 1992 AND EXPIRED OCTOBER 15, 1992.","CLOSED":"POST-1976"},"id":221},{"type":"Feature","geometry":{"type":"Point","coordinates":[-70.95702411948835,43.97657459042483]},"properties":{"OBJECTID":"222","LATITUDE":"43.97657","LONGITUDE":"-70.95702","SITE_NAME":"FRYEBURG LANDFILL","SITE_NUMBER":"29512","ADDRESS":"RTE 5","TOWN":"FRYEBURG","DESCRIPTION":"10 ACRE LANDFILL CLOSED IN 1993 AS REQUIRED BY THE MEDEP LANDFILL CLOSURE AND REMEDIATION PROGRAM.  THE LANDFILL CLOSURE USED THE INTERIM COVER AND GRADING (ICAG) PROCEDURE.  THIS GENERALLY CONSISTED OF REGRADING WASTE AND CAPPING WITH 6 INCHES TOPSOIL OVER 18 INCHES 10E-6 CM/S GLACIAL TILL OVER 6 INCHES OF BURROW.  SPECIFIC DETAILS FOR CLOSURE OF THIS LANDFILL ARE AVAILABLE THROUGH THE MEDEP FILE ROOM.","SUMMARY":"CLOSED IN 1993 AS REQUIRED BY THE MEDEP LANDFILL CLOSURE AND REMEDIATION PROGRAM. 10 ACRE LANDFILL.  THE LANDFILL CLOSURE USED THE INTERIM COVER AND GRADING (ICAG) PROCEDURE.  THIS GENERALLY CONSISTED OF REGRADING WASTE AND CAPPING WITH 6 INCHES TOPSOIL OVER 18 INCHES 10E-6 CM/S GLACIAL TILL OVER 6 INCHES OF BURROW.  SPECIFIC DETAILS FOR CLOSURE OF THIS LANDFILL ARE AVAILABLE THROUGH THE MEDEP FILE ROOM.","CLOSED":"POST-1976"},"id":222},{"type":"Feature","geometry":{"type":"Point","coordinates":[-69.16170920981745,45.05507213030204]},"properties":{"OBJECTID":"223","LATITUDE":"45.05507","LONGITUDE":"-69.16171","SITE_NAME":"GARLAND LANDFILL","SITE_NUMBER":"29627","ADDRESS":"OLIVER HILL RD","TOWN":"GARLAND","DESCRIPTION":"1.5 ACRE LANDFILL CLOSED IN 1994 AS REQUIRED BY THE MEDEP LANDFILL CLOSURE AND REMEDIATION PROGRAM.  THE LANDFILL CLOSURE USED THE INTERIM COVER AND GRADING (ICAG) PROCEDURE.  THIS GENERALLY CONSISTED OF REGRADING WASTE AND CAPPING WITH 6 INCHES TOPSOIL OVER 18 INCHES 10E-6 CM/S GLACIAL TILL OVER 6 INCHES OF BURROW.  SPECIFIC DETAILS FOR CLOSURE OF THIS LANDFILL ARE AVAILABLE THROUGH THE MEDEP FILE ROOM.","SUMMARY":"CLOSED IN 1994 AS REQUIRED BY THE MEDEP LANDFILL CLOSURE AND REMEDIATION PROGRAM. 1.5 ACRE LANDFILL.  THE LANDFILL CLOSURE USED THE INTERIM COVER AND GRADING (ICAG) PROCEDURE.  THIS GENERALLY CONSISTED OF REGRADING WASTE AND CAPPING WITH 6 INCHES TOPSOIL OVER 18 INCHES 10E-6 CM/S GLACIAL TILL OVER 6 INCHES OF BURROW.  SPECIFIC DETAILS FOR CLOSURE OF THIS LANDFILL ARE AVAILABLE THROUGH THE MEDEP FILE ROOM.","CLOSED":"POST-1976"},"id":223},{"type":"Feature","geometry":{"type":"Point","coordinates":[-69.7552808901905,43.79783188961715]},"properties":{"OBJECTID":"224","LATITUDE":"43.79783","LONGITUDE":"-69.75528","SITE_NAME":"GEORGETOWN LANDFILL","SITE_NUMBER":"27574","ADDRESS":"BAY POINT RD","TOWN":"GEORGETOWN","DESCRIPTION":"1.7 ACRE LANDFILL CLOSED IN 1994 AS REQUIRED BY THE MEDEP LANDFILL CLOSURE AND REMEDIATION PROGRAM.  THE LANDFILL CLOSURE USED A REDUCED PROCEDURE.  THIS GENERALLY CONSISTED OF REGRADING WASTE AND CAPPING WITH 6 INCHES TOPSOIL OVER 18 INCHES 10E-6 CM/S GLACIAL TILL OVER 6 INCHES OF BURROW.  SPECIFIC DETAILS FOR CLOSURE OF THIS LANDFILL ARE AVAILABLE THROUGH THE MEDEP FILE ROOM.","SUMMARY":"CLOSED IN 1994 AS REQUIRED BY THE MEDEP LANDFILL CLOSURE AND REMEDIATION PROGRAM. 1.7 ACRE LANDFILL.  THE LANDFILL CLOSURE USED A REDUCED PROCEDURE.  THIS GENERALLY CONSISTED OF REGRADING WASTE AND CAPPING WITH 6 INCHES TOPSOIL OVER 18 INCHES 10E-6 CM/S GLACIAL TILL OVER 6 INCHES OF BURROW.  SPECIFIC DETAILS FOR CLOSURE OF THIS LANDFILL ARE AVAILABLE THROUGH THE MEDEP FILE ROOM.","CLOSED":"POST-1976"},"id":224},{"type":"Feature","geometry":{"type":"Point","coordinates":[-70.9685335602919,44.395782470138755]},"properties":{"OBJECTID":"225","LATITUDE":"44.39578","LONGITUDE":"-70.96853","SITE_NAME":"GILEAD LANDFILL","SITE_NUMBER":"27165","ADDRESS":"RTE 2","TOWN":"GILEAD","DESCRIPTION":"2.5 ACRE LANDFILL CLOSED IN 1996 AS REQUIRED BY THE MEDEP LANDFILL CLOSURE AND REMEDIATION PROGRAM.  THE LANDFILL CLOSURE USED A REDUCED PROCEDURE.  THIS GENERALLY CONSISTED OF REGRADING WASTE AND CAPPING WITH 6 INCHES TOPSOIL OVER 18 INCHES 10E-6 CM/S GLACIAL TILL OVER 6 INCHES OF BURROW.  SPECIFIC DETAILS FOR CLOSURE OF THIS LANDFILL ARE AVAILABLE THROUGH THE MEDEP FILE ROOM.","SUMMARY":"CLOSED IN 1996 AS REQUIRED BY THE MEDEP LANDFILL CLOSURE AND REMEDIATION PROGRAM. 2.5 ACRE LANDFILL.  THE LANDFILL CLOSURE USED A REDUCED PROCEDURE.  THIS GENERALLY CONSISTED OF REGRADING WASTE AND CAPPING WITH 6 INCHES TOPSOIL OVER 18 INCHES 10E-6 CM/S GLACIAL TILL OVER 6 INCHES OF BURROW.  SPECIFIC DETAILS FOR CLOSURE OF THIS LANDFILL ARE AVAILABLE THROUGH THE MEDEP FILE ROOM.","CLOSED":"POST-1976"},"id":225},{"type":"Feature","geometry":{"type":"Point","coordinates":[-68.84745183941006,44.94444445962401]},"properties":{"OBJECTID":"226","LATITUDE":"44.94444","LONGITUDE":"-68.84745","SITE_NAME":"GLENBURN MUNICIPAL C AND D LANDFILL","SITE_NUMBER":"30910","ADDRESS":"HUDSON RD  RTE 221","TOWN":"GLENBURN","DESCRIPTION":"","SUMMARY":"THERE ARE 2 LANDFILLS SIDE-BY-SIDE AT THIS LOCATION. THE FIRST IS A PROJECT THAT INVOLVED THE CLOSING OF THE TOWN OF GLENBURN'S MUNICIPAL SOLID WASTE LANDFILL. THE ENTIRE SITE COMPRISED OF 156 ACRES WHILE THE SOLID WASTE BOUNDARY ENCLOSES APPROX. 2.5 ACRES WHICH HAS BEEN UTILIZED FOR OVER 20 YEARS. THIS LANDFILL IS A SANITARY ATTENUATION LANDFILL ACCEPTING ONLY MUNICIPAL SOLID WASTE GENERATED BY RESIDENTS OF TOWN OF GLENBURN. IN 1983, THE TOWN RECEIVED APPROVAL FOR EXPANSION (PHASE II). PHASE II WAS PROPOSED AND DISCUSSED, HOWEVER FINAL APPROVAL FOR CONSTRUCTION WAS NEVER GRANTED. THE TOWN SUBMITTED AN APPLICATION TO RELICENSE PHASE II IN AUGUST 0F 1991 AS A BACKUP DISPOSAL OPTION TO ALLOW CONTINUED USE OF THE METALS, TIRES, WOODWASTE, AND DEMOLITION AREAS. APPROVAL GRANTED ON 9-5-91 FOR CLOSURE PLAN.\r\n\r\nTHE SECOND LOCATION IS A 2 ACRE LANDFILL CLOSED IN 1991 AS REQUIRED BY THE MEDEP LANDFILL CLOSURE AND REMEDIATION PROGRAM.   THE LANDFILL CLOSURE USED THE REGULATION CLOSURE PROCEDURE.  THIS GENERALLY CONSISTED OF AN ENVIRONMENTAL ASSESSMENT, A CLAY OR COMPOSITE COVER SYSTEM, AND WATER QUALITY MONITORING.  SPECIFIC DETAILS FOR CLOSURE OF THIS LANDFILL ARE AVAILABLE THROUGH MEDEP FILE ROOM.","CLOSED":"POST-1976"},"id":226},{"type":"Feature","geometry":{"type":"Point","coordinates":[-70.45286056987771,43.72586531987402]},"properties":{"OBJECTID":"227","LATITUDE":"43.72587","LONGITUDE":"-70.45286","SITE_NAME":"GORHAM LANDFILL","SITE_NUMBER":"28743","ADDRESS":"HUSTON RD","TOWN":"GORHAM","DESCRIPTION":"3 ACRE LANDFILL CLOSED IN 1983 AS REQUIRED BY THE MEDEP LANDFILL CLOSURE AND REMEDIATION PROGRAM.   THE LANDFILL CLOSURE USED THE REGULATION CLOSURE PROCEDURE.  THIS GENERALLY CONSISTED OF AN ENVIRONMENTAL ASSESSMENT, A CLAY OR COMPOSITE COVER SYSTEM, AND WATER QUALITY MONITORING.  SPECIFIC DETAILS FOR CLOSURE OF THIS LANDFILL ARE AVAILABLE THROUGH MEDEP FILE ROOM.\r\n\r\nCDD LANDFILL: 5 ACRE LANDFILL CLOSED IN 1996 AS REQUIRED BY THE MEDEP LANDFILL CLOSURE AND REMEDIATION PROGRAM.  THE LANDFILL CLOSURE USED AN ALTERNATIVE PROCEDURE AS IT WAS NOT AUTOMATICALLY ELIGIBLE FOR A REDUCED PROCEDURE CLOSURE.  THIS INCLUDED AN ENVIRONMENTAL ASSESSMENT AND POSSIBLE IMPROVED COVER SYSTEM AND/OR WATER QUALITY MONITORING.  SPECIFIC DETAILS OF CLOSURE ARE AVAIABLE THROUGH THE MEDEP FILE ROOM.","SUMMARY":"CLOSED IN 1983 AS REQUIRED BY THE MEDEP LANDFILL CLOSURE AND REMEDIATION PROGRAM. 3 ACRE LANDFILL.  HISTORY: THE SITE WAS RECENTLY CLOSED.  TOWN NOW USES A TRANSFER STATION. EIGHT RESIDENTIAL WELLS ARE BEING MONITORED.CONTAMINATION DATA 12/91.\r\n\r\nCDD LANDFILL: CLOSED IN 1996 AS REQUIRED BY THE MEDEP LANDFILL CLOSURE AND REMEDIATION PROGRAM. 5 ACRE LANDFILL  THE LANDFILL CLOSURE USED AN ALTERNATIVE PROCEDURE AS IT WAS NOT AUTOMATICALLY ELIGIBLE FOR A REDUCED PROCEDURE CLOSURE.  THIS INCLUDED AN ENVIRONMENTAL ASSESSMENT AND POSSIBLE IMPROVED COVER SYSTEM AND/OR WATER QUALITY MONITORING.  SPECIFIC DETAILS OF CLOSURE ARE AVAIABLE THROUGH THE MEDEP FILE ROOM.","CLOSED":"POST-1976"},"id":227},{"type":"Feature","geometry":{"type":"Point","coordinates":[-68.14159161048322,47.266421919634]},"properties":{"OBJECTID":"228","LATITUDE":"47.26642","LONGITUDE":"-68.14159","SITE_NAME":"GRAND ISLE LANDFILL","SITE_NUMBER":"31750","ADDRESS":"DOUCETTE RD","TOWN":"GRAND ISLE","DESCRIPTION":"2.5 ACRE LANDFILL CLOSED IN 1994 AS REQUIRED BY THE MEDEP LANDFILL CLOSURE AND REMEDIATION PROGRAM.  THE LANDFILL CLOSURE USED A REDUCED PROCEDURE.  THIS GENERALLY CONSISTED OF REGRADING WASTE AND CAPPING WITH 6 INCHES TOPSOIL OVER 18 INCHES 10E-6 CM/S GLACIAL TILL OVER 6 INCHES OF BURROW.  SPECIFIC DETAILS FOR CLOSURE OF THIS LANDFILL ARE AVAILABLE THROUGH THE MEDEP FILE ROOM.","SUMMARY":"CLOSED IN 1994 AS REQUIRED BY THE MEDEP LANDFILL CLOSURE AND REMEDIATION PROGRAM. 2.5 ACRE LANDFILL. THE TOWN OF GRAND ISLE RECEIVED A LICENSE TO LANDSPREAD LIME STABILIZED WASTEWATER TREATMENT PLANT SLUDGE ON 1 SITE TOTALLING 7 ACRES, OWNED AND OPERATED BY THE TOWN OF GRAND ISLE. THE CROP IS HAY, AND THERE ARE NO FIELD STACKING AREAS. THE LICENSE WAS ISSUED ON 12 DECEMBER 1991 FOR A TERM OF 5 YEARS. HISTORY: FUNGICIDES WERE USED ON THIS SITE FROM 1950-1960.","CLOSED":"POST-1976"},"id":228},{"type":"Feature","geometry":{"type":"Point","coordinates":[-67.752485079777,45.18777156980349]},"properties":{"OBJECTID":"229","LATITUDE":"45.18777","LONGITUDE":"-67.75249","SITE_NAME":"GRAND LAKE STREAM LANDFILL AND TRANSFER STATION","SITE_NUMBER":"29696","ADDRESS":"MILFORD RD","TOWN":"GRAND LAKE STREAM PLT","DESCRIPTION":"2 ACRE LANDFILL CLOSED IN 1994 AS REQUIRED BY THE MEDEP LANDFILL CLOSURE AND REMEDIATION PROGRAM.  THE LANDFILL CLOSURE USED A REDUCED PROCEDURE.  THIS GENERALLY CONSISTED OF REGRADING WASTE AND CAPPING WITH 6 INCHES TOPSOIL OVER 18 INCHES 10E-6 CM/S GLACIAL TILL OVER 6 INCHES OF BURROW.  SPECIFIC DETAILS FOR CLOSURE OF THIS LANDFILL ARE AVAILABLE THROUGH THE MEDEP FILE ROOM.  PRESENTLY (2014)  OPERATED IN THE SUMMER MONTHS AS AN UNLICENSED TRANSFER STATION.","SUMMARY":"CLOSED IN 1994 AS REQUIRED BY THE MEDEP LANDFILL CLOSURE AND REMEDIATION PROGRAM. 2 ACRE LANDFILL.  THE LANDFILL CLOSURE USED A REDUCED PROCEDURE.  THIS GENERALLY CONSISTED OF REGRADING WASTE AND CAPPING WITH 6 INCHES TOPSOIL OVER 18 INCHES 10E-6 CM/S GLACIAL TILL OVER 6 INCHES OF BURROW.  SPECIFIC DETAILS FOR CLOSURE OF THIS LANDFILL ARE AVAILABLE THROUGH THE MEDEP FILE ROOM. PRESENTLY (2014)  OPERATED IN THE SUMMER MONTHS AS AN UNLICENSED TRANSFER STATION.","CLOSED":"POST-1976"},"id":229},{"type":"Feature","geometry":{"type":"Point","coordinates":[-70.34784680971508,43.897395150029006]},"properties":{"OBJECTID":"230","LATITUDE":"43.8974","LONGITUDE":"-70.34785","SITE_NAME":"GRAY MUNICIPAL LANDFILL","SITE_NUMBER":"28830","ADDRESS":"SEA GULL DRIVE RT 26","TOWN":"GRAY","DESCRIPTION":"11 ACRE LANDFILL CLOSED IN 1992 AS REQUIRED BY THE MEDEP LANDFILL CLOSURE AND REMEDIATION PROGRAM.   THE LANDFILL CLOSURE USED THE REGULATION CLOSURE PROCEDURE.  THIS GENERALLY CONSISTED OF AN ENVIRONMENTAL ASSESSMENT, A CLAY OR COMPOSITE COVER SYSTEM, AND WATER QUALITY MONITORING.  SPECIFIC DETAILS FOR CLOSURE OF THIS LANDFILL ARE AVAILABLE THROUGH MEDEP FILE ROOM.","SUMMARY":"CLOSED IN 1992 AS REQUIRED BY THE MEDEP LANDFILL CLOSURE AND REMEDIATION PROGRAM. 11 ACRE LANDFILL.  TOWN DUMP.  DOWNGRADIENT OF CRAGO CORP. SITE.  ON DEEP SAND AQUIFER, UPGRADIENT OF TOWN WATER SUPPLY.","CLOSED":"POST-1976"},"id":230},{"type":"Feature","geometry":{"type":"Point","coordinates":[-69.71597936027234,44.3236783004303]},"properties":{"OBJECTID":"231","LATITUDE":"44.32368","LONGITUDE":"-69.71598","SITE_NAME":"GREATER AUGUSTA UTILITY DISTRICT SLUDGE LANDFILL","SITE_NUMBER":"94974","ADDRESS":"HATCH HILL","TOWN":"AUGUSTA","DESCRIPTION":"16 ACRE LANDFILL CLOSED IN 1999 AS REQUIRED BY THE MEDEP LANDFILL CLOSURE AND REMEDIATION PROGRAM.   THE LANDFILL CLOSURE USED THE REGULATION CLOSURE PROCEDURE.  THIS GENERALLY CONSISTED OF AN ENVIRONMENTAL ASSESSMENT, A CLAY OR COMPOSITE COVER SYSTEM, AND WATER QUALITY MONITORING.  SPECIFIC DETAILS FOR CLOSURE OF THIS LANDFILL ARE AVAILABLE THROUGH MEDEP FILE ROOM.","SUMMARY":"CLOSED IN 1999 AS REQUIRED BY THE MEDEP LANDFILL CLOSURE AND REMEDIATION PROGRAM.  16 ACRE LANDFILL.   THE LANDFILL CLOSURE USED THE REGULATION CLOSURE PROCEDURE.  THIS GENERALLY CONSISTED OF AN ENVIRONMENTAL ASSESSMENT, A CLAY OR COMPOSITE COVER SYSTEM, AND WATER QUALITY MONITORING.  SPECIFIC DETAILS FOR CLOSURE OF THIS LANDFILL ARE AVAILABLE THROUGH MEDEP FILE ROOM.","CLOSED":"POST-1976"},"id":231},{"type":"Feature","geometry":{"type":"Point","coordinates":[-69.65980990978608,44.634987140013344]},"properties":{"OBJECTID":"232","LATITUDE":"44.63499","LONGITUDE":"-69.65981","SITE_NAME":"GREEN ROAD STUMP DUMP","SITE_NUMBER":"36958","ADDRESS":"GREEN RD","TOWN":"FAIRFIELD","DESCRIPTION":"5 ACRE LANDFILL CLOSED IN 1996 AS REQUIRED BY THE MEDEP LANDFILL CLOSURE AND REMEDIATION PROGRAM.  THE LANDFILL CLOSURE USED A REDUCED PROCEDURE.  THIS GENERALLY CONSISTED OF REGRADING WASTE AND CAPPING WITH 6 INCHES TOPSOIL OVER 18 INCHES 10E-6 CM/S GLACIAL TILL OVER 6 INCHES OF BURROW.  SPECIFIC DETAILS FOR CLOSURE OF THIS LANDFILL ARE AVAILABLE THROUGH THE MEDEP FILE ROOM.","SUMMARY":"CLOSED IN 1996 AS REQUIRED BY THE MEDEP LANDFILL CLOSURE AND REMEDIATION PROGRAM. 5 ACRE LANDFILL.  THE LANDFILL CLOSURE USED A REDUCED PROCEDURE.  THIS GENERALLY CONSISTED OF REGRADING WASTE AND CAPPING WITH 6 INCHES TOPSOIL OVER 18 INCHES 10E-6 CM/S GLACIAL TILL OVER 6 INCHES OF BURROW.  SPECIFIC DETAILS FOR CLOSURE OF THIS LANDFILL ARE AVAILABLE THROUGH THE MEDEP FILE ROOM.","CLOSED":"POST-1976"},"id":232},{"type":"Feature","geometry":{"type":"Point","coordinates":[-68.62683236054288,45.10600705999236]},"properties":{"OBJECTID":"233","LATITUDE":"45.10601","LONGITUDE":"-68.62683","SITE_NAME":"GREENBUSH OLD MUNICIPAL LANDFILL","SITE_NUMBER":"60565","ADDRESS":"OLD DUMP ROAD","TOWN":"GREENBUSH","DESCRIPTION":"1.5 ACRE LANDFILL CLOSED IN 1995 AS REQUIRED BY THE MEDEP LANDFILL CLOSURE AND REMEDIATION PROGRAM.  THE LANDFILL CLOSURE USED AN ALTERNATIVE PROCEDURE AS IT WAS NOT AUTOMATICALLY ELIGIBLE FOR A REDUCED PROCEDURE CLOSURE.  THIS INCLUDED AN ENVIRONMENTAL ASSESSMENT AND POSSIBLE IMPROVED COVER SYSTEM AND/OR WATER QUALITY MONITORING.  SPECIFIC DETAILS OF CLOSURE ARE AVAILABLE THROUGH THE MEDEP FILE ROOM.","SUMMARY":"CLOSED IN 1995 AS REQUIRED BY THE MEDEP LANDFILL CLOSURE AND REMEDIATION PROGRAM. 1.5 ACRE LANDFILL.  THE LANDFILL CLOSURE USED AN ALTERNATIVE PROCEDURE AS IT WAS NOT AUTOMATICALLY ELIGIBLE FOR A REDUCED PROCEDURE CLOSURE.  THIS INCLUDED AN ENVIRONMENTAL ASSESSMENT AND POSSIBLE IMPROVED COVER SYSTEM AND/OR WATER QUALITY MONITORING.  SPECIFIC DETAILS OF CLOSURE ARE AVAILABLE THROUGH THE MEDEP FILE ROOM. THERE ARE 4 MONITORING WELLS ASSOCIATED WITH THIS LANDFILL","CLOSED":"POST-1976"},"id":233},{"type":"Feature","geometry":{"type":"Point","coordinates":[-70.14172051021,44.213416870080245]},"properties":{"OBJECTID":"234","LATITUDE":"44.21342","LONGITUDE":"-70.14172","SITE_NAME":"GREENE LANDFILL","SITE_NUMBER":"28478","ADDRESS":"QUACKER RIDGE RD","TOWN":"GREENE","DESCRIPTION":"5 ACRE LANDFILL CLOSED IN 1994 AS REQUIRED BY THE MEDEP LANDFILL CLOSURE AND REMEDIATION PROGRAM.  THE LANDFILL CLOSURE USED A REDUCED PROCEDURE.  THIS GENERALLY CONSISTED OF REGRADING WASTE AND CAPPING WITH 6 INCHES TOPSOIL OVER 18 INCHES 10E-6 CM/S GLACIAL TILL OVER 6 INCHES OF BURROW.  SPECIFIC DETAILS FOR CLOSURE OF THIS LANDFILL ARE AVAILABLE THROUGH THE MEDEP FILE ROOM.","SUMMARY":"CLOSED IN 1994 AS REQUIRED BY THE MEDEP LANDFILL CLOSURE AND REMEDIATION PROGRAM. 5 ACRE LANDFILL.  THE LANDFILL CLOSURE USED A REDUCED PROCEDURE.  THIS GENERALLY CONSISTED OF REGRADING WASTE AND CAPPING WITH 6 INCHES TOPSOIL OVER 18 INCHES 10E-6 CM/S GLACIAL TILL OVER 6 INCHES OF BURROW.  SPECIFIC DETAILS FOR CLOSURE OF THIS LANDFILL ARE AVAILABLE THROUGH THE MEDEP FILE ROOM.","CLOSED":"POST-1976"},"id":234},{"type":"Feature","geometry":{"type":"Point","coordinates":[-68.4810134597216,45.03782480024826]},"properties":{"OBJECTID":"235","LATITUDE":"45.03782","LONGITUDE":"-68.48101","SITE_NAME":"GREENFIELD LANDFILL","SITE_NUMBER":"29629","ADDRESS":"CROCKER TURN RD","TOWN":"GREENFIELD TWP","DESCRIPTION":"0.8 ACRE LANDFILL CLOSED IN 1995 AS REQUIRED BY THE MEDEP LANDFILL CLOSURE AND REMEDIATION PROGRAM.  THE LANDFILL CLOSURE USED AN ALTERNATIVE PROCEDURE AS IT WAS NOT AUTOMATICALLY ELIGIBLE FOR A REDUCED PROCEDURE CLOSURE.  THIS INCLUDED AN ENVIRONMENTAL ASSESSMENT AND POSSIBLE IMPROVED COVER SYSTEM AND/OR WATER QUALITY MONITORING.  SPECIFIC DETAILS OF CLOSURE ARE AVAIABLE THROUGH THE MEDEP FILE ROOM.","SUMMARY":"CLOSED IN 1995 AS REQUIRED BY THE MEDEP LANDFILL CLOSURE AND REMEDIATION PROGRAM. 0.8 ACRE LANDFILL.  THE LANDFILL CLOSURE USED AN ALTERNATIVE PROCEDURE AS IT WAS NOT AUTOMATICALLY ELIGIBLE FOR A REDUCED PROCEDURE CLOSURE.  THIS INCLUDED AN ENVIRONMENTAL ASSESSMENT AND POSSIBLE IMPROVED COVER SYSTEM AND/OR WATER QUALITY MONITORING.  SPECIFIC DETAILS OF CLOSURE ARE AVAIABLE THROUGH THE MEDEP FILE ROOM.","CLOSED":"POST-1976"},"id":235},{"type":"Feature","geometry":{"type":"Point","coordinates":[-69.6507709697957,45.43952307040481]},"properties":{"OBJECTID":"236","LATITUDE":"45.43952","LONGITUDE":"-69.65077","SITE_NAME":"GREENVILLE LANDFILL","SITE_NUMBER":"29567","ADDRESS":"DYER RD","TOWN":"MOOSEHEAD JUNCTION TWP","DESCRIPTION":"4 ACRE ACTIVE LANDFILL.   ","SUMMARY":"4 ACRE ACTIVE LANDFILL","CLOSED":"POST-1976"},"id":236},{"type":"Feature","geometry":{"type":"Point","coordinates":[-69.55866567971965,45.479496699837505]},"properties":{"OBJECTID":"237","LATITUDE":"45.4795","LONGITUDE":"-69.55867","SITE_NAME":"GREENVILLE LANDFILL-OLD","SITE_NUMBER":"29565","ADDRESS":"SCAMMON RD","TOWN":"GREENVILLE","DESCRIPTION":"3 ACRE LANDFILL CLOSED IN 1996 AS REQUIRED BY THE MEDEP LANDFILL CLOSURE AND REMEDIATION PROGRAM.  THE LANDFILL CLOSURE USED A REDUCED PROCEDURE.  THIS GENERALLY CONSISTED OF REGRADING WASTE AND CAPPING WITH 6 INCHES TOPSOIL OVER 18 INCHES 10E-6 CM/S GLACIAL TILL OVER 6 INCHES OF BURROW.  SPECIFIC DETAILS FOR CLOSURE OF THIS LANDFILL ARE AVAILABLE THROUGH THE MEDEP FILE ROOM.","SUMMARY":"CLOSED IN 1996 AS REQUIRED BY THE MEDEP LANDFILL CLOSURE AND REMEDIATION PROGRAM. 3 ACRE LANDFILL.  THE LANDFILL CLOSURE USED A REDUCED PROCEDURE.  THIS GENERALLY CONSISTED OF REGRADING WASTE AND CAPPING WITH 6 INCHES TOPSOIL OVER 18 INCHES 10E-6 CM/S GLACIAL TILL OVER 6 INCHES OF BURROW.  SPECIFIC DETAILS FOR CLOSURE OF THIS LANDFILL ARE AVAILABLE THROUGH THE MEDEP FILE ROOM.HISTORY: OLD OPEN-BURNING DUMP ABANDONED IN 1985.  NEXT TO SAWYER POND.","CLOSED":"POST-1976"},"id":237},{"type":"Feature","geometry":{"type":"Point","coordinates":[-70.69252344002184,44.39758943038884]},"properties":{"OBJECTID":"238","LATITUDE":"44.39759","LONGITUDE":"-70.69252","SITE_NAME":"GREENWOOD LANDFILL","SITE_NUMBER":"27166","ADDRESS":"TRANSFER STATION RD OFF MAIN","TOWN":"GREENWOOD","DESCRIPTION":"2.5 ACRE LANDFILL CLOSED IN 1985 AS REQUIRED BY THE MEDEP LANDFILL CLOSURE AND REMEDIATION PROGRAM.   THE LANDFILL CLOSURE USED THE REGULATION CLOSURE PROCEDURE.  THIS GENERALLY CONSISTED OF AN ENVIRONMENTAL ASSESSMENT, A CLAY OR COMPOSITE COVER SYSTEM, AND WATER QUALITY MONITORING.  SPECIFIC DETAILS FOR CLOSURE OF THIS LANDFILL ARE AVAILABLE THROUGH MEDEP FILE ROOM.","SUMMARY":"CLOSED IN 1985 AS REQUIRED BY THE MEDEP LANDFILL CLOSURE AND REMEDIATION PROGRAM.  2.5 ACRE LANDFILL.  THE LANDFILL CLOSURE USED THE REGULATION CLOSURE PROCEDURE.  THIS GENERALLY CONSISTED OF AN ENVIRONMENTAL ASSESSMENT, A CLAY OR COMPOSITE COVER SYSTEM, AND WATER QUALITY MONITORING.  SPECIFIC DETAILS FOR CLOSURE OF THIS LANDFILL ARE AVAILABLE THROUGH MEDEP FILE ROOM.","CLOSED":"POST-1976"},"id":238},{"type":"Feature","geometry":{"type":"Point","coordinates":[-70.64810057042565,44.320009049576555]},"properties":{"OBJECTID":"239","LATITUDE":"44.32001","LONGITUDE":"-70.6481","SITE_NAME":"GREENWOOD STUMP DUMP AND TRANSFER STATION","SITE_NUMBER":"95105","ADDRESS":"WEST PARIS RD","TOWN":"GREENWOOD","DESCRIPTION":"0.5 ACRE LANDFILL CLOSED IN 1995 AS REQUIRED BY THE MEDEP LANDFILL CLOSURE AND REMEDIATION PROGRAM.  THE LANDFILL CLOSURE USED THE INTERIM COVER AND GRADING (ICAG) PROCEDURE.  THIS GENERALLY CONSISTED OF REGRADING WASTE AND CAPPING WITH 6 INCHES TOPSOIL OVER 18 INCHES 10E-6 CM/S GLACIAL TILL OVER 6 INCHES OF BURROW.  SPECIFIC DETAILS FOR CLOSURE OF THIS LANDFILL ARE AVAILABLE THROUGH THE MEDEP FILE ROOM.  THIS IS NOW OPERATED AS A TRANSFER STATION FOR BRUSH","SUMMARY":"CLOSED IN 1995 AS REQUIRED BY THE MEDEP LANDFILL CLOSURE AND REMEDIATION PROGRAM. 0.5 ACRE LANDFILL.  THE LANDFILL CLOSURE USED THE INTERIM COVER AND GRADING (ICAG) PROCEDURE.  THIS GENERALLY CONSISTED OF REGRADING WASTE AND CAPPING WITH 6 INCHES TOPSOIL OVER 18 INCHES 10E-6 CM/S GLACIAL TILL OVER 6 INCHES OF BURROW.  SPECIFIC DETAILS FOR CLOSURE OF THIS LANDFILL ARE AVAILABLE THROUGH THE MEDEP FILE ROOM. THIS IS NOW OPERATED AS A TRANSFER STATION FOR BRUSH","CLOSED":"POST-1976"},"id":239},{"type":"Feature","geometry":{"type":"Point","coordinates":[-69.3901177604238,45.156458019901564]},"properties":{"OBJECTID":"240","LATITUDE":"45.15646","LONGITUDE":"-69.39012","SITE_NAME":"GUILFORD PARKMAN LANDFILL","SITE_NUMBER":"29570","ADDRESS":"MCPHETERS RD/DUMP RD","TOWN":"PARKMAN","DESCRIPTION":"2 ACRE LANDFILL CLOSED IN 1993 AS REQUIRED BY THE MEDEP LANDFILL CLOSURE AND REMEDIATION PROGRAM.  THE LANDFILL CLOSURE USED THE INTERIM COVER AND GRADING (ICAG) PROCEDURE.  THIS GENERALLY CONSISTED OF REGRADING WASTE AND CAPPING WITH 6 INCHES TOPSOIL OVER 18 INCHES 10E-6 CM/S GLACIAL TILL OVER 6 INCHES OF BURROW.  SPECIFIC DETAILS FOR CLOSURE OF THIS LANDFILL ARE AVAILABLE THROUGH THE MEDEP FILE ROOM.","SUMMARY":"CLOSED IN 1993 AS REQUIRED BY THE MEDEP LANDFILL CLOSURE AND REMEDIATION PROGRAM. 2 ACRE LANDFILL.  THE LANDFILL CLOSURE USED THE INTERIM COVER AND GRADING (ICAG) PROCEDURE.  THIS GENERALLY CONSISTED OF REGRADING WASTE AND CAPPING WITH 6 INCHES TOPSOIL OVER 18 INCHES 10E-6 CM/S GLACIAL TILL OVER 6 INCHES OF BURROW.  SPECIFIC DETAILS FOR CLOSURE OF THIS LANDFILL ARE AVAILABLE THROUGH THE MEDEP FILE ROOM.","CLOSED":"POST-1976"},"id":240},{"type":"Feature","geometry":{"type":"Point","coordinates":[-69.81671277020845,44.29813091012662]},"properties":{"OBJECTID":"241","LATITUDE":"44.29813","LONGITUDE":"-69.81671","SITE_NAME":"HALLOWELL LANDFILL","SITE_NUMBER":"27528","ADDRESS":"TOWN FARM RD","TOWN":"HALLOWELL","DESCRIPTION":"2.5 ACRE LANDFILL CLOSED IN 1978 AS REQUIRED BY THE MEDEP LANDFILL CLOSURE AND REMEDIATION PROGRAM.   THE LANDFILL CLOSURE USED THE REGULATION CLOSURE PROCEDURE.  THIS GENERALLY CONSISTED OF AN ENVIRONMENTAL ASSESSMENT, A CLAY OR COMPOSITE COVER SYSTEM, AND WATER QUALITY MONITORING.  SPECIFIC DETAILS FOR CLOSURE OF THIS LANDFILL ARE AVAILABLE THROUGH MEDEP FILE ROOM.","SUMMARY":"CLOSED IN 1978 AS REQUIRED BY THE MEDEP LANDFILL CLOSURE AND REMEDIATION PROGRAM. 2.5 ACRE LANDFILL.   THE LANDFILL CLOSURE USED THE REGULATION CLOSURE PROCEDURE.  THIS GENERALLY CONSISTED OF AN ENVIRONMENTAL ASSESSMENT, A CLAY OR COMPOSITE COVER SYSTEM, AND WATER QUALITY MONITORING.  SPECIFIC DETAILS FOR CLOSURE OF THIS LANDFILL ARE AVAILABLE THROUGH MEDEP FILE ROOM. HISTORICAL NOTES: DISPOSAL AREA IS SURROUNDED BY SURFACE WATER (STREAM, MAN-MADE POND AND SEASONAL ELEVATION OF WATER TABLE). LEACHATE PROBLEMS OBSERVED IN LATE 1970'S INSPECTIONS. DEP ORDERED CLOSURE AND COVER BY MAY 1980 (1978). NO MONITORING DATA FOUND.  THE AREA IS COMPLETELY OVERGROWN WITH SUMAC AND OTHER TREES.","CLOSED":"POST-1976"},"id":241},{"type":"Feature","geometry":{"type":"Point","coordinates":[-68.86655535050791,44.69642829021319]},"properties":{"OBJECTID":"242","LATITUDE":"44.69643","LONGITUDE":"-68.86656","SITE_NAME":"HAMPDEN LANDFILL","SITE_NUMBER":"79888","ADDRESS":"BAKER RD","TOWN":"HAMPDEN","DESCRIPTION":"2 ACRE LANDFILL CLOSED IN 1976 AS REQUIRED BY THE MEDEP LANDFILL CLOSURE AND REMEDIATION PROGRAM.  CLOSURE PROCEDURE UNKNOWN.","SUMMARY":"CLOSED IN 1976 AS REQUIRED BY THE MEDEP LANDFILL CLOSURE AND REMEDIATION PROGRAM. 2 ACRE LANDFILL.  CLOSURE PROCEDURE UNKNOWN.","CLOSED":"POST-1976"},"id":242},{"type":"Feature","geometry":{"type":"Point","coordinates":[-68.31319651042229,44.546439470400806]},"properties":{"OBJECTID":"243","LATITUDE":"44.54644","LONGITUDE":"-68.3132","SITE_NAME":"HANCOCK LANDFILL","SITE_NUMBER":"29761","ADDRESS":"RTE 182","TOWN":"HANCOCK","DESCRIPTION":"2.5 ACRE LANDFILL CLOSED IN 1995 AS REQUIRED BY THE MEDEP LANDFILL CLOSURE AND REMEDIATION PROGRAM.  THE LANDFILL CLOSURE USED AN ALTERNATIVE PROCEDURE AS IT WAS NOT AUTOMATICALLY ELIGIBLE FOR A REDUCED PROCEDURE CLOSURE.  THIS INCLUDED AN ENVIRONMENTAL ASSESSMENT AND POSSIBLE IMPROVED COVER SYSTEM AND/OR WATER QUALITY MONITORING.  SPECIFIC DETAILS OF CLOSURE ARE AVAIABLE THROUGH THE MEDEP FILE ROOM.","SUMMARY":"CLOSED IN 1995 AS REQUIRED BY THE MEDEP LANDFILL CLOSURE AND REMEDIATION PROGRAM. 2.5 ACRE LANDFILL.  THE LANDFILL CLOSURE USED AN ALTERNATIVE PROCEDURE AS IT WAS NOT AUTOMATICALLY ELIGIBLE FOR A REDUCED PROCEDURE CLOSURE.  THIS INCLUDED AN ENVIRONMENTAL ASSESSMENT AND POSSIBLE IMPROVED COVER SYSTEM AND/OR WATER QUALITY MONITORING.  SPECIFIC DE","CLOSED":"POST-1976"},"id":243},{"type":"Feature","geometry":{"type":"Point","coordinates":[-69.57199658017602,44.998242189976374]},"properties":{"OBJECTID":"244","LATITUDE":"44.99824","LONGITUDE":"-69.572","SITE_NAME":"HARMONY LANDFILL","SITE_NUMBER":"27840","ADDRESS":"RTE 154","TOWN":"HARMONY","DESCRIPTION":"1.2 ACRE LANDFILL CLOSED IN 1994 AS REQUIRED BY THE MEDEP LANDFILL CLOSURE AND REMEDIATION PROGRAM.  THE LANDFILL CLOSURE USED AN ALTERNATIVE PROCEDURE AS IT WAS NOT AUTOMATICALLY ELIGIBLE FOR A REDUCED PROCEDURE CLOSURE.  THIS INCLUDED AN ENVIRONMENTAL ASSESSMENT AND POSSIBLE IMPROVED COVER SYSTEM AND/OR WATER QUALITY MONITORING.  SPECIFIC DETAILS OF CLOSURE ARE AVAIABLE THROUGH THE MEDEP FILE ROOM.","SUMMARY":"CLOSED IN 1994 AS REQUIRED BY THE MEDEP LANDFILL CLOSURE AND REMEDIATION PROGRAM. 1.2 ACRE LANDFILL.  THE LANDFILL CLOSURE USED AN ALTERNATIVE PROCEDURE AS IT WAS NOT AUTOMATICALLY ELIGIBLE FOR A REDUCED PROCEDURE CLOSURE.  THIS INCLUDED AN ENVIRONMENTAL ASSESSMENT AND POSSIBLE IMPROVED COVER SYSTEM AND/OR WATER QUALITY MONITORING.  SPECIFIC DETAILS OF CLOSURE ARE AVAIABLE THROUGH THE MEDEP FILE ROOM.","CLOSED":"POST-1976"},"id":244},{"type":"Feature","geometry":{"type":"Point","coordinates":[-69.93981457949698,43.81650380023653]},"properties":{"OBJECTID":"245","LATITUDE":"43.8165","LONGITUDE":"-69.93981","SITE_NAME":"HARPSWELL ASH LANDFILL","SITE_NUMBER":"95106","ADDRESS":"263 MOUNTAIN RD","TOWN":"HARPSWELL","DESCRIPTION":"3 ACRE LANDFILL CLOSED IN 1996 AS REQUIRED BY THE MEDEP LANDFILL CLOSURE AND REMEDIATION PROGRAM.  THE LANDFILL CLOSURE USED AN ALTERNATIVE PROCEDURE AS IT WAS NOT AUTOMATICALLY ELIGIBLE FOR A REDUCED PROCEDURE CLOSURE.  THIS INCLUDED AN ENVIRONMENTAL ASSESSMENT AND POSSIBLE IMPROVED COVER SYSTEM AND/OR WATER QUALITY MONITORING.  SPECIFIC DETAILS OF CLOSURE ARE AVAIABLE THROUGH THE MEDEP FILE ROOM.","SUMMARY":"CLOSED IN 1996 AS REQUIRED BY THE MEDEP LANDFILL CLOSURE AND REMEDIATION PROGRAM. 3 ACRE LANDFILL.  THE LANDFILL CLOSURE USED AN ALTERNATIVE PROCEDURE AS IT WAS NOT AUTOMATICALLY ELIGIBLE FOR A REDUCED PROCEDURE CLOSURE.  THIS INCLUDED AN ENVIRONMENTAL ASSESSMENT AND POSSIBLE IMPROVED COVER SYSTEM AND/OR WATER QUALITY MONITORING.  SPECIFIC DETAILS OF CLOSURE ARE AVAIABLE THROUGH THE MEDEP FILE ROOM.","CLOSED":"POST-1976"},"id":245},{"type":"Feature","geometry":{"type":"Point","coordinates":[-69.94136697014375,43.81509231006812]},"properties":{"OBJECTID":"246","LATITUDE":"43.81509","LONGITUDE":"-69.94137","SITE_NAME":"HARPSWELL LANDFILL","SITE_NUMBER":"28899","ADDRESS":"COMMUNITY DRIVE","TOWN":"HARPSWELL","DESCRIPTION":"1.4 ACRE LANDFILL CLOSED IN 1993 AS REQUIRED BY THE MEDEP LANDFILL CLOSURE AND REMEDIATION PROGRAM.  THE LANDFILL CLOSURE USED THE INTERIM COVER AND GRADING (ICAG) PROCEDURE.  THIS GENERALLY CONSISTED OF REGRADING WASTE AND CAPPING WITH 6 INCHES TOPSOIL OVER 18 INCHES 10E-6 CM/S GLACIAL TILL OVER 6 INCHES OF BURROW.  SPECIFIC DETAILS FOR CLOSURE OF THIS LANDFILL ARE AVAILABLE THROUGH THE MEDEP FILE ROOM.","SUMMARY":"CLOSED IN 1993 AS REQUIRED BY THE MEDEP LANDFILL CLOSURE AND REMEDIATION PROGRAM. 1.4 ACRE LANDFILL.  THE LANDFILL CLOSURE USED THE INTERIM COVER AND GRADING (ICAG) PROCEDURE.  THIS GENERALLY CONSISTED OF REGRADING WASTE AND CAPPING WITH 6 INCHES TOPSOIL OVER 18 INCHES 10E-6 CM/S GLACIAL TILL OVER 6 INCHES OF BURROW.  SPECIFIC DETAILS FOR CLOSURE OF THIS LANDFILL ARE AVAILABLE THROUGH THE MEDEP FILE ROOM.  COMMENTS: \r\nSTRAWBERRY CREEK LANDFILL AND INCINERATOR.  SURFACE WATER MONITORING, BUT NO MONITORING WELLS.","CLOSED":"POST-1976"},"id":246},{"type":"Feature","geometry":{"type":"Point","coordinates":[-70.00681699023147,43.769775640174466]},"properties":{"OBJECTID":"247","LATITUDE":"43.76978","LONGITUDE":"-70.00682","SITE_NAME":"HARPSWELL MUNICIPAL DUMP","SITE_NUMBER":"37952","ADDRESS":"FIREHOUSE RD","TOWN":"HARPSWELL","DESCRIPTION":"2.5 ACRE LANDFILL CLOSED IN 1978 AS REQUIRED BY THE MEDEP LANDFILL CLOSURE AND REMEDIATION PROGRAM.   THE LANDFILL CLOSURE USED THE REGULATION CLOSURE PROCEDURE.  THIS GENERALLY CONSISTED OF AN ENVIRONMENTAL ASSESSMENT, A CLAY OR COMPOSITE COVER SYSTEM, AND WATER QUALITY MONITORING.  SPECIFIC DETAILS FOR CLOSURE OF THIS LANDFILL ARE AVAILABLE THROUGH MEDEP FILE ROOM.","SUMMARY":"CLOSED IN 1978 AS REQUIRED BY THE MEDEP LANDFILL CLOSURE AND REMEDIATION PROGRAM.  2.5 ACRE LANDFILL.  THE LANDFILL CLOSURE USED THE REGULATION CLOSURE PROCEDURE.  THIS GENERALLY CONSISTED OF AN ENVIRONMENTAL ASSESSMENT, A CLAY OR COMPOSITE COVER SYSTEM, AND WATER QUALITY MONITORING.  SPECIFIC DETAILS FOR CLOSURE OF THIS LANDFILL ARE AVAILABLE THROUGH MEDEP FILE ROOM.","CLOSED":"POST-1976"},"id":247},{"type":"Feature","geometry":{"type":"Point","coordinates":[-70.61418445029179,44.15474569041621]},"properties":{"OBJECTID":"248","LATITUDE":"44.15475","LONGITUDE":"-70.61418","SITE_NAME":"HARRISON LANDFILL","SITE_NUMBER":"27704","ADDRESS":"UPTON RD","TOWN":"HARRISON","DESCRIPTION":"5 ACRE LANDFILL CLOSED IN 1991 AS REQUIRED BY THE MEDEP LANDFILL CLOSURE AND REMEDIATION PROGRAM.   THE LANDFILL CLOSURE USED THE REGULATION CLOSURE PROCEDURE.  THIS GENERALLY CONSISTED OF AN ENVIRONMENTAL ASSESSMENT, A CLAY OR COMPOSITE COVER SYSTEM, AND WATER QUALITY MONITORING.  SPECIFIC DETAILS FOR CLOSURE OF THIS LANDFILL ARE AVAILABLE THROUGH MEDEP FILE ROOM.","SUMMARY":"CLOSED IN 1991 AS REQUIRED BY THE MEDEP LANDFILL CLOSURE AND REMEDIATION PROGRAM.  5 ACRE LANDFILL.  THE LANDFILL CLOSURE USED THE REGULATION CLOSURE PROCEDURE.  USED ITS WHOLE LIFE FOR MSW DISPOSAL.  NO CURRENT MONITORING RESULTS.","CLOSED":"POST-1976"},"id":248},{"type":"Feature","geometry":{"type":"Point","coordinates":[-70.61066241033156,44.153592459586434]},"properties":{"OBJECTID":"249","LATITUDE":"44.15359","LONGITUDE":"-70.61066","SITE_NAME":"HARRISON LANDFILL C AND D LANDFILL","SITE_NUMBER":"32303","ADDRESS":"RTE 117","TOWN":"HARRISON","DESCRIPTION":"1 ACRE LANDFILL CLOSED IN 1997 AS REQUIRED BY THE MEDEP LANDFILL CLOSURE AND REMEDIATION PROGRAM.  THE LANDFILL CLOSURE USED A REDUCED PROCEDURE.  THIS GENERALLY CONSISTED OF REGRADING WASTE AND CAPPING WITH 6 INCHES TOPSOIL OVER 18 INCHES 10E-6 CM/S GLACIAL TILL OVER 6 INCHES OF BURROW.  SPECIFIC DETAILS FOR CLOSURE OF THIS LANDFILL ARE AVAILABLE THROUGH THE MEDEP FILE ROOM.","SUMMARY":"THE HARRISON LANDFILL IS CONSIDERED A GRANDFATHERED SITE - ESTABLISHED PRIOR TO 1973. THE TOWN WAS GIVEN A 3 YEAR PERMIT TO USE THIS SITE IN SEPTEMBER, 1981, AND THE SITE WAS TO HAVE BEEN COMPLETELY CLOSED AND CAPPED BY OCTOBER, 1984. THE TOWN RECEIVED APPROVAL ON 4-21-89 FOR CONSTRUCTION OF A NEW TRANSFER STATION SOUTH OF THE LANDFILL SITE. THE TOWN THEN PROPOSED TO CLOSE THE LANDFILL IN 2 PHASES. PHASE 1. STOP AND CLOSE MSW SECTION OF DUMP. PHASE 2. CLOSE THE SHORT TERM WOOD WASTE AND DEMO DEBRIS AREA OF APPROX. 1.5 ACRES THE INTERIM CLOSING PLAN WAS APPROVED ON 8 AUGUST 1991.\r\nCARBON DISULFIDE\r\nTHE FOLLOWING WASTE NON-HALOGENATED SOLVENTS: TOLUENE, METHYL ETHYL KETONE, CARBON DISULFIDE, ISOBUTANOL, PYRIDINE, BENZENE, 2-ETHOXYETHANOL, AND 2-NITROPROPANE; ALL WASTE SOLVENT MIXTURES AND BLENDS CONTAINING BEFORE USE, A TOTAL OF TEN PERCENT OR MORE. \r\nTHE FOLLOWING WASTE NON-HALOGENATED SOLVENTS: XYLENE, ACETONE, ETHYL ACETATE, ETHYL BENZENE, ETHYL ETHER, METHYL ISOBUTYL KETONE, N-BUTYL ALCOHOL, CYCLOHEXANONE, AND METHANOL; ALL WASTE SOLVENT MIXTURES/BLENDS CONTAINING BEFORE USE, ONLY THE ABOVE WASTE N","CLOSED":"POST-1976"},"id":249},{"type":"Feature","geometry":{"type":"Point","coordinates":[-70.37318958963878,44.34930505044116]},"properties":{"OBJECTID":"250","LATITUDE":"44.34931","LONGITUDE":"-70.37319","SITE_NAME":"HARTFORD_SUMNER LANDFILL","SITE_NUMBER":"56584","ADDRESS":"BUTTERFIELD RD RTE 140","TOWN":"SUMNER","DESCRIPTION":"2.5 ACRE LANDFILL CLOSED IN 1999 AS REQUIRED BY THE MEDEP LANDFILL CLOSURE AND REMEDIATION PROGRAM.  THE LANDFILL CLOSURE USED AN ALTERNATIVE PROCEDURE AS IT WAS NOT AUTOMATICALLY ELIGIBLE FOR A REDUCED PROCEDURE CLOSURE.  THIS INCLUDED AN ENVIRONMENTAL ASSESSMENT AND POSSIBLE IMPROVED COVER SYSTEM AND/OR WATER QUALITY MONITORING.  SPECIFIC DETAILS OF CLOSURE ARE AVAIABLE THROUGH THE MEDEP FILE ROOM.","SUMMARY":"CLOSED IN 1999 AS REQUIRED BY THE MEDEP LANDFILL CLOSURE AND REMEDIATION PROGRAM. 2.5 ACRE LANDFILL.  THE LANDFILL CLOSURE USED AN ALTERNATIVE PROCEDURE AS IT WAS NOT AUTOMATICALLY ELIGIBLE FOR A REDUCED PROCEDURE CLOSURE.  THIS INCLUDED AN ENVIRONMENTAL ASSESSMENT AND POSSIBLE IMPROVED COVER SYSTEM AND/OR WATER QUALITY MONITORING.  SPECIFIC DETAILS OF CLOSURE ARE AVAIABLE THROUGH THE MEDEP FILE ROOM.","CLOSED":"POST-1976"},"id":250},{"type":"Feature","geometry":{"type":"Point","coordinates":[-69.48714171001369,44.893904169656764]},"properties":{"OBJECTID":"251","LATITUDE":"44.8939","LONGITUDE":"-69.48714","SITE_NAME":"HARTLAND LANDFILL","SITE_NUMBER":"27841","ADDRESS":"RTE 43 AND 151  ATHENS RD","TOWN":"HARTLAND","DESCRIPTION":"4.5 ACRE LANDFILL CLOSED IN 1999 AS REQUIRED BY THE MEDEP LANDFILL CLOSURE AND REMEDIATION PROGRAM.  THE LANDFILL CLOSURE USED AN ALTERNATIVE PROCEDURE AS IT WAS NOT AUTOMATICALLY ELIGIBLE FOR A REDUCED PROCEDURE CLOSURE.  THIS INCLUDED AN ENVIRONMENTAL ASSESSMENT AND POSSIBLE IMPROVED COVER SYSTEM AND/OR WATER QUALITY MONITORING.  SPECIFIC DETAILS OF CLOSURE ARE AVAIABLE THROUGH THE MEDEP FILE ROOM.","SUMMARY":"CLOSED IN 1999 AS REQUIRED BY THE MEDEP LANDFILL CLOSURE AND REMEDIATION PROGRAM. 4.5 ACRE LANDFILL.  THE LANDFILL CLOSURE USED AN ALTERNATIVE PROCEDURE AS IT WAS NOT AUTOMATICALLY ELIGIBLE FOR A REDUCED PROCEDURE CLOSURE.  THIS INCLUDED AN ENVIRONMENTAL ASSESSMENT AND POSSIBLE IMPROVED COVER SYSTEM AND/OR WATER QUALITY MONITORING.  SPECIFIC DETAILS OF CLOSURE ARE AVAIABLE THROUGH THE MEDEP FILE ROOM. HISTORICAL NOTES: OLD OPEN-BURNING DUMP.  LACQUERS AND LACQUER THINNERS FROM THE TANNERY WERE ALSO FLAMED AND DISPOSED OF HERE.","CLOSED":"POST-1976"},"id":251},{"type":"Feature","geometry":{"type":"Point","coordinates":[-69.46396458061209,44.88446550017999]},"properties":{"OBJECTID":"252","LATITUDE":"44.88447","LONGITUDE":"-69.46396","SITE_NAME":"HARTLAND SLUDGE LANDFILL  PHASES I AND  II","SITE_NUMBER":"30711","ADDRESS":"RTE 43 PLEASANT STREET","TOWN":"HARTLAND","DESCRIPTION":"PHASE I:  7.5 ACRE LANDFILL CLOSED IN 1990 AS REQUIRED BY THE MEDEP LANDFILL CLOSURE AND REMEDIATION PROGRAM.   THE LANDFILL CLOSURE USED THE REGULATION CLOSURE PROCEDURE.  THIS GENERALLY CONSISTED OF AN ENVIRONMENTAL ASSESSMENT, A CLAY OR COMPOSITE COVER SYSTEM, AND WATER QUALITY MONITORING.  SPECIFIC DETAILS FOR CLOSURE OF THIS LANDFILL ARE AVAILABLE THROUGH MEDEP FILE ROOM.  PHASE II: 2 ACRE ACTIVE LANDFILL.","SUMMARY":"PHASE I: CLOSED IN 1990; PHASE II ACTIVE AND LICENSED TILL 2015. THE FIRST SLUDGE LANDFILL ON THIS SITE WAS LICENSED 4/25/77.  THE A SECURE LANDFILL EXPANSION WAS LICENSED 4/27/83 AND 10/8/86, ON LAND ADJACENT TO THE ORIGINAL LANDFILL.  BLUE HIDE SCRAP, BUFFING DUST AND PRETREATMENT PLANT SLUDGE FROM THE TANNERY WAS DISPOSED OF AT THE SITE UNTIL 1986. ABOUT 90% OF THE WASTEWATER FLOW IS FROM IRVING TANNING.  THE TANNERY WAS THROUGH-THE-BLUE UNTIL 1990, BUT NOW ONLY FINISHES PRE-TANNED HIDES.","CLOSED":"POST-1976"},"id":252},{"type":"Feature","geometry":{"type":"Point","coordinates":[-69.7085713004312,44.32159651013961]},"properties":{"OBJECTID":"253","LATITUDE":"44.3216","LONGITUDE":"-69.70857","SITE_NAME":"HATCH HILL LANDFILL","SITE_NUMBER":"27293","ADDRESS":"HATCH HILL","TOWN":"AUGUSTA","DESCRIPTION":"OLD LANDFILL CLOSED 1999.  EXPANSION 1: 18 ACRE LANDFILL CLOSED IN 1996.  EXPANSION II: 11 ACRE LANDFILL CLOSED IN 2011.  EXPANSION I AND II CLOSED USING A REGULATION CLOSURE PROCEDURE.  THIS GENERALLY CONSISTED OF AN ENVIRONMENTAL ASSESSMENT, A CLAY OR COMPOSITE COVER SYSTEM, AND WATER QUALITY MONITORING.  SPECIFIC DETAILS FOR CLOSURE OF THESE LANDFILLS ARE AVAILABLE THROUGH MEDEP FILE ROOM.  EXPANSION III ACTIVE LANDFILL.","SUMMARY":"THREE FILL SITES LOCATED HERE, TWO INACTIVE AND CLOSURES IN PROGRESS (1990). NO LINERS. CLOSURE PLAN ON NEWER SEGMENT(EXPANSION I) INCLUDES A CAP AND G.W. MONITORING. EXPANSION II HAS SYNTHETIC LINER, LDS, LEACHATE COLLECTION.","CLOSED":"POST-1976"},"id":253},{"type":"Feature","geometry":{"type":"Point","coordinates":[-67.97557830062969,45.82413841032664]},"properties":{"OBJECTID":"254","LATITUDE":"45.82414","LONGITUDE":"-67.97558","SITE_NAME":"HAYNESVILLE LANDFILL","SITE_NUMBER":"29822","ADDRESS":"NUMBER 9 RD","TOWN":"HAYNESVILLE","DESCRIPTION":"2.5 ACRE LANDFILL CLOSED IN 1994 AS REQUIRED BY THE MEDEP LANDFILL CLOSURE AND REMEDIATION PROGRAM.  THE LANDFILL CLOSURE USED A REDUCED PROCEDURE.  THIS GENERALLY CONSISTED OF REGRADING WASTE AND CAPPING WITH 6 INCHES TOPSOIL OVER 18 INCHES 10E-6 CM/S GLACIAL TILL OVER 6 INCHES OF BURROW.  SPECIFIC DETAILS FOR CLOSURE OF THIS LANDFILL ARE AVAILABLE THROUGH THE MEDEP FILE ROOM.","SUMMARY":"CLOSED IN 1994 AS REQUIRED BY THE MEDEP LANDFILL CLOSURE AND REMEDIATION PROGRAM. 2.5 ACRE LANDFILL.  THE LANDFILL CLOSURE USED A REDUCED PROCEDURE.  THIS GENERALLY CONSISTED OF REGRADING WASTE AND CAPPING WITH 6 INCHES TOPSOIL OVER 18 INCHES 10E-6 CM/S GLACIAL TILL OVER 6 INCHES OF BURROW.  SPECIFIC DETAILS FOR CLOSURE OF THIS LANDFILL ARE AVAILABLE THROUGH THE MEDEP FILE ROOM.","CLOSED":"POST-1976"},"id":254},{"type":"Feature","geometry":{"type":"Point","coordinates":[-70.3723564202574,44.229756620199]},"properties":{"OBJECTID":"255","LATITUDE":"44.22976","LONGITUDE":"-70.37236","SITE_NAME":"HEBRON LANDFILL","SITE_NUMBER":"27170","ADDRESS":"GOODRICH RD","TOWN":"HEBRON","DESCRIPTION":"5 ACRE LANDFILL CLOSED IN 1995 AS REQUIRED BY THE MEDEP LANDFILL CLOSURE AND REMEDIATION PROGRAM.  THE LANDFILL CLOSURE USED A REDUCED PROCEDURE.  THIS GENERALLY CONSISTED OF REGRADING WASTE AND CAPPING WITH 6 INCHES TOPSOIL OVER 18 INCHES 10E-6 CM/S GLACIAL TILL OVER 6 INCHES OF BURROW.  SPECIFIC DETAILS FOR CLOSURE OF THIS LANDFILL ARE AVAILABLE THROUGH THE MEDEP FILE ROOM.","SUMMARY":"CLOSED IN 1995 AS REQUIRED BY THE MEDEP LANDFILL CLOSURE AND REMEDIATION PROGRAM.  5 ACRE LANDFILL.  THE LANDFILL CLOSURE USED A REDUCED PROCEDURE.  THIS GENERALLY CONSISTED OF REGRADING WASTE AND CAPPING WITH 6 INCHES TOPSOIL OVER 18 INCHES 10E-6 CM/S GLACIAL TILL OVER 6 INCHES OF BURROW.  SPECIFIC DETAILS FOR CLOSURE OF THIS LANDFILL ARE AVAILABLE THROUGH THE MEDEP FILE ROOM.","CLOSED":"POST-1976"},"id":255},{"type":"Feature","geometry":{"type":"Point","coordinates":[-68.879579529869,44.81720080978624]},"properties":{"OBJECTID":"256","LATITUDE":"44.8172","LONGITUDE":"-68.87958","SITE_NAME":"HERMON LANDFILL","SITE_NUMBER":"37947","ADDRESS":"NEW BOSTON ROAD","TOWN":"HERMON","DESCRIPTION":"2.5 ACRE LANDFILL CLOSED IN 1998 AS REQUIRED BY THE MEDEP LANDFILL CLOSURE AND REMEDIATION PROGRAM.  THE LANDFILL CLOSURE USED AN ALTERNATIVE PROCEDURE AS IT WAS NOT AUTOMATICALLY ELIGIBLE FOR A REDUCED PROCEDURE CLOSURE.  THIS INCLUDED AN ENVIRONMENTAL ASSESSMENT AND POSSIBLE IMPROVED COVER SYSTEM AND/OR WATER QUALITY MONITORING.  SPECIFIC DETAILS OF CLOSURE ARE AVAIABLE THROUGH THE MEDEP FILE ROOM.","SUMMARY":"CLOSED IN 1998 AS REQUIRED BY THE MEDEP LANDFILL CLOSURE AND REMEDIATION PROGRAM.  2.5 ACRE LANDFILL. THE LANDFILL CLOSURE USED AN ALTERNATIVE PROCEDURE AS IT WAS NOT AUTOMATICALLY ELIGIBLE FOR A REDUCED PROCEDURE CLOSURE.  THIS INCLUDED AN ENVIRONMENTAL ASSESSMENT AND POSSIBLE IMPROVED COVER SYSTEM AND/OR WATER QUALITY MONITORING.  SPECIFIC DETAILS OF CLOSURE ARE AVAIABLE THROUGH THE MEDEP FILE ROOM.","CLOSED":"POST-1976"},"id":256},{"type":"Feature","geometry":{"type":"Point","coordinates":[-70.07830393054613,45.05434461002426]},"properties":{"OBJECTID":"257","LATITUDE":"45.05434","LONGITUDE":"-70.0783","SITE_NAME":"HIGHLAND PLT LANDFILL","SITE_NUMBER":"29456","ADDRESS":"LONG FALLS DAM RD","TOWN":"HIGHLAND PLT","DESCRIPTION":"0.5 ACRE LANDFILL CLOSED IN 1993 AS REQUIRED BY THE MEDEP LANDFILL CLOSURE AND REMEDIATION PROGRAM.  THE LANDFILL CLOSURE USED THE INTERIM COVER AND GRADING (ICAG) PROCEDURE.  THIS GENERALLY CONSISTED OF REGRADING WASTE AND CAPPING WITH 6 INCHES TOPSOIL OVER 18 INCHES 10E-6 CM/S GLACIAL TILL OVER 6 INCHES OF BURROW.  SPECIFIC DETAILS FOR CLOSURE OF THIS LANDFILL ARE AVAILABLE THROUGH THE MEDEP FILE ROOM.","SUMMARY":"CLOSED IN 1993 AS REQUIRED BY THE MEDEP LANDFILL CLOSURE AND REMEDIATION PROGRAM. 0.5 ACRE LANDFILL.  THE LANDFILL CLOSURE USED THE INTERIM COVER AND GRADING (ICAG) PROCEDURE.  THIS GENERALLY CONSISTED OF REGRADING WASTE AND CAPPING WITH 6 INCHES TOPSOIL OVER 18 INCHES 10E-6 CM/S GLACIAL TILL OVER 6 INCHES OF BURROW.  SPECIFIC DETAILS FOR CLOSURE OF THIS LANDFILL ARE AVAILABLE THROUGH THE MEDEP FILE ROOM.  CLOSURE BY INTERIM COVER AND GRADING PROCEDURE OF RURAL DUMP.  NO MONITORING WELLS AT SITE.","CLOSED":"POST-1976"},"id":257},{"type":"Feature","geometry":{"type":"Point","coordinates":[-70.61682090996783,43.666940379739714]},"properties":{"OBJECTID":"258","LATITUDE":"43.66694","LONGITUDE":"-70.61682","SITE_NAME":"HOLLIS LANDFILL","SITE_NUMBER":"27761","ADDRESS":"DECKER CIRCLE OFF HIGH ST","TOWN":"HOLLIS","DESCRIPTION":"2.5 ACRE LANDFILL CLOSED IN 1993 AS REQUIRED BY THE MEDEP LANDFILL CLOSURE AND REMEDIATION PROGRAM.  THE LANDFILL CLOSURE USED THE INTERIM COVER AND GRADING (ICAG) PROCEDURE.  THIS GENERALLY CONSISTED OF REGRADING WASTE AND CAPPING WITH 6 INCHES TOPSOIL OVER 18 INCHES 10E-6 CM/S GLACIAL TILL OVER 6 INCHES OF BURROW.  SPECIFIC DETAILS FOR CLOSURE OF THIS LANDFILL ARE AVAILABLE THROUGH THE MEDEP FILE ROOM.","SUMMARY":"CLOSED IN 1993 AS REQUIRED BY THE MEDEP LANDFILL CLOSURE AND REMEDIATION PROGRAM.  2.5 ACRE LANDFILL. THE LANDFILL CLOSURE USED THE INTERIM COVER AND GRADING (ICAG) PROCEDURE.  THIS GENERALLY CONSISTED OF REGRADING WASTE AND CAPPING WITH 6 INCHES TOPSOIL OVER 18 INCHES 10E-6 CM/S GLACIAL TILL OVER 6 INCHES OF BURROW.  SPECIFIC DETAILS FOR CLOSURE OF THIS LANDFILL ARE AVAILABLE THROUGH THE MEDEP FILE ROOM.  THE SITE IS LOCATED AT A GRAVEL PIT.","CLOSED":"POST-1976"},"id":258},{"type":"Feature","geometry":{"type":"Point","coordinates":[-70.37607257023225,43.61006686025339]},"properties":{"OBJECTID":"259","LATITUDE":"43.61007","LONGITUDE":"-70.37607","SITE_NAME":"HOLMES RD CDD LANDFILL","SITE_NUMBER":"28115","ADDRESS":"HOLMES RD","TOWN":"SCARBOROUGH","DESCRIPTION":"7.5 ACRE LANDFILL HAS NOT BEEN FORMALLY CLOSED AS OF 2011.  WWDD EARTHEN WASTEWOOD DEMO DEBRIS.","SUMMARY":"HAS NOT BEEN FORMALLY CLOSED AS OF 2011.  7.5 ACRE LANDFILL.   WWDD EARTHEN WASTEWOOD DEMO DEBRIS. THIS IS A BRUSH/DEMO DUMP.  NO KNOWN PROBLEMS.  NO FILE FOUND.","CLOSED":"POST-1976"},"id":259},{"type":"Feature","geometry":{"type":"Point","coordinates":[-67.85875865018627,46.12526730037479]},"properties":{"OBJECTID":"260","LATITUDE":"46.12527","LONGITUDE":"-67.85876","SITE_NAME":"HOULTON LANDFILL","SITE_NUMBER":"29823","ADDRESS":"STEELSTONE STREET","TOWN":"HOULTON","DESCRIPTION":"18 ACRE LANDFILL CLOSED IN 1997 AS REQUIRED BY THE MEDEP LANDFILL CLOSURE AND REMEDIATION PROGRAM.  THE LANDFILL CLOSURE USED A REDUCED PROCEDURE.  THIS GENERALLY CONSISTED OF REGRADING WASTE AND CAPPING WITH 6 INCHES TOPSOIL OVER 18 INCHES 10E-6 CM/S GLACIAL TILL OVER 6 INCHES OF BURROW.  SPECIFIC DETAILS FOR CLOSURE OF THIS LANDFILL ARE AVAILABLE THROUGH THE MEDEP FILE ROOM.","SUMMARY":"CLOSED IN 1997 AS REQUIRED BY THE MEDEP LANDFILL CLOSURE AND REMEDIATION PROGRAM.  18 ACRE LANDFILL.  THE LANDFILL CLOSURE USED A REDUCED PROCEDURE.  THIS GENERALLY CONSISTED OF REGRADING WASTE AND CAPPING WITH 6 INCHES TOPSOIL OVER 18 INCHES 10E-6 CM/S GLACIAL TILL OVER 6 INCHES OF BURROW.  SPECIFIC DETAILS FOR CLOSURE OF THIS LANDFILL ARE AVAILABLE THROUGH THE MEDEP FILE ROOM.","CLOSED":"POST-1976"},"id":260},{"type":"Feature","geometry":{"type":"Point","coordinates":[-68.70907213054457,45.23431084041733]},"properties":{"OBJECTID":"261","LATITUDE":"45.23431","LONGITUDE":"-68.70907","SITE_NAME":"HOWLAND LANDFILL","SITE_NUMBER":"27604","ADDRESS":"RT 6/155 AKA LAGRANGE RD","TOWN":"HOWLAND","DESCRIPTION":"3 ACRE LANDFILL CLOSED IN 1995 AS REQUIRED BY THE MEDEP LANDFILL CLOSURE AND REMEDIATION PROGRAM.  THE LANDFILL CLOSURE USED A REDUCED PROCEDURE.  THIS GENERALLY CONSISTED OF REGRADING WASTE AND CAPPING WITH 6 INCHES TOPSOIL OVER 18 INCHES 10E-6 CM/S GLACIAL TILL OVER 6 INCHES OF BURROW.  SPECIFIC DETAILS FOR CLOSURE OF THIS LANDFILL ARE AVAILABLE THROUGH THE MEDEP FILE ROOM.","SUMMARY":"3 ACRE LANDFILL CLOSED IN 1995 AS REQUIRED BY THE MEDEP LANDFILL CLOSURE AND REMEDIATION PROGRAM.  THE LANDFILL CLOSURE USED A REDUCED PROCEDURE.  THIS GENERALLY CONSISTED OF REGRADING WASTE AND CAPPING WITH 6 INCHES TOPSOIL OVER 18 INCHES 10E-6 CM/S GLACIAL TILL OVER 6 INCHES OF BURROW.  SPECIFIC DETAILS FOR CLOSURE OF THIS LANDFILL ARE AVAILABLE THROUGH THE MEDEP FILE ROOM. THE GROUNDWATER IS BEING MONITORED.","CLOSED":"POST-1976"},"id":261},{"type":"Feature","geometry":{"type":"Point","coordinates":[-68.88850563031328,44.99290041970757]},"properties":{"OBJECTID":"262","LATITUDE":"44.9929","LONGITUDE":"-68.88851","SITE_NAME":"HUDSON LANDFILL","SITE_NUMBER":"29630","ADDRESS":"OFF HUDSON ROAD ON TAMBURO LN","TOWN":"HUDSON","DESCRIPTION":"1.7 ACRE LANDFILL CLOSED IN 1999 AS REQUIRED BY THE MEDEP LANDFILL CLOSURE AND REMEDIATION PROGRAM.  THE LANDFILL CLOSURE USED A REDUCED PROCEDURE.  THIS GENERALLY CONSISTED OF REGRADING WASTE AND CAPPING WITH 6 INCHES TOPSOIL OVER 18 INCHES 10E-6 CM/S GLACIAL TILL OVER 6 INCHES OF BURROW.  SPECIFIC DETAILS FOR CLOSURE OF THIS LANDFILL ARE AVAILABLE THROUGH THE MEDEP FILE ROOM.","SUMMARY":"CLOSED IN 1999 AS REQUIRED BY THE MEDEP LANDFILL CLOSURE AND REMEDIATION PROGRAM.  1.7 ACRE LANDFILL.  THE LANDFILL CLOSURE USED A REDUCED PROCEDURE.  THIS GENERALLY CONSISTED OF REGRADING WASTE AND CAPPING WITH 6 INCHES TOPSOIL OVER 18 INCHES 10E-6 CM/S GLACIAL TILL OVER 6 INCHES OF BURROW.  SPECIFIC DETAILS FOR CLOSURE OF THIS LANDFILL ARE AVAILABLE THROUGH THE MEDEP FILE ROOM.","CLOSED":"POST-1976"},"id":262},{"type":"Feature","geometry":{"type":"Point","coordinates":[-67.63368479998707,45.244839999633264]},"properties":{"OBJECTID":"263","LATITUDE":"45.24484","LONGITUDE":"-67.63368","SITE_NAME":"INDIAN TWP LANDFILL","SITE_NUMBER":"29745","ADDRESS":"GRAND LAKE STREAM RD","TOWN":"INDIAN TWP RES","DESCRIPTION":"2.5 ACRE LANDFILL CLOSED IN 1993 AS REQUIRED BY THE MEDEP LANDFILL CLOSURE AND REMEDIATION PROGRAM.  THE LANDFILL CLOSURE USED THE INTERIM COVER AND GRADING (ICAG) PROCEDURE.  THIS GENERALLY CONSISTED OF REGRADING WASTE AND CAPPING WITH 6 INCHES TOPSOIL OVER 18 INCHES 10E-6 CM/S GLACIAL TILL OVER 6 INCHES OF BURROW.  SPECIFIC DETAILS FOR CLOSURE OF THIS LANDFILL ARE AVAILABLE THROUGH THE MEDEP FILE ROOM.","SUMMARY":"CLOSED IN 1993 AS REQUIRED BY THE MEDEP LANDFILL CLOSURE AND REMEDIATION PROGRAM. 2.5 ACRE LANDFILL.  THE LANDFILL CLOSURE USED THE INTERIM COVER AND GRADING (ICAG) PROCEDURE.  THIS GENERALLY CONSISTED OF REGRADING WASTE AND CAPPING WITH 6 INCHES TOPSOIL OVER 18 INCHES 10E-6 CM/S GLACIAL TILL OVER 6 INCHES OF BURROW.  SPECIFIC DETAILS FOR CLOSURE OF THIS LANDFILL ARE AVAILABLE THROUGH THE MEDEP FILE ROOM.","CLOSED":"POST-1976"},"id":263},{"type":"Feature","geometry":{"type":"Point","coordinates":[-68.27833644986424,46.02318915009215]},"properties":{"OBJECTID":"264","LATITUDE":"46.02319","LONGITUDE":"-68.27834","SITE_NAME":"ISLAND FALLS LANDFILL","SITE_NUMBER":"29824","ADDRESS":"SEWELL ST","TOWN":"ISLAND FALLS","DESCRIPTION":"1 ACRE LANDFILL CLOSED IN 1993 AS REQUIRED BY THE MEDEP LANDFILL CLOSURE AND REMEDIATION PROGRAM.  THE LANDFILL CLOSURE USED THE INTERIM COVER AND GRADING (ICAG) PROCEDURE.  THIS GENERALLY CONSISTED OF REGRADING WASTE AND CAPPING WITH 6 INCHES TOPSOIL OVER 18 INCHES 10E-6 CM/S GLACIAL TILL OVER 6 INCHES OF BURROW.  SPECIFIC DETAILS FOR CLOSURE OF THIS LANDFILL ARE AVAILABLE THROUGH THE MEDEP FILE ROOM.","SUMMARY":"CLOSED IN 1993 AS REQUIRED BY THE MEDEP LANDFILL CLOSURE AND REMEDIATION PROGRAM. 1 ACRE LANDFILL.  THE LANDFILL CLOSURE USED THE INTERIM COVER AND GRADING (ICAG) PROCEDURE.  THIS GENERALLY CONSISTED OF REGRADING WASTE AND CAPPING WITH 6 INCHES TOPSOIL OVER 18 INCHES 10E-6 CM/S GLACIAL TILL OVER 6 INCHES OF BURROW.  SPECIFIC DETAILS FOR CLOSURE OF THIS LANDFILL ARE AVAILABLE THROUGH THE MEDEP FILE ROOM.  DUMP IS LOCATED ON FINE SANDY ALLUVIUM.  TOWN SUBMITTED AN APPLICATION FOR A NEW LANDFILL UP THE ROAD FROM THE OLD ONE, BUT MOVED BEFORE APPROVAL WAS GRANTED. NEW APPL. # IS 007753-07-.","CLOSED":"POST-1976"},"id":264},{"type":"Feature","geometry":{"type":"Point","coordinates":[-68.89224998028192,44.36684245043065]},"properties":{"OBJECTID":"265","LATITUDE":"44.36684","LONGITUDE":"-68.89225","SITE_NAME":"ISLESBORO LANDFILL","SITE_NUMBER":"29171","ADDRESS":"MAIN RD","TOWN":"ISLESBORO","DESCRIPTION":"2.5 ACRE LANDFILL CLOSED IN 1995 AS REQUIRED BY THE MEDEP LANDFILL CLOSURE AND REMEDIATION PROGRAM.  THE LANDFILL CLOSURE USED AN ALTERNATIVE PROCEDURE AS IT WAS NOT AUTOMATICALLY ELIGIBLE FOR A REDUCED PROCEDURE CLOSURE.  THIS INCLUDED AN ENVIRONMENTAL ASSESSMENT AND POSSIBLE IMPROVED COVER SYSTEM AND/OR WATER QUALITY MONITORING.  SPECIFIC DETAILS OF CLOSURE ARE AVAILABLE THROUGH THE MEDEP FILE ROOM.","SUMMARY":"CLOSED IN 1995 AS REQUIRED BY THE MEDEP LANDFILL CLOSURE AND REMEDIATION PROGRAM.  2.5 ACRE LANDFILL.  THE LANDFILL CLOSURE USED AN ALTERNATIVE PROCEDURE AS IT WAS NOT AUTOMATICALLY ELIGIBLE FOR A REDUCED PROCEDURE CLOSURE.  THIS INCLUDED AN ENVIRONMENTAL ASSESSMENT AND POSSIBLE IMPROVED COVER SYSTEM AND/OR WATER QUALITY MONITORING.  SPECIFIC DETAILS OF CLOSURE ARE AVAILABLE THROUGH THE MEDEP FILE ROOM. SHALLOW TILL/BEDROCK LANDFILL.  HAS VARIANCES FOR DAILY, INTERMEDIATE, FINAL COVER.  TYPICAL ISLAND DUMP.","CLOSED":"POST-1976"},"id":265},{"type":"Feature","geometry":{"type":"Point","coordinates":[-70.23103560017438,45.64389270010597]},"properties":{"OBJECTID":"266","LATITUDE":"45.64389","LONGITUDE":"-70.23104","SITE_NAME":"JACKMAN REGIONAL LANDFILL","SITE_NUMBER":"29457","ADDRESS":"HASTING RD","TOWN":"JACKMAN","DESCRIPTION":"2.5 ACRE LANDFILL CLOSED IN 1994 AS REQUIRED BY THE MEDEP LANDFILL CLOSURE AND REMEDIATION PROGRAM.  THE LANDFILL CLOSURE USED A REDUCED PROCEDURE.  THIS GENERALLY CONSISTED OF REGRADING WASTE AND CAPPING WITH 6 INCHES TOPSOIL OVER 18 INCHES 10E-6 CM/S GLACIAL TILL OVER 6 INCHES OF BURROW.  SPECIFIC DETAILS FOR CLOSURE OF THIS LANDFILL ARE AVAILABLE THROUGH THE MEDEP FILE ROOM.","SUMMARY":"CLOSED IN 1994 AS REQUIRED BY THE MEDEP LANDFILL CLOSURE AND REMEDIATION PROGRAM. 2.5 ACRE LANDFILL.  THE LANDFILL CLOSURE USED A REDUCED PROCEDURE.  THIS GENERALLY CONSISTED OF REGRADING WASTE AND CAPPING WITH 6 INCHES TOPSOIL OVER 18 INCHES 10E-6 CM/S GLACIAL TILL OVER 6 INCHES OF BURROW.  SPECIFIC DETAILS FOR CLOSURE OF THIS LANDFILL ARE AVAILABLE THROUGH THE MEDEP FILE ROOM.","CLOSED":"POST-1976"},"id":266},{"type":"Feature","geometry":{"type":"Point","coordinates":[-70.23237778060272,44.52701458976546]},"properties":{"OBJECTID":"267","LATITUDE":"44.52701","LONGITUDE":"-70.23238","SITE_NAME":"JAY LANDFILL","SITE_NUMBER":"29517","ADDRESS":"RTE 4 MAIN ST","TOWN":"JAY","DESCRIPTION":"5 ACRE LANDFILL CLOSED IN 1993 AS REQUIRED BY THE MEDEP LANDFILL CLOSURE AND REMEDIATION PROGRAM.  THE LANDFILL CLOSURE USED THE INTERIM COVER AND GRADING (ICAG) PROCEDURE.  THIS GENERALLY CONSISTED OF REGRADING WASTE AND CAPPING WITH 6 INCHES TOPSOIL OVER 18 INCHES 10E-6 CM/S GLACIAL TILL OVER 6 INCHES OF BURROW.  SPECIFIC DETAILS FOR CLOSURE OF THIS LANDFILL ARE AVAILABLE THROUGH THE MEDEP FILE ROOM.","SUMMARY":"CLOSED IN 1993 AS REQUIRED BY THE MEDEP LANDFILL CLOSURE AND REMEDIATION PROGRAM. 5 ACRE LANDFILL.  THE LANDFILL CLOSURE USED THE INTERIM COVER AND GRADING (ICAG) PROCEDURE.  THIS GENERALLY CONSISTED OF REGRADING WASTE AND CAPPING WITH 6 INCHES TOPSOIL OVER 18 INCHES 10E-6 CM/S GLACIAL TILL OVER 6 INCHES OF BURROW.  SPECIFIC DETAILS FOR CLOSURE OF THIS LANDFILL ARE AVAILABLE THROUGH THE MEDEP FILE ROOM.","CLOSED":"POST-1976"},"id":267},{"type":"Feature","geometry":{"type":"Point","coordinates":[-69.51838497981662,44.19777102029994]},"properties":{"OBJECTID":"268","LATITUDE":"44.19777","LONGITUDE":"-69.51838","SITE_NAME":"JEFFERSON LANDFILL","SITE_NUMBER":"29397","ADDRESS":"HINKS RD","TOWN":"JEFFERSON","DESCRIPTION":"2.5 ACRE LANDFILL CLOSED IN 1987 AS REQUIRED BY THE MEDEP LANDFILL CLOSURE AND REMEDIATION PROGRAM.   THE LANDFILL CLOSURE USED THE REGULATION CLOSURE PROCEDURE.  THIS GENERALLY CONSISTED OF AN ENVIRONMENTAL ASSESSMENT, A CLAY OR COMPOSITE COVER SYSTEM, AND WATER QUALITY MONITORING.  SPECIFIC DETAILS FOR CLOSURE OF THIS LANDFILL ARE AVAILABLE THROUGH MEDEP FILE ROOM.","SUMMARY":"CLOSED IN 1987 AS REQUIRED BY THE MEDEP LANDFILL CLOSURE AND REMEDIATION PROGRAM.  2.5 ACRE LANDFILL.   THE LANDFILL CLOSURE USED THE REGULATION CLOSURE PROCEDURE.  THIS GENERALLY CONSISTED OF AN ENVIRONMENTAL ASSESSMENT, A CLAY OR COMPOSITE COVER SYSTEM, AND WATER QUALITY MONITORING.  SPECIFIC DETAILS FOR CLOSURE OF THIS LANDFILL ARE AVAILABLE THROUGH MEDEP FILE ROOM.  HISTORY: IN VIOLATION OF OPEN BURNING.  WATER TESTING DONE BY JOHN FANCY","CLOSED":"POST-1976"},"id":268},{"type":"Feature","geometry":{"type":"Point","coordinates":[-67.6309443598398,44.663934100016604]},"properties":{"OBJECTID":"269","LATITUDE":"44.66393","LONGITUDE":"-67.63094","SITE_NAME":"JONESBORO LANDFILL","SITE_NUMBER":"29698","ADDRESS":"OFF RTE 1","TOWN":"JONESBORO","DESCRIPTION":"2.5 ACRE LANDFILL HAS NOT BEEN FORMALLY CLOSED AS OF 2011.","SUMMARY":"NOT FORMALLY CLOSED AS OF 2011.  2.5 ACRE LANDFILL.","CLOSED":"POST-1976"},"id":269},{"type":"Feature","geometry":{"type":"Point","coordinates":[-67.62959576988666,44.54503978043924]},"properties":{"OBJECTID":"270","LATITUDE":"44.54504","LONGITUDE":"-67.6296","SITE_NAME":"JONESPORT LANDFILL","SITE_NUMBER":"29699","ADDRESS":"RTE 187","TOWN":"JONESPORT","DESCRIPTION":"7 ACRE LANDFILL CLOSED IN 1997 AS REQUIRED BY THE MEDEP LANDFILL CLOSURE AND REMEDIATION PROGRAM.  THE LANDFILL CLOSURE USED A REDUCED PROCEDURE.  THIS GENERALLY CONSISTED OF REGRADING WASTE AND CAPPING WITH 6 INCHES TOPSOIL OVER 18 INCHES 10E-6 CM/S GLACIAL TILL OVER 6 INCHES OF BURROW.  SPECIFIC DETAILS FOR CLOSURE OF THIS LANDFILL ARE AVAILABLE THROUGH THE MEDEP FILE ROOM.","SUMMARY":"CLOSED IN 1997 AS REQUIRED BY THE MEDEP LANDFILL CLOSURE AND REMEDIATION PROGRAM. 7 ACRE LANDFILL.  THE LANDFILL CLOSURE USED A REDUCED PROCEDURE.  THIS GENERALLY CONSISTED OF REGRADING WASTE AND CAPPING WITH 6 INCHES TOPSOIL OVER 18 INCHES 10E-6 CM/S GLACIAL TILL OVER 6 INCHES OF BURROW.  SPECIFIC DETAILS FOR CLOSURE OF THIS LANDFILL ARE AVAILABLE THROUGH THE MEDEP FILE ROOM.","CLOSED":"POST-1976"},"id":270},{"type":"Feature","geometry":{"type":"Point","coordinates":[-68.9488221298629,44.89865653996123]},"properties":{"OBJECTID":"271","LATITUDE":"44.89866","LONGITUDE":"-68.94882","SITE_NAME":"KENDUSKEAG LANDFILL","SITE_NUMBER":"29631","ADDRESS":"TOWN HOUSE RD","TOWN":"KENDUSKEAG","DESCRIPTION":"2 ACRE LANDFILL HAS NOT BEEN FORMALLY CLOSED AS OF 2011  ","SUMMARY":"NOT FORMALLY CLOSED AS OF 2011.  2 ACRE LANDFILL.","CLOSED":"POST-1976"},"id":271},{"type":"Feature","geometry":{"type":"Point","coordinates":[-69.65350029979196,44.5291722297948]},"properties":{"OBJECTID":"272","LATITUDE":"44.52917","LONGITUDE":"-69.6535","SITE_NAME":"KENNEBEC SANITARY TREATMENT DISTRICT LANDFILL","SITE_NUMBER":"94976","ADDRESS":"401 WATER ST","TOWN":"WATERVILLE","DESCRIPTION":"3 ACRE LANDFILL CLOSED IN 1983  THE LANDFILL WAS CLOSED PRIOR TO THE ESTABLISHMENT OF THE MEDEP LANDFILL CLOSURE AND REMEDIATION PROGRAM IN 1988.  THEREFORE THE CLOSURE PROCEDURE IS UNKNOWN.","SUMMARY":"CLOSED IN 1983.  3 ACRE LANDFILL.   THE LANDFILL WAS CLOSED PRIOR TO THE ESTABLISHMENT OF THE MEDEP LANDFILL CLOSURE AND REMEDIATION PROGRAM IN 1988.  THEREFORE THE CLOSURE PROCEDURE IS UNKNOWN.","CLOSED":"POST-1976"},"id":272},{"type":"Feature","geometry":{"type":"Point","coordinates":[-70.52460470001553,43.37425308025634]},"properties":{"OBJECTID":"273","LATITUDE":"43.37425","LONGITUDE":"-70.5246","SITE_NAME":"KENNEBUNK LANDFILL PHASE I","SITE_NUMBER":"27810","ADDRESS":"SEA ST","TOWN":"KENNEBUNK","DESCRIPTION":"PHASE I: LANDFILL CLOSED IN 1987 USING A REGULATION CLOSURE PROCEDURE.  THIS GENERALLY CONSISTED OF AN ENVIRONMENTAL ASSESSMENT, A CLAY OR COMPOSITE COVER SYSTEM, AND WATER QUALITY MONITORING.  PHASE II: 27 ACRE LANDFILL CLOSED IN 1994 USING A REDUCED CLOSURE PROCEDURE.  THIS GENERALLY CONSISTED OF REGRADING WASTE AND CAPPING WITH 6 INCHES TOPSOIL OVER 18 INCHES 10E-6 CM/S GLACIAL TILL OVER 6 INCHES OF BURROW.   SPECIFIC DETAILS FOR CLOSURE OF THESE LANDFILLS ARE AVAILABLE THROUGH MEDEP FILE ROOM.","SUMMARY":"PHASE I: CLOSED IN 1987 USING A REGULATION CLOSURE PROCEDURE.  THIS GENERALLY CONSISTED OF AN ENVIRONMENTAL ASSESSMENT, A CLAY OR COMPOSITE COVER SYSTEM, AND WATER QUALITY MONITORING.  PHASE II: 27 ACRE LANDFILL CLOSED IN 1994 USING A REDUCED CLOSURE PROCEDURE.  THIS GENERALLY CONSISTED OF REGRADING WASTE AND CAPPING WITH 6 INCHES TOPSOIL OVER 18 INCHES 10E-6 CM/S GLACIAL TILL OVER 6 INCHES OF BURROW.   SPECIFIC DETAILS FOR CLOSURE OF THESE LANDFILLS ARE AVAILABLE THROUGH MEDEP FILE ROOM.HISTORY: THE LANDFILL WAS CLOSED DOWN BY THE STATE AND PUT ON THE HAZARDOUS WASTE LIST.  \n\nGROUNDWATER SAMPLES COLLECTED FROM ONSITE MONITORING WELLS WERE FOUND TO BE CONTAMINATED.  IN 1986 A METHANE COLLECTION SYSTEM AND CLAY CAP WERE INSTALLED OVER APPROXIMATELY TWO THIRDS OF THE LANDFILL.  THE LANDFILL CLOSURE WAS COMPLETED IN DECEMBER, 1994.\n\nTHE SITE WAS GIVEN A NO FURTHER ACTION NECESSARY STATUS IN MARCH, 1999.\n\nTHE MAIN CONCERN IS NEW RESIDENTIAL AREA BUILT RIGHT BY THE LANDFILL.","CLOSED":"POST-1976"},"id":273},{"type":"Feature","geometry":{"type":"Point","coordinates":[-70.45943007052823,43.38452142017517]},"properties":{"OBJECTID":"274","LATITUDE":"43.38452","LONGITUDE":"-70.45943","SITE_NAME":"KENNEBUNKPORT LANDFILL - BEACHWOOD AVE","SITE_NUMBER":"27815","ADDRESS":"BEACHWOOD RD","TOWN":"KENNEBUNKPORT","DESCRIPTION":"7 ACRE LANDFILL CLOSED IN 1993 AS REQUIRED BY THE MEDEP LANDFILL CLOSURE AND REMEDIATION PROGRAM.   THE LANDFILL CLOSURE USED THE REGULATION CLOSURE PROCEDURE.  THIS GENERALLY CONSISTED OF AN ENVIRONMENTAL ASSESSMENT, A CLAY OR COMPOSITE COVER SYSTEM, AND WATER QUALITY MONITORING.  SPECIFIC DETAILS FOR CLOSURE OF THIS LANDFILL ARE AVAILABLE THROUGH MEDEP FILE ROOM.","SUMMARY":"CLOSED IN 1993 AS REQUIRED BY THE MEDEP LANDFILL CLOSURE AND REMEDIATION PROGRAM.  7 ACRE LANDFILL.  THE LANDFILL CLOSURE USED THE REGULATION CLOSURE PROCEDURE.  THIS GENERALLY CONSISTED OF AN ENVIRONMENTAL ASSESSMENT, A CLAY OR COMPOSITE COVER SYSTEM, AND WATER QUALITY MONITORING.  SPECIFIC DETAILS FOR CLOSURE OF THIS LANDFILL ARE AVAILABLE THROUGH MEDEP FILE ROOM. HISTORY: THE SITE WAS OPENED IN 1978 AND CLOSED IN 1985. IT IS STILL BEING MONITORED. POTENTIAL FOR GROUNDWATER CONTAMINATION STILL DOES EXIST.\n\nSEE FILES FOR ADDITIONAL INFO. SSP SIZE IS 2500 CU. YDS. - UNCOVERED AT PUBLIC WORKS FACILITY.  A SAND/SALT STORAGE BUILDING WAS COMPLETED AT THETOWN DUMP ON 9/18/86, BUT SSP WAS STILL IN PWF.  4 WELLSWERE SAMPLED NEAR PWF SITE.  ONE HAD CL LEVELS ABOVE 250 MG/L, THREE HAD CL LEVELS ABOVE 20 MG/L.  ALL 4 HAD NA LEVELS ABOVE 20 MG/L.","CLOSED":"POST-1976"},"id":274},{"type":"Feature","geometry":{"type":"Point","coordinates":[-70.12282894943517,44.95889531001933]},"properties":{"OBJECTID":"275","LATITUDE":"44.9589","LONGITUDE":"-70.12283","SITE_NAME":"KINGFIELD LANDFILL","SITE_NUMBER":"29351","ADDRESS":"RTE 16","TOWN":"KINGFIELD","DESCRIPTION":"2 ACRE LANDFILL CLOSED IN 1994 AS REQUIRED BY THE MEDEP LANDFILL CLOSURE AND REMEDIATION PROGRAM.  THE LANDFILL CLOSURE USED THE INTERIM COVER AND GRADING (ICAG) PROCEDURE.  THIS GENERALLY CONSISTED OF REGRADING WASTE AND CAPPING WITH 6 INCHES TOPSOIL OVER 18 INCHES 10E-6 CM/S GLACIAL TILL OVER 6 INCHES OF BURROW.  SPECIFIC DETAILS FOR CLOSURE OF THIS LANDFILL ARE AVAILABLE THROUGH THE MEDEP FILE ROOM.","SUMMARY":"CLOSED IN 1994 AS REQUIRED BY THE MEDEP LANDFILL CLOSURE AND REMEDIATION PROGRAM. 2 ACRE LANDFILL.  THE LANDFILL CLOSURE USED THE INTERIM COVER AND GRADING (ICAG) PROCEDURE.  THIS GENERALLY CONSISTED OF REGRADING WASTE AND CAPPING WITH 6 INCHES TOPSOIL OVER 18 INCHES 10E-6 CM/S GLACIAL TILL OVER 6 INCHES OF BURROW.  SPECIFIC DETAILS FOR CLOSURE OF THIS LANDFILL ARE AVAILABLE THROUGH THE MEDEP FILE ROOM. THE DUMP SERVES THE TOWNS OF KINGFIELD, NEW PORTLAND, AND CARRABASSETT VALLEY","CLOSED":"POST-1976"},"id":275},{"type":"Feature","geometry":{"type":"Point","coordinates":[-70.7516998798573,43.12035348957262]},"properties":{"OBJECTID":"276","LATITUDE":"43.12035","LONGITUDE":"-70.7517","SITE_NAME":"KITTERY LANDFILL","SITE_NUMBER":"27816","ADDRESS":"PICOTT RD","TOWN":"KITTERY","DESCRIPTION":"5 ACRE LANDFILL CLOSED IN 1993 AS REQUIRED BY THE MEDEP LANDFILL CLOSURE AND REMEDIATION PROGRAM.  THE LANDFILL CLOSURE USED A REDUCED PROCEDURE.  THIS GENERALLY CONSISTED OF REGRADING WASTE AND CAPPING WITH 6 INCHES TOPSOIL OVER 18 INCHES 10E-6 CM/S GLACIAL TILL OVER 6 INCHES OF BURROW.  SPECIFIC DETAILS FOR CLOSURE OF THIS LANDFILL ARE AVAILABLE THROUGH THE MEDEP FILE ROOM.","SUMMARY":"CLOSED IN 1993 AS REQUIRED BY THE MEDEP LANDFILL CLOSURE AND REMEDIATION PROGRAM. 5 ACRE LANDFILL.  THE LANDFILL CLOSURE USED A REDUCED PROCEDURE.  THIS GENERALLY CONSISTED OF REGRADING WASTE AND CAPPING WITH 6 INCHES TOPSOIL OVER 18 INCHES 10E-6 CM/S GLACIAL TILL OVER 6 INCHES OF BURROW.  SPECIFIC DETAILS FOR CLOSURE OF THIS LANDFILL ARE AVAILABLE THROUGH THE MEDEP FILE ROOM.HISTORICAL COMMENTS: DUMP ACCEPTED WASTES FROM PORTSMOUTH NAVAL SHIPYARD. SOLVENTS, PAINTS, ETC. ARE EXPECTED TO HAVE BEEN DUMPED.SITE UNDER INVESTIGATION BY SOLID WASTE.","CLOSED":"POST-1976"},"id":276},{"type":"Feature","geometry":{"type":"Point","coordinates":[-68.83921668034186,45.16405926004493]},"properties":{"OBJECTID":"277","LATITUDE":"45.16406","LONGITUDE":"-68.83922","SITE_NAME":"LAGRANGE LANDFILL","SITE_NUMBER":"29632","ADDRESS":"RTE 16","TOWN":"LAGRANGE","DESCRIPTION":"1.3 ACRE LANDFILL CLOSED IN 1995 AS REQUIRED BY THE MEDEP LANDFILL CLOSURE AND REMEDIATION PROGRAM.  THE LANDFILL CLOSURE USED AN ALTERNATIVE PROCEDURE AS IT WAS NOT AUTOMATICALLY ELIGIBLE FOR A REDUCED PROCEDURE CLOSURE.  THIS INCLUDED AN ENVIRONMENTAL ASSESSMENT AND POSSIBLE IMPROVED COVER SYSTEM AND/OR WATER QUALITY MONITORING.  SPECIFIC DETAILS OF CLOSURE ARE AVAIABLE THROUGH THE MEDEP FILE ROOM.","SUMMARY":"CLOSED IN 1995 AS REQUIRED BY THE MEDEP LANDFILL CLOSURE AND REMEDIATION PROGRAM. 1.3 ACRE LANDFILL.  THE LANDFILL CLOSURE USED AN ALTERNATIVE PROCEDURE AS IT WAS NOT AUTOMATICALLY ELIGIBLE FOR A REDUCED PROCEDURE CLOSURE.  THIS INCLUDED AN ENVIRONMENTAL ASSESSMENT AND POSSIBLE IMPROVED COVER SYSTEM AND/OR WATER QUALITY MONITORING.  SPECIFIC DETAILS OF CLOSURE ARE AVAIABLE THROUGH THE MEDEP FILE ROOM.","CLOSED":"POST-1976"},"id":277},{"type":"Feature","geometry":{"type":"Point","coordinates":[-68.92431464959,45.32114949984379]},"properties":{"OBJECTID":"278","LATITUDE":"45.32115","LONGITUDE":"-68.92431","SITE_NAME":"LAKEVIEW PLANTATION LANDFILL","SITE_NUMBER":"29566","ADDRESS":"LAKEVIEW RD","TOWN":"LAKE VIEW PLT","DESCRIPTION":"2.5 ACRE LANDFILL CLOSED IN 1995 AS REQUIRED BY THE MEDEP LANDFILL CLOSURE AND REMEDIATION PROGRAM.  THE LANDFILL CLOSURE USED AN ALTERNATIVE PROCEDURE AS IT WAS NOT AUTOMATICALLY ELIGIBLE FOR A REDUCED PROCEDURE CLOSURE.  THIS INCLUDED AN ENVIRONMENTAL ASSESSMENT AND POSSIBLE IMPROVED COVER SYSTEM AND/OR WATER QUALITY MONITORING.  SPECIFIC DETAILS OF CLOSURE ARE AVAIABLE THROUGH THE MEDEP FILE ROOM.","SUMMARY":"CLOSED IN 1995 AS REQUIRED BY THE MEDEP LANDFILL CLOSURE AND REMEDIATION PROGRAM.  2.5 ACRE LANDFILL. THE LANDFILL CLOSURE USED AN ALTERNATIVE PROCEDURE AS IT WAS NOT AUTOMATICALLY ELIGIBLE FOR A REDUCED PROCEDURE CLOSURE.  THIS INCLUDED AN ENVIRONMENTAL ASSESSMENT AND POSSIBLE IMPROVED COVER SYSTEM AND/OR WATER QUALITY MONITORING.  SPECIFIC DETAILS OF CLOSURE ARE AVAIABLE THROUGH THE MEDEP FILE ROOM.","CLOSED":"POST-1976"},"id":278},{"type":"Feature","geometry":{"type":"Point","coordinates":[-67.5187485097791,45.54668133995217]},"properties":{"OBJECTID":"279","LATITUDE":"45.54668","LONGITUDE":"-67.51875","SITE_NAME":"LAMBERT LAKE LANDFILL","SITE_NUMBER":"29700","ADDRESS":"RTE 6","TOWN":"LAMBERT LAKE TWP","DESCRIPTION":"2.5 ACRE LANDFILL CLOSED IN 1987  THE LANDFILL WAS CLOSED PRIOR TO THE ESTABLISHMENT OF THE MEDEP LANDFILL CLOSURE AND REMEDIATION PROGRAM IN 1988.  THEREFORE THE CLOSURE PROCEDURE IS UNKNOWN.   THEREFORE THE CLOSURE PROCEDURE IS UNKNOWN. AREA OVERGROWN WITH TREES NOW (2012).","SUMMARY":"2.5 ACRE LANDFILL CLOSED IN 1987  THE LANDFILL WAS CLOSED PRIOR TO THE ESTABLISHMENT OF THE MEDEP LANDFILL CLOSURE AND REMEDIATION PROGRAM IN 1988.  THEREFORE THE CLOSURE PROCEDURE IS UNKNOWN. AREA OVERGROWN WITH TREES NOW (2012)","CLOSED":"POST-1976"},"id":279},{"type":"Feature","geometry":{"type":"Point","coordinates":[-68.32639212004844,44.47145553991111]},"properties":{"OBJECTID":"280","LATITUDE":"44.47146","LONGITUDE":"-68.32639","SITE_NAME":"LAMOINE CLOSED MUNICIPAL LANDFILL","SITE_NUMBER":"29762","ADDRESS":"RTE 184","TOWN":"LAMOINE","DESCRIPTION":"3.4 ACRE LANDFILL CLOSED IN 1994 AS REQUIRED BY THE MEDEP LANDFILL CLOSURE AND REMEDIATION PROGRAM.  THE LANDFILL CLOSURE USED AN ALTERNATIVE PROCEDURE AS IT WAS NOT AUTOMATICALLY ELIGIBLE FOR A REDUCED PROCEDURE CLOSURE.  THIS INCLUDED AN ENVIRONMENTAL ASSESSMENT AND POSSIBLE IMPROVED COVER SYSTEM AND/OR WATER QUALITY MONITORING.  SPECIFIC DETAILS OF CLOSURE ARE AVAIABLE THROUGH THE MEDEP FILE ROOM.","SUMMARY":"CLOSED IN 1994 AS REQUIRED BY THE MEDEP LANDFILL CLOSURE AND REMEDIATION PROGRAM. 3.4 ACRE LANDFILL.   THE LANDFILL CLOSURE USED AN ALTERNATIVE PROCEDURE AS IT WAS NOT AUTOMATICALLY ELIGIBLE FOR A REDUCED PROCEDURE CLOSURE.  THIS INCLUDED AN ENVIRONMENTAL ASSESSMENT AND POSSIBLE IMPROVED COVER SYSTEM AND/OR WATER QUALITY MONITORING.  SPECIFIC DETAILS OF CLOSURE ARE AVAIABLE THROUGH THE MEDEP FILE ROOM.","CLOSED":"POST-1976"},"id":280},{"type":"Feature","geometry":{"type":"Point","coordinates":[-70.18168757997866,44.045563850105914]},"properties":{"OBJECTID":"281","LATITUDE":"44.04556","LONGITUDE":"-70.18169","SITE_NAME":"LAWPCA SLUDGE LANDFILL","SITE_NUMBER":"32844","ADDRESS":"RIVER RD","TOWN":"LEWISTON","DESCRIPTION":"15 ACRE LANDFILL CLOSED IN 1995 AS REQUIRED BY THE MEDEP LANDFILL CLOSURE AND REMEDIATION PROGRAM.   THE LANDFILL CLOSURE USED THE REGULATION CLOSURE PROCEDURE.  THIS GENERALLY CONSISTED OF AN ENVIRONMENTAL ASSESSMENT, A CLAY OR COMPOSITE COVER SYSTEM, AND WATER QUALITY MONITORING.  SPECIFIC DETAILS FOR CLOSURE OF THIS LANDFILL ARE AVAILABLE THROUGH MEDEP FILE ROOM.","SUMMARY":"CLOSED IN 1995 AS REQUIRED BY THE MEDEP LANDFILL CLOSURE AND REMEDIATION PROGRAM. 15 ACRE LANDFILL.   THE LANDFILL CLOSURE USED THE REGULATION CLOSURE PROCEDURE.  THIS GENERALLY CONSISTED OF AN ENVIRONMENTAL ASSESSMENT, A CLAY OR COMPOSITE COVER SYSTEM, AND WATER QUALITY MONITORING.  SPECIFIC DETAILS FOR CLOSURE OF THIS LANDFILL ARE AVAILABLE THROUGH MEDEP FILE ROOM.","CLOSED":"POST-1976"},"id":281},{"type":"Feature","geometry":{"type":"Point","coordinates":[-70.91762236977486,43.37777348997935]},"properties":{"OBJECTID":"282","LATITUDE":"43.37777","LONGITUDE":"-70.91762","SITE_NAME":"LEBANON LANDFILL","SITE_NUMBER":"27820","ADDRESS":"UPPER GUINEA RD","TOWN":"LEBANON","DESCRIPTION":"6 ACRE LANDFILL CLOSED IN 1996 AS REQUIRED BY THE MEDEP LANDFILL CLOSURE AND REMEDIATION PROGRAM.  THE LANDFILL CLOSURE USED AN ALTERNATIVE PROCEDURE AS IT WAS NOT AUTOMATICALLY ELIGIBLE FOR A REDUCED PROCEDURE CLOSURE.  THIS INCLUDED AN ENVIRONMENTAL ASSESSMENT AND POSSIBLE IMPROVED COVER SYSTEM AND/OR WATER QUALITY MONITORING.  SPECIFIC DETAILS OF CLOSURE ARE AVAIABLE THROUGH THE MEDEP FILE ROOM.","SUMMARY":"CLOSED IN 1996 AS REQUIRED BY THE MEDEP LANDFILL CLOSURE AND REMEDIATION PROGRAM.  6 ACRE LANDFILL. THE LANDFILL CLOSURE USED AN ALTERNATIVE PROCEDURE AS IT WAS NOT AUTOMATICALLY ELIGIBLE FOR A REDUCED PROCEDURE CLOSURE.  THIS INCLUDED AN ENVIRONMENTAL ASSESSMENT AND POSSIBLE IMPROVED COVER SYSTEM AND/OR WATER QUALITY MONITORING.  SPECIFIC DETAILS OF CLOSURE ARE AVAIABLE THROUGH THE MEDEP FILE ROOM.","CLOSED":"POST-1976"},"id":282},{"type":"Feature","geometry":{"type":"Point","coordinates":[-68.29317144962037,45.36108959003065]},"properties":{"OBJECTID":"283","LATITUDE":"45.36109","LONGITUDE":"-68.29317","SITE_NAME":"LEE LANDFILL","SITE_NUMBER":"29633","ADDRESS":"DAM RD","TOWN":"LEE","DESCRIPTION":"2.5 ACRE LANDFILL CLOSED IN 1996 AS REQUIRED BY THE MEDEP LANDFILL CLOSURE AND REMEDIATION PROGRAM.  THE LANDFILL CLOSURE USED AN ALTERNATIVE PROCEDURE AS IT WAS NOT AUTOMATICALLY ELIGIBLE FOR A REDUCED PROCEDURE CLOSURE.  THIS INCLUDED AN ENVIRONMENTAL ASSESSMENT AND POSSIBLE IMPROVED COVER SYSTEM AND/OR WATER QUALITY MONITORING.  SPECIFIC DETAILS OF CLOSURE ARE AVAIABLE THROUGH THE MEDEP FILE ROOM.","SUMMARY":"CLOSED IN 1996 AS REQUIRED BY THE MEDEP LANDFILL CLOSURE AND REMEDIATION PROGRAM. 2.5 ACRE LANDFILL.  THE LANDFILL CLOSURE USED AN ALTERNATIVE PROCEDURE AS IT WAS NOT AUTOMATICALLY ELIGIBLE FOR A REDUCED PROCEDURE CLOSURE.  THIS INCLUDED AN ENVIRONMENTAL ASSESSMENT AND POSSIBLE IMPROVED COVER SYSTEM AND/OR WATER QUALITY MONITORING.  SPECIFIC DETAILS OF CLOSURE ARE AVAIABLE THROUGH THE MEDEP FILE ROOM.","CLOSED":"POST-1976"},"id":283},{"type":"Feature","geometry":{"type":"Point","coordinates":[-70.1283329202571,44.32427819963973]},"properties":{"OBJECTID":"284","LATITUDE":"44.32428","LONGITUDE":"-70.12833","SITE_NAME":"LEEDS LANDFILL","SITE_NUMBER":"28473","ADDRESS":"RIDGE ROAD  OFF RTE 106","TOWN":"LEEDS","DESCRIPTION":"2.5 ACRE LANDFILL CLOSED IN 1993 AS REQUIRED BY THE MEDEP LANDFILL CLOSURE AND REMEDIATION PROGRAM.  THE LANDFILL CLOSURE USED THE INTERIM COVER AND GRADING (ICAG) PROCEDURE.  THIS GENERALLY CONSISTED OF REGRADING WASTE AND CAPPING WITH 6 INCHES TOPSOIL OVER 18 INCHES 10E-6 CM/S GLACIAL TILL OVER 6 INCHES OF BURROW.  SPECIFIC DETAILS FOR CLOSURE OF THIS LANDFILL ARE AVAILABLE THROUGH THE MEDEP FILE ROOM.","SUMMARY":"CLOSED IN 1993 AS REQUIRED BY THE MEDEP LANDFILL CLOSURE AND REMEDIATION PROGRAM. 2.5 ACRE LANDFILL.  THE LANDFILL CLOSURE USED THE INTERIM COVER AND GRADING (ICAG) PROCEDURE.  THIS GENERALLY CONSISTED OF REGRADING WASTE AND CAPPING WITH 6 INCHES TOPSOIL OVER 18 INCHES 10E-6 CM/S GLACIAL TILL OVER 6 INCHES OF BURROW.  SPECIFIC DETAILS FOR CLOSURE OF THIS LANDFILL ARE AVAILABLE THROUGH THE MEDEP FILE ROOM.  HISTORICAL COMMENTS (EARLY 1990'S): LANDFILL IS STILL OPEN AND NO GROUNDWATER MONITORING HAS BEEN RECORDED.IT IS NOT VERY BIG AS IT ONLY SERVES 1430PEOPLE.","CLOSED":"POST-1976"},"id":284},{"type":"Feature","geometry":{"type":"Point","coordinates":[-70.1818780294602,44.04949713026259]},"properties":{"OBJECTID":"285","LATITUDE":"44.0495","LONGITUDE":"-70.18188","SITE_NAME":"LEWISTON LANDFILL AND TRANSFER STATION","SITE_NUMBER":"28484","ADDRESS":"424 RIVER RD","TOWN":"LEWISTON","DESCRIPTION":"25 ACRE LANDFILL CLOSED IN 1994 AS REQUIRED BY THE MEDEP LANDFILL CLOSURE AND REMEDIATION PROGRAM.   THE LANDFILL CLOSURE USED THE REGULATION CLOSURE PROCEDURE.  THIS GENERALLY CONSISTED OF AN ENVIRONMENTAL ASSESSMENT, A CLAY OR COMPOSITE COVER SYSTEM, AND WATER QUALITY MONITORING.  SPECIFIC DETAILS FOR CLOSURE OF THIS LANDFILL ARE AVAILABLE THROUGH MEDEP FILE ROOM.","SUMMARY":"CLOSED IN 1994 AS REQUIRED BY THE MEDEP LANDFILL CLOSURE AND REMEDIATION PROGRAM.  25 ACRE LANDFILL.  THE LANDFILL CLOSURE USED THE REGULATION CLOSURE PROCEDURE.  THIS GENERALLY CONSISTED OF AN ENVIRONMENTAL ASSESSMENT, A CLAY OR COMPOSITE COVER SYSTEM, AND WATER QUALITY MONITORING.  SPECIFIC DETAILS FOR CLOSURE OF THIS LANDFILL ARE AVAILABLE THROUGH MEDEP FILE ROOM.  HISTORICAL COMMENTS: THE LANDFILL OPENED IN 1952 AND IS NOW IN THE EXPANSION PROCESS. THE LANDFILL IS CLOSELY MONITORED FOR GROUND WATER CONTAMINATION DUE TO ITS LARGE SIZE. NO EXTREME LEVELS HAVE BEEN DETECTED YET. SCOTT PAPER CO. RECEIVED A LICENSE TO UTILIZE ITS PULP AND PAPER MILL SLUDGE TO MANUFACTURE TOPSOIL TO BE USED IN THE CLOSURE OF THE LANDFILL. THE AREA CAPPED WITH THE TOPSOIL IS 25 ACRES IN SIZE.  THE LICENSE WAS ISSUED APRIL 29, 1994 AND EXPIRED OCTOBER 31, 1994.","CLOSED":"POST-1976"},"id":285},{"type":"Feature","geometry":{"type":"Point","coordinates":[-69.38170965024386,44.39258213030617]},"properties":{"OBJECTID":"286","LATITUDE":"44.39258","LONGITUDE":"-69.38171","SITE_NAME":"LIBERTY LANDFILL","SITE_NUMBER":"29172","ADDRESS":"UPPER HOSTILE VALLEY RD","TOWN":"LIBERTY","DESCRIPTION":"2.5 ACRE LANDFILL CLOSED IN 1993 AS REQUIRED BY THE MEDEP LANDFILL CLOSURE AND REMEDIATION PROGRAM.  THE LANDFILL CLOSURE USED THE INTERIM COVER AND GRADING (ICAG) PROCEDURE.  THIS GENERALLY CONSISTED OF REGRADING WASTE AND CAPPING WITH 6 INCHES TOPSOIL OVER 18 INCHES 10E-6 CM/S GLACIAL TILL OVER 6 INCHES OF BURROW.  SPECIFIC DETAILS FOR CLOSURE OF THIS LANDFILL ARE AVAILABLE THROUGH THE MEDEP FILE ROOM.","SUMMARY":"CLOSED IN 1993 AS REQUIRED BY THE MEDEP LANDFILL CLOSURE AND REMEDIATION PROGRAM. 2.5 ACRE LANDFILL.  THE LANDFILL CLOSURE USED THE INTERIM COVER AND GRADING (ICAG) PROCEDURE.  THIS GENERALLY CONSISTED OF REGRADING WASTE AND CAPPING WITH 6 INCHES TOPSOIL OVER 18 INCHES 10E-6 CM/S GLACIAL TILL OVER 6 INCHES OF BURROW.  SPECIFIC DETAILS FOR CLOSURE OF THIS LANDFILL ARE AVAILABLE THROUGH THE MEDEP FILE ROOM.LANDFILL CONVERTED FROM OLD TOWN DUMP.","CLOSED":"POST-1976"},"id":286},{"type":"Feature","geometry":{"type":"Point","coordinates":[-69.50497282035496,45.6083493103246]},"properties":{"OBJECTID":"287","LATITUDE":"45.60835","LONGITUDE":"-69.50497","SITE_NAME":"LILY BAY LANDFILL","SITE_NUMBER":"94978","ADDRESS":"SPENCER BAY RD","TOWN":"LILY BAY TWP","DESCRIPTION":"0.9 ACRE LANDFILL CLOSED IN 1994 AS REQUIRED BY THE MEDEP LANDFILL CLOSURE AND REMEDIATION PROGRAM.  THE LANDFILL CLOSURE USED A REDUCED PROCEDURE.  THIS GENERALLY CONSISTED OF REGRADING WASTE AND CAPPING WITH 6 INCHES TOPSOIL OVER 18 INCHES 10E-6 CM/S GLACIAL TILL OVER 6 INCHES OF BURROW.  SPECIFIC DETAILS FOR CLOSURE OF THIS LANDFILL ARE AVAILABLE THROUGH THE MEDEP FILE ROOM.","SUMMARY":"CLOSED IN 1994 AS REQUIRED BY THE MEDEP LANDFILL CLOSURE AND REMEDIATION PROGRAM. 0.9 ACRE LANDFILL.  THE LANDFILL CLOSURE USED A REDUCED PROCEDURE.  THIS GENERALLY CONSISTED OF REGRADING WASTE AND CAPPING WITH 6 INCHES TOPSOIL OVER 18 INCHES 10E-6 CM/S GLACIAL TILL OVER 6 INCHES OF BURROW.  SPECIFIC DETAILS FOR CLOSURE OF THIS LANDFILL ARE AVAILABLE THROUGH THE MEDEP FILE ROOM.","CLOSED":"POST-1976"},"id":287},{"type":"Feature","geometry":{"type":"Point","coordinates":[-70.76091144057305,43.69157822981557]},"properties":{"OBJECTID":"288","LATITUDE":"43.69158","LONGITUDE":"-70.76091","SITE_NAME":"LIMERICK LANDFILL","SITE_NUMBER":"27824","ADDRESS":"PICKEREL POND RD/DOLE RIDGE RD","TOWN":"LIMERICK","DESCRIPTION":"3 ACRE LANDFILL CLOSED IN 1996 AS REQUIRED BY THE MEDEP LANDFILL CLOSURE AND REMEDIATION PROGRAM.  THE LANDFILL CLOSURE USED A REDUCED PROCEDURE.  THIS GENERALLY CONSISTED OF REGRADING WASTE AND CAPPING WITH 6 INCHES TOPSOIL OVER 18 INCHES 10E-6 CM/S GLACIAL TILL OVER 6 INCHES OF BURROW.  SPECIFIC DETAILS FOR CLOSURE OF THIS LANDFILL ARE AVAILABLE THROUGH THE MEDEP FILE ROOM.","SUMMARY":"CLOSED IN 1996 AS REQUIRED BY THE MEDEP LANDFILL CLOSURE AND REMEDIATION PROGRAM.  3 ACRE LANDFILL.  THE LANDFILL CLOSURE USED A REDUCED PROCEDURE.  THIS GENERALLY CONSISTED OF REGRADING WASTE AND CAPPING WITH 6 INCHES TOPSOIL OVER 18 INCHES 10E-6 CM/S GLACIAL TILL OVER 6 INCHES OF BURROW.  SPECIFIC DETAILS FOR CLOSURE OF THIS LANDFILL ARE AVAILABLE THROUGH THE MEDEP FILE ROOM.   NOTES: AMERICAN CYANIMID DISPOSED OF METHYL METHACRYLATE SOMEWHERE IN THE AREA.  EXACT LOCATION UNKNOWN.","CLOSED":"POST-1976"},"id":288},{"type":"Feature","geometry":{"type":"Point","coordinates":[-70.69075354059949,43.7356755799311]},"properties":{"OBJECTID":"289","LATITUDE":"43.73568","LONGITUDE":"-70.69075","SITE_NAME":"LIMINGTON LANDFILL","SITE_NUMBER":"32301","ADDRESS":"PINE HILL RD","TOWN":"LIMINGTON","DESCRIPTION":"2.5 ACRE LANDFILL CLOSED IN 1996 AS REQUIRED BY THE MEDEP LANDFILL CLOSURE AND REMEDIATION PROGRAM.  THE LANDFILL CLOSURE USED AN ALTERNATIVE PROCEDURE AS IT WAS NOT AUTOMATICALLY ELIGIBLE FOR A REDUCED PROCEDURE CLOSURE.  THIS INCLUDED AN ENVIRONMENTAL ASSESSMENT AND POSSIBLE IMPROVED COVER SYSTEM AND/OR WATER QUALITY MONITORING.  SPECIFIC DETAILS OF CLOSURE ARE AVAIABLE THROUGH THE MEDEP FILE ROOM.","SUMMARY":"CLOSED FORMERLY  IN 1996 AS REQUIRED BY THE MEDEP LANDFILL CLOSURE AND REMEDIATION PROGRAM. 2.5 ACRE LANDFILL.  PRIORLY, CLOSED AS A LANDFILL IN MAY OF 1981. HISTORY: THE LIMINGTON LANDFILL OPERATED AS A BURNING DUMP FROM 1957-1977, ALTHOUGH SOME BURNING CONTINUED UNTILL 1979. LANDFILLING WAS BEING PRACTICED AT THE SITE AS OF A 1980 INSPECTION BY DEP. THIS FACILITY INCLUDED AN AREA FOR THE DISPOSAL OF C AND D DEBRIS. SEVERAL AREA WELLS WERE TESTED FOR CONTAMINATION DURING CLOSURE PROCEDURES, BUT IT WAS UNCLEAR WHETHER CONTAMINATION IN THE WELLS WAS PRESENT.","CLOSED":"POST-1976"},"id":289},{"type":"Feature","geometry":{"type":"Point","coordinates":[-68.46849989977486,45.33522595977245]},"properties":{"OBJECTID":"290","LATITUDE":"45.33523","LONGITUDE":"-68.4685","SITE_NAME":"LINCOLN LANDFILL","SITE_NUMBER":"27662","ADDRESS":"FOLSOM POND RD","TOWN":"LINCOLN","DESCRIPTION":"10 ACRE LANDFILL CLOSED IN 1996 AS REQUIRED BY THE MEDEP LANDFILL CLOSURE AND REMEDIATION PROGRAM.  THE LANDFILL CLOSURE USED AN ALTERNATIVE PROCEDURE AS IT WAS NOT AUTOMATICALLY ELIGIBLE FOR A REDUCED PROCEDURE CLOSURE.  THIS INCLUDED AN ENVIRONMENTAL ASSESSMENT AND POSSIBLE IMPROVED COVER SYSTEM AND/OR WATER QUALITY MONITORING.  SPECIFIC DETAILS OF CLOSURE ARE AVAILABLE THROUGH THE MEDEP FILE ROOM.","SUMMARY":"CLOSED IN 1996 AS REQUIRED BY THE MEDEP LANDFILL CLOSURE AND REMEDIATION PROGRAM. 10 ACRE LANDFILL.  THE LANDFILL CLOSURE USED AN ALTERNATIVE PROCEDURE AS IT WAS NOT AUTOMATICALLY ELIGIBLE FOR A REDUCED PROCEDURE CLOSURE.  THIS INCLUDED AN ENVIRONMENTAL ASSESSMENT AND POSSIBLE IMPROVED COVER SYSTEM AND/OR WATER QUALITY MONITORING.  SPECIFIC DETAILS OF CLOSURE ARE AVAILABLE THROUGH THE MEDEP FILE ROOM.","CLOSED":"POST-1976"},"id":290},{"type":"Feature","geometry":{"type":"Point","coordinates":[-70.94363952954154,44.91588971001423]},"properties":{"OBJECTID":"291","LATITUDE":"44.91589","LONGITUDE":"-70.94364","SITE_NAME":"LINCOLN PLT LANDFILL","SITE_NUMBER":"27173","ADDRESS":"TRANSFER STATION RD OFF RTE 16","TOWN":"LINCOLN PLT","DESCRIPTION":"0.3 ACRE LANDFILL CLOSED IN 1992 AS REQUIRED BY THE MEDEP LANDFILL CLOSURE AND REMEDIATION PROGRAM.   THE LANDFILL CLOSURE USED THE REGULATION CLOSURE PROCEDURE.  THIS GENERALLY CONSISTED OF AN ENVIRONMENTAL ASSESSMENT, A CLAY OR COMPOSITE COVER SYSTEM, AND WATER QUALITY MONITORING.  SPECIFIC DETAILS FOR CLOSURE OF THIS LANDFILL ARE AVAILABLE THROUGH MEDEP FILE ROOM.","SUMMARY":"CLOSED IN 1992 AS REQUIRED BY THE MEDEP LANDFILL CLOSURE AND REMEDIATION PROGRAM.  0.3 ACRE LANDFILL.  THE LANDFILL CLOSURE USED THE REGULATION CLOSURE PROCEDURE.  THIS GENERALLY CONSISTED OF AN ENVIRONMENTAL ASSESSMENT, A CLAY OR COMPOSITE COVER SYSTEM, AND WATER QUALITY MONITORING.  SPECIFIC DETAILS FOR CLOSURE OF THIS LANDFILL ARE AVAILABLE THROUGH MEDEP FILE ROOM.","CLOSED":"POST-1976"},"id":291},{"type":"Feature","geometry":{"type":"Point","coordinates":[-68.53321199982476,45.3692409998491]},"properties":{"OBJECTID":"292","LATITUDE":"45.36924","LONGITUDE":"-68.53321","SITE_NAME":"LINCOLN-PARK AVENUE LANDFILL","SITE_NUMBER":"150120","ADDRESS":"PARK AVENUE","TOWN":"LINCOLN","DESCRIPTION":"1970'S LANDFILL AREA BETWEEN PARK AVENUE AND THE PENOBSCOT RIVER.  THE TRANSFER STATION WAS BUILT ON THE SAME PROPERTY.","SUMMARY":"","CLOSED":"POST-1976"},"id":292},{"type":"Feature","geometry":{"type":"Point","coordinates":[-70.0360509895482,44.00527258027115]},"properties":{"OBJECTID":"293","LATITUDE":"44.00527","LONGITUDE":"-70.03605","SITE_NAME":"LISBON DUMP","SITE_NUMBER":"37948","ADDRESS":"EDGECOMB RD","TOWN":"LISBON","DESCRIPTION":"7 ACRE LANDFILL CLOSED IN 1977 AS REQUIRED BY THE MEDEP LANDFILL CLOSURE AND REMEDIATION PROGRAM.   THE LANDFILL CLOSURE USED THE REGULATION CLOSURE PROCEDURE.  THIS GENERALLY CONSISTED OF AN ENVIRONMENTAL ASSESSMENT, A CLAY OR COMPOSITE COVER SYSTEM, AND WATER QUALITY MONITORING.  SPECIFIC DETAILS FOR CLOSURE OF THIS LANDFILL ARE AVAILABLE THROUGH MEDEP FILE ROOM.","SUMMARY":"CLOSED IN 1977 AS REQUIRED BY THE MEDEP LANDFILL CLOSURE AND REMEDIATION PROGRAM. 7 ACRE LANDFILL.   THE LANDFILL CLOSURE USED THE REGULATION CLOSURE PROCEDURE.  THIS GENERALLY CONSISTED OF AN ENVIRONMENTAL ASSESSMENT, A CLAY OR COMPOSITE COVER SYSTEM, AND WATER QUALITY MONITORING.  SPECIFIC DETAILS FOR CLOSURE OF THIS LANDFILL ARE AVAILABLE THROUGH MEDEP FILE ROOM.","CLOSED":"POST-1976"},"id":293},{"type":"Feature","geometry":{"type":"Point","coordinates":[-70.13487775961747,44.018648219770355]},"properties":{"OBJECTID":"294","LATITUDE":"44.01865","LONGITUDE":"-70.13488","SITE_NAME":"LISBON LANDFILL","SITE_NUMBER":"33533","ADDRESS":"PINE WOODS RD","TOWN":"LISBON","DESCRIPTION":"15 ACRE LANDFILL CLOSED IN 1999 AS REQUIRED BY THE MEDEP LANDFILL CLOSURE AND REMEDIATION PROGRAM.   THE LANDFILL CLOSURE USED THE REGULATION CLOSURE PROCEDURE.  THIS GENERALLY CONSISTED OF AN ENVIRONMENTAL ASSESSMENT, A CLAY OR COMPOSITE COVER SYSTEM, AND WATER QUALITY MONITORING.  SPECIFIC DETAILS FOR CLOSURE OF THIS LANDFILL ARE AVAILABLE THROUGH MEDEP FILE ROOM.","SUMMARY":"CLOSED IN 1999 AS REQUIRED BY THE MEDEP LANDFILL CLOSURE AND REMEDIATION PROGRAM.  15 ACRE LANDFILL.  THE LISBON TOWN LANDFILL OPERATED FROM 1977-1994.  WASTES ACCEPTED AT THE LANDFILL INCLUDED SEWAGE SLUDGE, HOUSEHOLD REFUSE, MILL WASTE (YARN REMNANTS, WOOD FIBER PRODUCT AND FIBERBOARD), STEEL SCRAPS, STUMPS, WOOD, 55 GALLON DRUMS AND FIBERBOARD EMULSION.  13 55-GALLON DRUMS OF FIBERBOARD EMULSION WERE REMOVED FROM THE LANDFILL IN 1984.  CADMIUM, CHROMIUM AND LEAD HAVE BEEN DETECTED IN ONSITE MONITORING WELLS AT CONCENTRATIONS EXCEEDING MCLS.  NEARBY RESIDENCES AND SURFACE WATERS DO NOT SHOW ELEVATED LEVELS OF CONTAMINANTS.  THE LANDFILL WAS CAPPED IN 1998.  THE DIVISION OF REMEDIATION ISSUED A NO FURTHER ACTION DECISION ON 3/23/99.  A NFRAP DECISION WAS ISSUED BY EPA ON 4/22/97 AND THE SITE WAS ARCHIVED FROM CERCLIS.","CLOSED":"POST-1976"},"id":294},{"type":"Feature","geometry":{"type":"Point","coordinates":[-69.94130586021173,44.16499071038181]},"properties":{"OBJECTID":"295","LATITUDE":"44.16499","LONGITUDE":"-69.94131","SITE_NAME":"LITCHFIELD LANDFILL","SITE_NUMBER":"27529","ADDRESS":"HALLOWELL RD","TOWN":"LITCHFIELD","DESCRIPTION":"7.5 ACRE LANDFILL CLOSED IN 1995 AS REQUIRED BY THE MEDEP LANDFILL CLOSURE AND REMEDIATION PROGRAM.  THE LANDFILL CLOSURE USED AN ALTERNATIVE PROCEDURE AS IT WAS NOT AUTOMATICALLY ELIGIBLE FOR A REDUCED PROCEDURE CLOSURE.  THIS INCLUDED AN ENVIRONMENTAL ASSESSMENT AND POSSIBLE IMPROVED COVER SYSTEM AND/OR WATER QUALITY MONITORING.  SPECIFIC DETAILS OF CLOSURE ARE AVAIABLE THROUGH THE MEDEP FILE ROOM.","SUMMARY":"CLOSED IN 1995 AS REQUIRED BY THE MEDEP LANDFILL CLOSURE AND REMEDIATION PROGRAM. 7.5 ACRE LANDFILL. HISTORY:  THE LANDFILL BEGAN OPERATION IN 1953.IT WAS MONITORED IN THE EARLY 80'S AND WAS DISCHARGING LEACHATE INTO A NEARBY STREAM. AS OF 1985 THE STATE RECOMMENTED CLOSURE. PRESENT MONITORING DATA WAS NOT AVAILABLE. LISTED AS ACTIVE 9/4/92. FOUND NO EVIDENCE OF CLOSURE, WATER MONITORING OR A CLOSURE PLAN. EC JORDAN REPORT 10/82 NOTES AN IMPACT ON WATER QUALITY BUT NO CONTAINMENT DATA.","CLOSED":"POST-1976"},"id":295},{"type":"Feature","geometry":{"type":"Point","coordinates":[-67.8845249403534,46.26408101023993]},"properties":{"OBJECTID":"296","LATITUDE":"46.26408","LONGITUDE":"-67.88452","SITE_NAME":"LITTLETON LANDFILL","SITE_NUMBER":"29826","ADDRESS":"WEST RIDGE RD","TOWN":"LITTLETON","DESCRIPTION":"7.5 ACRE LANDFILL CLOSED IN 1995 AS REQUIRED BY THE MEDEP LANDFILL CLOSURE AND REMEDIATION PROGRAM.  THE LANDFILL CLOSURE USED A REDUCED PROCEDURE.  THIS GENERALLY CONSISTED OF REGRADING WASTE AND CAPPING WITH 6 INCHES TOPSOIL OVER 18 INCHES 10E-6 CM/S GLACIAL TILL OVER 6 INCHES OF BURROW.  SPECIFIC DETAILS FOR CLOSURE OF THIS LANDFILL ARE AVAILABLE THROUGH THE MEDEP FILE ROOM.","SUMMARY":"CLOSED IN 1995 AS REQUIRED BY THE MEDEP LANDFILL CLOSURE AND REMEDIATION PROGRAM. 7.5 ACRE LANDFILL.  THE LANDFILL CLOSURE USED A REDUCED PROCEDURE.  THIS GENERALLY CONSISTED OF REGRADING WASTE AND CAPPING WITH 6 INCHES TOPSOIL OVER 18 INCHES 10E-6 CM/S GLACIAL TILL OVER 6 INCHES OF BURROW.  SPECIFIC DETAILS FOR CLOSURE OF THIS LANDFILL ARE AVAILABLE THROUGH THE MEDEP FILE ROOM.","CLOSED":"POST-1976"},"id":296},{"type":"Feature","geometry":{"type":"Point","coordinates":[-70.15912770056224,44.42992081963312]},"properties":{"OBJECTID":"297","LATITUDE":"44.42992","LONGITUDE":"-70.15913","SITE_NAME":"LIVERMORE FALLS LANDFILL","SITE_NUMBER":"28561","ADDRESS":"OFF RTE 133/DIAMOND RD","TOWN":"LIVERMORE FALLS","DESCRIPTION":"7.5 ACRE LANDFILL CLOSED IN 1993 AS REQUIRED BY THE MEDEP LANDFILL CLOSURE AND REMEDIATION PROGRAM.  THE LANDFILL CLOSURE USED THE INTERIM COVER AND GRADING (ICAG) PROCEDURE.  THIS GENERALLY CONSISTED OF REGRADING WASTE AND CAPPING WITH 6 INCHES TOPSOIL OVER 18 INCHES 10E-6 CM/S GLACIAL TILL OVER 6 INCHES OF BURROW.  SPECIFIC DETAILS FOR CLOSURE OF THIS LANDFILL ARE AVAILABLE THROUGH THE MEDEP FILE ROOM.","SUMMARY":"CLOSED IN 1993 AS REQUIRED BY THE MEDEP LANDFILL CLOSURE AND REMEDIATION PROGRAM.  7.5 ACRE LANDFILL. THE LANDFILL CLOSURE USED THE INTERIM COVER AND GRADING (ICAG) PROCEDURE.  THIS GENERALLY CONSISTED OF REGRADING WASTE AND CAPPING WITH 6 INCHES TOPSOIL OVER 18 INCHES 10E-6 CM/S GLACIAL TILL OVER 6 INCHES OF BURROW.  SPECIFIC DETAILS FOR CLOSURE OF THIS LANDFILL ARE AVAILABLE THROUGH THE MEDEP FILE ROOM. HISTORY: SITE WAS OPENED IN 1957, A REPORT SAID NO GROUNDWATER MONITORING WELLS WERE REQUIRED, SO EXTENT OF CONTAMINATIONIS UNKNOWN.","CLOSED":"POST-1976"},"id":297},{"type":"Feature","geometry":{"type":"Point","coordinates":[-70.254512699928,44.37301385967877]},"properties":{"OBJECTID":"298","LATITUDE":"44.37301","LONGITUDE":"-70.25451","SITE_NAME":"LIVERMORE LANDFILL","SITE_NUMBER":"28559","ADDRESS":"RTE 4","TOWN":"LIVERMORE","DESCRIPTION":"2.5 ACRE LANDFILL CLOSED IN 1996 AS REQUIRED BY THE MEDEP LANDFILL CLOSURE AND REMEDIATION PROGRAM.  THE LANDFILL CLOSURE USED AN ALTERNATIVE PROCEDURE AS IT WAS NOT AUTOMATICALLY ELIGIBLE FOR A REDUCED PROCEDURE CLOSURE.  THIS INCLUDED AN ENVIRONMENTAL ASSESSMENT AND POSSIBLE IMPROVED COVER SYSTEM AND/OR WATER QUALITY MONITORING.  SPECIFIC DETAILS OF CLOSURE ARE AVAILABLE THROUGH THE MEDEP FILE ROOM.","SUMMARY":"CLOSED IN 1996 AS REQUIRED BY THE MEDEP LANDFILL CLOSURE AND REMEDIATION PROGRAM. 2.5 ACRE LANDFILL.  THE LANDFILL CLOSURE USED AN ALTERNATIVE PROCEDURE AS IT WAS NOT AUTOMATICALLY ELIGIBLE FOR A REDUCED PROCEDURE CLOSURE.  THIS INCLUDED AN ENVIRONMENTAL ASSESSMENT AND POSSIBLE IMPROVED COVER SYSTEM AND/OR WATER QUALITY MONITORING.  SPECIFIC DETAILS OF CLOSURE ARE AVAILABLE THROUGH THE MEDEP FILE ROOM. HISTORY: LANDFILL OPENED IN 1961 AND WAS CLOSED 1996. NO GROUNDWATER MONITORING IS ON FILE.  IT IS A SMALLERLANDFILL THAT SERVES ONLY 1800 PEOPLE.  CONTAMINATION IS A POTENTIAL POSSIBILITY.","CLOSED":"POST-1976"},"id":298},{"type":"Feature","geometry":{"type":"Point","coordinates":[-70.165014550533,43.68378642038555]},"properties":{"OBJECTID":"299","LATITUDE":"43.68379","LONGITUDE":"-70.16501","SITE_NAME":"LONG ISLAND LANDFILL","SITE_NUMBER":"29104","ADDRESS":"FOWLER RD","TOWN":"LONG ISLAND","DESCRIPTION":"1 ACRE LANDFILL CLOSED IN 1996 AS REQUIRED BY THE MEDEP LANDFILL CLOSURE AND REMEDIATION PROGRAM.  THE LANDFILL CLOSURE USED AN ALTERNATIVE PROCEDURE AS IT WAS NOT AUTOMATICALLY ELIGIBLE FOR A REDUCED PROCEDURE CLOSURE.  THIS INCLUDED AN ENVIRONMENTAL ASSESSMENT AND POSSIBLE IMPROVED COVER SYSTEM AND/OR WATER QUALITY MONITORING.  SPECIFIC DETAILS OF CLOSURE ARE AVAIABLE THROUGH THE MEDEP FILE ROOM.","SUMMARY":"CLOSED IN 1996 AS REQUIRED BY THE MEDEP LANDFILL CLOSURE AND REMEDIATION PROGRAM. 1 ACRE LANDFILL.  THE LANDFILL CLOSURE USED AN ALTERNATIVE PROCEDURE AS IT WAS NOT AUTOMATICALLY ELIGIBLE FOR A REDUCED PROCEDURE CLOSURE.  THIS INCLUDED AN ENVIRONMENTAL ASSESSMENT AND POSSIBLE IMPROVED COVER SYSTEM AND/OR WATER QUALITY MONITORING.  SPECIFIC DETAILS OF CLOSURE ARE AVAIABLE THROUGH THE MEDEP FILE ROOM.COMMENTS: DOCUMENTED SURFACE WATER CONTAMINIATION, 1987, IRON, MANGANESE. CLOSURE PLANS SUBMITTED 12/87, BUT CLOSURE RESPONSIBILITY IS AN ISSUE. LETTER FROM LONG ISLAND SOLID WASTE MANAGEMENT COMMITTEE ON 7/1/92 DETAILS DELAYS IN THE PROCESS DUE TO NEGLECT BY CITY OF PORTLAND OFFICIALS.","CLOSED":"POST-1976"},"id":299},{"type":"Feature","geometry":{"type":"Point","coordinates":[-66.99247939977163,44.8075920499868]},"properties":{"OBJECTID":"300","LATITUDE":"44.80759","LONGITUDE":"-66.99248","SITE_NAME":"LUBEC LANDFILL","SITE_NUMBER":"29701","ADDRESS":"BOOT COVE RD","TOWN":"LUBEC","DESCRIPTION":"2.5 ACRE LANDFILL CLOSED IN 1996 AS REQUIRED BY THE MEDEP LANDFILL CLOSURE AND REMEDIATION PROGRAM.  THE LANDFILL CLOSURE USED A REDUCED PROCEDURE.  THIS GENERALLY CONSISTED OF REGRADING WASTE AND CAPPING WITH 6 INCHES TOPSOIL OVER 18 INCHES 10E-6 CM/S GLACIAL TILL OVER 6 INCHES OF BURROW.  SPECIFIC DETAILS FOR CLOSURE OF THIS LANDFILL ARE AVAILABLE THROUGH THE MEDEP FILE ROOM.","SUMMARY":"CLOSED IN 1996 AS REQUIRED BY THE MEDEP LANDFILL CLOSURE AND REMEDIATION PROGRAM.  2.5 ACRE LANDFILL.  THE LANDFILL CLOSURE USED A REDUCED PROCEDURE.  THIS GENERALLY CONSISTED OF REGRADING WASTE AND CAPPING WITH 6 INCHES TOPSOIL OVER 18 INCHES 10E-6 CM/S GLACIAL TILL OVER 6 INCHES OF BURROW.  SPECIFIC DETAILS FOR CLOSURE OF THIS LANDFILL ARE AVAILABLE THROUGH THE MEDEP FILE ROOM.","CLOSED":"POST-1976"},"id":300},{"type":"Feature","geometry":{"type":"Point","coordinates":[-67.46862300000606,44.72284143029197]},"properties":{"OBJECTID":"301","LATITUDE":"44.72284","LONGITUDE":"-67.46862","SITE_NAME":"MACHIAS LANDFILL","SITE_NUMBER":"29702","ADDRESS":"RTE 192 BROADWAY","TOWN":"MACHIAS","DESCRIPTION":"2.5 ACRE LANDFILL CLOSED IN 1996 AS REQUIRED BY THE MEDEP LANDFILL CLOSURE AND REMEDIATION PROGRAM.  THE LANDFILL CLOSURE USED A REDUCED PROCEDURE.  THIS GENERALLY CONSISTED OF REGRADING WASTE AND CAPPING WITH 6 INCHES TOPSOIL OVER 18 INCHES 10E-6 CM/S GLACIAL TILL OVER 6 INCHES OF BURROW.  SPECIFIC DETAILS FOR CLOSURE OF THIS LANDFILL ARE AVAILABLE THROUGH THE MEDEP FILE ROOM.","SUMMARY":"CLOSED IN 1996 AS REQUIRED BY THE MEDEP LANDFILL CLOSURE AND REMEDIATION PROGRAM. 2.5 ACRE LANDFILL.  THE LANDFILL CLOSURE USED A REDUCED PROCEDURE.  THIS GENERALLY CONSISTED OF REGRADING WASTE AND CAPPING WITH 6 INCHES TOPSOIL OVER 18 INCHES 10E-6 CM/S GLACIAL TILL OVER 6 INCHES OF BURROW.  SPECIFIC DETAILS FOR CLOSURE OF THIS LANDFILL ARE AVAILABLE THROUGH THE MEDEP FILE ROOM.  HISTORY: THIS DUMP OPERATED FROM THE 1930'S TILL CLOSING IN 1996.","CLOSED":"POST-1976"},"id":301},{"type":"Feature","geometry":{"type":"Point","coordinates":[-67.40996940052344,44.68111767009171]},"properties":{"OBJECTID":"302","LATITUDE":"44.68112","LONGITUDE":"-67.40997","SITE_NAME":"MACHIASPORT LANDFILL","SITE_NUMBER":"29703","ADDRESS":"PORT RD","TOWN":"MACHIASPORT","DESCRIPTION":"2 ACRE LANDFILL CLOSED IN 1998 AS REQUIRED BY THE MEDEP LANDFILL CLOSURE AND REMEDIATION PROGRAM.  THE LANDFILL CLOSURE USED AN ALTERNATIVE PROCEDURE AS IT WAS NOT AUTOMATICALLY ELIGIBLE FOR A REDUCED PROCEDURE CLOSURE.  THIS INCLUDED AN ENVIRONMENTAL ASSESSMENT AND POSSIBLE IMPROVED COVER SYSTEM AND/OR WATER QUALITY MONITORING.  SPECIFIC DETAILS OF CLOSURE ARE AVAIABLE THROUGH THE MEDEP FILE ROOM.","SUMMARY":"CLOSED IN 1998 AS REQUIRED BY THE MEDEP LANDFILL CLOSURE AND REMEDIATION PROGRAM. 2 ACRE LANDFILL.  THE LANDFILL CLOSURE USED AN ALTERNATIVE PROCEDURE AS IT WAS NOT AUTOMATICALLY ELIGIBLE FOR A REDUCED PROCEDURE CLOSURE.  THIS INCLUDED AN ENVIRONMENTAL ASSESSMENT AND POSSIBLE IMPROVED COVER SYSTEM AND/OR WATER QUALITY MONITORING.  SPECIFIC DETAILS OF CLOSURE ARE AVAIABLE THROUGH THE MEDEP FILE ROOM.","CLOSED":"POST-1976"},"id":302},{"type":"Feature","geometry":{"type":"Point","coordinates":[-68.26096281978157,45.61596738990937]},"properties":{"OBJECTID":"303","LATITUDE":"45.61597","LONGITUDE":"-68.26096","SITE_NAME":"MACWAHOC PLT LANDFILL","SITE_NUMBER":"29827","ADDRESS":"RTE 170 KINGMAN RD","TOWN":"MACWAHOC PLT","DESCRIPTION":"0.5 ACRE LANDFILL CLOSED IN 1996 AS REQUIRED BY THE MEDEP LANDFILL CLOSURE AND REMEDIATION PROGRAM.  THE LANDFILL CLOSURE USED A REDUCED PROCEDURE.  THIS GENERALLY CONSISTED OF REGRADING WASTE AND CAPPING WITH 6 INCHES TOPSOIL OVER 18 INCHES 10E-6 CM/S GLACIAL TILL OVER 6 INCHES OF BURROW.  SPECIFIC DETAILS FOR CLOSURE OF THIS LANDFILL ARE AVAILABLE THROUGH THE MEDEP FILE ROOM.","SUMMARY":"CLOSED IN 1996 AS REQUIRED BY THE MEDEP LANDFILL CLOSURE AND REMEDIATION PROGRAM. 0.5 ACRE LANDFILL.  THE LANDFILL CLOSURE USED A REDUCED PROCEDURE.  THIS GENERALLY CONSISTED OF REGRADING WASTE AND CAPPING WITH 6 INCHES TOPSOIL OVER 18 INCHES 10E-6 CM/S GLACIAL TILL OVER 6 INCHES OF BURROW.  SPECIFIC DETAILS FOR CLOSURE OF THIS LANDFILL ARE AVAILABLE THROUGH THE MEDEP FILE ROOM.  APPEARS OVERGROWN IN 2011 AERIAL PHOTO.","CLOSED":"POST-1976"},"id":303},{"type":"Feature","geometry":{"type":"Point","coordinates":[-69.89245464003949,44.79247608042955]},"properties":{"OBJECTID":"304","LATITUDE":"44.79248","LONGITUDE":"-69.89245","SITE_NAME":"MADISON PAPER INDUSTRIES LANDFILL","SITE_NUMBER":"27587","ADDRESS":"ARNOLD ST","TOWN":"ANSON","DESCRIPTION":"8 ACRE ACTIVE LANDFILL.  ","SUMMARY":"8 ACRE ACTIVE LANDFILL.  ACTIVE SANITARY LANDFILL FOR THE DISPOSAL OF PAPER MILL WASTE (SLUDGE).  CONTAMINATION LIKELY DUE TO A BREACH IN THE SOIL LINER SYSTEM,  LEACHEATE COLLECTION VIA UNDER DRAIN AND DETENTION POND.","CLOSED":"POST-1976"},"id":304},{"type":"Feature","geometry":{"type":"Point","coordinates":[-68.39031091052948,44.75957899976126]},"properties":{"OBJECTID":"305","LATITUDE":"44.75958","LONGITUDE":"-68.39031","SITE_NAME":"MARIAVILLE LANDFILLTRANSFER","SITE_NUMBER":"37949","ADDRESS":"MARIAVILLE ROAD  RT 181","TOWN":"MARIAVILLE","DESCRIPTION":"1.5 ACRE LANDFILL CLOSED IN 1994 AS REQUIRED BY THE MEDEP LANDFILL CLOSURE AND REMEDIATION PROGRAM.  THE LANDFILL CLOSURE USED A REDUCED PROCEDURE.  THIS GENERALLY CONSISTED OF REGRADING WASTE AND CAPPING WITH 6 INCHES TOPSOIL OVER 18 INCHES 10E-6 CM/S GLACIAL TILL OVER 6 INCHES OF BURROW.  SPECIFIC DETAILS FOR CLOSURE OF THIS LANDFILL ARE AVAILABLE THROUGH THE MEDEP FILE ROOM.","SUMMARY":"SAND-SALT STORAGE BUILDING IN 2008 AND OPERATING TRANSFER STATION; LANDFILL CLOSED IN 1994","CLOSED":"POST-1976"},"id":305},{"type":"Feature","geometry":{"type":"Point","coordinates":[-67.85790760950486,46.51082452994643]},"properties":{"OBJECTID":"306","LATITUDE":"46.51082","LONGITUDE":"-67.85791","SITE_NAME":"MARS HILL LANDFILL","SITE_NUMBER":"29830","ADDRESS":"MILL ST","TOWN":"MARS HILL","DESCRIPTION":"8 ACRE LANDFILL CLOSED IN 1995 AS REQUIRED BY THE MEDEP LANDFILL CLOSURE AND REMEDIATION PROGRAM.  THE LANDFILL CLOSURE USED A REDUCED PROCEDURE.  THIS GENERALLY CONSISTED OF REGRADING WASTE AND CAPPING WITH 6 INCHES TOPSOIL OVER 18 INCHES 10E-6 CM/S GLACIAL TILL OVER 6 INCHES OF BURROW.  SPECIFIC DETAILS FOR CLOSURE OF THIS LANDFILL ARE AVAILABLE THROUGH THE MEDEP FILE ROOM.","SUMMARY":"CLOSED IN 1995 AS REQUIRED BY THE MEDEP LANDFILL CLOSURE AND REMEDIATION PROGRAM. 8 ACRE LANDFILL.  THE LANDFILL CLOSURE USED A REDUCED PROCEDURE.  THIS GENERALLY CONSISTED OF REGRADING WASTE AND CAPPING WITH 6 INCHES TOPSOIL OVER 18 INCHES 10E-6 CM/S GLACIAL TILL OVER 6 INCHES OF BURROW.  SPECIFIC DETAILS FOR CLOSURE OF THIS LANDFILL ARE AVAILABLE THROUGH THE MEDEP FILE ROOM.","CLOSED":"POST-1976"},"id":306},{"type":"Feature","geometry":{"type":"Point","coordinates":[-68.34923466041255,46.49261501977587]},"properties":{"OBJECTID":"307","LATITUDE":"46.49262","LONGITUDE":"-68.34923","SITE_NAME":"MASARDIS LANDFILL","SITE_NUMBER":"29831","ADDRESS":"BLACKWATER RD","TOWN":"MASARDIS","DESCRIPTION":"0.5 ACRE LANDFILL CLOSED IN 1996 AS REQUIRED BY THE MEDEP LANDFILL CLOSURE AND REMEDIATION PROGRAM.  THE LANDFILL CLOSURE USED THE INTERIM COVER AND GRADING (ICAG) PROCEDURE.  THIS GENERALLY CONSISTED OF REGRADING WASTE AND CAPPING WITH 6 INCHES TOPSOIL OVER 18 INCHES 10E-6 CM/S GLACIAL TILL OVER 6 INCHES OF BURROW.  SPECIFIC DETAILS FOR CLOSURE OF THIS LANDFILL ARE AVAILABLE THROUGH THE MEDEP FILE ROOM.","SUMMARY":"CLOSED IN 1996 AS REQUIRED BY THE MEDEP LANDFILL CLOSURE AND REMEDIATION PROGRAM. 0.5 ACRE LANDFILL.  THE LANDFILL CLOSURE USED THE INTERIM COVER AND GRADING (ICAG) PROCEDURE.  THIS GENERALLY CONSISTED OF REGRADING WASTE AND CAPPING WITH 6 INCHES TOPSOIL OVER 18 INCHES 10E-6 CM/S GLACIAL TILL OVER 6 INCHES OF BURROW.  SPECIFIC DETAILS FOR CLOSURE OF THIS LANDFILL ARE AVAILABLE THROUGH THE MEDEP FILE ROOM.","CLOSED":"POST-1976"},"id":307},{"type":"Feature","geometry":{"type":"Point","coordinates":[-68.34667336062374,45.51607149044981]},"properties":{"OBJECTID":"308","LATITUDE":"45.51607","LONGITUDE":"-68.34667","SITE_NAME":"MATTAWAMKEAG MUNICIPAL LANDFILL","SITE_NUMBER":"29634","ADDRESS":"DEPOT STREET","TOWN":"MATTAWAMKEAG","DESCRIPTION":"2.5 ACRE LANDFILL CLOSED IN 1994 AS REQUIRED BY THE MEDEP LANDFILL CLOSURE AND REMEDIATION PROGRAM.  THE LANDFILL CLOSURE USED AN ALTERNATIVE PROCEDURE AS IT WAS NOT AUTOMATICALLY ELIGIBLE FOR A REDUCED PROCEDURE CLOSURE.  THIS INCLUDED AN ENVIRONMENTAL ASSESSMENT AND POSSIBLE IMPROVED COVER SYSTEM AND/OR WATER QUALITY MONITORING.  SPECIFIC DETAILS OF CLOSURE ARE AVAIABLE THROUGH THE MEDEP FILE ROOM.","SUMMARY":"CLOSED IN 1994 AS REQUIRED BY THE MEDEP LANDFILL CLOSURE AND REMEDIATION PROGRAM. 2.5 ACRE LANDFILL.  THE LANDFILL CLOSURE USED AN ALTERNATIVE PROCEDURE AS IT WAS NOT AUTOMATICALLY ELIGIBLE FOR A REDUCED PROCEDURE CLOSURE.  THIS INCLUDED AN ENVIRONMENTAL ASSESSMENT AND POSSIBLE IMPROVED COVER SYSTEM AND/OR WATER QUALITY MONITORING.  SPECIFIC DETAILS OF CLOSURE ARE AVAIABLE THROUGH THE MEDEP FILE ROOM.","CLOSED":"POST-1976"},"id":308},{"type":"Feature","geometry":{"type":"Point","coordinates":[-70.36977531947748,44.099639630048785]},"properties":{"OBJECTID":"309","LATITUDE":"44.09964","LONGITUDE":"-70.36978","SITE_NAME":"MECHANIC FALLS LANDFILL","SITE_NUMBER":"28564","ADDRESS":"WALKER RD","TOWN":"MECHANIC FALLS","DESCRIPTION":"1 ACRE LANDFILL CLOSED IN 1993 AS REQUIRED BY THE MEDEP LANDFILL CLOSURE AND REMEDIATION PROGRAM.  THE LANDFILL CLOSURE USED THE INTERIM COVER AND GRADING (ICAG) PROCEDURE.  THIS GENERALLY CONSISTED OF REGRADING WASTE AND CAPPING WITH 6 INCHES TOPSOIL OVER 18 INCHES 10E-6 CM/S GLACIAL TILL OVER 6 INCHES OF BURROW.  SPECIFIC DETAILS FOR CLOSURE OF THIS LANDFILL ARE AVAILABLE THROUGH THE MEDEP FILE ROOM.","SUMMARY":"CLOSED IN 1993 AS REQUIRED BY THE MEDEP LANDFILL CLOSURE AND REMEDIATION PROGRAM.  1 ACRE LANDFILL.  THE LANDFILL CLOSURE USED THE INTERIM COVER AND GRADING (ICAG) PROCEDURE.  THIS GENERALLY CONSISTED OF REGRADING WASTE AND CAPPING WITH 6 INCHES TOPSOIL OVER 18 INCHES 10E-6 CM/S GLACIAL TILL OVER 6 INCHES OF BURROW.  SPECIFIC DETAILS FOR CLOSURE OF THIS LANDFILL ARE AVAILABLE THROUGH THE MEDEP FILE ROOM.HISTORY: THE LANDFILL WAS OPENED IN 1952. IN 1984 IT WAS CLOSED FOR GARBAGE, BUT IT WAS STILL RUN AS A STUMP DUMP (DEMO DEBRIS).IT HAS NOT BEEN MONITORED FOR GROUNDWATER CONTAMINATION.","CLOSED":"POST-1976"},"id":309},{"type":"Feature","geometry":{"type":"Point","coordinates":[-67.38503017045042,45.0188411296846]},"properties":{"OBJECTID":"310","LATITUDE":"45.01884","LONGITUDE":"-67.38503","SITE_NAME":"MEDDYBEMPS LANDFILL","SITE_NUMBER":"29739","ADDRESS":"RTE 191  MAIN ST","TOWN":"MEDDYBEMPS","DESCRIPTION":"2 ACRE LANDFILL CLOSED IN 1994 AS REQUIRED BY THE MEDEP LANDFILL CLOSURE AND REMEDIATION PROGRAM.  THE LANDFILL CLOSURE USED THE INTERIM COVER AND GRADING (ICAG) PROCEDURE.  THIS GENERALLY CONSISTED OF REGRADING WASTE AND CAPPING WITH 6 INCHES TOPSOIL OVER 18 INCHES 10E-6 CM/S GLACIAL TILL OVER 6 INCHES OF BURROW.  SPECIFIC DETAILS FOR CLOSURE OF THIS LANDFILL ARE AVAILABLE THROUGH THE MEDEP FILE ROOM.","SUMMARY":"CLOSED IN 1994 AS REQUIRED BY THE MEDEP LANDFILL CLOSURE AND REMEDIATION PROGRAM. 2 ACRE LANDFILL.   THE LANDFILL CLOSURE USED THE INTERIM COVER AND GRADING (ICAG) PROCEDURE.  THIS GENERALLY CONSISTED OF REGRADING WASTE AND CAPPING WITH 6 INCHES TOPSOIL OVER 18 INCHES 10E-6 CM/S GLACIAL TILL OVER 6 INCHES OF BURROW.  SPECIFIC DETAILS FOR CLOSURE OF THIS LANDFILL ARE AVAILABLE THROUGH THE MEDEP FILE ROOM.","CLOSED":"POST-1976"},"id":310},{"type":"Feature","geometry":{"type":"Point","coordinates":[-68.53546743955228,45.617848779919335]},"properties":{"OBJECTID":"311","LATITUDE":"45.61785","LONGITUDE":"-68.53547","SITE_NAME":"MEDWAY LANDFILL","SITE_NUMBER":"29635","ADDRESS":"RTE 11  GRINDSTONE RD","TOWN":"MEDWAY","DESCRIPTION":"0.5 ACRE LANDFILL CLOSED IN 1980  THE LANDFILL WAS CLOSED PRIOR TO THE ESTABLISHMENT OF THE MEDEP LANDFILL CLOSURE AND REMEDIATION PROGRAM IN 1988.  THEREFORE THE CLOSURE PROCEDURE IS UNKNOWN.","SUMMARY":"CLOSED IN 1980.   0.5 ACRE.  THE LANDFILL WAS CLOSED PRIOR TO THE ESTABLISHMENT OF THE MEDEP LANDFILL CLOSURE AND REMEDIATION PROGRAM IN 1988.  THEREFORE THE CLOSURE PROCEDURE IS UNKNOWN.","CLOSED":"POST-1976"},"id":311},{"type":"Feature","geometry":{"type":"Point","coordinates":[-69.92981516006319,44.69955666971796]},"properties":{"OBJECTID":"312","LATITUDE":"44.69956","LONGITUDE":"-69.92982","SITE_NAME":"MERCER LANDFILL","SITE_NUMBER":"29460","ADDRESS":"EAST SANDY RIVER RD","TOWN":"MERCER","DESCRIPTION":"1 ACRE LANDFILL CLOSED IN 1995 AS REQUIRED BY THE MEDEP LANDFILL CLOSURE AND REMEDIATION PROGRAM.  THE LANDFILL CLOSURE USED AN ALTERNATIVE PROCEDURE AS IT WAS NOT AUTOMATICALLY ELIGIBLE FOR A REDUCED PROCEDURE CLOSURE.  THIS INCLUDED AN ENVIRONMENTAL ASSESSMENT AND POSSIBLE IMPROVED COVER SYSTEM AND/OR WATER QUALITY MONITORING.  SPECIFIC DETAILS OF CLOSURE ARE AVAIABLE THROUGH THE MEDEP FILE ROOM.","SUMMARY":"CLOSED IN 1995 AS REQUIRED BY THE MEDEP LANDFILL CLOSURE AND REMEDIATION PROGRAM. 1 ACRE LANDFILL.  THE LANDFILL CLOSURE USED AN ALTERNATIVE PROCEDURE AS IT WAS NOT AUTOMATICALLY ELIGIBLE FOR A REDUCED PROCEDURE CLOSURE.  THIS INCLUDED AN ENVIRONMENTAL ASSESSMENT AND POSSIBLE IMPROVED COVER SYSTEM AND/OR WATER QUALITY MONITORING.  SPECIFIC DETAILS OF CLOSURE ARE AVAIABLE THROUGH THE MEDEP FILE ROOM.  OLD NOTES: TRENCH METHOD LANDFILL; CLOSURE ORDERED, NO CLOSURE REPORT IN FILE.  NO M.W. AT SITE.  TOWN IS CURRENTLY APPLYING FOR TRANSFER STATION LICENSE.","CLOSED":"POST-1976"},"id":312},{"type":"Feature","geometry":{"type":"Point","coordinates":[-70.53500100997942,44.60007087040994]},"properties":{"OBJECTID":"313","LATITUDE":"44.60007","LONGITUDE":"-70.535","SITE_NAME":"MEXICO-RUMFORD LANDFILL","SITE_NUMBER":"27228","ADDRESS":"POPLAR HILL","TOWN":"MEXICO","DESCRIPTION":"2.5 ACRE LANDFILL CLOSED IN 1981 AS REQUIRED BY THE MEDEP LANDFILL CLOSURE AND REMEDIATION PROGRAM.   THE LANDFILL CLOSURE USED THE REGULATION CLOSURE PROCEDURE.  THIS GENERALLY CONSISTED OF AN ENVIRONMENTAL ASSESSMENT, A CLAY OR COMPOSITE COVER SYSTEM, AND WATER QUALITY MONITORING.  SPECIFIC DETAILS FOR CLOSURE OF THIS LANDFILL ARE AVAILABLE THROUGH MEDEP FILE ROOM.","SUMMARY":"CLOSED IN 1981 AS REQUIRED BY THE MEDEP LANDFILL CLOSURE AND REMEDIATION PROGRAM. 2.5 ACRE LANDFILL.   THE LANDFILL CLOSURE USED THE REGULATION CLOSURE PROCEDURE.  THIS GENERALLY CONSISTED OF AN ENVIRONMENTAL ASSESSMENT, A CLAY OR COMPOSITE COVER SYSTEM, AND WATER QUALITY MONITORING.  SPECIFIC DETAILS FOR CLOSURE OF THIS LANDFILL ARE AVAILABLE THROUGH MEDEP FILE ROOM.SITE OF OLD RUMFORD-MEXICO CONE BURNER.","CLOSED":"POST-1976"},"id":313},{"type":"Feature","geometry":{"type":"Point","coordinates":[-69.067146789822,44.19785944974031]},"properties":{"OBJECTID":"314","LATITUDE":"44.19786","LONGITUDE":"-69.06715","SITE_NAME":"MID-COAST SOLID WASTE QUARRY LANDFILL AND TRANSFER STATION","SITE_NUMBER":"29577","ADDRESS":"90 UNION STREET","TOWN":"ROCKPORT","DESCRIPTION":"4 ACRE ACTIVE LANDFILL.  THE AREA KNOWN AS JACOBS QUARRY HAS BEEN USED BY THE TOWNS OF CAMDEN, HOPE, LINCOLNVILLE AND ROCKPORT TO DISPOSE OF VARIOUS TYPES OF SOLID WASTE SINCE ABOUT 1930. TANNERY WASTE WAS DISPOSED OF FOR A WHILE. IN 1983 THE FOUR PARTICIPATING TOWNS DISCONTINUED THE PRACTICE OF LANDFILLING MUNICIPAL SOLID WASTE, HOWEVER, THE QUARRY SITE HAS CONTINUED TO RECEIVE TREES AND BRUSH, CONSTRUCTION DEBRIS, AND OTHER WOOD WASTE. IT HAS BEEN THE TOWNS DESIRE TO KEEP THE SITE AVAILABLE FOR THIS USE, ALTHOUGH DEP PRESSURE TO COMPLETELY CLOSEOUT AND PROVIDE REMEDIAL CLEAN-UP AT THE SITE HAS BEEN MOUNTING OVER THE YEARS. IT WAS RECOGNIZED THAT SURFACE RUNOFF WAS BEING CONTAMINATED. NO FURTHER DISPOSAL OF ANYTHING IN THE QUARRY WAS STRONGLY RECOMMENDED.","SUMMARY":"THE AREA KNOWN AS JACOBS QUARRY HAS BEEN USED BY THE TOWNS OF CAMDEN, HOPE, LINCOLNVILLE AND ROCKPORT TO DISPOSE OF VARIOUS TYPES OF SOLID WASTE SINCE ABOUT 1930. TANNERY WASTE WAS DISPOSED OF FOR A WHILE. IN 1983 THE FOUR PARTICIPATING TOWNS DISCONTINUED THE PRACTICE OF LANDFILLING MUNICIPAL SOLID WASTE, HOWEVER, THE QUARRY SITE HAS CONTINUED TO RECEIVE TREES AND BRUSH, CONSTRUCTION DEBRIS, AND OTHER WOOD WASTE. IT HAS BEEN THE TOWNS DESIRE TO KEEP THE SITE AVAILABLE FOR THIS USE, ALTHOUGH DEP PRESSURE TO COMPLETELY CLOSEOUT AND PROVIDE REMEDIAL CLEAN-UP AT THE SITE HAS BEEN MOUNTING OVER THE YEARS. IT WAS RECOGNIZED THAT SURFACE RUNOFF WAS BEING CONTAMINATED. NO FURTHER DISPOSAL OF ANYTHING IN THE QUARRY WAS STRONGLY RECOMMENDED.","CLOSED":"POST-1976"},"id":314},{"type":"Feature","geometry":{"type":"Point","coordinates":[-67.87333613025793,44.56440834005286]},"properties":{"OBJECTID":"315","LATITUDE":"44.56441","LONGITUDE":"-67.87334","SITE_NAME":"MILBRIDGE LANDFILL","SITE_NUMBER":"29740","ADDRESS":"RTE 1A  KENNEDY HWY","TOWN":"MILBRIDGE","DESCRIPTION":"2.5 ACRE LANDFILL CLOSED IN 1986  THE LANDFILL WAS CLOSED PRIOR TO THE ESTABLISHMENT OF THE MEDEP LANDFILL CLOSURE AND REMEDIATION PROGRAM IN 1988.  THEREFORE THE CLOSURE PROCEDURE IS UNKNOWN.","SUMMARY":"CLOSED IN 1986. 2.5 ACRE LANDFILL.   THE LANDFILL WAS CLOSED PRIOR TO THE ESTABLISHMENT OF THE MEDEP LANDFILL CLOSURE AND REMEDIATION PROGRAM IN 1988.  THEREFORE THE CLOSURE PROCEDURE IS UNKNOWN.","CLOSED":"POST-1976"},"id":315},{"type":"Feature","geometry":{"type":"Point","coordinates":[-68.55832950016698,44.943899969879084]},"properties":{"OBJECTID":"316","LATITUDE":"44.9439","LONGITUDE":"-68.55833","SITE_NAME":"MILFORD MUNICIPAL C AND D LANDFILL","SITE_NUMBER":"30874","ADDRESS":"COUNTY RD","TOWN":"MILFORD","DESCRIPTION":"4.9 ACRE LANDFILL CLOSED IN 1995 AS REQUIRED BY THE MEDEP LANDFILL CLOSURE AND REMEDIATION PROGRAM.  THE LANDFILL CLOSURE USED AN ALTERNATIVE PROCEDURE AS IT WAS NOT AUTOMATICALLY ELIGIBLE FOR A REDUCED PROCEDURE CLOSURE.  THIS INCLUDED AN ENVIRONMENTAL ASSESSMENT AND POSSIBLE IMPROVED COVER SYSTEM AND/OR WATER QUALITY MONITORING.  SPECIFIC DETAILS OF CLOSURE ARE AVAIABLE THROUGH THE MEDEP FILE ROOM.","SUMMARY":"CLOSED IN 1995, THE MILFORD LANDFILL CAME INTO OPERATION IN 1976 AND ENCOMPASSES APPROX. 6 ACRES OF LAND SERVING A POPULATION OF 2900. SINCE MARCH, 1992, THE OPERATION BECAME LIMITED TO THE DISPOSAL OF DEMOLITION DEBRIS. THE TOWN WAS SUPPOSED TO HAVE DISCONTINUED USE AT TIME OF CLOSURE PLAN CONSTRUCTION AND THEN IMPLEMENT AN AGREEMENT WITH THE TOWN OF OLD TOWN TO TAKE ALL WASTE GENERATED IN MILFORD.","CLOSED":"POST-1976"},"id":316},{"type":"Feature","geometry":{"type":"Point","coordinates":[-68.72566779057018,45.675182469816754]},"properties":{"OBJECTID":"317","LATITUDE":"45.67518","LONGITUDE":"-68.72567","SITE_NAME":"MILLINOCKET LANDFILL","SITE_NUMBER":"29636","ADDRESS":"RTE 157 MILLINOCKET LAKE RD","TOWN":"T3 INDIAN PURCHASE TWP","DESCRIPTION":"","SUMMARY":"3 ACRE LANDFILL CLOSED IN 1978  THE LANDFILL WAS CLOSED PRIOR TO THE ESTABLISHMENT OF THE MEDEP LANDFILL CLOSURE AND REMEDIATION PROGRAM IN 1988.  THEREFORE THE CLOSURE PROCEDURE IS UNKNOWN.","CLOSED":"POST-1976"},"id":317},{"type":"Feature","geometry":{"type":"Point","coordinates":[-68.99317818979529,45.275114560303415]},"properties":{"OBJECTID":"318","LATITUDE":"45.27511","LONGITUDE":"-68.99318","SITE_NAME":"MILO LANDFILL","SITE_NUMBER":"29568","ADDRESS":"DUSTY LANE","TOWN":"MILO","DESCRIPTION":"2.5 ACRE LANDFILL CLOSED IN 1996 AS REQUIRED BY THE MEDEP LANDFILL CLOSURE AND REMEDIATION PROGRAM.  THE LANDFILL CLOSURE USED A REDUCED PROCEDURE.  THIS GENERALLY CONSISTED OF REGRADING WASTE AND CAPPING WITH 6 INCHES TOPSOIL OVER 18 INCHES 10E-6 CM/S GLACIAL TILL OVER 6 INCHES OF BURROW.  SPECIFIC DETAILS FOR CLOSURE OF THIS LANDFILL ARE AVAILABLE THROUGH THE MEDEP FILE ROOM.","SUMMARY":"CLOSED IN 1996 AS REQUIRED BY THE MEDEP LANDFILL CLOSURE AND REMEDIATION PROGRAM. 2.5 ACRE LANDFILL.  THE LANDFILL CLOSURE USED A REDUCED PROCEDURE.  THIS GENERALLY CONSISTED OF REGRADING WASTE AND CAPPING WITH 6 INCHES TOPSOIL OVER 18 INCHES 10E-6 CM/S GLACIAL TILL OVER 6 INCHES OF BURROW.  SPECIFIC DETAILS FOR CLOSURE OF THIS LANDFILL ARE AVAILABLE THROUGH THE MEDEP FILE ROOM.  DUMP IS LOCATED ON AN ESKER, NEXT TO THE PLEASANT RIVER.","CLOSED":"POST-1976"},"id":318},{"type":"Feature","geometry":{"type":"Point","coordinates":[-70.02000026036934,44.24195662023167]},"properties":{"OBJECTID":"319","LATITUDE":"44.24196","LONGITUDE":"-70.02","SITE_NAME":"MONMOUTH LANDFILL","SITE_NUMBER":"27702","ADDRESS":"RTE 135","TOWN":"MONMOUTH","DESCRIPTION":"3 ACRE LANDFILL CLOSED IN 1982  THE LANDFILL WAS CLOSED PRIOR TO THE ESTABLISHMENT OF THE MEDEP LANDFILL CLOSURE AND REMEDIATION PROGRAM IN 1988.  THEREFORE THE CLOSURE PROCEDURE IS UNKNOWN.","SUMMARY":"CLOSED IN 1982. 3 ACRE LANDFILL.  1935-1980 OLD DUMP ON SAND AND GRAVEL AQUIFER.  CLOSED AND USED FOR DEMOLITION DEBRIS.  LATER USED AS SITE OF TRANSFER STATION.  TANK TRUCK SPILL CLEAN-UP SAND PLACED HERE IN WINTER.  OIL RAN DOWN ALL THE NEARBY DITCHES.","CLOSED":"POST-1976"},"id":319},{"type":"Feature","geometry":{"type":"Point","coordinates":[-69.01166763057438,44.619963769741865]},"properties":{"OBJECTID":"320","LATITUDE":"44.61996","LONGITUDE":"-69.01167","SITE_NAME":"MONROE LANDFILL","SITE_NUMBER":"29173","ADDRESS":"MONROE RD","TOWN":"MONROE","DESCRIPTION":"1 ACRE LANDFILL CLOSED IN 1986 AS REQUIRED BY THE MEDEP LANDFILL CLOSURE AND REMEDIATION PROGRAM.   THE LANDFILL CLOSURE USED THE REGULATION CLOSURE PROCEDURE.  THIS GENERALLY CONSISTED OF AN ENVIRONMENTAL ASSESSMENT, A CLAY OR COMPOSITE COVER SYSTEM, AND WATER QUALITY MONITORING.  SPECIFIC DETAILS FOR CLOSURE OF THIS LANDFILL ARE AVAILABLE THROUGH MEDEP FILE ROOM.","SUMMARY":"CLOSED IN 1986 AS REQUIRED BY THE MEDEP LANDFILL CLOSURE AND REMEDIATION PROGRAM. 1 ACRE LANDFILL.   THE LANDFILL CLOSURE USED THE REGULATION CLOSURE PROCEDURE.  THIS GENERALLY CONSISTED OF AN ENVIRONMENTAL ASSESSMENT, A CLAY OR COMPOSITE COVER SYSTEM, AND WATER QUALITY MONITORING.  SPECIFIC DETAILS FOR CLOSURE OF THIS LANDFILL ARE AVAILABLE THROUGH MEDEP FILE ROOM.  DUMP LOCATED IN BOTTOM OF A KETTLE HOLE.","CLOSED":"POST-1976"},"id":320},{"type":"Feature","geometry":{"type":"Point","coordinates":[-69.49783274973908,45.29369090998946]},"properties":{"OBJECTID":"321","LATITUDE":"45.29369","LONGITUDE":"-69.49783","SITE_NAME":"MONSON LANDFILL","SITE_NUMBER":"29569","ADDRESS":"KINEO QUARRY, CHAPIN ST","TOWN":"MONSON","DESCRIPTION":"1.5 ACRE LANDFILL CLOSED IN 1995 AS REQUIRED BY THE MEDEP LANDFILL CLOSURE AND REMEDIATION PROGRAM.  THE LANDFILL CLOSURE USED A REDUCED PROCEDURE.  THIS GENERALLY CONSISTED OF REGRADING WASTE AND CAPPING WITH 6 INCHES TOPSOIL OVER 18 INCHES 10E-6 CM/S GLACIAL TILL OVER 6 INCHES OF BURROW.  SPECIFIC DETAILS FOR CLOSURE OF THIS LANDFILL ARE AVAILABLE THROUGH THE MEDEP FILE ROOM.","SUMMARY":"CLOSED IN 1995 AS REQUIRED BY THE MEDEP LANDFILL CLOSURE AND REMEDIATION PROGRAM. 1.5 ACRE LANDFILL  THE LANDFILL CLOSURE USED A REDUCED PROCEDURE.  THIS GENERALLY CONSISTED OF REGRADING WASTE AND CAPPING WITH 6 INCHES TOPSOIL OVER 18 INCHES 10E-6 CM/S GLACIAL TILL OVER 6 INCHES OF BURROW.  SPECIFIC DETAILS FOR CLOSURE OF THIS LANDFILL ARE AVAILABLE THROUGH THE MEDEP FILE ROOM.  DUMP IS LOCATED IN A DRY, ABANDONED SLATE QUARRY.","CLOSED":"POST-1976"},"id":321},{"type":"Feature","geometry":{"type":"Point","coordinates":[-67.89105718966007,46.32435986956239]},"properties":{"OBJECTID":"322","LATITUDE":"46.32436","LONGITUDE":"-67.89106","SITE_NAME":"MONTICELLO LANDFILL","SITE_NUMBER":"29832","ADDRESS":"DUMP RD","TOWN":"MONTICELLO","DESCRIPTION":"3 ACRE LANDFILL CLOSED IN 1996 AS REQUIRED BY THE MEDEP LANDFILL CLOSURE AND REMEDIATION PROGRAM.  THE LANDFILL CLOSURE USED A REDUCED PROCEDURE.  THIS GENERALLY CONSISTED OF REGRADING WASTE AND CAPPING WITH 6 INCHES TOPSOIL OVER 18 INCHES 10E-6 CM/S GLACIAL TILL OVER 6 INCHES OF BURROW.  SPECIFIC DETAILS FOR CLOSURE OF THIS LANDFILL ARE AVAILABLE THROUGH THE MEDEP FILE ROOM.","SUMMARY":"CLOSED IN 1996 AS REQUIRED BY THE MEDEP LANDFILL CLOSURE AND REMEDIATION PROGRAM.  3 ACRE LANDFILL.  THE LANDFILL CLOSURE USED A REDUCED PROCEDURE.  THIS GENERALLY CONSISTED OF REGRADING WASTE AND CAPPING WITH 6 INCHES TOPSOIL OVER 18 INCHES 10E-6 CM/S GLACIAL TILL OVER 6 INCHES OF BURROW.  SPECIFIC DETAILS FOR CLOSURE OF THIS LANDFILL ARE AVAILABLE THROUGH THE MEDEP FILE ROOM.","CLOSED":"POST-1976"},"id":322},{"type":"Feature","geometry":{"type":"Point","coordinates":[-67.88726424020922,46.320490900248586]},"properties":{"OBJECTID":"323","LATITUDE":"46.32049","LONGITUDE":"-67.88726","SITE_NAME":"MONTICELLO MUNICIPAL LANDFILL - OLD","SITE_NUMBER":"95108","ADDRESS":"DUMP RD","TOWN":"MONTICELLO","DESCRIPTION":"3 ACRE LANDFILL CLOSED IN 1997 AS REQUIRED BY THE MEDEP LANDFILL CLOSURE AND REMEDIATION PROGRAM.  THE LANDFILL CLOSURE USED A REDUCED PROCEDURE.  THIS GENERALLY CONSISTED OF REGRADING WASTE AND CAPPING WITH 6 INCHES TOPSOIL OVER 18 INCHES 10E-6 CM/S GLACIAL TILL OVER 6 INCHES OF BURROW.  SPECIFIC DETAILS FOR CLOSURE OF THIS LANDFILL ARE AVAILABLE THROUGH THE MEDEP FILE ROOM.","SUMMARY":"CLOSED IN 1997 AS REQUIRED BY THE MEDEP LANDFILL CLOSURE AND REMEDIATION PROGRAM. 3 ACRE LANDFILL.  THE LANDFILL CLOSURE USED A REDUCED PROCEDURE.  THIS GENERALLY CONSISTED OF REGRADING WASTE AND CAPPING WITH 6 INCHES TOPSOIL OVER 18 INCHES 10E-6 CM/S GLACIAL TILL OVER 6 INCHES OF BURROW.  SPECIFIC DETAILS FOR CLOSURE OF THIS LANDFILL ARE AVAILABLE THROUGH THE MEDEP FILE ROOM.","CLOSED":"POST-1976"},"id":323},{"type":"Feature","geometry":{"type":"Point","coordinates":[-69.3312667993969,44.42530911042174]},"properties":{"OBJECTID":"324","LATITUDE":"44.42531","LONGITUDE":"-69.33127","SITE_NAME":"MONTVILLE LANDFILL","SITE_NUMBER":"29407","ADDRESS":"PEAVEY TOWN RD","TOWN":"MONTVILLE","DESCRIPTION":"1.5 ACRE LANDFILL CLOSED IN 1994 AS REQUIRED BY THE MEDEP LANDFILL CLOSURE AND REMEDIATION PROGRAM.  THE LANDFILL CLOSURE USED AN ALTERNATIVE PROCEDURE AS IT WAS NOT AUTOMATICALLY ELIGIBLE FOR A REDUCED PROCEDURE CLOSURE.  THIS INCLUDED AN ENVIRONMENTAL ASSESSMENT AND POSSIBLE IMPROVED COVER SYSTEM AND/OR WATER QUALITY MONITORING.  SPECIFIC DETAILS OF CLOSURE ARE AVAIABLE THROUGH THE MEDEP FILE ROOM.","SUMMARY":"CLOSED IN 1994 AS REQUIRED BY THE MEDEP LANDFILL CLOSURE AND REMEDIATION PROGRAM. 1.5 ACRE LANDFILL.  THE LANDFILL CLOSURE USED AN ALTERNATIVE PROCEDURE AS IT WAS NOT AUTOMATICALLY ELIGIBLE FOR A REDUCED PROCEDURE CLOSURE.  THIS INCLUDED AN ENVIRONMENTAL ASSESSMENT AND POSSIBLE IMPROVED COVER SYSTEM AND/OR WATER QUALITY MONITORING.  SPECIFIC DETAILS OF CLOSURE ARE AVAIABLE THROUGH THE MEDEP FILE ROOM.WATER QUALITY REPORT DONE BY ENGINEERING DYNAMICS PLAN DONE BY EC JORDAN","CLOSED":"POST-1976"},"id":324},{"type":"Feature","geometry":{"type":"Point","coordinates":[-68.54702599051231,46.08947555979326]},"properties":{"OBJECTID":"325","LATITUDE":"46.08948","LONGITUDE":"-68.54703","SITE_NAME":"MOUNT CHASE LANDFILL","SITE_NUMBER":"29637","ADDRESS":"RTE 159  SHIN POND RD","TOWN":"MOUNT CHASE","DESCRIPTION":"1.5 ACRE LANDFILL CLOSED IN 1995 AS REQUIRED BY THE MEDEP LANDFILL CLOSURE AND REMEDIATION PROGRAM.  THE LANDFILL CLOSURE USED A REDUCED PROCEDURE.  THIS GENERALLY CONSISTED OF REGRADING WASTE AND CAPPING WITH 6 INCHES TOPSOIL OVER 18 INCHES 10E-6 CM/S GLACIAL TILL OVER 6 INCHES OF BURROW.  SPECIFIC DETAILS FOR CLOSURE OF THIS LANDFILL ARE AVAILABLE THROUGH THE MEDEP FILE ROOM.","SUMMARY":"CLOSED IN 1995 AS REQUIRED BY THE MEDEP LANDFILL CLOSURE AND REMEDIATION PROGRAM. 1.5 ACRE LANDFILL.  THE LANDFILL CLOSURE USED A REDUCED PROCEDURE.  THIS GENERALLY CONSISTED OF REGRADING WASTE AND CAPPING WITH 6 INCHES TOPSOIL OVER 18 INCHES 10E-6 CM/S GLACIAL TILL OVER 6 INCHES OF BURROW.  SPECIFIC DETAILS FOR CLOSURE OF THIS LANDFILL ARE AVAILABLE THROUGH THE MEDEP FILE ROOM.","CLOSED":"POST-1976"},"id":325},{"type":"Feature","geometry":{"type":"Point","coordinates":[-69.97479736973311,44.49716622036842]},"properties":{"OBJECTID":"326","LATITUDE":"44.49717","LONGITUDE":"-69.9748","SITE_NAME":"MT VERNON LANDFILL","SITE_NUMBER":"27585","ADDRESS":"MOORES HILL RD","TOWN":"MOUNT VERNON","DESCRIPTION":"","SUMMARY":"HAS NOT BEEN FORMALLY CLOSED AS OF 2011.  2 ACRE LANDFILL . TRANSFER STATION-LANDFILL MATERIAL IS STORED AT MT. VERNON SITE AND EVENTUALLY TAKEN TO NORRIDGEWOCK.  MT. VERNON SITE REAPPLIED WITH STATE IN 1990 AND WAS APPROVED.  POTENTIAL GW CONTAM.","CLOSED":"POST-1976"},"id":326},{"type":"Feature","geometry":{"type":"Point","coordinates":[-70.64864856952978,43.987015770098736]},"properties":{"OBJECTID":"327","LATITUDE":"43.98702","LONGITUDE":"-70.64865","SITE_NAME":"NAPLES TOWN  LANDFILL","SITE_NUMBER":"28962","ADDRESS":"PERLEY RD","TOWN":"NAPLES","DESCRIPTION":"3 ACRE LANDFILL CLOSED IN 1993 AS REQUIRED BY THE MEDEP LANDFILL CLOSURE AND REMEDIATION PROGRAM.  THE LANDFILL CLOSURE USED AN ALTERNATIVE PROCEDURE AS IT WAS NOT AUTOMATICALLY ELIGIBLE FOR A REDUCED PROCEDURE CLOSURE.  THIS INCLUDED AN ENVIRONMENTAL ASSESSMENT AND POSSIBLE IMPROVED COVER SYSTEM AND/OR WATER QUALITY MONITORING.  SPECIFIC DETAILS OF CLOSURE ARE AVAILABLE THROUGH THE MEDEP FILE ROOM.","SUMMARY":"CLOSED IN 1993 AS REQUIRED BY THE MEDEP LANDFILL CLOSURE AND REMEDIATION PROGRAM. 3 ACRE LANDFILL.  THE LANDFILL CLOSURE USED AN ALTERNATIVE PROCEDURE AS IT WAS NOT AUTOMATICALLY ELIGIBLE FOR A REDUCED PROCEDURE CLOSURE.  THIS INCLUDED AN ENVIRONMENTAL ASSESSMENT AND POSSIBLE IMPROVED COVER SYSTEM AND/OR WATER QUALITY MONITORING.  SPECIFIC DETAILS OF CLOSURE ARE AVAILABLE THROUGH THE MEDEP FILE ROOM.THE FILE CONTAINS A PROPOSAL FOR MONITORING WELLS BUT NO SAMPLING DATA.  SURFACE WATER SAMPLE ONLY FROM <1989.SITE IS <300' FROM LONG LAKE.","CLOSED":"POST-1976"},"id":327},{"type":"Feature","geometry":{"type":"Point","coordinates":[-68.31371272064204,47.28876699025744]},"properties":{"OBJECTID":"328","LATITUDE":"47.28877","LONGITUDE":"-68.31371","SITE_NAME":"NARIF LANDFILL","SITE_NUMBER":"29880","ADDRESS":"AIRPORT RD","TOWN":"FRENCHVILLE","DESCRIPTION":"2 ACRE LANDFILL CLOSED IN 1999 AS REQUIRED BY THE MEDEP LANDFILL CLOSURE AND REMEDIATION PROGRAM.   THE LANDFILL CLOSURE USED THE REGULATION CLOSURE PROCEDURE.  THIS GENERALLY CONSISTED OF AN ENVIRONMENTAL ASSESSMENT, A CLAY OR COMPOSITE COVER SYSTEM, AND WATER QUALITY MONITORING.  SPECIFIC DETAILS FOR CLOSURE OF THIS LANDFILL ARE AVAILABLE THROUGH MEDEP FILE ROOM.","SUMMARY":"CLOSED IN 1999 AS REQUIRED BY THE MEDEP LANDFILL CLOSURE AND REMEDIATION PROGRAM. 2 ACRE LANDFILL.  NORTHERN AROOSTOOK REGIONAL INCINERATOR FACILITY IS A QUASI-MUNICIPAL ORGANIZATION COMPOSED OF FRENCHVILLE, FT. KENT AND OTHERS LICENSED AS AN OLIVINE MUNICIPAL SOLID WASTE INCINERATION FACILITY, AND HAS AN ASSOCIATED ON-SITE LANDFILL.","CLOSED":"POST-1976"},"id":328},{"type":"Feature","geometry":{"type":"Point","coordinates":[-70.3017171004591,43.994475670427875]},"properties":{"OBJECTID":"329","LATITUDE":"43.99448","LONGITUDE":"-70.30172","SITE_NAME":"NEW GLOUCESTER LANDFILL","SITE_NUMBER":"29019","ADDRESS":"BALD HILL ROAD","TOWN":"NEW GLOUCESTER","DESCRIPTION":"3 ACRE LANDFILL CLOSED IN 1980  THE LANDFILL WAS CLOSED PRIOR TO THE ESTABLISHMENT OF THE MEDEP LANDFILL CLOSURE AND REMEDIATION PROGRAM IN 1988.  THEREFORE THE CLOSURE PROCEDURE IS UNKNOWN.","SUMMARY":"CLOSED IN 1980. 3 ACRE LANDFILL.  THE LANDFILL WAS CLOSED PRIOR TO THE ESTABLISHMENT OF THE MEDEP LANDFILL CLOSURE AND REMEDIATION PROGRAM IN 1988.  THEREFORE THE CLOSURE PROCEDURE IS UNKNOWN.  NO FILE WAS FOUND FOR THIS FACILITY.  IT MAY BE NOTHING HAS HAPPENED THERE REGARDING CLOSURE.","CLOSED":"POST-1976"},"id":329},{"type":"Feature","geometry":{"type":"Point","coordinates":[-70.31386711059137,43.99997566956356]},"properties":{"OBJECTID":"330","LATITUDE":"43.99998","LONGITUDE":"-70.31387","SITE_NAME":"NEW GLOUCESTER STUMP DUMP","SITE_NUMBER":"95114","ADDRESS":"BALD HILL RD","TOWN":"NEW GLOUCESTER","DESCRIPTION":"1 ACRE LANDFILL CLOSED IN 1993 AS REQUIRED BY THE MEDEP LANDFILL CLOSURE AND REMEDIATION PROGRAM.  THE LANDFILL CLOSURE USED THE INTERIM COVER AND GRADING (ICAG) PROCEDURE.  THIS GENERALLY CONSISTED OF REGRADING WASTE AND CAPPING WITH 6 INCHES TOPSOIL OVER 18 INCHES 10E-6 CM/S GLACIAL TILL OVER 6 INCHES OF BURROW.  SPECIFIC DETAILS FOR CLOSURE OF THIS LANDFILL ARE AVAILABLE THROUGH THE MEDEP FILE ROOM.","SUMMARY":"CLOSED IN 1993 AS REQUIRED BY THE MEDEP LANDFILL CLOSURE AND REMEDIATION PROGRAM. 1 ACRE LANDFILL.  THE LANDFILL CLOSURE USED THE INTERIM COVER AND GRADING (ICAG) PROCEDURE.  THIS GENERALLY CONSISTED OF REGRADING WASTE AND CAPPING WITH 6 INCHES TOPSOIL OVER 18 INCHES 10E-6 CM/S GLACIAL TILL OVER 6 INCHES OF BURROW.  SPECIFIC DETAILS FOR CLOSURE OF THIS LANDFILL ARE AVAILABLE THROUGH THE MEDEP FILE ROOM.","CLOSED":"POST-1976"},"id":330},{"type":"Feature","geometry":{"type":"Point","coordinates":[-70.05284118976462,44.90729238037156]},"properties":{"OBJECTID":"331","LATITUDE":"44.90729","LONGITUDE":"-70.05284","SITE_NAME":"NEW PORTLAND STUMP LANDFILL","SITE_NUMBER":"29461","ADDRESS":"MIDDLE RD","TOWN":"NEW PORTLAND","DESCRIPTION":"","SUMMARY":"INACTIVE STUMP DUMP SITE","CLOSED":"POST-1976"},"id":331},{"type":"Feature","geometry":{"type":"Point","coordinates":[-70.00618178986426,44.64184526028163]},"properties":{"OBJECTID":"332","LATITUDE":"44.64185","LONGITUDE":"-70.00618","SITE_NAME":"NEW SHARON LANDFILL","SITE_NUMBER":"29352","ADDRESS":"RTE 134 STARKS RD","TOWN":"NEW SHARON","DESCRIPTION":"2 ACRE LANDFILL CLOSED IN 1986 AS REQUIRED BY THE MEDEP LANDFILL CLOSURE AND REMEDIATION PROGRAM.   THE LANDFILL CLOSURE USED THE REGULATION CLOSURE PROCEDURE.  THIS GENERALLY CONSISTED OF AN ENVIRONMENTAL ASSESSMENT, A CLAY OR COMPOSITE COVER SYSTEM, AND WATER QUALITY MONITORING.  SPECIFIC DETAILS FOR CLOSURE OF THIS LANDFILL ARE AVAILABLE THROUGH MEDEP FILE ROOM.","SUMMARY":"CLOSED IN 1986 AS REQUIRED BY THE MEDEP LANDFILL CLOSURE AND REMEDIATION PROGRAM. 2 ACRE LANDFILL.   THE LANDFILL CLOSURE USED THE REGULATION CLOSURE PROCEDURE.  THIS GENERALLY CONSISTED OF AN ENVIRONMENTAL ASSESSMENT, A CLAY OR COMPOSITE COVER SYSTEM, AND WATER QUALITY MONITORING.  SPECIFIC DETAILS FOR CLOSURE OF THIS LANDFILL ARE AVAILABLE THROUGH MEDEP FILE ROOM.CLOSING PLAN DONE BY FERGUS P LEA JR PE SITE IS VERY WELL MAINTAINED  SITE IS CLOSED","CLOSED":"POST-1976"},"id":332},{"type":"Feature","geometry":{"type":"Point","coordinates":[-68.1623530193572,46.93118848956226]},"properties":{"OBJECTID":"333","LATITUDE":"46.93119","LONGITUDE":"-68.16235","SITE_NAME":"NEW SWEDEN LANDFILL","SITE_NUMBER":"29833","ADDRESS":"BONDESON RD","TOWN":"NEW SWEDEN","DESCRIPTION":"1.2 ACRE LANDFILL CLOSED IN 1994 AS REQUIRED BY THE MEDEP LANDFILL CLOSURE AND REMEDIATION PROGRAM.  THE LANDFILL CLOSURE USED A REDUCED PROCEDURE.  THIS GENERALLY CONSISTED OF REGRADING WASTE AND CAPPING WITH 6 INCHES TOPSOIL OVER 18 INCHES 10E-6 CM/S GLACIAL TILL OVER 6 INCHES OF BURROW.  SPECIFIC DETAILS FOR CLOSURE OF THIS LANDFILL ARE AVAILABLE THROUGH THE MEDEP FILE ROOM.","SUMMARY":"CLOSED IN 1994 AS REQUIRED BY THE MEDEP LANDFILL CLOSURE AND REMEDIATION PROGRAM. 1.2 ACRE LANDFILL.  THE LANDFILL CLOSURE USED A REDUCED PROCEDURE.  THIS GENERALLY CONSISTED OF REGRADING WASTE AND CAPPING WITH 6 INCHES TOPSOIL OVER 18 INCHES 10E-6 CM/S GLACIAL TILL OVER 6 INCHES OF BURROW.  SPECIFIC DETAILS FOR CLOSURE OF THIS LANDFILL ARE AVAILABLE THROUGH THE MEDEP FILE ROOM.","CLOSED":"POST-1976"},"id":333},{"type":"Feature","geometry":{"type":"Point","coordinates":[-70.1145811098996,44.84337737996259]},"properties":{"OBJECTID":"334","LATITUDE":"44.84338","LONGITUDE":"-70.11458","SITE_NAME":"NEW VINEYARD LANDFILL","SITE_NUMBER":"29353","ADDRESS":"RTE 27 NEW VINEYARD RD","TOWN":"NEW VINEYARD","DESCRIPTION":"2.5 ACRE LANDFILL CLOSED IN 1997 AS REQUIRED BY THE MEDEP LANDFILL CLOSURE AND REMEDIATION PROGRAM.  THE LANDFILL CLOSURE USED A REDUCED PROCEDURE.  THIS GENERALLY CONSISTED OF REGRADING WASTE AND CAPPING WITH 6 INCHES TOPSOIL OVER 18 INCHES 10E-6 CM/S GLACIAL TILL OVER 6 INCHES OF BURROW.  SPECIFIC DETAILS FOR CLOSURE OF THIS LANDFILL ARE AVAILABLE THROUGH THE MEDEP FILE ROOM.","SUMMARY":"CLOSED IN 1997 AS REQUIRED BY THE MEDEP LANDFILL CLOSURE AND REMEDIATION PROGRAM. 2.5 ACRE LANDFILL.  THE LANDFILL CLOSURE USED A REDUCED PROCEDURE.  THIS GENERALLY CONSISTED OF REGRADING WASTE AND CAPPING WITH 6 INCHES TOPSOIL OVER 18 INCHES 10E-6 CM/S GLACIAL TILL OVER 6 INCHES OF BURROW.  SPECIFIC DETAILS FOR CLOSURE OF THIS LANDFILL ARE AVAILABLE THROUGH THE MEDEP FILE ROOM.  FIRST LICENSES SEPT 13, 1978  EXPIRED JUNE 30, 1990  TOWN VOTES TO KEEP LANDFILL OPEN DEFYING DEP DEADLINE","CLOSED":"POST-1976"},"id":334},{"type":"Feature","geometry":{"type":"Point","coordinates":[-68.98250662007291,44.72087376971493]},"properties":{"OBJECTID":"335","LATITUDE":"44.72087","LONGITUDE":"-68.98251","SITE_NAME":"NEWBURGH LANDFILL","SITE_NUMBER":"37954","ADDRESS":"CHAPMAN RD","TOWN":"NEWBURGH","DESCRIPTION":"2 ACRE LANDFILL CLOSED IN 1977  THE LANDFILL WAS CLOSED PRIOR TO THE ESTABLISHMENT OF THE MEDEP LANDFILL CLOSURE AND REMEDIATION PROGRAM IN 1988.  THEREFORE THE CLOSURE PROCEDURE IS UNKNOWN. THE TOWN SOLD THE LAND  ( CIRCA 1996) TO A CITIZEN WHO PUT A FARM ON IT WITH THE MAIN BODY OF THE BURIED LANDFILL NOW USED FOR MANURE STORAGE. THE WELL IS APPROX. 300 FT . UPGRADIENT.","SUMMARY":"CLOSED IN 1977.  2 ACRE LANDFILL.   THE LANDFILL WAS CLOSED PRIOR TO THE ESTABLISHMENT OF THE MEDEP LANDFILL CLOSURE AND REMEDIATION PROGRAM IN 1988.  THEREFORE THE CLOSURE PROCEDURE IS UNKNOWN. THE TOWN SOLD THE LAND  ( CIRCA 1996) TO A CITIZEN WHO PUT A FARM ON IT WITH THE MAIN BODY OF THE BURIED LANDFILL NOW USED FOR MANURE STORAGE. THE WELL IS APPROX. 300 FT . UPGRADIENT.","CLOSED":"POST-1976"},"id":335},{"type":"Feature","geometry":{"type":"Point","coordinates":[-69.55805766001842,44.084121149863606]},"properties":{"OBJECTID":"336","LATITUDE":"44.08412","LONGITUDE":"-69.55806","SITE_NAME":"NEWCASTLE LANDFILL","SITE_NUMBER":"29398","ADDRESS":"JONES WOODS RD  RT 215","TOWN":"NEWCASTLE","DESCRIPTION":"4.5 ACRE LANDFILL CLOSED IN 1994 AS REQUIRED BY THE MEDEP LANDFILL CLOSURE AND REMEDIATION PROGRAM.  THE LANDFILL CLOSURE USED A REDUCED PROCEDURE.  THIS GENERALLY CONSISTED OF REGRADING WASTE AND CAPPING WITH 6 INCHES TOPSOIL OVER 18 INCHES 10E-6 CM/S GLACIAL TILL OVER 6 INCHES OF BURROW.  SPECIFIC DETAILS FOR CLOSURE OF THIS LANDFILL ARE AVAILABLE THROUGH THE MEDEP FILE ROOM.","SUMMARY":"CLOSED IN 1994 AS REQUIRED BY THE MEDEP LANDFILL CLOSURE AND REMEDIATION PROGRAM. 4.5 ACRE LANDFILL.  THE LANDFILL CLOSURE USED A REDUCED PROCEDURE.  THIS GENERALLY CONSISTED OF REGRADING WASTE AND CAPPING WITH 6 INCHES TOPSOIL OVER 18 INCHES 10E-6 CM/S GLACIAL TILL OVER 6 INCHES OF BURROW.  SPECIFIC DETAILS FOR CLOSURE OF THIS LANDFILL ARE AVAILABLE THROUGH THE MEDEP FILE ROOM.SITE IN EXCELLENT CONDITION","CLOSED":"POST-1976"},"id":336},{"type":"Feature","geometry":{"type":"Point","coordinates":[-70.87528155058223,43.64302361958395]},"properties":{"OBJECTID":"337","LATITUDE":"43.64302","LONGITUDE":"-70.87528","SITE_NAME":"NEWFIELD LANDFILL","SITE_NUMBER":"27875","ADDRESS":"RTE 11 WATER STREET","TOWN":"NEWFIELD","DESCRIPTION":"3 ACRE LANDFILL CLOSED IN 1996 AS REQUIRED BY THE MEDEP LANDFILL CLOSURE AND REMEDIATION PROGRAM.  THE LANDFILL CLOSURE USED AN ALTERNATIVE PROCEDURE AS IT WAS NOT AUTOMATICALLY ELIGIBLE FOR A REDUCED PROCEDURE CLOSURE.  THIS INCLUDED AN ENVIRONMENTAL ASSESSMENT AND POSSIBLE IMPROVED COVER SYSTEM AND/OR WATER QUALITY MONITORING.  SPECIFIC DETAILS OF CLOSURE ARE AVAILABLE THROUGH THE MEDEP FILE ROOM.","SUMMARY":"CLOSED IN 1996 AS REQUIRED BY THE MEDEP LANDFILL CLOSURE AND REMEDIATION PROGRAM. 3 ACRE LANDFILL.  THE LANDFILL CLOSURE USED AN ALTERNATIVE PROCEDURE AS IT WAS NOT AUTOMATICALLY ELIGIBLE FOR A REDUCED PROCEDURE CLOSURE.  THIS INCLUDED AN ENVIRONMENTAL ASSESSMENT AND POSSIBLE IMPROVED COVER SYSTEM AND/OR WATER QUALITY MONITORING.  SPECIFIC DETAILS OF CLOSURE ARE AVAIABLE THROUGH THE MEDEP FILE ROOM.. SERVES ONLY 722 PEOPLE.","CLOSED":"POST-1976"},"id":337},{"type":"Feature","geometry":{"type":"Point","coordinates":[-69.276449730572,44.82094045025967]},"properties":{"OBJECTID":"338","LATITUDE":"44.82094","LONGITUDE":"-69.27645","SITE_NAME":"NEWPORT CLOSED MUNIPAL LANDFILL","SITE_NUMBER":"29638","ADDRESS":"CEMETARY RD","TOWN":"NEWPORT","DESCRIPTION":"4.5 ACRE LANDFILL CLOSED IN 1988 AS REQUIRED BY THE MEDEP LANDFILL CLOSURE AND REMEDIATION PROGRAM.   THE LANDFILL CLOSURE USED THE REGULATION CLOSURE PROCEDURE.  THIS GENERALLY CONSISTED OF AN ENVIRONMENTAL ASSESSMENT, A CLAY OR COMPOSITE COVER SYSTEM, AND WATER QUALITY MONITORING.  SPECIFIC DETAILS FOR CLOSURE OF THIS LANDFILL ARE AVAILABLE THROUGH MEDEP FILE ROOM.","SUMMARY":"CLOSED IN 1988 AS REQUIRED BY THE MEDEP LANDFILL CLOSURE AND REMEDIATION PROGRAM.  4.5 ACRE LANDFILL.  THE LANDFILL CLOSURE USED THE REGULATION CLOSURE PROCEDURE.  THIS GENERALLY CONSISTED OF AN ENVIRONMENTAL ASSESSMENT, A CLAY OR COMPOSITE COVER SYSTEM, AND WATER QUALITY MONITORING.  SPECIFIC DETAILS FOR CLOSURE OF THIS LANDFILL ARE AVAILABLE THROUGH MEDEP FILE ROOM.  THIS LANDFILL OPERATED PRIOR TO 1976 AND CONTINUED INTO THE 1980S.","CLOSED":"POST-1976"},"id":338},{"type":"Feature","geometry":{"type":"Point","coordinates":[-69.26958350984398,44.82147254008592]},"properties":{"OBJECTID":"339","LATITUDE":"44.82147","LONGITUDE":"-69.26958","SITE_NAME":"NEWPORT STUMP DUMP","SITE_NUMBER":"95116","ADDRESS":"CEMETARY RD","TOWN":"NEWPORT","DESCRIPTION":"1.5 ACRE LANDFILL CLOSED IN 1993 AS REQUIRED BY THE MEDEP LANDFILL CLOSURE AND REMEDIATION PROGRAM.   THE LANDFILL CLOSURE USED THE REGULATION CLOSURE PROCEDURE.  THIS GENERALLY CONSISTED OF AN ENVIRONMENTAL ASSESSMENT, A CLAY OR COMPOSITE COVER SYSTEM, AND WATER QUALITY MONITORING.  SPECIFIC DETAILS FOR CLOSURE OF THIS LANDFILL ARE AVAILABLE THROUGH MEDEP FILE ROOM.","SUMMARY":"CLOSED IN 1993 AS REQUIRED BY THE MEDEP LANDFILL CLOSURE AND REMEDIATION PROGRAM.  1.5 ACRE LANDFILL.  THE LANDFILL CLOSURE USED THE REGULATION CLOSURE PROCEDURE.  THIS GENERALLY CONSISTED OF AN ENVIRONMENTAL ASSESSMENT, A CLAY OR COMPOSITE COVER SYSTEM, AND WATER QUALITY MONITORING.  SPECIFIC DETAILS FOR CLOSURE OF THIS LANDFILL ARE AVAILABLE THROUGH MEDEP FILE ROOM.","CLOSED":"POST-1976"},"id":339},{"type":"Feature","geometry":{"type":"Point","coordinates":[-67.64030401938226,45.17399217974776]},"properties":{"OBJECTID":"340","LATITUDE":"45.17399","LONGITUDE":"-67.6403","SITE_NAME":"NO 21 PLANTATION LANDFILL","SITE_NUMBER":"29743","ADDRESS":"OFF YATES PT RD","TOWN":"BIG LAKE TWP","DESCRIPTION":"0.5 ACRE LANDFILL CLOSED IN 1986  THE LANDFILL WAS CLOSED PRIOR TO THE ESTABLISHMENT OF THE MEDEP LANDFILL CLOSURE AND REMEDIATION PROGRAM IN 1988.  THEREFORE THE CLOSURE PROCEDURE IS UNKNOWN.","SUMMARY":"CLOSED IN 1986  0.5 ACRE LANDFILL.  THE LANDFILL WAS CLOSED PRIOR TO THE ESTABLISHMENT OF THE MEDEP LANDFILL CLOSURE AND REMEDIATION PROGRAM IN 1988.  THEREFORE THE CLOSURE PROCEDURE IS UNKNOWN.","CLOSED":"POST-1976"},"id":340},{"type":"Feature","geometry":{"type":"Point","coordinates":[-69.50178076006485,44.0778201098418]},"properties":{"OBJECTID":"341","LATITUDE":"44.07782","LONGITUDE":"-69.50178","SITE_NAME":"NOBLEBORO LANDFILL","SITE_NUMBER":"29399","ADDRESS":"LOWER CROSS RD","TOWN":"NOBLEBORO","DESCRIPTION":"2 ACRE LANDFILL CLOSED IN 1986 AS REQUIRED BY THE MEDEP LANDFILL CLOSURE AND REMEDIATION PROGRAM.   THE LANDFILL CLOSURE USED THE REGULATION CLOSURE PROCEDURE.  THIS GENERALLY CONSISTED OF AN ENVIRONMENTAL ASSESSMENT, A CLAY OR COMPOSITE COVER SYSTEM, AND WATER QUALITY MONITORING.  SPECIFIC DETAILS FOR CLOSURE OF THIS LANDFILL ARE AVAILABLE THROUGH MEDEP FILE ROOM.","SUMMARY":"CLOSED IN 1986 AS REQUIRED BY THE MEDEP LANDFILL CLOSURE AND REMEDIATION PROGRAM. 2 ACRE LANDFILL.   THE LANDFILL CLOSURE USED THE REGULATION CLOSURE PROCEDURE.  THIS GENERALLY CONSISTED OF AN ENVIRONMENTAL ASSESSMENT, A CLAY OR COMPOSITE COVER SYSTEM, AND WATER QUALITY MONITORING.  SPECIFIC DETAILS FOR CLOSURE OF THIS LANDFILL ARE AVAILABLE THROUGH MEDEP FILE ROOM.SITE FOUND IN VIOLATION FO 38 MRSA-SECTION 599  OPEN BURNING ON THE FACILITY","CLOSED":"POST-1976"},"id":341},{"type":"Feature","geometry":{"type":"Point","coordinates":[-69.81484273056938,44.72109267972722]},"properties":{"OBJECTID":"342","LATITUDE":"44.72109","LONGITUDE":"-69.81484","SITE_NAME":"NORRIDGEWOCK LANDFILL","SITE_NUMBER":"29035","ADDRESS":"WINDING HILL RD","TOWN":"NORRIDGEWOCK","DESCRIPTION":"5 ACRE LANDFILL CLOSED IN 1999 AS REQUIRED BY THE MEDEP LANDFILL CLOSURE AND REMEDIATION PROGRAM.  THE LANDFILL CLOSURE USED A REDUCED PROCEDURE.  THIS GENERALLY CONSISTED OF REGRADING WASTE AND CAPPING WITH 6 INCHES TOPSOIL OVER 18 INCHES 10E-6 CM/S GLACIAL TILL OVER 6 INCHES OF BURROW.  SPECIFIC DETAILS FOR CLOSURE OF THIS LANDFILL ARE AVAILABLE THROUGH THE MEDEP FILE ROOM.","SUMMARY":"CLOSED IN 1999 AS REQUIRED BY THE MEDEP LANDFILL CLOSURE AND REMEDIATION PROGRAM. 5 ACRE LANDFILL.  THE LANDFILL CLOSURE USED A REDUCED PROCEDURE.  THIS GENERALLY CONSISTED OF REGRADING WASTE AND CAPPING WITH 6 INCHES TOPSOIL OVER 18 INCHES 10E-6 CM/S GLACIAL TILL OVER 6 INCHES OF BURROW.  SPECIFIC DETAILS FOR CLOSURE OF THIS LANDFILL ARE AVAILABLE THROUGH THE MEDEP FILE ROOM. HISTORY: OLD OPEN-BURNING DUMP LOCATED ON SAND AND GRAVEL AQUIFER, A FEW HUNDRED FEET FROM THE MUNICIPAL WELL.","CLOSED":"POST-1976"},"id":342},{"type":"Feature","geometry":{"type":"Point","coordinates":[-70.75769266027747,43.3243464396604]},"properties":{"OBJECTID":"343","LATITUDE":"43.32435","LONGITUDE":"-70.75769","SITE_NAME":"NORTH BERWICK LANDFILL","SITE_NUMBER":"27879","ADDRESS":"LEBANON RD","TOWN":"NORTH BERWICK","DESCRIPTION":"6 ACRE LANDFILL CLOSED IN 1992 AS REQUIRED BY THE MEDEP LANDFILL CLOSURE AND REMEDIATION PROGRAM.   THE LANDFILL CLOSURE USED THE REGULATION CLOSURE PROCEDURE.  THIS GENERALLY CONSISTED OF AN ENVIRONMENTAL ASSESSMENT, A CLAY OR COMPOSITE COVER SYSTEM, AND WATER QUALITY MONITORING.  SPECIFIC DETAILS FOR CLOSURE OF THIS LANDFILL ARE AVAILABLE THROUGH MEDEP FILE ROOM.","SUMMARY":"CLOSED IN 1992 AS REQUIRED BY THE MEDEP LANDFILL CLOSURE AND REMEDIATION PROGRAM. 6 ACRE LANDFILL.   THE LANDFILL CLOSURE USED THE REGULATION CLOSURE PROCEDURE.  THIS GENERALLY CONSISTED OF AN ENVIRONMENTAL ASSESSMENT, A CLAY OR COMPOSITE COVER SYSTEM, AND WATER QUALITY MONITORING.  SPECIFIC DETAILS FOR CLOSURE OF THIS LANDFILL ARE AVAILABLE THROUGH MEDEP FILE ROOM.","CLOSED":"POST-1976"},"id":343},{"type":"Feature","geometry":{"type":"Point","coordinates":[-68.86426130023985,44.16694519978769]},"properties":{"OBJECTID":"344","LATITUDE":"44.16695","LONGITUDE":"-68.86426","SITE_NAME":"NORTH HAVEN LANDFILL","SITE_NUMBER":"37946","ADDRESS":"NORTH SHORE RD","TOWN":"NORTH HAVEN","DESCRIPTION":"3 ACRE LANDFILL CLOSED IN 1999 AS REQUIRED BY THE MEDEP LANDFILL CLOSURE AND REMEDIATION PROGRAM.  THE LANDFILL CLOSURE USED AN ALTERNATIVE PROCEDURE AS IT WAS NOT AUTOMATICALLY ELIGIBLE FOR A REDUCED PROCEDURE CLOSURE.  THIS INCLUDED AN ENVIRONMENTAL ASSESSMENT AND POSSIBLE IMPROVED COVER SYSTEM AND/OR WATER QUALITY MONITORING.  SPECIFIC DETAILS OF CLOSURE ARE AVAILABLE THROUGH THE MEDEP FILE ROOM.","SUMMARY":"CLOSED IN 1999 AS REQUIRED BY THE MEDEP LANDFILL CLOSURE AND REMEDIATION PROGRAM. 3 ACRE LANDFILL.  THE LANDFILL CLOSURE USED AN ALTERNATIVE PROCEDURE AS IT WAS NOT AUTOMATICALLY ELIGIBLE FOR A REDUCED PROCEDURE CLOSURE.  THIS INCLUDED AN ENVIRONMENTAL ASSESSMENT AND POSSIBLE IMPROVED COVER SYSTEM AND/OR WATER QUALITY MONITORING.  SPECIFIC DETAILS OF CLOSURE ARE AVAILABLE THROUGH THE MEDEP FILE ROOM.","CLOSED":"POST-1976"},"id":344},{"type":"Feature","geometry":{"type":"Point","coordinates":[-70.22446016044985,43.88879086011492]},"properties":{"OBJECTID":"345","LATITUDE":"43.88879","LONGITUDE":"-70.22446","SITE_NAME":"NORTH YARMOUTH MUNICIPAL LANDFILL","SITE_NUMBER":"79889","ADDRESS":"W POWNAL RD","TOWN":"NORTH YARMOUTH","DESCRIPTION":"5 ACRE LANDFILL CLOSED IN 1993 AS REQUIRED BY THE MEDEP LANDFILL CLOSURE AND REMEDIATION PROGRAM.   THE LANDFILL CLOSURE USED THE REGULATION CLOSURE PROCEDURE.  THIS GENERALLY CONSISTED OF AN ENVIRONMENTAL ASSESSMENT, A CLAY OR COMPOSITE COVER SYSTEM, AND WATER QUALITY MONITORING.  SPECIFIC DETAILS FOR CLOSURE OF THIS LANDFILL ARE AVAILABLE THROUGH MEDEP FILE ROOM.","SUMMARY":"CLOSED IN 1993 AS REQUIRED BY THE MEDEP LANDFILL CLOSURE AND REMEDIATION PROGRAM. 5 ACRE LANDFILL.   THE LANDFILL CLOSURE USED THE REGULATION CLOSURE PROCEDURE.  THIS GENERALLY CONSISTED OF AN ENVIRONMENTAL ASSESSMENT, A CLAY OR COMPOSITE COVER SYSTEM, AND WATER QUALITY MONITORING.  SPECIFIC DETAILS FOR CLOSURE OF THIS LANDFILL ARE AVAILABLE THROUGH MEDEP FILE ROOM.","CLOSED":"POST-1976"},"id":345},{"type":"Feature","geometry":{"type":"Point","coordinates":[-67.55267446937593,44.83649349973759]},"properties":{"OBJECTID":"346","LATITUDE":"44.83649","LONGITUDE":"-67.55267","SITE_NAME":"NORTHFIELD LANDFILL","SITE_NUMBER":"29741","ADDRESS":"EAST RIDGE RD","TOWN":"NORTHFIELD","DESCRIPTION":"0.5 ACRE LANDFILL HAS NOT BEEN FORMALLY CLOSED AS OF 2011.  DUMP IS LOCATED IN THE BOTTOM OF A KETTLE HOLE, IN THE MIDDLE OF A PITTED OUTWASH PLAIN.","SUMMARY":"HAS NOT BEEN FORMALLY CLOSED AS OF 2011.  0.5 ACRE LANDFILL.   DUMP IS LOCATED IN THE BOTTOM OF A KETTLE HOLE, IN THE MIDDLE OF A PITTED OUTWASH PLAIN.","CLOSED":"POST-1976"},"id":346},{"type":"Feature","geometry":{"type":"Point","coordinates":[-68.97772580955295,44.32868127030552]},"properties":{"OBJECTID":"347","LATITUDE":"44.32868","LONGITUDE":"-68.97773","SITE_NAME":"NORTHPORT LANDFILL","SITE_NUMBER":"29408","ADDRESS":"NEBRASKA RD","TOWN":"NORTHPORT","DESCRIPTION":"3 ACRE LANDFILL CLOSED IN 2001 AS REQUIRED BY THE MEDEP LANDFILL CLOSURE AND REMEDIATION PROGRAM.  THE LANDFILL CLOSURE USED A REDUCED PROCEDURE.  THIS GENERALLY CONSISTED OF REGRADING WASTE AND CAPPING WITH 6 INCHES TOPSOIL OVER 18 INCHES 10E-6 CM/S GLACIAL TILL OVER 6 INCHES OF BURROW.  SPECIFIC DETAILS FOR CLOSURE OF THIS LANDFILL ARE AVAILABLE THROUGH THE MEDEP FILE ROOM.","SUMMARY":"CLOSED IN 2001 AS REQUIRED BY THE MEDEP LANDFILL CLOSURE AND REMEDIATION PROGRAM. 3 ACRE LANDFILL. NOTES:  DUMP LOCATED WITHIN 300' OF WATERWAY.  300' VARIANCE DENIED IN 74 1989. TOWN HAS HAD NUMEROUS VIOLATIONS OF BURNING WASTE MATERIAL  OLD SITE IS ON IMPROPERLY CLOSED LANDFILL LIST.  THE HAYARD RATING IS 40 WHICH PUTS THE OLD SITE IN THE TOP 1/3 OF THAT LIST.  3/4 MILE TO NEAREST RESIDENCE","CLOSED":"POST-1976"},"id":347},{"type":"Feature","geometry":{"type":"Point","coordinates":[-70.5228867397375,44.2067646202112]},"properties":{"OBJECTID":"348","LATITUDE":"44.20676","LONGITUDE":"-70.52289","SITE_NAME":"NORWAY DEMO DEBRIS LANDFILL","SITE_NUMBER":"95117","ADDRESS":"BROWN ST","TOWN":"NORWAY","DESCRIPTION":"6 ACRE LANDFILL CLOSED IN 1996 AS REQUIRED BY THE MEDEP LANDFILL CLOSURE AND REMEDIATION PROGRAM.  THE LANDFILL CLOSURE USED A REDUCED PROCEDURE.  THIS GENERALLY CONSISTED OF REGRADING WASTE AND CAPPING WITH 6 INCHES TOPSOIL OVER 18 INCHES 10E-6 CM/S GLACIAL TILL OVER 6 INCHES OF BURROW.  SPECIFIC DETAILS FOR CLOSURE OF THIS LANDFILL ARE AVAILABLE THROUGH THE MEDEP FILE ROOM.","SUMMARY":"CLOSED IN 1996 AS REQUIRED BY THE MEDEP LANDFILL CLOSURE AND REMEDIATION PROGRAM. 6 ACRE LANDFILL.  THE LANDFILL CLOSURE USED A REDUCED PROCEDURE.  THIS GENERALLY CONSISTED OF REGRADING WASTE AND CAPPING WITH 6 INCHES TOPSOIL OVER 18 INCHES 10E-6 CM/S GLACIAL TILL OVER 6 INCHES OF BURROW.  SPECIFIC DETAILS FOR CLOSURE OF THIS LANDFILL ARE AVAILABLE THROUGH THE MEDEP FILE ROOM.","CLOSED":"POST-1976"},"id":348},{"type":"Feature","geometry":{"type":"Point","coordinates":[-70.52100896021713,44.20703382001707]},"properties":{"OBJECTID":"349","LATITUDE":"44.20703","LONGITUDE":"-70.52101","SITE_NAME":"NORWAY LANDFILL","SITE_NUMBER":"27229","ADDRESS":"BROWN ST","TOWN":"NORWAY","DESCRIPTION":"LANDFILL CLOSED IN 1984 AS REQUIRED BY THE MEDEP LANDFILL CLOSURE AND REMEDIATION PROGRAM.   THE LANDFILL CLOSURE USED THE REGULATION CLOSURE PROCEDURE.  THIS GENERALLY CONSISTED OF AN ENVIRONMENTAL ASSESSMENT, A CLAY OR COMPOSITE COVER SYSTEM, AND WATER QUALITY MONITORING.  SPECIFIC DETAILS FOR CLOSURE OF THIS LANDFILL ARE AVAILABLE THROUGH MEDEP FILE ROOM.","SUMMARY":"CLOSED IN 1984 AS REQUIRED BY THE MEDEP LANDFILL CLOSURE AND REMEDIATION PROGRAM.   THE LANDFILL CLOSURE USED THE REGULATION CLOSURE PROCEDURE.  THIS GENERALLY CONSISTED OF AN ENVIRONMENTAL ASSESSMENT, A CLAY OR COMPOSITE COVER SYSTEM, AND WATER QUALITY MONITORING.  SPECIFIC DETAILS FOR CLOSURE OF THIS LANDFILL ARE AVAILABLE THROUGH MEDEP FILE ROOM.NOTES: SITE IS LOCATED ON LITTLE ANDROSCOGGIN VALLEY AQUIFER, NEXT TO THE RIVER, AND NEXT TO THE WASTEWATER TREATMENT PLANT.","CLOSED":"POST-1976"},"id":349},{"type":"Feature","geometry":{"type":"Point","coordinates":[-68.1494831697365,46.065542769689294]},"properties":{"OBJECTID":"350","LATITUDE":"46.06554","LONGITUDE":"-68.14948","SITE_NAME":"OAKFIELD LANDFILL","SITE_NUMBER":"29872","ADDRESS":"THOMPSON SETTLEMENT RD","TOWN":"OAKFIELD","DESCRIPTION":"2 ACRE LANDFILL CLOSED IN 1995 AS REQUIRED BY THE MEDEP LANDFILL CLOSURE AND REMEDIATION PROGRAM.  THE LANDFILL CLOSURE USED A REDUCED PROCEDURE.  THIS GENERALLY CONSISTED OF REGRADING WASTE AND CAPPING WITH 6 INCHES TOPSOIL OVER 18 INCHES 10E-6 CM/S GLACIAL TILL OVER 6 INCHES OF BURROW.  SPECIFIC DETAILS FOR CLOSURE OF THIS LANDFILL ARE AVAILABLE THROUGH THE MEDEP FILE ROOM.","SUMMARY":"CLOSED IN 1995 AS REQUIRED BY THE MEDEP LANDFILL CLOSURE AND REMEDIATION PROGRAM. 2 ACRE LANDFILL.  THE LANDFILL CLOSURE USED A REDUCED PROCEDURE.  THIS GENERALLY CONSISTED OF REGRADING WASTE AND CAPPING WITH 6 INCHES TOPSOIL OVER 18 INCHES 10E-6 CM/S GLACIAL TILL OVER 6 INCHES OF BURROW.  SPECIFIC DETAILS FOR CLOSURE OF THIS LANDFILL ARE AVAILABLE THROUGH THE MEDEP FILE ROOM.","CLOSED":"POST-1976"},"id":350},{"type":"Feature","geometry":{"type":"Point","coordinates":[-69.75757613973371,44.54638593963089]},"properties":{"OBJECTID":"351","LATITUDE":"44.54639","LONGITUDE":"-69.75758","SITE_NAME":"OAKLAND LANDFILL","SITE_NUMBER":"27589","ADDRESS":"TOWN FARM RD","TOWN":"OAKLAND","DESCRIPTION":"11 ACRE LANDFILL CLOSED IN 1995 AS REQUIRED BY THE MEDEP LANDFILL CLOSURE AND REMEDIATION PROGRAM.  THE LANDFILL CLOSURE USED AN ALTERNATIVE PROCEDURE AS IT WAS NOT AUTOMATICALLY ELIGIBLE FOR A REDUCED PROCEDURE CLOSURE.  THIS INCLUDED AN ENVIRONMENTAL ASSESSMENT AND POSSIBLE IMPROVED COVER SYSTEM AND/OR WATER QUALITY MONITORING.  SPECIFIC DETAILS OF CLOSURE ARE AVAILABLE THROUGH THE MEDEP FILE ROOM.","SUMMARY":"CLOSED IN 1995 AS REQUIRED BY THE MEDEP LANDFILL CLOSURE AND REMEDIATION PROGRAM. 11 ACRE LANDFILL.  THE LANDFILL CLOSURE USED AN ALTERNATIVE PROCEDURE AS IT WAS NOT AUTOMATICALLY ELIGIBLE FOR A REDUCED PROCEDURE CLOSURE.  THIS INCLUDED AN ENVIRONMENTAL ASSESSMENT AND POSSIBLE IMPROVED COVER SYSTEM AND/OR WATER QUALITY MONITORING.  SPECIFIC DETAILS OF CLOSURE ARE AVAILABLE THROUGH THE MEDEP FILE ROOM.HISTORICAL NOTES: ACTIVE LANDFILL AT THIS SITE WITH NO EVIDENCE OF A CLOSURE PLAN OR GROUND WATER MONITORING FOUND IN THE FILE. LATEST FILE ENTRY - JULY 1989. DEP INSPECTION FOUND INAPPROPRIATE DAILY COVER MATERIAL BEING USED.  ALSO FOUND PROBLEMS WITH STANDING WATER SURROUNDING THE SITE AND WHITE GOODS BEING STORED IN THE WATER. SEVERAL LEACHATE SEEPS OBSERVED.\r\nAS OF AUGUST 2008 THIS LANDFILL HAS AN ONGOING ENVIRONMENTAL MONITORING PROGRAM AND HAS BEEN CLOSED IN ACCORDANCE WITH DEP'S LANDFILL CLOSURE PROGRAM.","CLOSED":"POST-1976"},"id":351},{"type":"Feature","geometry":{"type":"Point","coordinates":[-70.62091518039531,43.24954131017391]},"properties":{"OBJECTID":"352","LATITUDE":"43.24954","LONGITUDE":"-70.62092","SITE_NAME":"OGUNQUIT STUMP DUMP","SITE_NUMBER":"37945","ADDRESS":"368 BERWICK RD","TOWN":"OGUNQUIT","DESCRIPTION":"2 ACRE LANDFILL CLOSED IN 1996 AS REQUIRED BY THE MEDEP LANDFILL CLOSURE AND REMEDIATION PROGRAM.  THE LANDFILL CLOSURE USED A REDUCED PROCEDURE.  THIS GENERALLY CONSISTED OF REGRADING WASTE AND CAPPING WITH 6 INCHES TOPSOIL OVER 18 INCHES 10E-6 CM/S GLACIAL TILL OVER 6 INCHES OF BURROW.  SPECIFIC DETAILS FOR CLOSURE OF THIS LANDFILL ARE AVAILABLE THROUGH THE MEDEP FILE ROOM.","SUMMARY":"CLOSED IN 1996 AS REQUIRED BY THE MEDEP LANDFILL CLOSURE AND REMEDIATION PROGRAM. 2 ACRE LANDFILL.  THE LANDFILL CLOSURE USED A REDUCED PROCEDURE.  THIS GENERALLY CONSISTED OF REGRADING WASTE AND CAPPING WITH 6 INCHES TOPSOIL OVER 18 INCHES 10E-6 CM/S GLACIAL TILL OVER 6 INCHES OF BURROW.  SPECIFIC DETAILS FOR CLOSURE OF THIS LANDFILL ARE AVAILABLE THROUGH THE MEDEP FILE ROOM.","CLOSED":"POST-1976"},"id":352},{"type":"Feature","geometry":{"type":"Point","coordinates":[-70.83827743017767,43.25852718031429]},"properties":{"OBJECTID":"353","LATITUDE":"43.25853","LONGITUDE":"-70.83828","SITE_NAME":"OLD BERWICK LANDFILL","SITE_NUMBER":"108791","ADDRESS":"RTE 236","TOWN":"BERWICK","DESCRIPTION":"LOCATED AT THE SITE OF THE PRESENT TRANSFER STATION.  THE LANDFILL WAS CLOSED CIRCA 1980 WHEN THE TRANSFER STATION OPENED.  LANDFILL SIZE 6.6 ACRES.","SUMMARY":"","CLOSED":"POST-1976"},"id":353},{"type":"Feature","geometry":{"type":"Point","coordinates":[-70.11355042042844,44.69922579963358]},"properties":{"OBJECTID":"354","LATITUDE":"44.69923","LONGITUDE":"-70.11355","SITE_NAME":"OLD FARMINGTON LANDFILL","SITE_NUMBER":"29350","ADDRESS":"INDUSTRY RD","TOWN":"FARMINGTON","DESCRIPTION":"3 ACRE LANDFILL CLOSED IN 1976  THE LANDFILL WAS CLOSED PRIOR TO THE ESTABLISHMENT OF THE MEDEP LANDFILL CLOSURE AND REMEDIATION PROGRAM IN 1988.  THEREFORE THE CLOSURE PROCEDURE IS UNKNOWN.","SUMMARY":"CLOSED IN 1976. 3 ACRE LANDFILL.   THE LANDFILL WAS CLOSED PRIOR TO THE ESTABLISHMENT OF THE MEDEP LANDFILL CLOSURE AND REMEDIATION PROGRAM IN 1988.  THEREFORE THE CLOSURE PROCEDURE IS UNKNOWN. REPORT DONE BY COFFIN AND RICHARDSON IN SEPTEMBER 1974  141 MILK ST. BOSTON, MASS. 02109 PHONE(617)-482-3440.","CLOSED":"POST-1976"},"id":354},{"type":"Feature","geometry":{"type":"Point","coordinates":[-70.12925964032407,43.87214412014025]},"properties":{"OBJECTID":"355","LATITUDE":"43.87214","LONGITUDE":"-70.12926","SITE_NAME":"OLD FREEPORT LANDFILL","SITE_NUMBER":"137305","ADDRESS":"304 POWNAL RD","TOWN":"FREEPORT","DESCRIPTION":"","SUMMARY":"","CLOSED":"POST-1976"},"id":355},{"type":"Feature","geometry":{"type":"Point","coordinates":[-70.39359584954413,43.522928539588875]},"properties":{"OBJECTID":"356","LATITUDE":"43.52293","LONGITUDE":"-70.3936","SITE_NAME":"OLD ORCHARD BEACH DEMO WOOD WASTE LANDFILL","SITE_NUMBER":"27940","ADDRESS":"40 E EMERSON CUMMINGS BLVD","TOWN":"OLD ORCHARD BEACH","DESCRIPTION":"6 ACRE LANDFILL CLOSED IN 1998 AS REQUIRED BY THE MEDEP LANDFILL CLOSURE AND REMEDIATION PROGRAM.  THE LANDFILL CLOSURE USED A REDUCED PROCEDURE.  THIS GENERALLY CONSISTED OF REGRADING WASTE AND CAPPING WITH 6 INCHES TOPSOIL OVER 18 INCHES 10E-6 CM/S GLACIAL TILL OVER 6 INCHES OF BURROW.  SPECIFIC DETAILS FOR CLOSURE OF THIS LANDFILL ARE AVAILABLE THROUGH THE MEDEP FILE ROOM.","SUMMARY":"CLOSED IN 1998 AS REQUIRED BY THE MEDEP LANDFILL CLOSURE AND REMEDIATION PROGRAM. 6 ACRE LANDFILL.  THE LANDFILL CLOSURE USED A REDUCED PROCEDURE.  THIS GENERALLY CONSISTED OF REGRADING WASTE AND CAPPING WITH 6 INCHES TOPSOIL OVER 18 INCHES 10E-6 CM/S GLACIAL TILL OVER 6 INCHES OF BURROW.  SPECIFIC DETAILS FOR CLOSURE OF THIS LANDFILL ARE AVAILABLE THROUGH THE MEDEP FILE ROOM.HISTORICAL NOTES:THE LANDFILL HAS RECENTLY BEEN CLOSED. A 24 INCH THICK CLAY COVER HAS BEEN PUT OVER THE LANDFILL AS A CAP. 2 OF THE MONITORING WELLS WERE RELOCATED SO FOUR WELLS ARE NOW MONITORING THE GROUNDWATE, WHICH COULD POTENTIALLY BE CONTAMINATED.","CLOSED":"POST-1976"},"id":356},{"type":"Feature","geometry":{"type":"Point","coordinates":[-70.40619062014088,43.51974514037755]},"properties":{"OBJECTID":"357","LATITUDE":"43.51975","LONGITUDE":"-70.40619","SITE_NAME":"OLD ORCHARD BEACH LANDFILL - NEW","SITE_NUMBER":"29899","ADDRESS":"108 SMITHWHEEL RD","TOWN":"OLD ORCHARD BEACH","DESCRIPTION":"10 ACRE LANDFILL CLOSED IN 1988 AS REQUIRED BY THE MEDEP LANDFILL CLOSURE AND REMEDIATION PROGRAM.   THE LANDFILL CLOSURE USED THE REGULATION CLOSURE PROCEDURE.  THIS GENERALLY CONSISTED OF AN ENVIRONMENTAL ASSESSMENT, A CLAY OR COMPOSITE COVER SYSTEM, AND WATER QUALITY MONITORING.  SPECIFIC DETAILS FOR CLOSURE OF THIS LANDFILL ARE AVAILABLE THROUGH MEDEP FILE ROOM.","SUMMARY":"CLOSED IN 1988 AS REQUIRED BY THE MEDEP LANDFILL CLOSURE AND REMEDIATION PROGRAM.  10 ACRE LANDFILL.  THE LANDFILL CLOSURE USED THE REGULATION CLOSURE PROCEDURE.  THIS GENERALLY CONSISTED OF AN ENVIRONMENTAL ASSESSMENT, A CLAY OR COMPOSITE COVER SYSTEM, AND WATER QUALITY MONITORING.  SPECIFIC DETAILS FOR CLOSURE OF THIS LANDFILL ARE AVAILABLE THROUGH MEDEP FILE ROOM.HISTORICAL NOTES: OLD ORCHARD BEACH RECEIVED A LICENSE TO DISPOSE OF MUNICIPAL SEWAGE TREATMENT PLANT SLUDGE AT THE TOWN LANDFILL.  THE LICENSE WAS ISSUED FEBRUARY 22, 1978 AND WAS EFFECTIVE UNTIL MAY 31, 1978.  THE SITE WAS ALSO LICENSED FOR THE DISPOSAL OF SEWAGE GRIT UNDER LIC. #S-004175-00.","CLOSED":"POST-1976"},"id":357},{"type":"Feature","geometry":{"type":"Point","coordinates":[-70.40710828955719,43.51757819012622]},"properties":{"OBJECTID":"358","LATITUDE":"43.51758","LONGITUDE":"-70.40711","SITE_NAME":"OLD ORCHARD BEACH LANDFILL - OLD","SITE_NUMBER":"27939","ADDRESS":"103 SMITHWHEEL RD","TOWN":"OLD ORCHARD BEACH","DESCRIPTION":"5 ACRE LANDFILL CLOSED IN 1978 AS REQUIRED BY THE MEDEP LANDFILL CLOSURE AND REMEDIATION PROGRAM.   THE LANDFILL CLOSURE USED THE REGULATION CLOSURE PROCEDURE.  THIS GENERALLY CONSISTED OF AN ENVIRONMENTAL ASSESSMENT, A CLAY OR COMPOSITE COVER SYSTEM, AND WATER QUALITY MONITORING.  SPECIFIC DETAILS FOR CLOSURE OF THIS LANDFILL ARE AVAILABLE THROUGH MEDEP FILE ROOM.","SUMMARY":"CLOSED IN 1978 AS REQUIRED BY THE MEDEP LANDFILL CLOSURE AND REMEDIATION PROGRAM.  5 ACRE LANDFILL.  THE LANDFILL CLOSURE USED THE REGULATION CLOSURE PROCEDURE.  THIS GENERALLY CONSISTED OF AN ENVIRONMENTAL ASSESSMENT, A CLAY OR COMPOSITE COVER SYSTEM, AND WATER QUALITY MONITORING.  SPECIFIC DETAILS FOR CLOSURE OF THIS LANDFILL ARE AVAILABLE THROUGH MEDEP FILE ROOM.NOTES: STILL BEING MONITORED. GAS PROBES INSTALLED. HAVE DETECTED A HIGH CONCENTRATIONN OF METHANE GAS BEING DISCHARGED FROM THE TWO LANDFILLS. CONTAMINATION IS PROBABLE.","CLOSED":"POST-1976"},"id":358},{"type":"Feature","geometry":{"type":"Point","coordinates":[-68.69461384053207,44.96093252000661]},"properties":{"OBJECTID":"359","LATITUDE":"44.96093","LONGITUDE":"-68.69461","SITE_NAME":"OLD TOWN LANDFILL","SITE_NUMBER":"29639","ADDRESS":"RTE 16  BENNOCH RD","TOWN":"OLD TOWN","DESCRIPTION":"14 ACRE LANDFILL CLOSED IN 1996 AS REQUIRED BY THE MEDEP LANDFILL CLOSURE AND REMEDIATION PROGRAM.  THE LANDFILL CLOSURE USED AN ALTERNATIVE PROCEDURE AS IT WAS NOT AUTOMATICALLY ELIGIBLE FOR A REDUCED PROCEDURE CLOSURE.  THIS INCLUDED AN ENVIRONMENTAL ASSESSMENT AND POSSIBLE IMPROVED COVER SYSTEM AND/OR WATER QUALITY MONITORING.  SPECIFIC DETAILS OF CLOSURE ARE AVAIABLE THROUGH THE MEDEP FILE ROOM.","SUMMARY":"CLOSED IN 1996 AS REQUIRED BY THE MEDEP LANDFILL CLOSURE AND REMEDIATION PROGRAM. 14 ACRE LANDFILL.  THE LANDFILL CLOSURE USED AN ALTERNATIVE PROCEDURE AS IT WAS NOT AUTOMATICALLY ELIGIBLE FOR A REDUCED PROCEDURE CLOSURE.  THIS INCLUDED AN ENVIRONMENTAL ASSESSMENT AND POSSIBLE IMPROVED COVER SYSTEM AND/OR WATER QUALITY MONITORING.  SPECIFIC DETAILS OF CLOSURE ARE AVAIABLE THROUGH THE MEDEP FILE ROOM.HISTORICAL NOTES: DUMP IS LOCATED IN A MINED-OUT GRAVEL PIT ON THE BANK OF THE STILLWATER RIVER.  HOUSE NEXT DOOR HAS A CONTAMINATED WELL, DUE TO THE INFLUENCE OF DUMP LEACHATE.","CLOSED":"POST-1976"},"id":359},{"type":"Feature","geometry":{"type":"Point","coordinates":[-67.85154021026959,45.844327910446296]},"properties":{"OBJECTID":"360","LATITUDE":"45.84433","LONGITUDE":"-67.85154","SITE_NAME":"ORIENT LANDFILL","SITE_NUMBER":"29873","ADDRESS":"RTE 1","TOWN":"ORIENT","DESCRIPTION":"2 ACRE LANDFILL CLOSED IN 1994 AS REQUIRED BY THE MEDEP LANDFILL CLOSURE AND REMEDIATION PROGRAM.  THE LANDFILL CLOSURE USED A REDUCED PROCEDURE.  THIS GENERALLY CONSISTED OF REGRADING WASTE AND CAPPING WITH 6 INCHES TOPSOIL OVER 18 INCHES 10E-6 CM/S GLACIAL TILL OVER 6 INCHES OF BURROW.  SPECIFIC DETAILS FOR CLOSURE OF THIS LANDFILL ARE AVAILABLE THROUGH THE MEDEP FILE ROOM.","SUMMARY":"CLOSED IN 1994 AS REQUIRED BY THE MEDEP LANDFILL CLOSURE AND REMEDIATION PROGRAM. 2 ACRE LANDFILL.  THE LANDFILL CLOSURE USED A REDUCED PROCEDURE.  THIS GENERALLY CONSISTED OF REGRADING WASTE AND CAPPING WITH 6 INCHES TOPSOIL OVER 18 INCHES 10E-6 CM/S GLACIAL TILL OVER 6 INCHES OF BURROW.  SPECIFIC DETAILS FOR CLOSURE OF THIS LANDFILL ARE AVAILABLE THROUGH THE MEDEP FILE ROOM.","CLOSED":"POST-1976"},"id":360},{"type":"Feature","geometry":{"type":"Point","coordinates":[-68.92984243041322,45.158656079598664]},"properties":{"OBJECTID":"361","LATITUDE":"45.15866","LONGITUDE":"-68.92984","SITE_NAME":"ORNEVILLE LANDFILL","SITE_NUMBER":"94979","ADDRESS":"BOYD LAKE RD","TOWN":"ORNEVILLE TWP","DESCRIPTION":"1 ACRE LANDFILL CLOSED IN 1994 AS REQUIRED BY THE MEDEP LANDFILL CLOSURE AND REMEDIATION PROGRAM.  THE LANDFILL CLOSURE USED A REDUCED PROCEDURE.  THIS GENERALLY CONSISTED OF REGRADING WASTE AND CAPPING WITH 6 INCHES TOPSOIL OVER 18 INCHES 10E-6 CM/S GLACIAL TILL OVER 6 INCHES OF BURROW.  SPECIFIC DETAILS FOR CLOSURE OF THIS LANDFILL ARE AVAILABLE THROUGH THE MEDEP FILE ROOM.","SUMMARY":"CLOSED IN 1994 AS REQUIRED BY THE MEDEP LANDFILL CLOSURE AND REMEDIATION PROGRAM. 1 ACRE LANDFILL.  THE LANDFILL CLOSURE USED A REDUCED PROCEDURE.  THIS GENERALLY CONSISTED OF REGRADING WASTE AND CAPPING WITH 6 INCHES TOPSOIL OVER 18 INCHES 10E-6 CM/S GLACIAL TILL OVER 6 INCHES OF BURROW.  SPECIFIC DETAILS FOR CLOSURE OF THIS LANDFILL ARE AVAILABLE THROUGH THE MEDEP FILE ROOM.","CLOSED":"POST-1976"},"id":361},{"type":"Feature","geometry":{"type":"Point","coordinates":[-68.72652151948697,44.90285716956254]},"properties":{"OBJECTID":"362","LATITUDE":"44.90286","LONGITUDE":"-68.72652","SITE_NAME":"ORONO MUNICIPAL AND C AND D DEBRIS LANDFILL","SITE_NUMBER":"31243","ADDRESS":"PUTNAM ROAD","TOWN":"ORONO","DESCRIPTION":"10 ACRE LANDFILL CLOSED IN 1995 AS REQUIRED BY THE MEDEP LANDFILL CLOSURE AND REMEDIATION PROGRAM.  THE LANDFILL CLOSURE USED AN ALTERNATIVE PROCEDURE AS IT WAS NOT AUTOMATICALLY ELIGIBLE FOR A REDUCED PROCEDURE CLOSURE.  THIS INCLUDED AN ENVIRONMENTAL ASSESSMENT AND POSSIBLE IMPROVED COVER SYSTEM AND/OR WATER QUALITY MONITORING.  SPECIFIC DETAILS OF CLOSURE ARE AVAIABLE THROUGH THE MEDEP FILE ROOM. CDD IS STILL ACTIVE (2014)","SUMMARY":"CLOSED IN 1995 AS REQUIRED BY THE MEDEP LANDFILL CLOSURE AND REMEDIATION PROGRAM. 10 ACRE LANDFILL.  THE LANDFILL CLOSURE USED AN ALTERNATIVE PROCEDURE AS IT WAS NOT AUTOMATICALLY ELIGIBLE FOR A REDUCED PROCEDURE CLOSURE.  THIS INCLUDED AN ENVIRONMENTAL ASSESSMENT AND POSSIBLE IMPROVED COVER SYSTEM AND/OR WATER QUALITY MONITORING.  SPECIFIC DETAILS OF CLOSURE ARE AVAIABLE THROUGH THE MEDEP FILE ROOM. HISTORICAL NOTES: THE TOWN OF ORONO WAS GRANTED APPROVAL ON FEBRUARY 16, 1995, TO CONSTRUCT AND OPERATE A LANDFILL FOR THE DISPOSAL OF C AND D DEBRIS, INERT MATERIAL, WOODWASTE AND ASH FROM THE BURNING OF WOOD WASTE, TIRES AND WHITE GOODS. THE LANDFILL WAS TO BE LOCATED ON APPROX. 5 ACRES OF AN APPROX. 195 ACRE PARCEL OF PROPERTY OFF FOREST AVENUE, AND WAS TO BE DEVELOPED IN THREE PHASES, HAVE A MAXIMUM TOTAL CAPACITY OF APPROX. 110,600 CU.YDS, AND IS EXPECTED TO PROVIDE ORONO APPROX. 30.2 YRS. OF DISPOSAL CAPACITY.  CDD IS STILL ACTIVE (2014)","CLOSED":"POST-1976"},"id":362},{"type":"Feature","geometry":{"type":"Point","coordinates":[-68.4367835296601,44.702422389660995]},"properties":{"OBJECTID":"363","LATITUDE":"44.70242","LONGITUDE":"-68.43678","SITE_NAME":"OTIS LANDFILL","SITE_NUMBER":"29763","ADDRESS":"RTE 180  OTIS RD","TOWN":"OTIS","DESCRIPTION":"1.5 ACRE LANDFILL CLOSED IN 1994 AS REQUIRED BY THE MEDEP LANDFILL CLOSURE AND REMEDIATION PROGRAM.  THE LANDFILL CLOSURE USED A REDUCED PROCEDURE.  THIS GENERALLY CONSISTED OF REGRADING WASTE AND CAPPING WITH 6 INCHES TOPSOIL OVER 18 INCHES 10E-6 CM/S GLACIAL TILL OVER 6 INCHES OF BURROW.  SPECIFIC DETAILS FOR CLOSURE OF THIS LANDFILL ARE AVAILABLE THROUGH THE MEDEP FILE ROOM.","SUMMARY":"CLOSED IN 1994 AS REQUIRED BY THE MEDEP LANDFILL CLOSURE AND REMEDIATION PROGRAM. 1.5 ACRE LANDFILL.  THE LANDFILL CLOSURE USED A REDUCED PROCEDURE.  THIS GENERALLY CONSISTED OF REGRADING WASTE AND CAPPING WITH 6 INCHES TOPSOIL OVER 18 INCHES 10E-6 CM/S GLACIAL TILL OVER 6 INCHES OF BURROW.  SPECIFIC DETAILS FOR CLOSURE OF THIS LANDFILL ARE AVAILABLE THROUGH THE MEDEP FILE ROOM.","CLOSED":"POST-1976"},"id":363},{"type":"Feature","geometry":{"type":"Point","coordinates":[-69.08950842964343,44.064010059798576]},"properties":{"OBJECTID":"364","LATITUDE":"44.06401","LONGITUDE":"-69.08951","SITE_NAME":"OWLS HEAD MUNICIPAL LANDFILL","SITE_NUMBER":"95118","ADDRESS":"STELLAR BLOSSOM WAY","TOWN":"OWLS HEAD","DESCRIPTION":"","SUMMARY":"1 ACRE LANDFILL CLOSED IN 1994  THE LANDFILL CLOSURE PROCEDURE IS UNKNOWN.","CLOSED":"POST-1976"},"id":364},{"type":"Feature","geometry":{"type":"Point","coordinates":[-70.50245113952448,44.15204337972735]},"properties":{"OBJECTID":"365","LATITUDE":"44.15204","LONGITUDE":"-70.50245","SITE_NAME":"OXFORD ASH LANDFILL","SITE_NUMBER":"95119","ADDRESS":"89 SMITH RD","TOWN":"OXFORD","DESCRIPTION":"1 ACRE LANDFILL CLOSED IN 1995 AS REQUIRED BY THE MEDEP LANDFILL CLOSURE AND REMEDIATION PROGRAM.  THE LANDFILL CLOSURE USED A REDUCED PROCEDURE.  THIS GENERALLY CONSISTED OF REGRADING WASTE AND CAPPING WITH 6 INCHES TOPSOIL OVER 18 INCHES 10E-6 CM/S GLACIAL TILL OVER 6 INCHES OF BURROW.  SPECIFIC DETAILS FOR CLOSURE OF THIS LANDFILL ARE AVAILABLE THROUGH THE MEDEP FILE ROOM.","SUMMARY":"CLOSED IN 1995 AS REQUIRED BY THE MEDEP LANDFILL CLOSURE AND REMEDIATION PROGRAM. 1 ACRE LANDFILL.  THE LANDFILL CLOSURE USED A REDUCED PROCEDURE.  THIS GENERALLY CONSISTED OF REGRADING WASTE AND CAPPING WITH 6 INCHES TOPSOIL OVER 18 INCHES 10E-6 CM/S GLACIAL TILL OVER 6 INCHES OF BURROW.  SPECIFIC DETAILS FOR CLOSURE OF THIS LANDFILL ARE AVAILABLE THROUGH THE MEDEP FILE ROOM.","CLOSED":"POST-1976"},"id":365},{"type":"Feature","geometry":{"type":"Point","coordinates":[-70.5010158800378,44.15216768018692]},"properties":{"OBJECTID":"366","LATITUDE":"44.15217","LONGITUDE":"-70.50102","SITE_NAME":"OXFORD LANDFILL","SITE_NUMBER":"29510","ADDRESS":"OFF RTE 26","TOWN":"OXFORD","DESCRIPTION":"7 ACRE LANDFILL CLOSED IN 1985 AS REQUIRED BY THE MEDEP LANDFILL CLOSURE AND REMEDIATION PROGRAM.   THE LANDFILL CLOSURE USED THE REGULATION CLOSURE PROCEDURE.  THIS GENERALLY CONSISTED OF AN ENVIRONMENTAL ASSESSMENT, A CLAY OR COMPOSITE COVER SYSTEM, AND WATER QUALITY MONITORING.  SPECIFIC DETAILS FOR CLOSURE OF THIS LANDFILL ARE AVAILABLE THROUGH MEDEP FILE ROOM.","SUMMARY":"CLOSED IN 1985 AS REQUIRED BY THE MEDEP LANDFILL CLOSURE AND REMEDIATION PROGRAM.  7 ACRE LANDFILL.  THE LANDFILL CLOSURE USED THE REGULATION CLOSURE PROCEDURE.  THIS GENERALLY CONSISTED OF AN ENVIRONMENTAL ASSESSMENT, A CLAY OR COMPOSITE COVER SYSTEM, AND WATER QUALITY MONITORING.  SPECIFIC DETAILS FOR CLOSURE OF THIS LANDFILL ARE AVAILABLE THROUGH MEDEP FILE ROOM.NOTES: SITE IS LOCATED ON THE LITTLE ANDROSCOGGIN VALLEY AQUIFER.  IT HAS BEEN CLOSED, BUT THE TRANSFER STATION IS LOCATED THERE.  THERE ARE MONITORING WELLS, BUT APPARENTLY NO MONITORING RESULTS.","CLOSED":"POST-1976"},"id":366},{"type":"Feature","geometry":{"type":"Point","coordinates":[-70.5226175106018,44.245546940327735]},"properties":{"OBJECTID":"367","LATITUDE":"44.24555","LONGITUDE":"-70.52262","SITE_NAME":"PARIS LANDFILL","SITE_NUMBER":"29513","ADDRESS":" HATHAWAY RD","TOWN":"PARIS","DESCRIPTION":"7.5 ACRE LANDFILL CLOSED IN 1997 AS REQUIRED BY THE MEDEP LANDFILL CLOSURE AND REMEDIATION PROGRAM.  THE LANDFILL CLOSURE USED AN ALTERNATIVE PROCEDURE AS IT WAS NOT AUTOMATICALLY ELIGIBLE FOR A REDUCED PROCEDURE CLOSURE.  THIS INCLUDED AN ENVIRONMENTAL ASSESSMENT AND POSSIBLE IMPROVED COVER SYSTEM AND/OR WATER QUALITY MONITORING.  SPECIFIC DETAILS OF CLOSURE ARE AVAIABLE THROUGH THE MEDEP FILE ROOM.","SUMMARY":"CLOSED IN 1997 AS REQUIRED BY THE MEDEP LANDFILL CLOSURE AND REMEDIATION PROGRAM. 7.5 ACRE LANDFILL.  THE LANDFILL CLOSURE USED AN ALTERNATIVE PROCEDURE AS IT WAS NOT AUTOMATICALLY ELIGIBLE FOR A REDUCED PROCEDURE CLOSURE.  THIS INCLUDED AN ENVIRONMENTAL ASSESSMENT AND POSSIBLE IMPROVED COVER SYSTEM AND/OR WATER QUALITY MONITORING.  SPECIFIC DETAILS OF CLOSURE ARE AVAILABLE THROUGH THE MEDEP FILE ROOM.  DUMP IS LOCATED ON LITTLE ANDROSCOGGIN VALLEY AQUIFER, NEXT TO THE RIVER, AND NEXT TO THE MUNICIPAL WELLFIELD.  MONITORING IS ONGOING.","CLOSED":"POST-1976"},"id":367},{"type":"Feature","geometry":{"type":"Point","coordinates":[-69.45375131980944,45.13145868028333]},"properties":{"OBJECTID":"368","LATITUDE":"45.13146","LONGITUDE":"-69.45375","SITE_NAME":"PARKMAN LANDFILL AND TRANSFER STATION","SITE_NUMBER":"37944","ADDRESS":"221 CROW HILL RD","TOWN":"PARKMAN","DESCRIPTION":"1 ACRE LANDFILL CLOSED IN 1993 AS REQUIRED BY THE MEDEP LANDFILL CLOSURE AND REMEDIATION PROGRAM.  THE LANDFILL CLOSURE USED THE INTERIM COVER AND GRADING (ICAG) PROCEDURE.  THIS GENERALLY CONSISTED OF REGRADING WASTE AND CAPPING WITH 6 INCHES TOPSOIL OVER 18 INCHES 10E-6 CM/S GLACIAL TILL OVER 6 INCHES OF BURROW.  SPECIFIC DETAILS FOR CLOSURE OF THIS LANDFILL ARE AVAILABLE THROUGH THE MEDEP FILE ROOM.","SUMMARY":"CLOSED IN 1993 AS REQUIRED BY THE MEDEP LANDFILL CLOSURE AND REMEDIATION PROGRAM. 1 ACRE LANDFILL.  THE LANDFILL CLOSURE USED THE INTERIM COVER AND GRADING (ICAG) PROCEDURE.  THIS GENERALLY CONSISTED OF REGRADING WASTE AND CAPPING WITH 6 INCHES TOPSOIL OVER 18 INCHES 10E-6 CM/S GLACIAL TILL OVER 6 INCHES OF BURROW.  SPECIFIC DETAILS FOR CLOSURE OF THIS LANDFILL ARE AVAILABLE THROUGH THE MEDEP FILE ROOM.  TRANSFER STATION LICENSED 1993.","CLOSED":"POST-1976"},"id":368},{"type":"Feature","geometry":{"type":"Point","coordinates":[-68.59838361960567,45.20113800969255]},"properties":{"OBJECTID":"369","LATITUDE":"45.20114","LONGITUDE":"-68.59838","SITE_NAME":"PASSADUMKEAG LANDFILL","SITE_NUMBER":"29640","ADDRESS":"CARIBOU RD","TOWN":"PASSADUMKEAG","DESCRIPTION":"1 ACRE LANDFILL CLOSED IN 1995 AS REQUIRED BY THE MEDEP LANDFILL CLOSURE AND REMEDIATION PROGRAM.  THE LANDFILL CLOSURE USED A REDUCED PROCEDURE.  THIS GENERALLY CONSISTED OF REGRADING WASTE AND CAPPING WITH 6 INCHES TOPSOIL OVER 18 INCHES 10E-6 CM/S GLACIAL TILL OVER 6 INCHES OF BURROW.  SPECIFIC DETAILS FOR CLOSURE OF THIS LANDFILL ARE AVAILABLE THROUGH THE MEDEP FILE ROOM.","SUMMARY":"CLOSED IN 1995 AS REQUIRED BY THE MEDEP LANDFILL CLOSURE AND REMEDIATION PROGRAM. 1 ACRE LANDFILL.  THE LANDFILL CLOSURE USED A REDUCED PROCEDURE.  THIS GENERALLY CONSISTED OF REGRADING WASTE AND CAPPING WITH 6 INCHES TOPSOIL OVER 18 INCHES 10E-6 CM/S GLACIAL TILL OVER 6 INCHES OF BURROW.  SPECIFIC DETAILS FOR CLOSURE OF THIS LANDFILL ARE AVAILABLE THROUGH THE MEDEP FILE ROOM.","CLOSED":"POST-1976"},"id":369},{"type":"Feature","geometry":{"type":"Point","coordinates":[-68.43336404007398,45.99283883027792]},"properties":{"OBJECTID":"370","LATITUDE":"45.99284","LONGITUDE":"-68.43336","SITE_NAME":"PATTEN LANDFILL","SITE_NUMBER":"29674","ADDRESS":"COW TEAM RD/LOVEJOY ROAD","TOWN":"PATTEN","DESCRIPTION":"5 ACRE LANDFILL CLOSED IN 1995 AS REQUIRED BY THE MEDEP LANDFILL CLOSURE AND REMEDIATION PROGRAM.  THE LANDFILL CLOSURE USED A REDUCED PROCEDURE.  THIS GENERALLY CONSISTED OF REGRADING WASTE AND CAPPING WITH 6 INCHES TOPSOIL OVER 18 INCHES 10E-6 CM/S GLACIAL TILL OVER 6 INCHES OF BURROW.  SPECIFIC DETAILS FOR CLOSURE OF THIS LANDFILL ARE AVAILABLE THROUGH THE MEDEP FILE ROOM.","SUMMARY":"CLOSED IN 1995 AS REQUIRED BY THE MEDEP LANDFILL CLOSURE AND REMEDIATION PROGRAM. 5 ACRE LANDFILL.  THE LANDFILL CLOSURE USED A REDUCED PROCEDURE.  THIS GENERALLY CONSISTED OF REGRADING WASTE AND CAPPING WITH 6 INCHES TOPSOIL OVER 18 INCHES 10E-6 CM/S GLACIAL TILL OVER 6 INCHES OF BURROW.  SPECIFIC DETAILS FOR CLOSURE OF THIS LANDFILL ARE AVAILABLE THROUGH THE MEDEP FILE ROOM.","CLOSED":"POST-1976"},"id":370},{"type":"Feature","geometry":{"type":"Point","coordinates":[-68.73060895052707,44.47819852032272]},"properties":{"OBJECTID":"371","LATITUDE":"44.4782","LONGITUDE":"-68.73061","SITE_NAME":"PENOBSCOT LANDFILL","SITE_NUMBER":"29764","ADDRESS":"PIERCE POND","TOWN":"PENOBSCOT","DESCRIPTION":"2.5 ACRE LANDFILL CLOSED IN 1995 AS REQUIRED BY THE MEDEP LANDFILL CLOSURE AND REMEDIATION PROGRAM.  THE LANDFILL CLOSURE USED A REDUCED PROCEDURE.  THIS GENERALLY CONSISTED OF REGRADING WASTE AND CAPPING WITH 6 INCHES TOPSOIL OVER 18 INCHES 10E-6 CM/S GLACIAL TILL OVER 6 INCHES OF BURROW.  SPECIFIC DETAILS FOR CLOSURE OF THIS LANDFILL ARE AVAILABLE THROUGH THE MEDEP FILE ROOM.","SUMMARY":"CLOSED IN 1995 AS REQUIRED BY THE MEDEP LANDFILL CLOSURE AND REMEDIATION PROGRAM. 2.5 ACRE LANDFILL.  THE LANDFILL CLOSURE USED A REDUCED PROCEDURE.  THIS GENERALLY CONSISTED OF REGRADING WASTE AND CAPPING WITH 6 INCHES TOPSOIL OVER 18 INCHES 10E-6 CM/S GLACIAL TILL OVER 6 INCHES OF BURROW.  SPECIFIC DETAILS FOR CLOSURE OF THIS LANDFILL ARE AVAILABLE THROUGH THE MEDEP FILE ROOM.","CLOSED":"POST-1976"},"id":371},{"type":"Feature","geometry":{"type":"Point","coordinates":[-70.38867332982663,44.48007028961253]},"properties":{"OBJECTID":"372","LATITUDE":"44.48007","LONGITUDE":"-70.38867","SITE_NAME":"PERU LANDFILL","SITE_NUMBER":"27238","ADDRESS":"GREENWOODS RD","TOWN":"PERU","DESCRIPTION":"1 ACRE LANDFILL CLOSED IN 1976 AS REQUIRED BY THE MEDEP LANDFILL CLOSURE AND REMEDIATION PROGRAM.   THE LANDFILL CLOSURE USED THE REGULATION CLOSURE PROCEDURE.  THIS GENERALLY CONSISTED OF AN ENVIRONMENTAL ASSESSMENT, A CLAY OR COMPOSITE COVER SYSTEM, AND WATER QUALITY MONITORING.  SPECIFIC DETAILS FOR CLOSURE OF THIS LANDFILL ARE AVAILABLE THROUGH MEDEP FILE ROOM.","SUMMARY":"CLOSED IN 1976 AS REQUIRED BY THE MEDEP LANDFILL CLOSURE AND REMEDIATION PROGRAM.  1 ACRE LANDFILL.  THE LANDFILL CLOSURE USED THE REGULATION CLOSURE PROCEDURE.  THIS GENERALLY CONSISTED OF AN ENVIRONMENTAL ASSESSMENT, A CLAY OR COMPOSITE COVER SYSTEM, AND WATER QUALITY MONITORING.  SPECIFIC DETAILS FOR CLOSURE OF THIS LANDFILL ARE AVAILABLE THROUGH MEDEP FILE ROOM.","CLOSED":"POST-1976"},"id":372},{"type":"Feature","geometry":{"type":"Point","coordinates":[-70.35286562966365,44.84318010044836]},"properties":{"OBJECTID":"373","LATITUDE":"44.84318","LONGITUDE":"-70.35287","SITE_NAME":"PHILLIPS LANDFILL","SITE_NUMBER":"29354","ADDRESS":"PARK ST EXTENSION","TOWN":"PHILLIPS","DESCRIPTION":"6 ACRE LANDFILL CLOSED IN 1990 AS REQUIRED BY THE MEDEP LANDFILL CLOSURE AND REMEDIATION PROGRAM.   THE LANDFILL CLOSURE USED THE REGULATION CLOSURE PROCEDURE.  THIS GENERALLY CONSISTED OF AN ENVIRONMENTAL ASSESSMENT, A CLAY OR COMPOSITE COVER SYSTEM, AND WATER QUALITY MONITORING.  SPECIFIC DETAILS FOR CLOSURE OF THIS LANDFILL ARE AVAILABLE THROUGH MEDEP FILE ROOM.","SUMMARY":"CLOSED IN 1990 AS REQUIRED BY THE MEDEP LANDFILL CLOSURE AND REMEDIATION PROGRAM. 6 ACRE LANDFILL.   THE LANDFILL CLOSURE USED THE REGULATION CLOSURE PROCEDURE.  THIS GENERALLY CONSISTED OF AN ENVIRONMENTAL ASSESSMENT, A CLAY OR COMPOSITE COVER SYSTEM, AND WATER QUALITY MONITORING.  SPECIFIC DETAILS FOR CLOSURE OF THIS LANDFILL ARE AVAILABLE THROUGH MEDEP FILE ROOM.CLOSING PLAN COMPLETED BY EC JORDAN SEPT 1984  562 CONGRESS STREET  PO BOX 7050  PORTLAND ME 04112","CLOSED":"POST-1976"},"id":373},{"type":"Feature","geometry":{"type":"Point","coordinates":[-69.82376627023335,43.789920390092185]},"properties":{"OBJECTID":"374","LATITUDE":"43.78992","LONGITUDE":"-69.82377","SITE_NAME":"PHIPPSBURG LANDFILL","SITE_NUMBER":"27579","ADDRESS":"58 SAM DAY HILL","TOWN":"PHIPPSBURG","DESCRIPTION":"4 ACRE LANDFILL CLOSED IN 1994 AS REQUIRED BY THE MEDEP LANDFILL CLOSURE AND REMEDIATION PROGRAM.  THE LANDFILL CLOSURE USED A REDUCED PROCEDURE.  THIS GENERALLY CONSISTED OF REGRADING WASTE AND CAPPING WITH 6 INCHES TOPSOIL OVER 18 INCHES 10E-6 CM/S GLACIAL TILL OVER 6 INCHES OF BURROW.  SPECIFIC DETAILS FOR CLOSURE OF THIS LANDFILL ARE AVAILABLE THROUGH THE MEDEP FILE ROOM.","SUMMARY":"CLOSED IN 1994 AS REQUIRED BY THE MEDEP LANDFILL CLOSURE AND REMEDIATION PROGRAM. 4 ACRE LANDFILL.  THE LANDFILL CLOSURE USED A REDUCED PROCEDURE.  THIS GENERALLY CONSISTED OF REGRADING WASTE AND CAPPING WITH 6 INCHES TOPSOIL OVER 18 INCHES 10E-6 CM/S GLACIAL TILL OVER 6 INCHES OF BURROW.  SPECIFIC DETAILS FOR CLOSURE OF THIS LANDFILL ARE AVAILABLE THROUGH THE MEDEP FILE ROOM.HISTORICAL NOTES:SITE PREPARED A CLOSING PLAN IN 1991. ONE GROUNDWATER WELL WAS MONITORED WHICH BELONGED TO A RESIDENCE 450 FEET AWAY.RESULTS WERE JUST AN OVERLY HIGH CONCENTRATION OF SODIUM, 39UG/L. BESIDES THIS EVERYTHING IS PRESENTLY FINE.","CLOSED":"POST-1976"},"id":374},{"type":"Feature","geometry":{"type":"Point","coordinates":[-69.3573345904459,44.768009409643675]},"properties":{"OBJECTID":"375","LATITUDE":"44.76801","LONGITUDE":"-69.35733","SITE_NAME":"PITTSFIELD DEMO DEBRIS LANDFILL","SITE_NUMBER":"95120","ADDRESS":"PELTOMA AVE","TOWN":"PITTSFIELD","DESCRIPTION":"7 ACRE LANDFILL CLOSED IN 1996 AS REQUIRED BY THE MEDEP LANDFILL CLOSURE AND REMEDIATION PROGRAM.  THE LANDFILL CLOSURE USED A REDUCED PROCEDURE.  THIS GENERALLY CONSISTED OF REGRADING WASTE AND CAPPING WITH 6 INCHES TOPSOIL OVER 18 INCHES 10E-6 CM/S GLACIAL TILL OVER 6 INCHES OF BURROW.  SPECIFIC DETAILS FOR CLOSURE OF THIS LANDFILL ARE AVAILABLE THROUGH THE MEDEP FILE ROOM.","SUMMARY":"CLOSED IN 1996 AS REQUIRED BY THE MEDEP LANDFILL CLOSURE AND REMEDIATION PROGRAM. 7 ACRE LANDFILL.  THE LANDFILL CLOSURE USED A REDUCED PROCEDURE.  THIS GENERALLY CONSISTED OF REGRADING WASTE AND CAPPING WITH 6 INCHES TOPSOIL OVER 18 INCHES 10E-6 CM/S GLACIAL TILL OVER 6 INCHES OF BURROW.  SPECIFIC DETAILS FOR CLOSURE OF THIS LANDFILL ARE AVAILABLE THROUGH THE MEDEP FILE ROOM.","CLOSED":"POST-1976"},"id":375},{"type":"Feature","geometry":{"type":"Point","coordinates":[-69.35702126021016,44.76677430963916]},"properties":{"OBJECTID":"376","LATITUDE":"44.76677","LONGITUDE":"-69.35702","SITE_NAME":"PITTSFIELD MUNI LANDFILL","SITE_NUMBER":"29462","ADDRESS":"PELTOMA AVE HORSEBACK RD","TOWN":"PITTSFIELD","DESCRIPTION":"7 ACRE LANDFILL CLOSED IN 1983 AS REQUIRED BY THE MEDEP LANDFILL CLOSURE AND REMEDIATION PROGRAM.   THE LANDFILL CLOSURE USED THE REGULATION CLOSURE PROCEDURE.  THIS GENERALLY CONSISTED OF AN ENVIRONMENTAL ASSESSMENT, A CLAY OR COMPOSITE COVER SYSTEM, AND WATER QUALITY MONITORING.  SPECIFIC DETAILS FOR CLOSURE OF THIS LANDFILL ARE AVAILABLE THROUGH MEDEP FILE ROOM.","SUMMARY":"CLOSED IN 1983 AS REQUIRED BY THE MEDEP LANDFILL CLOSURE AND REMEDIATION PROGRAM. 7 ACRE LANDFILL.  LEACHATE BREAKOUT THREATENING MUNICIPAL WATER SUPPLY.","CLOSED":"POST-1976"},"id":376},{"type":"Feature","geometry":{"type":"Point","coordinates":[-67.42382216020124,44.92824677999884]},"properties":{"OBJECTID":"377","LATITUDE":"44.92825","LONGITUDE":"-67.42382","SITE_NAME":"PLANTATION 14 LANDFILL","SITE_NUMBER":"29744","ADDRESS":"RTE 191 CATHANCE RD","TOWN":"CATHANCE TWP","DESCRIPTION":"0.5 ACRE LANDFILL CLOSED IN 1986  THE LANDFILL WAS CLOSED PRIOR TO THE ESTABLISHMENT OF THE MEDEP LANDFILL CLOSURE AND REMEDIATION PROGRAM IN 1988.  THEREFORE THE CLOSURE PROCEDURE IS UNKNOWN. TREES COVER AREA NOW.","SUMMARY":"CLOSED IN 1986  0.5 ACRE LANDFILL.  THE LANDFILL WAS CLOSED PRIOR TO THE ESTABLISHMENT OF THE MEDEP LANDFILL CLOSURE AND REMEDIATION PROGRAM IN 1988.  THEREFORE THE CLOSURE PROCEDURE IS UNKNOWN. TREES COVER AREA NOW.","CLOSED":"POST-1976"},"id":377},{"type":"Feature","geometry":{"type":"Point","coordinates":[-70.29862317950148,43.60522158023211]},"properties":{"OBJECTID":"378","LATITUDE":"43.60522","LONGITUDE":"-70.29862","SITE_NAME":"PLEASANT HILL RD DUMP","SITE_NUMBER":"95124","ADDRESS":"RIGBY RD OFF PLEASANT HILL RD","TOWN":"SCARBOROUGH","DESCRIPTION":"10 ACRE LANDFILL CLOSED IN 1978  THE LANDFILL WAS CLOSED PRIOR TO THE ESTABLISHMENT OF THE MEDEP LANDFILL CLOSURE AND REMEDIATION PROGRAM IN 1988.  THEREFORE THE CLOSURE PROCEDURE IS UNKNOWN.","SUMMARY":"CLOSED IN 1978.  10 ACRE LANDFILL.   THE LANDFILL WAS CLOSED PRIOR TO THE ESTABLISHMENT OF THE MEDEP LANDFILL CLOSURE AND REMEDIATION PROGRAM IN 1988.  THEREFORE THE CLOSURE PROCEDURE IS UNKNOWN.","CLOSED":"POST-1976"},"id":378},{"type":"Feature","geometry":{"type":"Point","coordinates":[-69.93674585060245,45.07018763040876]},"properties":{"OBJECTID":"379","LATITUDE":"45.07019","LONGITUDE":"-69.93675","SITE_NAME":"PLEASANT RIDGE PLT LANDFILL AND TRANSFER STATION","SITE_NUMBER":"29463","ADDRESS":"RIDGE RD","TOWN":"PLEASANT RIDGE PLT","DESCRIPTION":"4 ACRE LANDFILL CLOSED IN 1999 AS REQUIRED BY THE MEDEP LANDFILL CLOSURE AND REMEDIATION PROGRAM.  THE LANDFILL CLOSURE USED A REDUCED PROCEDURE.  THIS GENERALLY CONSISTED OF REGRADING WASTE AND CAPPING WITH 6 INCHES TOPSOIL OVER 18 INCHES 10E-6 CM/S GLACIAL TILL OVER 6 INCHES OF BURROW.  SPECIFIC DETAILS FOR CLOSURE OF THIS LANDFILL ARE AVAILABLE THROUGH THE MEDEP FILE ROOM.","SUMMARY":"CLOSED IN 1999 AS REQUIRED BY THE MEDEP LANDFILL CLOSURE AND REMEDIATION PROGRAM. 4 ACRE LANDFILL.  THE LANDFILL CLOSURE USED A REDUCED PROCEDURE.  THIS GENERALLY CONSISTED OF REGRADING WASTE AND CAPPING WITH 6 INCHES TOPSOIL OVER 18 INCHES 10E-6 CM/S GLACIAL TILL OVER 6 INCHES OF BURROW.  SPECIFIC DETAILS FOR CLOSURE OF THIS LANDFILL ARE AVAILABLE THROUGH THE MEDEP FILE ROOM.NOTES: SMALL ACTIVE WELL RUN LANDFILL.  NO G.W. MONITORING ON SITE.  THREAT TO GROUNDWATER PROBABLE.","CLOSED":"POST-1976"},"id":379},{"type":"Feature","geometry":{"type":"Point","coordinates":[-69.19881989025905,44.755339679719754]},"properties":{"OBJECTID":"380","LATITUDE":"44.75534","LONGITUDE":"-69.19882","SITE_NAME":"PLYMOUTH LANDFILL","SITE_NUMBER":"29675","ADDRESS":"RTE 7","TOWN":"PLYMOUTH","DESCRIPTION":"1 ACRE LANDFILL CLOSED IN 1980  THE LANDFILL WAS CLOSED PRIOR TO THE ESTABLISHMENT OF THE MEDEP LANDFILL CLOSURE AND REMEDIATION PROGRAM IN 1988.  THEREFORE THE CLOSURE PROCEDURE IS UNKNOWN.","SUMMARY":"CLOSED IN 1980. 1 ACRE LANDFILL.   THE LANDFILL WAS CLOSED PRIOR TO THE ESTABLISHMENT OF THE MEDEP LANDFILL CLOSURE AND REMEDIATION PROGRAM IN 1988.  THEREFORE THE CLOSURE PROCEDURE IS UNKNOWN.  NOTES: LANDFILL ACROSS FROM LAKE ON WETLAND SIDE IN WHAT IS NOW A NARROW PATCH OF WOODS.  LANDFILL LOCATION  CLOSED BETWEEN 1975-1980 ACCORDING TO RECORDS (DEED AFFADAVIT)","CLOSED":"POST-1976"},"id":380},{"type":"Feature","geometry":{"type":"Point","coordinates":[-70.40778046997127,44.06760294011192]},"properties":{"OBJECTID":"381","LATITUDE":"44.0676","LONGITUDE":"-70.40778","SITE_NAME":"POLAND LANDFILL","SITE_NUMBER":"28622","ADDRESS":"TRIPP LAKE RD","TOWN":"POLAND","DESCRIPTION":"2 ACRE LANDFILL CLOSED IN 1985 AS REQUIRED BY THE MEDEP LANDFILL CLOSURE AND REMEDIATION PROGRAM.   THE LANDFILL CLOSURE USED THE REGULATION CLOSURE PROCEDURE.  THIS GENERALLY CONSISTED OF AN ENVIRONMENTAL ASSESSMENT, A CLAY OR COMPOSITE COVER SYSTEM, AND WATER QUALITY MONITORING.  SPECIFIC DETAILS FOR CLOSURE OF THIS LANDFILL ARE AVAILABLE THROUGH MEDEP FILE ROOM.","SUMMARY":"CLOSED IN 1985 AS REQUIRED BY THE MEDEP LANDFILL CLOSURE AND REMEDIATION PROGRAM. 2 ACRE LANDFILL.   HISTORICAL NOTES:TRANSFER STATION-LANDFILL OPENED IN 1952 AND WAS CLOSED IN 1980. THE FILL WAS THEN COVERED AND THE AREA IS NOW PRESENTLY BEING USED AS ATRANSFER STATION. THE TOWN DISPOSES THEIR WASTE IN AUBURN.NO GROUNDWATER MONITORING HAS BEEN DONE AT THE SITE.","CLOSED":"POST-1976"},"id":381},{"type":"Feature","geometry":{"type":"Point","coordinates":[-70.40781186010283,44.067812180058496]},"properties":{"OBJECTID":"382","LATITUDE":"44.06781","LONGITUDE":"-70.40781","SITE_NAME":"POLAND STUMP DUMP","SITE_NUMBER":"95121","ADDRESS":"TRIPP LAKE RD","TOWN":"POLAND","DESCRIPTION":"2.5 ACRE LANDFILL CLOSED IN 1993 AS REQUIRED BY THE MEDEP LANDFILL CLOSURE AND REMEDIATION PROGRAM.  THE LANDFILL CLOSURE USED THE INTERIM COVER AND GRADING (ICAG) PROCEDURE.  THIS GENERALLY CONSISTED OF REGRADING WASTE AND CAPPING WITH 6 INCHES TOPSOIL OVER 18 INCHES 10E-6 CM/S GLACIAL TILL OVER 6 INCHES OF BURROW.  SPECIFIC DETAILS FOR CLOSURE OF THIS LANDFILL ARE AVAILABLE THROUGH THE MEDEP FILE ROOM.","SUMMARY":"CLOSED IN 1993 AS REQUIRED BY THE MEDEP LANDFILL CLOSURE AND REMEDIATION PROGRAM.  2.5 ACRE LANDFILL.  THE LANDFILL CLOSURE USED THE INTERIM COVER AND GRADING (ICAG) PROCEDURE.  THIS GENERALLY CONSISTED OF REGRADING WASTE AND CAPPING WITH 6 INCHES TOPSOIL OVER 18 INCHES 10E-6 CM/S GLACIAL TILL OVER 6 INCHES OF BURROW.  SPECIFIC DETAILS FOR CLOSURE OF THIS LANDFILL ARE AVAILABLE THROUGH THE MEDEP FILE ROOM.","CLOSED":"POST-1976"},"id":382},{"type":"Feature","geometry":{"type":"Point","coordinates":[-68.47566967018882,46.78734397993815]},"properties":{"OBJECTID":"383","LATITUDE":"46.78734","LONGITUDE":"-68.47567","SITE_NAME":"PORTAGE LANDFILL","SITE_NUMBER":"29874","ADDRESS":"RTE 11","TOWN":"PORTAGE LAKE","DESCRIPTION":"1.7 ACRE LANDFILL CLOSED IN 1994 AS REQUIRED BY THE MEDEP LANDFILL CLOSURE AND REMEDIATION PROGRAM.  THE LANDFILL CLOSURE USED AN ALTERNATIVE PROCEDURE AS IT WAS NOT AUTOMATICALLY ELIGIBLE FOR A REDUCED PROCEDURE CLOSURE.  THIS INCLUDED AN ENVIRONMENTAL ASSESSMENT AND POSSIBLE IMPROVED COVER SYSTEM AND/OR WATER QUALITY MONITORING.  SPECIFIC DETAILS OF CLOSURE ARE AVAIABLE THROUGH THE MEDEP FILE ROOM.","SUMMARY":"CLOSED IN 1994 AS REQUIRED BY THE MEDEP LANDFILL CLOSURE AND REMEDIATION PROGRAM. 1.7 ACRE LANDFILL.  THE LANDFILL CLOSURE USED AN ALTERNATIVE PROCEDURE AS IT WAS NOT AUTOMATICALLY ELIGIBLE FOR A REDUCED PROCEDURE CLOSURE.  THIS INCLUDED AN ENVIRONMENTAL ASSESSMENT AND POSSIBLE IMPROVED COVER SYSTEM AND/OR WATER QUALITY MONITORING.  SPECIFIC DETAILS OF CLOSURE ARE AVAIABLE THROUGH THE MEDEP FILE ROOM.","CLOSED":"POST-1976"},"id":383},{"type":"Feature","geometry":{"type":"Point","coordinates":[-70.32020385037879,43.70752842993976]},"properties":{"OBJECTID":"384","LATITUDE":"43.70753","LONGITUDE":"-70.3202","SITE_NAME":"PORTLAND MUNICIPAL LANDFILL - RIVERSIDE","SITE_NUMBER":"29105","ADDRESS":"RIVERSIDE ST","TOWN":"PORTLAND","DESCRIPTION":"10 ACRE LANDFILL CLOSED IN 1996 AS REQUIRED BY THE MEDEP LANDFILL CLOSURE AND REMEDIATION PROGRAM.  THE LANDFILL CLOSURE USED A REDUCED PROCEDURE.  THIS GENERALLY CONSISTED OF REGRADING WASTE AND CAPPING WITH 6 INCHES TOPSOIL OVER 18 INCHES 10E-6 CM/S GLACIAL TILL OVER 6 INCHES OF BURROW.  SPECIFIC DETAILS FOR CLOSURE OF THIS LANDFILL ARE AVAILABLE THROUGH THE MEDEP FILE ROOM.  THE SITE IS NOW A RECYCLING CENTER.","SUMMARY":"CLOSED IN 1996 AS REQUIRED BY THE MEDEP LANDFILL CLOSURE AND REMEDIATION PROGRAM. 10 ACRE LANDFILL  THE LANDFILL CLOSURE USED A REDUCED PROCEDURE.  THIS GENERALLY CONSISTED OF REGRADING WASTE AND CAPPING WITH 6 INCHES TOPSOIL OVER 18 INCHES 10E-6 CM/S GLACIAL TILL OVER 6 INCHES OF BURROW.  SPECIFIC DETAILS FOR CLOSURE OF THIS LANDFILL ARE AVAILABLE THROUGH THE MEDEP FILE ROOM. NOTES: DUMP IN SAND AND CLAY PIT ON THE BANK OF THE PRESUMPSCOT RIVER.  NO MONITORING WELLS. THE SITE IS NOW A RECYCLING CENTER.","CLOSED":"POST-1976"},"id":384},{"type":"Feature","geometry":{"type":"Point","coordinates":[-70.32020385037879,43.70752842993976]},"properties":{"OBJECTID":"385","LATITUDE":"43.70753","LONGITUDE":"-70.3202","SITE_NAME":"PORTLAND MUNICIPAL LANDFILL - RIVERSIDE","SITE_NUMBER":"29105","ADDRESS":"RIVERSIDE ST","TOWN":"PORTLAND","DESCRIPTION":"10 ACRE LANDFILL CLOSED IN 1996 AS REQUIRED BY THE MEDEP LANDFILL CLOSURE AND REMEDIATION PROGRAM.  THE LANDFILL CLOSURE USED A REDUCED PROCEDURE.  THIS GENERALLY CONSISTED OF REGRADING WASTE AND CAPPING WITH 6 INCHES TOPSOIL OVER 18 INCHES 10E-6 CM/S GLACIAL TILL OVER 6 INCHES OF BURROW.  SPECIFIC DETAILS FOR CLOSURE OF THIS LANDFILL ARE AVAILABLE THROUGH THE MEDEP FILE ROOM.  THE SITE IS NOW A RECYCLING CENTER.","SUMMARY":"CLOSED IN 1996 AS REQUIRED BY THE MEDEP LANDFILL CLOSURE AND REMEDIATION PROGRAM. 10 ACRE LANDFILL  THE LANDFILL CLOSURE USED A REDUCED PROCEDURE.  THIS GENERALLY CONSISTED OF REGRADING WASTE AND CAPPING WITH 6 INCHES TOPSOIL OVER 18 INCHES 10E-6 CM/S GLACIAL TILL OVER 6 INCHES OF BURROW.  SPECIFIC DETAILS FOR CLOSURE OF THIS LANDFILL ARE AVAILABLE THROUGH THE MEDEP FILE ROOM. NOTES: DUMP IN SAND AND CLAY PIT ON THE BANK OF THE PRESUMPSCOT RIVER.  NO MONITORING WELLS. THE SITE IS NOW A RECYCLING CENTER.","CLOSED":"POST-1976"},"id":385},{"type":"Feature","geometry":{"type":"Point","coordinates":[-70.26708282026587,43.698915009855625]},"properties":{"OBJECTID":"386","LATITUDE":"43.69892","LONGITUDE":"-70.26708","SITE_NAME":"PORTLAND OCEAN AVE LANDFILL","SITE_NUMBER":"29507","ADDRESS":"OCEAN AVE","TOWN":"PORTLAND","DESCRIPTION":"7.5 ACRE LANDFILL CLOSED IN 1979  THE LANDFILL WAS CLOSED PRIOR TO THE ESTABLISHMENT OF THE MEDEP LANDFILL CLOSURE AND REMEDIATION PROGRAM IN 1988.  THEREFORE THE CLOSURE PROCEDURE IS UNKNOWN.","SUMMARY":"CLOSED IN 1979. 7.5 ACRE LANDFILL.   THE LANDFILL WAS CLOSED PRIOR TO THE ESTABLISHMENT OF THE MEDEP LANDFILL CLOSURE AND REMEDIATION PROGRAM IN 1988.  THEREFORE THE CLOSURE PROCEDURE IS UNKNOWN. OLD NOTES: OLD PORTLAND DUMP, NEVER OFFICIALLY CLOSED.  NO MONITORING WELLS.","CLOSED":"POST-1976"},"id":386},{"type":"Feature","geometry":{"type":"Point","coordinates":[-70.18440037989053,43.657842279876476]},"properties":{"OBJECTID":"387","LATITUDE":"43.65784","LONGITUDE":"-70.1844","SITE_NAME":"PORTLAND PEAKS ISLAND LANDFILL","SITE_NUMBER":"29103","ADDRESS":"FLORIDA AVE","TOWN":"PORTLAND","DESCRIPTION":"5 ACRE LANDFILL CLOSED IN 1996 AS REQUIRED BY THE MEDEP LANDFILL CLOSURE AND REMEDIATION PROGRAM.  THE LANDFILL CLOSURE USED A REDUCED PROCEDURE.  THIS GENERALLY CONSISTED OF REGRADING WASTE AND CAPPING WITH 6 INCHES TOPSOIL OVER 18 INCHES 10E-6 CM/S GLACIAL TILL OVER 6 INCHES OF BURROW.  SPECIFIC DETAILS FOR CLOSURE OF THIS LANDFILL ARE AVAILABLE THROUGH THE MEDEP FILE ROOM.","SUMMARY":"CLOSED IN 1996 AS REQUIRED BY THE MEDEP LANDFILL CLOSURE AND REMEDIATION PROGRAM. 5 ACRE LANDFILL.  THE LANDFILL CLOSURE USED A REDUCED PROCEDURE.  THIS GENERALLY CONSISTED OF REGRADING WASTE AND CAPPING WITH 6 INCHES TOPSOIL OVER 18 INCHES 10E-6 CM/S GLACIAL TILL OVER 6 INCHES OF BURROW.  SPECIFIC DETAILS FOR CLOSURE OF THIS LANDFILL ARE AVAILABLE THROUGH THE MEDEP FILE ROOM. HISTORICAL NOTES: CLOSURE PLAN RECEIVED 4-9-92.  LISTED AS CLOSING.","CLOSED":"POST-1976"},"id":387},{"type":"Feature","geometry":{"type":"Point","coordinates":[-68.03783667979525,46.60125064985122]},"properties":{"OBJECTID":"388","LATITUDE":"46.60125","LONGITUDE":"-68.03784","SITE_NAME":"PRESQUE ISLE LANDFILL","SITE_NUMBER":"29875","ADDRESS":"LATHROP RD","TOWN":"PRESQUE ISLE","DESCRIPTION":"12.5 ACRE ACTIVE LANDFILL.  ","SUMMARY":"ACTIVE (2011) LANDFILL WITH  SPRAY IRRIGATION. 12.5 ACRES.","CLOSED":"POST-1976"},"id":388},{"type":"Feature","geometry":{"type":"Point","coordinates":[-67.52964020055514,45.22762775986662]},"properties":{"OBJECTID":"389","LATITUDE":"45.22763","LONGITUDE":"-67.52964","SITE_NAME":"PRINCETON LANDFILL","SITE_NUMBER":"81481","ADDRESS":"EASTERN CUTOFF RD","TOWN":"PRINCETON","DESCRIPTION":"2 ACRE LANDFILL CLOSED IN 1994 AS REQUIRED BY THE MEDEP LANDFILL CLOSURE AND REMEDIATION PROGRAM.  THE LANDFILL CLOSURE USED A REDUCED PROCEDURE.  THIS GENERALLY CONSISTED OF REGRADING WASTE AND CAPPING WITH 6 INCHES TOPSOIL OVER 18 INCHES 10E-6 CM/S GLACIAL TILL OVER 6 INCHES OF BURROW.  SPECIFIC DETAILS FOR CLOSURE OF THIS LANDFILL ARE AVAILABLE THROUGH THE MEDEP FILE ROOM.","SUMMARY":"CLOSED IN 1994 AS REQUIRED BY THE MEDEP LANDFILL CLOSURE AND REMEDIATION PROGRAM. 2 ACRE LANDFILL.  THE LANDFILL CLOSURE USED A REDUCED PROCEDURE.  THIS GENERALLY CONSISTED OF REGRADING WASTE AND CAPPING WITH 6 INCHES TOPSOIL OVER 18 INCHES 10E-6 CM/S GLACIAL TILL OVER 6 INCHES OF BURROW.  SPECIFIC DETAILS FOR CLOSURE OF THIS LANDFILL ARE AVAILABLE THROUGH THE MEDEP FILE ROOM. NOTES: JUST EAST OF TRANSFER STATION. MUNICIPAL DUMP CLOSED IN 1994","CLOSED":"POST-1976"},"id":389},{"type":"Feature","geometry":{"type":"Point","coordinates":[-68.87734999020161,44.547592480054526]},"properties":{"OBJECTID":"390","LATITUDE":"44.54759","LONGITUDE":"-68.87735","SITE_NAME":"PROSPECT LANDFILL","SITE_NUMBER":"29211","ADDRESS":"HAWES BRIDGE RD","TOWN":"PROSPECT","DESCRIPTION":"1 ACRE LANDFILL CLOSED IN 1985  THE LANDFILL WAS CLOSED PRIOR TO THE ESTABLISHMENT OF THE MEDEP LANDFILL CLOSURE AND REMEDIATION PROGRAM IN 1988.  THEREFORE THE CLOSURE PROCEDURE IS UNKNOWN.","SUMMARY":"CLOSED IN 1985.  1 ACRE LANDFILL.   THE LANDFILL WAS CLOSED PRIOR TO THE ESTABLISHMENT OF THE MEDEP LANDFILL CLOSURE AND REMEDIATION PROGRAM IN 1988.  THEREFORE THE CLOSURE PROCEDURE IS UNKNOWN.NOTES: OLD TOWN DUMP.  CLOSED OR ABANDONED.","CLOSED":"POST-1976"},"id":390},{"type":"Feature","geometry":{"type":"Point","coordinates":[-70.72757392037775,44.97622306974047]},"properties":{"OBJECTID":"391","LATITUDE":"44.97622","LONGITUDE":"-70.72757","SITE_NAME":"RANGELEY LANDFILL","SITE_NUMBER":"29518","ADDRESS":"RTE 4 MAINE STREET","TOWN":"RANGELEY","DESCRIPTION":"2 ACRE LANDFILL CLOSED IN 1990 AS REQUIRED BY THE MEDEP LANDFILL CLOSURE AND REMEDIATION PROGRAM.   THE LANDFILL CLOSURE USED THE REGULATION CLOSURE PROCEDURE.  THIS GENERALLY CONSISTED OF AN ENVIRONMENTAL ASSESSMENT, A CLAY OR COMPOSITE COVER SYSTEM, AND WATER QUALITY MONITORING.  SPECIFIC DETAILS FOR CLOSURE OF THIS LANDFILL ARE AVAILABLE THROUGH MEDEP FILE ROOM.","SUMMARY":"CLOSED IN 1990 AS REQUIRED BY THE MEDEP LANDFILL CLOSURE AND REMEDIATION PROGRAM.  2 ACRE LANDFILL.  THE LANDFILL CLOSURE USED THE REGULATION CLOSURE PROCEDURE.  THIS GENERALLY CONSISTED OF AN ENVIRONMENTAL ASSESSMENT, A CLAY OR COMPOSITE COVER SYSTEM, AND WATER QUALITY MONITORING.  SPECIFIC DETAILS FOR CLOSURE OF THIS LANDFILL ARE AVAILABLE THROUGH MEDEP FILE ROOM.","CLOSED":"POST-1976"},"id":391},{"type":"Feature","geometry":{"type":"Point","coordinates":[-70.65853461944347,44.92946421975648]},"properties":{"OBJECTID":"392","LATITUDE":"44.92946","LONGITUDE":"-70.65853","SITE_NAME":"RANGELEY PLANTATION LANDFILL","SITE_NUMBER":"29519","ADDRESS":"MARTIN BROOK RD","TOWN":"RANGELEY PLT","DESCRIPTION":"0.5 ACRE LANDFILL CLOSED IN 1994 AS REQUIRED BY THE MEDEP LANDFILL CLOSURE AND REMEDIATION PROGRAM.  THE LANDFILL CLOSURE USED A REDUCED PROCEDURE.  THIS GENERALLY CONSISTED OF REGRADING WASTE AND CAPPING WITH 6 INCHES TOPSOIL OVER 18 INCHES 10E-6 CM/S GLACIAL TILL OVER 6 INCHES OF BURROW.  SPECIFIC DETAILS FOR CLOSURE OF THIS LANDFILL ARE AVAILABLE THROUGH THE MEDEP FILE ROOM.","SUMMARY":"CLOSED IN 1994 AS REQUIRED BY THE MEDEP LANDFILL CLOSURE AND REMEDIATION PROGRAM. 0.5 ACRE LANDFILL.  THE LANDFILL CLOSURE USED A REDUCED PROCEDURE.  THIS GENERALLY CONSISTED OF REGRADING WASTE AND CAPPING WITH 6 INCHES TOPSOIL OVER 18 INCHES 10E-6 CM/S GLACIAL TILL OVER 6 INCHES OF BURROW.  SPECIFIC DETAILS FOR CLOSURE OF THIS LANDFILL ARE AVAILABLE THROUGH THE MEDEP FILE ROOM.","CLOSED":"POST-1976"},"id":392},{"type":"Feature","geometry":{"type":"Point","coordinates":[-70.44759696962393,43.8843103598015]},"properties":{"OBJECTID":"393","LATITUDE":"43.88431","LONGITUDE":"-70.4476","SITE_NAME":"RAYMOND DEMO DEBRIS LANDFILL","SITE_NUMBER":"95122","ADDRESS":"PATRICIA AVE","TOWN":"RAYMOND","DESCRIPTION":"4 ACRE LANDFILL CLOSED IN 1996 AS REQUIRED BY THE MEDEP LANDFILL CLOSURE AND REMEDIATION PROGRAM.  THE LANDFILL CLOSURE USED A REDUCED PROCEDURE.  THIS GENERALLY CONSISTED OF REGRADING WASTE AND CAPPING WITH 6 INCHES TOPSOIL OVER 18 INCHES 10E-6 CM/S GLACIAL TILL OVER 6 INCHES OF BURROW.  SPECIFIC DETAILS FOR CLOSURE OF THIS LANDFILL ARE AVAILABLE THROUGH THE MEDEP FILE ROOM.","SUMMARY":"CLOSED IN 1996 AS REQUIRED BY THE MEDEP LANDFILL CLOSURE AND REMEDIATION PROGRAM. 4 ACRE LANDFILL.  THE LANDFILL CLOSURE USED A REDUCED PROCEDURE.  THIS GENERALLY CONSISTED OF REGRADING WASTE AND CAPPING WITH 6 INCHES TOPSOIL OVER 18 INCHES 10E-6 CM/S GLACIAL TILL OVER 6 INCHES OF BURROW.  SPECIFIC DETAILS FOR CLOSURE OF THIS LANDFILL ARE AVAILABLE THROUGH THE MEDEP FILE ROOM.","CLOSED":"POST-1976"},"id":393},{"type":"Feature","geometry":{"type":"Point","coordinates":[-70.41810235940031,43.9296861397973]},"properties":{"OBJECTID":"394","LATITUDE":"43.92969","LONGITUDE":"-70.4181","SITE_NAME":"RAYMOND LANDFILL","SITE_NUMBER":"28481","ADDRESS":"FARWELL DRIVE","TOWN":"RAYMOND","DESCRIPTION":"7 ACRE LANDFILL CLOSED IN 1983 AS REQUIRED BY THE MEDEP LANDFILL CLOSURE AND REMEDIATION PROGRAM.   THE LANDFILL CLOSURE USED THE REGULATION CLOSURE PROCEDURE.  THIS GENERALLY CONSISTED OF AN ENVIRONMENTAL ASSESSMENT, A CLAY OR COMPOSITE COVER SYSTEM, AND WATER QUALITY MONITORING.  SPECIFIC DETAILS FOR CLOSURE OF THIS LANDFILL ARE AVAILABLE THROUGH MEDEP FILE ROOM.","SUMMARY":"CLOSED IN 1983 AS REQUIRED BY THE MEDEP LANDFILL CLOSURE AND REMEDIATION PROGRAM. 7 ACRE LANDFILL.   THE LANDFILL CLOSURE USED THE REGULATION CLOSURE PROCEDURE.  THIS GENERALLY CONSISTED OF AN ENVIRONMENTAL ASSESSMENT, A CLAY OR COMPOSITE COVER SYSTEM, AND WATER QUALITY MONITORING.  SPECIFIC DETAILS FOR CLOSURE OF THIS LANDFILL ARE AVAILABLE THROUGH MEDEP FILE ROOM.  OLD DUMP.  NO MONITORING WELLS.","CLOSED":"POST-1976"},"id":394},{"type":"Feature","geometry":{"type":"Point","coordinates":[-69.93508378967041,44.38262726963852]},"properties":{"OBJECTID":"395","LATITUDE":"44.38263","LONGITUDE":"-69.93508","SITE_NAME":"READFIELD LANDFILL","SITE_NUMBER":"27597","ADDRESS":"OFF RECYCLE RD OFF NORTH RD","TOWN":"READFIELD","DESCRIPTION":"5 ACRE LANDFILL CLOSED IN 1994 AS REQUIRED BY THE MEDEP LANDFILL CLOSURE AND REMEDIATION PROGRAM.  THE LANDFILL CLOSURE USED THE INTERIM COVER AND GRADING (ICAG) PROCEDURE.  THIS GENERALLY CONSISTED OF REGRADING WASTE AND CAPPING WITH 6 INCHES TOPSOIL OVER 18 INCHES 10E-6 CM/S GLACIAL TILL OVER 6 INCHES OF BURROW.  SPECIFIC DETAILS FOR CLOSURE OF THIS LANDFILL ARE AVAILABLE THROUGH THE MEDEP FILE ROOM.","SUMMARY":"CLOSED IN 1994 AS REQUIRED BY THE MEDEP LANDFILL CLOSURE AND REMEDIATION PROGRAM. 5 ACRE LANDFILL.  HISTORICAL NOTES: DUMP OPENED IN 1949, STILL OPERATING UNDER STATE APPROVAL. SERIOUS POTENTIAL FOR GROUNDWATER CONTAMINATION.MUNICIPLE LANDFILL LOCATED OVER A SAND AND GRAVEL AQUIFER.GROUNDWATER CONTAMINATION IS LIKELY, BUT NO MONITORING DATA FOUND. ACTIVE AS OF 6/92 UNDER STATE APPROVAL. THE TOWN WAS CITED FOR VIOLATIONS IN THE BURN PILE. TOWN NOTIFIED CONTRACTOR ABOUT THE PROBLEM, 6/92. DEPTH TO WATER TABLE AS LITTLE AS 5 FEET IN SOME LOCATIONS.","CLOSED":"POST-1976"},"id":395},{"type":"Feature","geometry":{"type":"Point","coordinates":[-68.07970987938154,45.636102249839226]},"properties":{"OBJECTID":"396","LATITUDE":"45.6361","LONGITUDE":"-68.07971","SITE_NAME":"REED PLANTATION LANDFILL","SITE_NUMBER":"29877","ADDRESS":"SPRINGER ROAD","TOWN":"REED PLT","DESCRIPTION":"1 ACRE LANDFILL CLOSED IN 1994 AS REQUIRED BY THE MEDEP LANDFILL CLOSURE AND REMEDIATION PROGRAM.  THE LANDFILL CLOSURE USED AN ALTERNATIVE PROCEDURE AS IT WAS NOT AUTOMATICALLY ELIGIBLE FOR A REDUCED PROCEDURE CLOSURE.  THIS INCLUDED AN ENVIRONMENTAL ASSESSMENT AND POSSIBLE IMPROVED COVER SYSTEM AND/OR WATER QUALITY MONITORING.  SPECIFIC DETAILS OF CLOSURE ARE AVAIABLE THROUGH THE MEDEP FILE ROOM.","SUMMARY":"CLOSED IN 1994 AS REQUIRED BY THE MEDEP LANDFILL CLOSURE AND REMEDIATION PROGRAM. 1 ACRE LANDFILL.  THE LANDFILL CLOSURE USED AN ALTERNATIVE PROCEDURE AS IT WAS NOT AUTOMATICALLY ELIGIBLE FOR A REDUCED PROCEDURE CLOSURE.  THIS INCLUDED AN ENVIRONMENTAL ASSESSMENT AND POSSIBLE IMPROVED COVER SYSTEM AND/OR WATER QUALITY MONITORING.  SPECIFIC DETAILS OF CLOSURE ARE AVAIABLE THROUGH THE MEDEP FILE ROOM.","CLOSED":"POST-1976"},"id":396},{"type":"Feature","geometry":{"type":"Point","coordinates":[-69.79829102951491,44.10147097005598]},"properties":{"OBJECTID":"397","LATITUDE":"44.10147","LONGITUDE":"-69.79829","SITE_NAME":"RICHMOND LANDFILL","SITE_NUMBER":"27583","ADDRESS":"LINCOLN RD","TOWN":"RICHMOND","DESCRIPTION":"10 ACRE LANDFILL CLOSED IN 1983 AS REQUIRED BY THE MEDEP LANDFILL CLOSURE AND REMEDIATION PROGRAM.   THE LANDFILL CLOSURE USED THE REGULATION CLOSURE PROCEDURE.  THIS GENERALLY CONSISTED OF AN ENVIRONMENTAL ASSESSMENT, A CLAY OR COMPOSITE COVER SYSTEM, AND WATER QUALITY MONITORING.  SPECIFIC DETAILS FOR CLOSURE OF THIS LANDFILL ARE AVAILABLE THROUGH MEDEP FILE ROOM.","SUMMARY":"CLOSED IN 1983 AS REQUIRED BY THE MEDEP LANDFILL CLOSURE AND REMEDIATION PROGRAM. 10 ACRE LANDFILL.  HISTORICAL NOTES: LANDFILL  IS NOW THROUGH BOTH CLOSING STAGES. NO GROUNDWATER MONITORING WAS EVIDENT IN THE FILE, HOWEVER TWO SURFACE WATER AREAS WERE TESTED IN 1982 AND 1983, SHOWING LITTLE CONTAMINATION.","CLOSED":"POST-1976"},"id":397},{"type":"Feature","geometry":{"type":"Point","coordinates":[-69.13634506062085,44.10589542987066]},"properties":{"OBJECTID":"398","LATITUDE":"44.1059","LONGITUDE":"-69.13635","SITE_NAME":"ROCKLAND QUARRY LANDFILL","SITE_NUMBER":"27560","ADDRESS":"400 LIMEROCK ST","TOWN":"ROCKLAND","DESCRIPTION":"CLOSED SOUTHERN SECTION OF 4 ACRE OF LANDFILL LOCATED IN SOUTHERN END OF QUARRY.  NORTHERN END OF QUARRY ACTIVE LANDFILL AS OF 2011.    THE LANDFILL CLOSURE USED THE REGULATION CLOSURE PROCEDURE.  THIS GENERALLY CONSISTED OF AN ENVIRONMENTAL ASSESSMENT, A CLAY OR COMPOSITE COVER SYSTEM, AND WATER QUALITY MONITORING.  SPECIFIC DETAILS FOR CLOSURE OF THIS LANDFILL ARE AVAILABLE THROUGH MEDEP FILE ROOM.","SUMMARY":"CLOSED SOUTHERN SECTION OF  4 ACRE OF LANDFILL LOCATED IN SOUTHERN END OF QUARRY.  NORTHERN END OF QUARRY ACTIVE LANDFILL AS OF 2011.    THE LANDFILL CLOSURE USED THE REGULATION CLOSURE PROCEDURE.  THIS GENERALLY CONSISTED OF AN ENVIRONMENTAL ASSESSMENT, A CLAY OR COMPOSITE COVER SYSTEM, AND WATER QUALITY MONITORING.  SPECIFIC DETAILS FOR CLOSURE OF THIS LANDFILL ARE AVAILABLE THROUGH MEDEP FILE ROOM.  MUNICIPAL LANDFILL LOCATED IN ABANDONED LIMESTONE QUARRY. CONTAMINATION PRESENT. LANDFILL ON MONITORING PROGRAM TO DETECT MIGRATAION.","CLOSED":"POST-1976"},"id":398},{"type":"Feature","geometry":{"type":"Point","coordinates":[-69.75634940972454,45.65268394039568]},"properties":{"OBJECTID":"399","LATITUDE":"45.65268","LONGITUDE":"-69.75635","SITE_NAME":"ROCKWOOD SOLID WASTE AND TRANSFER STATION","SITE_NUMBER":"60561","ADDRESS":"45 TRANSFER STATION ROAD","TOWN":"TAUNTON &RAYNHAM ACADEMY GRANT","DESCRIPTION":"6 ACRE LANDFILL CLOSED IN 1995 AS REQUIRED BY THE MEDEP LANDFILL CLOSURE AND REMEDIATION PROGRAM.  THE LANDFILL CLOSURE USED A REDUCED PROCEDURE.  THIS GENERALLY CONSISTED OF REGRADING WASTE AND CAPPING WITH 6 INCHES TOPSOIL OVER 18 INCHES 10E-6 CM/S GLACIAL TILL OVER 6 INCHES OF BURROW.  SPECIFIC DETAILS FOR CLOSURE OF THIS LANDFILL ARE AVAILABLE THROUGH THE MEDEP FILE ROOM.","SUMMARY":"CLOSED IN 1995 AS REQUIRED BY THE MEDEP LANDFILL CLOSURE AND REMEDIATION PROGRAM. 6 ACRE LANDFILL.  THE LANDFILL CLOSURE USED A REDUCED PROCEDURE.  THIS GENERALLY CONSISTED OF REGRADING WASTE AND CAPPING WITH 6 INCHES TOPSOIL OVER 18 INCHES 10E-6 CM/S GLACIAL TILL OVER 6 INCHES OF BURROW.  SPECIFIC DETAILS FOR CLOSURE OF THIS LANDFILL ARE AVAILABLE THROUGH THE MEDEP FILE ROOM.","CLOSED":"POST-1976"},"id":399},{"type":"Feature","geometry":{"type":"Point","coordinates":[-70.35469663975759,43.73642198995708]},"properties":{"OBJECTID":"400","LATITUDE":"43.73642","LONGITUDE":"-70.3547","SITE_NAME":"ROCKY HILL DEMO DEBRIS LANDFILL","SITE_NUMBER":"28189","ADDRESS":"METHODIST RD","TOWN":"WESTBROOK","DESCRIPTION":"12 ACRE LANDFILL CLOSED IN 2000 AS REQUIRED BY THE MEDEP LANDFILL CLOSURE AND REMEDIATION PROGRAM.  THE LANDFILL CLOSURE USED AN ALTERNATIVE PROCEDURE AS IT WAS NOT AUTOMATICALLY ELIGIBLE FOR A REDUCED PROCEDURE CLOSURE.  THIS INCLUDED AN ENVIRONMENTAL ASSESSMENT AND POSSIBLE IMPROVED COVER SYSTEM AND/OR WATER QUALITY MONITORING.  SPECIFIC DETAILS OF CLOSURE ARE AVAIABLE THROUGH THE MEDEP FILE ROOM.","SUMMARY":"CLOSED IN 2000 AS REQUIRED BY THE MEDEP LANDFILL CLOSURE AND REMEDIATION PROGRAM. 12 ACRE LANDFILL.  THE LANDFILL CLOSURE USED AN ALTERNATIVE PROCEDURE AS IT WAS NOT AUTOMATICALLY ELIGIBLE FOR A REDUCED PROCEDURE CLOSURE.  THIS INCLUDED AN ENVIRONMENTAL ASSESSMENT AND POSSIBLE IMPROVED COVER SYSTEM AND/OR WATER QUALITY MONITORING.  SPECIFIC DETAILS OF CLOSURE ARE AVAIABLE THROUGH THE MEDEP FILE ROOM.  HISTORICAL NOTES: FORMERLY CALLED ROCKY HILL DEMO DEBRIS. CDD LANDFILL NO LONGER OPERATING.  SITE HAS BEEN DISCONTINUED AS SAND/SALT PILE TOO.  UPDATE 3/00.  NO PURE SALT OR SAND/SALT WAS FOUND AT THE SITE DURING THE INVESTIGATION.  THEY MUST JUST DUMP PILES HERE OCCASIONALLYIN WINTER TO PROVIDE COVERAGE FOR THE NORTH END OF TOWN.ALL OF THE AREA'S WATER IS CITY WATER.","CLOSED":"POST-1976"},"id":400},{"type":"Feature","geometry":{"type":"Point","coordinates":[-70.0865748699939,44.11713709019087]},"properties":{"OBJECTID":"401","LATITUDE":"44.11714","LONGITUDE":"-70.08657","SITE_NAME":"SABATTUS LANDFILL","SITE_NUMBER":"28631","ADDRESS":"PLEASANT HILL RD","TOWN":"SABATTUS","DESCRIPTION":"4 ACRE LANDFILL CLOSED IN 1995 AS REQUIRED BY THE MEDEP LANDFILL CLOSURE AND REMEDIATION PROGRAM.  THE LANDFILL CLOSURE USED AN ALTERNATIVE PROCEDURE AS IT WAS NOT AUTOMATICALLY ELIGIBLE FOR A REDUCED PROCEDURE CLOSURE.  THIS INCLUDED AN ENVIRONMENTAL ASSESSMENT AND POSSIBLE IMPROVED COVER SYSTEM AND/OR WATER QUALITY MONITORING.  SPECIFIC DETAILS OF CLOSURE ARE AVAIABLE THROUGH THE MEDEP FILE ROOM.","SUMMARY":"CLOSED IN 1995 AS REQUIRED BY THE MEDEP LANDFILL CLOSURE AND REMEDIATION PROGRAM. 4 ACRE LANDFILL.  THE LANDFILL CLOSURE USED AN ALTERNATIVE PROCEDURE AS IT WAS NOT AUTOMATICALLY ELIGIBLE FOR A REDUCED PROCEDURE CLOSURE.  THIS INCLUDED AN ENVIRONMENTAL ASSESSMENT AND POSSIBLE IMPROVED COVER SYSTEM AND/OR WATER QUALITY MONITORING.  SPECIFIC DETAILS OF CLOSURE ARE AVAIABLE THROUGH THE MEDEP FILE ROOM. HISTORICAL NOTES: THE SITE WAS CLOSED IN 1983 BECAUSE IT WAS FOUND TO BE CONTAMINATING A SAND AND GRAVEL AQUIFER DIRECTLY UNDERNEATH IT. SODIUM, IRON, AND MAGNESIUM EXCEEDED MAINE DRINKING WATER STANDARDS. SITE HAD BEEN OPEN FOR 60 YEARS.","CLOSED":"POST-1976"},"id":401},{"type":"Feature","geometry":{"type":"Point","coordinates":[-70.42518335961911,43.50306552973005]},"properties":{"OBJECTID":"402","LATITUDE":"43.50307","LONGITUDE":"-70.42518","SITE_NAME":"SACO DUMP","SITE_NUMBER":"28334","ADDRESS":"OFF CUMBERLAND AVE","TOWN":"SACO","DESCRIPTION":" CLOSED AND CAPPED FOR THE SECOND TIME IN 1986. DEPOSITORY FOR MUNICIPAL SOLID WASTE, POTW, SLUDGE, TANNERY SLUDGE, TANNERY &OTHER INDUSTRIAL WASTE.  THREE LANDFILLED AREAS; TWO, OLD MUNICIPAL AND OLD INDUSTRIAL DUMPS, MOST RECENT ACTIVE MUNICIPAL AND INDUSTRIAL DUMP WAS ABANDONED AREA ADDED TO NPL IN 1989.","SUMMARY":"CLOSED AND CAPPED FOR THE SECOND TIME IN 1986. DEPOSITORY FOR MUNICIPAL SOLID WASTE, POTW, SLUDGE, TANNERY SLUDGE, TANNERY &OTHER INDUSTRIAL WASTE.  THREE LANDFILLED AREAS; TWO, OLD MUNICIPAL AND OLD INDUSTRIAL DUMPS, MOST RECENT ACTIVE MUNICIPAL AND INDUSTRIAL DUMP WAS ABANDONED AREA ADDED TO NPL IN 1989.","CLOSED":"POST-1976"},"id":402},{"type":"Feature","geometry":{"type":"Point","coordinates":[-70.47930201990091,43.53183942011646]},"properties":{"OBJECTID":"403","LATITUDE":"43.53184","LONGITUDE":"-70.4793","SITE_NAME":"SACO MUNICIPAL LANDFILL AREA 1","SITE_NUMBER":"101430","ADDRESS":"FOSS RD","TOWN":"SACO","DESCRIPTION":"AREA 1: 14 ACRE LANDFILL CLOSED IN 1985.  AREA 2: 14 ACRE LANDFILL CLOSED IN 1985.  AREA 3: 2 ACRE LANDFILL CLOSED IN 1998.  AREA 4: 14 ACRE LANDFILL CLOSED IN 1998.  ALL AREAS ON THE NATIONAL PRIORITIES LIST (NPL) [I.E. SUPERFUND SITES].   ALL AREAS CLOSED USING A REGULATION CLOSURE PROCEDURE.  THIS GENERALLY CONSISTED OF AN ENVIRONMENTAL ASSESSMENT, A CLAY OR COMPOSITE COVER SYSTEM, AND WATER QUALITY MONITORING.  SPECIFIC DETAILS FOR CLOSURE OF THIS LANDFILL ARE AVAILABLE THROUGH MEDEP FILE ROOM.","SUMMARY":"CLOSED IN 1985. AREA 1: 14 ACRE LANDFILL.  SEE FILES FOR ADDITIONAL INFO. 90 ACRES.  1960-1987:  SEWAGE, SLUDGE, TANNERY WASTES, DEBRIS, ETC.  SEVERAL WELLS ABANDONED ALLEGEDLY DUE TO LAND-FILL.  SOME WASTE REMOVED BY NIKE THROUGH MERC.  EPA RI/FSTO BE DONE IN '93.  QUARTERLY SAMPLING OCCURING AT PRESENT TIME. (MONITORING OF MW AND RES. WELLS.  LAND CLEARING, GRUBBING, AND FENCE IN FALL '92.  COVERS IN '93.","CLOSED":"POST-1976"},"id":403},{"type":"Feature","geometry":{"type":"Point","coordinates":[-70.480972360287,43.531481429759786]},"properties":{"OBJECTID":"404","LATITUDE":"43.53148","LONGITUDE":"-70.48097","SITE_NAME":"SACO MUNICIPAL LANDFILL AREA 2","SITE_NUMBER":"101431","ADDRESS":"FOSS RD","TOWN":"SACO","DESCRIPTION":"AREA 1: 14 ACRE LANDFILL CLOSED IN 1985.  AREA 2: 14 ACRE LANDFILL CLOSED IN 1985.  AREA 3: 2 ACRE LANDFILL CLOSED IN 1998.  AREA 4: 14 ACRE LANDFILL CLOSED IN 1998.  ALL AREAS ON THE NATIONAL PRIORITIES LIST (NPL) [I.E. SUPERFUND SITES].   ALL AREAS CLOSED USING A REGULATION CLOSURE PROCEDURE.  THIS GENERALLY CONSISTED OF AN ENVIRONMENTAL ASSESSMENT, A CLAY OR COMPOSITE COVER SYSTEM, AND WATER QUALITY MONITORING.  SPECIFIC DETAILS FOR CLOSURE OF THIS LANDFILL ARE AVAILABLE THROUGH MEDEP FILE ROOM.","SUMMARY":"CLOSED IN 1985.  AREA 2: 14 ACRE LANDFILL.  SEE FILES FOR ADDITIONAL INFO. 90 ACRES.  1960-1987:  SEWAGE, SLUDGE, TANNERY WASTES, DEBRIS, ETC.  SEVERAL WELLS ABANDONED ALLEGEDLY DUE TO LAND-FILL.  SOME WASTE REMOVED BY NIKE THROUGH MERC.  EPA RI/FSTO BE DONE IN '93.  QUARTERLY SAMPLING OCCURING AT PRESENT TIME. (MONITORING OF MW AND RES. WELLS.  LAND CLEARING, GRUBBING, AND FENCE IN FALL '92.  COVERS IN '93.","CLOSED":"POST-1976"},"id":404},{"type":"Feature","geometry":{"type":"Point","coordinates":[-70.48512703972173,43.52837032979607]},"properties":{"OBJECTID":"405","LATITUDE":"43.52837","LONGITUDE":"-70.48513","SITE_NAME":"SACO MUNICIPAL LANDFILL AREA 3","SITE_NUMBER":"101432","ADDRESS":"FOSS RD","TOWN":"SACO","DESCRIPTION":"AREA 1: 14 ACRE LANDFILL CLOSED IN 1985.  AREA 2: 14 ACRE LANDFILL CLOSED IN 1985.  AREA 3: 2 ACRE LANDFILL CLOSED IN 1998.  AREA 4: 14 ACRE LANDFILL CLOSED IN 1998.  ALL AREAS ON THE NATIONAL PRIORITIES LIST (NPL) [I.E. SUPERFUND SITES].   ALL AREAS CLOSED USING A REGULATION CLOSURE PROCEDURE.  THIS GENERALLY CONSISTED OF AN ENVIRONMENTAL ASSESSMENT, A CLAY OR COMPOSITE COVER SYSTEM, AND WATER QUALITY MONITORING.  SPECIFIC DETAILS FOR CLOSURE OF THIS LANDFILL ARE AVAILABLE THROUGH MEDEP FILE ROOM.","SUMMARY":"CLOSED IN 1998.  AREA 3: 2 ACRE LANDFILL.  SEE FILES FOR ADDITIONAL INFO. 90 ACRES.  1960-1987:  SEWAGE, SLUDGE, TANNERY WASTES, DEBRIS, ETC.  SEVERAL WELLS ABANDONED ALLEGEDLY DUE TO LAND-FILL.  SOME WASTE REMOVED BY NIKE THROUGH MERC.  EPA RI/FSTO BE DONE IN '93.  QUARTERLY SAMPLING OCCURING AT PRESENT TIME. (MONITORING OF MW AND RES. WELLS.  LAND CLEARING, GRUBBING, AND FENCE IN FALL '92.  COVERS IN '93.","CLOSED":"POST-1976"},"id":405},{"type":"Feature","geometry":{"type":"Point","coordinates":[-70.48299898049014,43.52837387963027]},"properties":{"OBJECTID":"406","LATITUDE":"43.52837","LONGITUDE":"-70.483","SITE_NAME":"SACO MUNICIPAL LANDFILL AREA 4","SITE_NUMBER":"27948","ADDRESS":"FOSS RD","TOWN":"SACO","DESCRIPTION":"AREA 1: 14 ACRE LANDFILL CLOSED IN 1985.  AREA 2: 14 ACRE LANDFILL CLOSED IN 1985.  AREA 3: 2 ACRE LANDFILL CLOSED IN 1998.  AREA 4: 14 ACRE LANDFILL CLOSED IN 1998.  ALL AREAS ON THE NATIONAL PRIORITIES LIST (NPL) [I.E. SUPERFUND SITES].   ALL AREAS CLOSED USING A REGULATION CLOSURE PROCEDURE.  THIS GENERALLY CONSISTED OF AN ENVIRONMENTAL ASSESSMENT, A CLAY OR COMPOSITE COVER SYSTEM, AND WATER QUALITY MONITORING.  SPECIFIC DETAILS FOR CLOSURE OF THIS LANDFILL ARE AVAILABLE THROUGH MEDEP FILE ROOM.","SUMMARY":"CLOSED IN 1998.  AREA 4: 14 ACRE LANDFILL.  SEE FILES FOR ADDITIONAL INFO. 90 ACRES.  1960-1987:  SEWAGE, SLUDGE, TANNERY WASTES, DEBRIS, ETC.  SEVERAL WELLS ABANDONED ALLEGEDLY DUE TO LAND-FILL.  SOME WASTE REMOVED BY NIKE THROUGH MERC.  EPA RI/FSTO BE DONE IN '93.  QUARTERLY SAMPLING OCCURING AT PRESENT TIME. (MONITORING OF MW AND RES. WELLS.  LAND CLEARING, GRUBBING, AND FENCE IN FALL '92.  COVERS IN '93.","CLOSED":"POST-1976"},"id":406},{"type":"Feature","geometry":{"type":"Point","coordinates":[-68.79367606058146,47.2088115004031]},"properties":{"OBJECTID":"407","LATITUDE":"47.20881","LONGITUDE":"-68.79368","SITE_NAME":"SAINT JOHN PLT LANDFILL","SITE_NUMBER":"54646","ADDRESS":"BEA RD OFF RT 161","TOWN":"ST JOHN PLT","DESCRIPTION":"2 ACRE LANDFILL CLOSED IN 1994 AS REQUIRED BY THE MEDEP LANDFILL CLOSURE AND REMEDIATION PROGRAM.  THE LANDFILL CLOSURE USED THE INTERIM COVER AND GRADING (ICAG) PROCEDURE.  THIS GENERALLY CONSISTED OF REGRADING WASTE AND CAPPING WITH 6 INCHES TOPSOIL OVER 18 INCHES 10E-6 CM/S GLACIAL TILL OVER 6 INCHES OF BURROW.  SPECIFIC DETAILS FOR CLOSURE OF THIS LANDFILL ARE AVAILABLE THROUGH THE MEDEP FILE ROOM.","SUMMARY":"CLOSED IN 1994 AS REQUIRED BY THE MEDEP LANDFILL CLOSURE AND REMEDIATION PROGRAM. 2 ACRE LANDFILL.  THE LANDFILL CLOSURE USED THE INTERIM COVER AND GRADING (ICAG) PROCEDURE.  THIS GENERALLY CONSISTED OF REGRADING WASTE AND CAPPING WITH 6 INCHES TOPSOIL OVER 18 INCHES 10E-6 CM/S GLACIAL TILL OVER 6 INCHES OF BURROW.  SPECIFIC DETAILS FOR CLOSURE OF THIS LANDFILL ARE AVAILABLE THROUGH THE MEDEP FILE ROOM.  NOTES: CLOSED AND UNLICENSED","CLOSED":"POST-1976"},"id":407},{"type":"Feature","geometry":{"type":"Point","coordinates":[-70.75661328942951,43.434649549854065]},"properties":{"OBJECTID":"408","LATITUDE":"43.43465","LONGITUDE":"-70.75661","SITE_NAME":"SANFORD MUNICIPAL LANDFILL","SITE_NUMBER":"27094","ADDRESS":"RUSHTON ST","TOWN":"SANFORD","DESCRIPTION":"17.5 ACRE LANDFILL CLOSED IN 1999 AS REQUIRED BY THE MEDEP LANDFILL CLOSURE AND REMEDIATION PROGRAM.  SITE IS LISTED WITH THE UNCONTROLED SITE PROGRAM.  THE LANDFILL CLOSURE USED THE REGULATION CLOSURE PROCEDURE.  THIS GENERALLY CONSISTED OF AN ENVIRONMENTAL ASSESSMENT, A CLAY OR COMPOSITE COVER SYSTEM, AND WATER QUALITY MONITORING.  SPECIFIC DETAILS FOR CLOSURE OF THIS LANDFILL ARE AVAILABLE THROUGH MEDEP FILE ROOM.","SUMMARY":"CLOSED IN 1999 AS REQUIRED BY THE MEDEP LANDFILL CLOSURE AND REMEDIATION PROGRAM. 17.5 ACRE LANDFILL.  SITE IS LISTED WITH THE UNCONTROLED SITE PROGRAM.  THE LANDFILL CLOSURE USED THE REGULATION CLOSURE PROCEDURE.  THIS GENERALLY CONSISTED OF AN ENVIRONMENTAL ASSESSMENT, A CLAY OR COMPOSITE COVER SYSTEM, AND WATER QUALITY MONITORING.  SPECIFIC DETAILS FOR CLOSURE OF THIS LANDFILL ARE AVAILABLE THROUGH MEDEP FILE ROOM.HEAVY METALS AND SVOCS ARE LEACHING INTO THE STREAMS AND GW.","CLOSED":"POST-1976"},"id":408},{"type":"Feature","geometry":{"type":"Point","coordinates":[-70.75734276940088,43.43530546986168]},"properties":{"OBJECTID":"409","LATITUDE":"43.43531","LONGITUDE":"-70.75734","SITE_NAME":"SANFORD MUNICIPAL LANDFILL - OLD","SITE_NUMBER":"95123","ADDRESS":"RUSHTON ST","TOWN":"SANFORD","DESCRIPTION":"LANDFILL CLOSED IN 1982 AS REQUIRED BY THE MEDEP LANDFILL CLOSURE AND REMEDIATION PROGRAM.   THE LANDFILL CLOSURE USED THE REGULATION CLOSURE PROCEDURE.  THIS GENERALLY CONSISTED OF AN ENVIRONMENTAL ASSESSMENT, A CLAY OR COMPOSITE COVER SYSTEM, AND WATER QUALITY MONITORING.  SPECIFIC DETAILS FOR CLOSURE OF THIS LANDFILL ARE AVAILABLE THROUGH MEDEP FILE ROOM.","SUMMARY":"CLOSED IN 1982 AS REQUIRED BY THE MEDEP LANDFILL CLOSURE AND REMEDIATION PROGRAM.   THE LANDFILL CLOSURE USED THE REGULATION CLOSURE PROCEDURE.  THIS GENERALLY CONSISTED OF AN ENVIRONMENTAL ASSESSMENT, A CLAY OR COMPOSITE COVER SYSTEM, AND WATER QUALITY MONITORING.  SPECIFIC DETAILS FOR CLOSURE OF THIS LANDFILL ARE AVAILABLE THROUGH MEDEP FILE ROOM.","CLOSED":"POST-1976"},"id":409},{"type":"Feature","geometry":{"type":"Point","coordinates":[-69.34458283017516,45.14226597038113]},"properties":{"OBJECTID":"410","LATITUDE":"45.14227","LONGITUDE":"-69.34458","SITE_NAME":"SANGERVILLE LANDFILL","SITE_NUMBER":"29571","ADDRESS":"NORTH DEXTER ROAD","TOWN":"SANGERVILLE","DESCRIPTION":"2.5 ACRE LANDFILL CLOSED IN 1996 AS REQUIRED BY THE MEDEP LANDFILL CLOSURE AND REMEDIATION PROGRAM.  THE LANDFILL CLOSURE USED AN ALTERNATIVE PROCEDURE AS IT WAS NOT AUTOMATICALLY ELIGIBLE FOR A REDUCED PROCEDURE CLOSURE.  THIS INCLUDED AN ENVIRONMENTAL ASSESSMENT AND POSSIBLE IMPROVED COVER SYSTEM AND/OR WATER QUALITY MONITORING.  SPECIFIC DETAILS OF CLOSURE ARE AVAIABLE THROUGH THE MEDEP FILE ROOM.","SUMMARY":"CLOSED IN 1996 AS REQUIRED BY THE MEDEP LANDFILL CLOSURE AND REMEDIATION PROGRAM. 2.5 ACRE LANDFILL.  THE LANDFILL CLOSURE USED AN ALTERNATIVE PROCEDURE AS IT WAS NOT AUTOMATICALLY ELIGIBLE FOR A REDUCED PROCEDURE CLOSURE.  THIS INCLUDED AN ENVIRONMENTAL ASSESSMENT AND POSSIBLE IMPROVED COVER SYSTEM AND/OR WATER QUALITY MONITORING.  SPECIFIC DETAILS OF CLOSURE ARE AVAILABLE THROUGH THE MEDEP FILE ROOM.SITE OF FORMER SANGERVILLE LANDFILL","CLOSED":"POST-1976"},"id":410},{"type":"Feature","geometry":{"type":"Point","coordinates":[-69.13333812952692,44.35892074043009]},"properties":{"OBJECTID":"411","LATITUDE":"44.35892","LONGITUDE":"-69.13334","SITE_NAME":"SEARSMONT LANDFILL","SITE_NUMBER":"29409","ADDRESS":"CRIE RD","TOWN":"SEARSMONT","DESCRIPTION":"0.5 ACRE LANDFILL CLOSED IN 1994 AS REQUIRED BY THE MEDEP LANDFILL CLOSURE AND REMEDIATION PROGRAM.  THE LANDFILL CLOSURE USED A REDUCED PROCEDURE.  THIS GENERALLY CONSISTED OF REGRADING WASTE AND CAPPING WITH 6 INCHES TOPSOIL OVER 18 INCHES 10E-6 CM/S GLACIAL TILL OVER 6 INCHES OF BURROW.  SPECIFIC DETAILS FOR CLOSURE OF THIS LANDFILL ARE AVAILABLE THROUGH THE MEDEP FILE ROOM.","SUMMARY":"CLOSED IN 1994 AS REQUIRED BY THE MEDEP LANDFILL CLOSURE AND REMEDIATION PROGRAM. 0.5 ACRE LANDFILL.  THE LANDFILL CLOSURE USED A REDUCED PROCEDURE.  THIS GENERALLY CONSISTED OF REGRADING WASTE AND CAPPING WITH 6 INCHES TOPSOIL OVER 18 INCHES 10E-6 CM/S GLACIAL TILL OVER 6 INCHES OF BURROW.  SPECIFIC DETAILS FOR CLOSURE OF THIS LANDFILL ARE AVAILABLE THROUGH THE MEDEP FILE ROOM.FIRST SELECTMAN-342-5272  342-5411  SITE IS LOCATED ON WOODBRIDGE TYPE SOIL.  THIS TYPE OF SOIL IS NOT ADEQUATE FOR LANDFILLS BECAUSE OF A HIGH POTENTIAL FOR SEEPAGE.","CLOSED":"POST-1976"},"id":411},{"type":"Feature","geometry":{"type":"Point","coordinates":[-68.95934093025514,44.4540931396126]},"properties":{"OBJECTID":"412","LATITUDE":"44.45409","LONGITUDE":"-68.95934","SITE_NAME":"SEARSPORT LANDFILL","SITE_NUMBER":"29212","ADDRESS":"DUMP RD OFF BACK SEARSPORT RD","TOWN":"SEARSPORT","DESCRIPTION":"2.5 ACRE LANDFILL CLOSED IN 1996 AS REQUIRED BY THE MEDEP LANDFILL CLOSURE AND REMEDIATION PROGRAM.  THE LANDFILL CLOSURE USED AN ALTERNATIVE PROCEDURE AS IT WAS NOT AUTOMATICALLY ELIGIBLE FOR A REDUCED PROCEDURE CLOSURE.  THIS INCLUDED AN ENVIRONMENTAL ASSESSMENT AND POSSIBLE IMPROVED COVER SYSTEM AND/OR WATER QUALITY MONITORING.  SPECIFIC DETAILS OF CLOSURE ARE AVAIABLE THROUGH THE MEDEP FILE ROOM.","SUMMARY":"CLOSED IN 1996 AS REQUIRED BY THE MEDEP LANDFILL CLOSURE AND REMEDIATION PROGRAM. 2.5 ACRE LANDFILL.  THE LANDFILL CLOSURE USED AN ALTERNATIVE PROCEDURE AS IT WAS NOT AUTOMATICALLY ELIGIBLE FOR A REDUCED PROCEDURE CLOSURE.  THIS INCLUDED AN ENVIRONMENTAL ASSESSMENT AND POSSIBLE IMPROVED COVER SYSTEM AND/OR WATER QUALITY MONITORING.  SPECIFIC DETAILS OF CLOSURE ARE AVAIABLE THROUGH THE MEDEP FILE ROOM.HISTORY: DUMP IS LOCATED ON TOP OF GLACIOMARINE DELTA.  GROUND WATER IS CONTAMINATED.  DISCHARGE OF POLLUTANT TO CLASSIFIED BODY OF SURFACE WATER.","CLOSED":"POST-1976"},"id":412},{"type":"Feature","geometry":{"type":"Point","coordinates":[-70.64759174013052,43.86485134997255]},"properties":{"OBJECTID":"413","LATITUDE":"43.86485","LONGITUDE":"-70.64759","SITE_NAME":"SEBAGO LANDFILL","SITE_NUMBER":"28122","ADDRESS":"LONG HILL RD","TOWN":"SEBAGO","DESCRIPTION":"4.5 ACRE LANDFILL CLOSED IN 1994 AS REQUIRED BY THE MEDEP LANDFILL CLOSURE AND REMEDIATION PROGRAM.  THE LANDFILL CLOSURE USED THE INTERIM COVER AND GRADING (ICAG) PROCEDURE.  THIS GENERALLY CONSISTED OF REGRADING WASTE AND CAPPING WITH 6 INCHES TOPSOIL OVER 18 INCHES 10E-6 CM/S GLACIAL TILL OVER 6 INCHES OF BURROW.  SPECIFIC DETAILS FOR CLOSURE OF THIS LANDFILL ARE AVAILABLE THROUGH THE MEDEP FILE ROOM.","SUMMARY":"CLOSED IN 1994 AS REQUIRED BY THE MEDEP LANDFILL CLOSURE AND REMEDIATION PROGRAM. 4.5 ACRE LANDFILL.  THE LANDFILL CLOSURE USED THE INTERIM COVER AND GRADING (ICAG) PROCEDURE.  THIS GENERALLY CONSISTED OF REGRADING WASTE AND CAPPING WITH 6 INCHES TOPSOIL OVER 18 INCHES 10E-6 CM/S GLACIAL TILL OVER 6 INCHES OF BURROW.  SPECIFIC DETAILS FOR CLOSURE OF THIS LANDFILL ARE AVAILABLE THROUGH THE MEDEP FILE ROOM.  OPEN BURNING & LANDFILLING ASH AS OF 3/84.  <1000 SERVED  (1980 CENSUS).","CLOSED":"POST-1976"},"id":413},{"type":"Feature","geometry":{"type":"Point","coordinates":[-69.0946835902126,45.27732622024141]},"properties":{"OBJECTID":"414","LATITUDE":"45.27733","LONGITUDE":"-69.09468","SITE_NAME":"SEBEC LANDFILL","SITE_NUMBER":"29572","ADDRESS":"OLD BROWNVILLE RD","TOWN":"SEBEC","DESCRIPTION":"2.5 ACRE LANDFILL CLOSED IN 1993 AS REQUIRED BY THE MEDEP LANDFILL CLOSURE AND REMEDIATION PROGRAM.  THE LANDFILL CLOSURE USED THE INTERIM COVER AND GRADING (ICAG) PROCEDURE.  THIS GENERALLY CONSISTED OF REGRADING WASTE AND CAPPING WITH 6 INCHES TOPSOIL OVER 18 INCHES 10E-6 CM/S GLACIAL TILL OVER 6 INCHES OF BURROW.  SPECIFIC DETAILS FOR CLOSURE OF THIS LANDFILL ARE AVAILABLE THROUGH THE MEDEP FILE ROOM.","SUMMARY":"CLOSED IN 1993 AS REQUIRED BY THE MEDEP LANDFILL CLOSURE AND REMEDIATION PROGRAM. 2.5 ACRE LANDFILL.  THE LANDFILL CLOSURE USED THE INTERIM COVER AND GRADING (ICAG) PROCEDURE.  THIS GENERALLY CONSISTED OF REGRADING WASTE AND CAPPING WITH 6 INCHES TOPSOIL OVER 18 INCHES 10E-6 CM/S GLACIAL TILL OVER 6 INCHES OF BURROW.  SPECIFIC DETAILS FOR CLOSURE OF THIS LANDFILL ARE AVAILABLE THROUGH THE MEDEP FILE ROOM.  DUMP IN GRAVEL PIT.","CLOSED":"POST-1976"},"id":414},{"type":"Feature","geometry":{"type":"Point","coordinates":[-68.65850672946591,44.33194815036561]},"properties":{"OBJECTID":"415","LATITUDE":"44.33195","LONGITUDE":"-68.65851","SITE_NAME":"SEDGWICK LANDFILL","SITE_NUMBER":"29765","ADDRESS":"OLD COUNTY RD","TOWN":"SEDGWICK","DESCRIPTION":"2.5 ACRE LANDFILL CLOSED IN 1991 AS REQUIRED BY THE MEDEP LANDFILL CLOSURE AND REMEDIATION PROGRAM.   THE LANDFILL CLOSURE USED THE REGULATION CLOSURE PROCEDURE.  THIS GENERALLY CONSISTED OF AN ENVIRONMENTAL ASSESSMENT, A CLAY OR COMPOSITE COVER SYSTEM, AND WATER QUALITY MONITORING.  SPECIFIC DETAILS FOR CLOSURE OF THIS LANDFILL ARE AVAILABLE THROUGH MEDEP FILE ROOM.","SUMMARY":"CLOSED IN 1991 AS REQUIRED BY THE MEDEP LANDFILL CLOSURE AND REMEDIATION PROGRAM.  2.5 ACRE LANDFILL.   THE LANDFILL CLOSURE USED THE REGULATION CLOSURE PROCEDURE.  THIS GENERALLY CONSISTED OF AN ENVIRONMENTAL ASSESSMENT, A CLAY OR COMPOSITE COVER SYSTEM, AND WATER QUALITY MONITORING.  SPECIFIC DETAILS FOR CLOSURE OF THIS LANDFILL ARE AVAILABLE THROUGH MEDEP FILE ROOM.","CLOSED":"POST-1976"},"id":415},{"type":"Feature","geometry":{"type":"Point","coordinates":[-70.86150060039172,43.57315891017118]},"properties":{"OBJECTID":"416","LATITUDE":"43.57316","LONGITUDE":"-70.8615","SITE_NAME":"SHAPLEIGH LANDFILL","SITE_NUMBER":"27146","ADDRESS":"RTE 11 SHAPLEIGH CORNER","TOWN":"SHAPLEIGH","DESCRIPTION":"4 ACRE LANDFILL CLOSED IN 1995 AS REQUIRED BY THE MEDEP LANDFILL CLOSURE AND REMEDIATION PROGRAM.  THE LANDFILL CLOSURE USED A REDUCED PROCEDURE.  THIS GENERALLY CONSISTED OF REGRADING WASTE AND CAPPING WITH 6 INCHES TOPSOIL OVER 18 INCHES 10E-6 CM/S GLACIAL TILL OVER 6 INCHES OF BURROW.  SPECIFIC DETAILS FOR CLOSURE OF THIS LANDFILL ARE AVAILABLE THROUGH THE MEDEP FILE ROOM.","SUMMARY":"CLOSED IN 1995 AS REQUIRED BY THE MEDEP LANDFILL CLOSURE AND REMEDIATION PROGRAM. 4 ACRE LANDFILL.  THE LANDFILL CLOSURE USED A REDUCED PROCEDURE.  THIS GENERALLY CONSISTED OF REGRADING WASTE AND CAPPING WITH 6 INCHES TOPSOIL OVER 18 INCHES 10E-6 CM/S GLACIAL TILL OVER 6 INCHES OF BURROW.  SPECIFIC DETAILS FOR CLOSURE OF THIS LANDFILL ARE AVAILABLE THROUGH THE MEDEP FILE ROOM.  SEE FILES FOR ADDITIONAL INFO. THE LANDFILL WAS OPENED IN 1955 AND CLOSED IN 1986. IN 1985 A WELL WAS DUG AND THE NEAREST GROUNDWATER WAS 71 FTBELOW THE SITE SO THERE IS LITTLE CONCERN FOR GWCONTAMINATION.  ALTHOUGH JONES BROOK HAS BEEN HEAVILY MONITORED FOR CONTAMINATION OF SURFACE WATER.","CLOSED":"POST-1976"},"id":416},{"type":"Feature","geometry":{"type":"Point","coordinates":[-68.37991370004679,45.85899592957533]},"properties":{"OBJECTID":"417","LATITUDE":"45.859","LONGITUDE":"-68.37991","SITE_NAME":"SHERMAN LANDFILL","SITE_NUMBER":"29168","ADDRESS":"EXTRACT RD","TOWN":"SHERMAN","DESCRIPTION":"2 ACRE LANDFILL CLOSED IN 1994  THE LANDFILL CLOSURE PROCEDURE IS UNKNOWN.","SUMMARY":"CLOSED IN 1994.  2 ACRE LANDFILL.   THE LANDFILL CLOSURE PROCEDURE IS UNKNOWN.","CLOSED":"POST-1976"},"id":417},{"type":"Feature","geometry":{"type":"Point","coordinates":[-69.60614337993127,45.37072810029905]},"properties":{"OBJECTID":"418","LATITUDE":"45.37073","LONGITUDE":"-69.60614","SITE_NAME":"SHIRLEY LANDFILL","SITE_NUMBER":"29573","ADDRESS":"UPPER SHIRLEYCORNER RD","TOWN":"SHIRLEY","DESCRIPTION":"1 ACRE LANDFILL CLOSED IN 1986 AS REQUIRED BY THE MEDEP LANDFILL CLOSURE AND REMEDIATION PROGRAM.  THE LANDFILL CLOSURE USED AN ALTERNATIVE PROCEDURE AS IT WAS NOT AUTOMATICALLY ELIGIBLE FOR A REDUCED PROCEDURE CLOSURE.  THIS INCLUDED AN ENVIRONMENTAL ASSESSMENT AND POSSIBLE IMPROVED COVER SYSTEM AND/OR WATER QUALITY MONITORING.  SPECIFIC DETAILS OF CLOSURE ARE AVALIABLE THROUGH THE MEDEP FILE ROOM.","SUMMARY":"CLOSED IN 1986 AS REQUIRED BY THE MEDEP LANDFILL CLOSURE AND REMEDIATION PROGRAM.1 ACRE LANDFILL.   THE LANDFILL CLOSURE USED AN ALTERNATIVE PROCEDURE AS IT WAS NOT AUTOMATICALLY ELIGIBLE FOR A REDUCED PROCEDURE CLOSURE.  THIS INCLUDED AN ENVIRONMENTAL ASSESSMENT AND POSSIBLE IMPROVED COVER SYSTEM AND/OR WATER QUALITY MONITORING.  SPECIFIC DETAILS OF CLOSURE ARE AVAILABLE THROUGH THE MEDEP FILE ROOM.","CLOSED":"POST-1976"},"id":418},{"type":"Feature","geometry":{"type":"Point","coordinates":[-69.75410574044132,44.46459497963987]},"properties":{"OBJECTID":"419","LATITUDE":"44.46459","LONGITUDE":"-69.75411","SITE_NAME":"SIDNEY LANDFILL","SITE_NUMBER":"27647","ADDRESS":"RTE 23  TIFFANY RD","TOWN":"SIDNEY","DESCRIPTION":"4.3 ACRE LANDFILL CLOSED IN 1993 AS REQUIRED BY THE MEDEP LANDFILL CLOSURE AND REMEDIATION PROGRAM.  THE LANDFILL CLOSURE USED THE INTERIM COVER AND GRADING (ICAG) PROCEDURE.  THIS GENERALLY CONSISTED OF REGRADING WASTE AND CAPPING WITH 6 INCHES TOPSOIL OVER 18 INCHES 10E-6 CM/S GLACIAL TILL OVER 6 INCHES OF BURROW.  SPECIFIC DETAILS FOR CLOSURE OF THIS LANDFILL ARE AVAILABLE THROUGH THE MEDEP FILE ROOM.","SUMMARY":"12/87 - DEP ON A PROPOSED EXPANSION AT THIS SITE: ... IT IS UNLIKELY THAT THE DEPARTMENT COULD ENTERTAIN ANYTHING BUT A SECURE LANDFILL AT THIS LOCATION.  CITING RUN-OFF PROBLEMS DUE TO THE SURFICIAL DEPOSTIS (SILT/CLAY). A DOUBLE-LINER WITH LEACHATE COLLECTION WOULD BE REQUIRED (AND VERY EXPENSIVE). NO FILE INFORMATION IN A CLOSURE PLAN, BUT THIS MUST BE PENDING.","CLOSED":"POST-1976"},"id":419},{"type":"Feature","geometry":{"type":"Point","coordinates":[-68.2474332703775,47.19362628984396]},"properties":{"OBJECTID":"420","LATITUDE":"47.19363","LONGITUDE":"-68.24743","SITE_NAME":"SINCLAIR LANDFILL","SITE_NUMBER":"29878","ADDRESS":"HEBERT RD","TOWN":"T17 R04 WELS","DESCRIPTION":"2 ACRE LANDFILL CLOSED IN 1993 AS REQUIRED BY THE MEDEP LANDFILL CLOSURE AND REMEDIATION PROGRAM.  THE LANDFILL CLOSURE USED THE INTERIM COVER AND GRADING (ICAG) PROCEDURE.  THIS GENERALLY CONSISTED OF REGRADING WASTE AND CAPPING WITH 6 INCHES TOPSOIL OVER 18 INCHES 10E-6 CM/S GLACIAL TILL OVER 6 INCHES OF BURROW.  SPECIFIC DETAILS FOR CLOSURE OF THIS LANDFILL ARE AVAILABLE THROUGH THE MEDEP FILE ROOM.","SUMMARY":"CLOSED IN 1993 AS REQUIRED BY THE MEDEP LANDFILL CLOSURE AND REMEDIATION PROGRAM. 2 ACRE LANDFILL.  THE LANDFILL CLOSURE USED THE INTERIM COVER AND GRADING (ICAG) PROCEDURE.  THIS GENERALLY CONSISTED OF REGRADING WASTE AND CAPPING WITH 6 INCHES TOPSOIL OVER 18 INCHES 10E-6 CM/S GLACIAL TILL OVER 6 INCHES OF BURROW.  SPECIFIC DETAILS FOR CLOSURE OF THIS LANDFILL ARE AVAILABLE THROUGH THE MEDEP FILE ROOM.","CLOSED":"POST-1976"},"id":420},{"type":"Feature","geometry":{"type":"Point","coordinates":[-69.71763412977741,44.797026480148965]},"properties":{"OBJECTID":"421","LATITUDE":"44.79703","LONGITUDE":"-69.71763","SITE_NAME":"SKOWHEGAN MUNICIPAL LANDFILL","SITE_NUMBER":"29464","ADDRESS":"STEWART HILL RD","TOWN":"SKOWHEGAN","DESCRIPTION":"8 ACRE LANDFILL CLOSED IN 1997 AS REQUIRED BY THE MEDEP LANDFILL CLOSURE AND REMEDIATION PROGRAM.  THE LANDFILL CLOSURE USED AN ALTERNATIVE PROCEDURE AS IT WAS NOT AUTOMATICALLY ELIGIBLE FOR A REDUCED PROCEDURE CLOSURE.  THIS INCLUDED AN ENVIRONMENTAL ASSESSMENT AND POSSIBLE IMPROVED COVER SYSTEM AND/OR WATER QUALITY MONITORING.  SPECIFIC DETAILS OF CLOSURE ARE AVAIABLE THROUGH THE MEDEP FILE ROOM.","SUMMARY":"CLOSED IN 1997 AS REQUIRED BY THE MEDEP LANDFILL CLOSURE AND REMEDIATION PROGRAM. 8 ACRE LANDFILL.  THE LANDFILL CLOSURE USED AN ALTERNATIVE PROCEDURE AS IT WAS NOT AUTOMATICALLY ELIGIBLE FOR A REDUCED PROCEDURE CLOSURE.  THIS INCLUDED AN ENVIRONMENTAL ASSESSMENT AND POSSIBLE IMPROVED COVER SYSTEM AND/OR WATER QUALITY MONITORING.  SPECIFIC DETAILS OF CLOSURE ARE AVAIABLE THROUGH THE MEDEP FILE ROOM.  ACTIVE MUNICIPAL LANDFILL SHOWS CONTAMINATION BREAKTHROUGH ON EAST SIDE.  GROUNDWATER MOVEMENT INDICATES CONTAMINATED DOMESTIC WELLS IN THE AREA IMPACTED BY UNKNOWN SOURCE, UNRELATED TO LANDFILL BREAKTHROUGH.  POTW SLUDGE DISPOSAL SITE APPROVED CA. 1978, BOARD ORDER #003964.","CLOSED":"POST-1976"},"id":421},{"type":"Feature","geometry":{"type":"Point","coordinates":[-69.8366169897329,44.66590914032711]},"properties":{"OBJECTID":"422","LATITUDE":"44.66591","LONGITUDE":"-69.83662","SITE_NAME":"SMITHFIELD MUNICIPAL LANDFILL","SITE_NUMBER":"29465","ADDRESS":"SAND HILL RD","TOWN":"SMITHFIELD","DESCRIPTION":"1 ACRE LANDFILL CLOSED IN 1988 AS REQUIRED BY THE MEDEP LANDFILL CLOSURE AND REMEDIATION PROGRAM.   THE LANDFILL CLOSURE USED THE REGULATION CLOSURE PROCEDURE.  THIS GENERALLY CONSISTED OF AN ENVIRONMENTAL ASSESSMENT, A CLAY OR COMPOSITE COVER SYSTEM, AND WATER QUALITY MONITORING.  SPECIFIC DETAILS FOR CLOSURE OF THIS LANDFILL ARE AVAILABLE THROUGH MEDEP FILE ROOM.","SUMMARY":"CLOSED IN 1988 AS REQUIRED BY THE MEDEP LANDFILL CLOSURE AND REMEDIATION PROGRAM. 1 ACRE LANDFILL.   THE LANDFILL CLOSURE USED THE REGULATION CLOSURE PROCEDURE.  THIS GENERALLY CONSISTED OF AN ENVIRONMENTAL ASSESSMENT, A CLAY OR COMPOSITE COVER SYSTEM, AND WATER QUALITY MONITORING.  SPECIFIC DETAILS FOR CLOSURE OF THIS LANDFILL ARE AVAILABLE THROUGH MEDEP FILE ROOM.  SMALL MUNICIPAL DUMP CLOSURE, DUE TO NON-COMPLIANCE (BECAUSE OF OPERATING PROCEDURES) 12-83,2-81,5-80","CLOSED":"POST-1976"},"id":422},{"type":"Feature","geometry":{"type":"Point","coordinates":[-68.14090083021266,46.123870149802734]},"properties":{"OBJECTID":"423","LATITUDE":"46.12387","LONGITUDE":"-68.1409","SITE_NAME":"SMYRNA LANDFILL","SITE_NUMBER":"29879","ADDRESS":"MISSION ST. OFF RTE 2","TOWN":"SMYRNA","DESCRIPTION":"3 ACRE LANDFILL HAS NOT BEEN FORMALLY CLOSED AS OF 2011.  ","SUMMARY":"HAS NOT BEEN FORMALLY CLOSED AS OF 2011.  3 ACRE LANDFILL.","CLOSED":"POST-1976"},"id":423},{"type":"Feature","geometry":{"type":"Point","coordinates":[-69.84765377980332,44.913221689607234]},"properties":{"OBJECTID":"424","LATITUDE":"44.91322","LONGITUDE":"-69.84765","SITE_NAME":"SOLON LANDFILL","SITE_NUMBER":"29466","ADDRESS":"RIVER RD","TOWN":"SOLON","DESCRIPTION":"3 ACRE LANDFILL CLOSED IN 1994 AS REQUIRED BY THE MEDEP LANDFILL CLOSURE AND REMEDIATION PROGRAM.  THE LANDFILL CLOSURE USED THE INTERIM COVER AND GRADING (ICAG) PROCEDURE.  THIS GENERALLY CONSISTED OF REGRADING WASTE AND CAPPING WITH 6 INCHES TOPSOIL OVER 18 INCHES 10E-6 CM/S GLACIAL TILL OVER 6 INCHES OF BURROW.  SPECIFIC DETAILS FOR CLOSURE OF THIS LANDFILL ARE AVAILABLE THROUGH THE MEDEP FILE ROOM.","SUMMARY":"CLOSED IN 1994 AS REQUIRED BY THE MEDEP LANDFILL CLOSURE AND REMEDIATION PROGRAM. 3 ACRE LANDFILL.  THE LANDFILL CLOSURE USED THE INTERIM COVER AND GRADING (ICAG) PROCEDURE.  THIS GENERALLY CONSISTED OF REGRADING WASTE AND CAPPING WITH 6 INCHES TOPSOIL OVER 18 INCHES 10E-6 CM/S GLACIAL TILL OVER 6 INCHES OF BURROW.  SPECIFIC DETAILS FOR CLOSURE OF THIS LANDFILL ARE AVAILABLE THROUGH THE MEDEP FILE ROOM.HISTORICAL COMMENTS: ABANDONED 1977, NOT CLOSED TO MEET CODE #4 CATEGORY 3","CLOSED":"POST-1976"},"id":424},{"type":"Feature","geometry":{"type":"Point","coordinates":[-69.44401683022801,44.25252573999591]},"properties":{"OBJECTID":"425","LATITUDE":"44.25253","LONGITUDE":"-69.44402","SITE_NAME":"SOMERVILLE LANDFILL - NEW","SITE_NUMBER":"95125","ADDRESS":"VALLEY RD","TOWN":"SOMERVILLE","DESCRIPTION":"0.5 ACRE LANDFILL CLOSED IN 1995 AS REQUIRED BY THE MEDEP LANDFILL CLOSURE AND REMEDIATION PROGRAM.  THE LANDFILL CLOSURE USED AN ALTERNATIVE PROCEDURE AS IT WAS NOT AUTOMATICALLY ELIGIBLE FOR A REDUCED PROCEDURE CLOSURE.  THIS INCLUDED AN ENVIRONMENTAL ASSESSMENT AND POSSIBLE IMPROVED COVER SYSTEM AND/OR WATER QUALITY MONITORING.  SPECIFIC DETAILS OF CLOSURE ARE AVAIABLE THROUGH THE MEDEP FILE ROOM.","SUMMARY":"CLOSED IN 1995 AS REQUIRED BY THE MEDEP LANDFILL CLOSURE AND REMEDIATION PROGRAM. 0.5 ACRE LANDFILL.  THE LANDFILL CLOSURE USED AN ALTERNATIVE PROCEDURE AS IT WAS NOT AUTOMATICALLY ELIGIBLE FOR A REDUCED PROCEDURE CLOSURE.  THIS INCLUDED AN ENVIRONMENTAL ASSESSMENT AND POSSIBLE IMPROVED COVER SYSTEM AND/OR WATER QUALITY MONITORING.  SPECIFIC DETAILS OF CLOSURE ARE AVAIABLE THROUGH THE MEDEP FILE ROOM.","CLOSED":"POST-1976"},"id":425},{"type":"Feature","geometry":{"type":"Point","coordinates":[-69.44684729061403,44.25284232960214]},"properties":{"OBJECTID":"426","LATITUDE":"44.25284","LONGITUDE":"-69.44685","SITE_NAME":"SOMERVILLE LANDFILL OLD","SITE_NUMBER":"29400","ADDRESS":"RTE 206  VALLEY RD","TOWN":"SOMERVILLE","DESCRIPTION":"0.5 ACRE LANDFILL CLOSED IN 1977  THE LANDFILL WAS CLOSED PRIOR TO THE ESTABLISHMENT OF THE MEDEP LANDFILL CLOSURE AND REMEDIATION PROGRAM IN 1988.  THEREFORE THE CLOSURE PROCEDURE IS UNKNOWN.","SUMMARY":"CLOSED IN 1977.  0.5 ACRE LANDFILL.   THE LANDFILL WAS CLOSED PRIOR TO THE ESTABLISHMENT OF THE MEDEP LANDFILL CLOSURE AND REMEDIATION PROGRAM IN 1988.  THEREFORE THE CLOSURE PROCEDURE IS UNKNOWN.  HISTORICAL COMMENTS: PLAN TO CONSTRUCT AN ABOVEGROUND BUNKER TYPE (ABOVEGROUND) LANDFILL  SITE HAS NOT BEEN INSPECTED SINCE 1985  SITE CLOSED IN 1976","CLOSED":"POST-1976"},"id":426},{"type":"Feature","geometry":{"type":"Point","coordinates":[-68.18775106043002,44.50517678000016]},"properties":{"OBJECTID":"427","LATITUDE":"44.50518","LONGITUDE":"-68.18775","SITE_NAME":"SORRENTO LANDFILL","SITE_NUMBER":"29766","ADDRESS":"FULLER RD","TOWN":"SORRENTO","DESCRIPTION":"1 ACRE LANDFILL CLOSED IN 1994 AS REQUIRED BY THE MEDEP LANDFILL CLOSURE AND REMEDIATION PROGRAM.  THE LANDFILL CLOSURE USED AN ALTERNATIVE PROCEDURE AS IT WAS NOT AUTOMATICALLY ELIGIBLE FOR A REDUCED PROCEDURE CLOSURE.  THIS INCLUDED AN ENVIRONMENTAL ASSESSMENT AND POSSIBLE IMPROVED COVER SYSTEM AND/OR WATER QUALITY MONITORING.  SPECIFIC DETAILS OF CLOSURE ARE AVAIABLE THROUGH THE MEDEP FILE ROOM.","SUMMARY":"CLOSED IN 1994 AS REQUIRED BY THE MEDEP LANDFILL CLOSURE AND REMEDIATION PROGRAM.  1 ACRE LANDFILL.   THE LANDFILL CLOSURE USED AN ALTERNATIVE PROCEDURE AS IT WAS NOT AUTOMATICALLY ELIGIBLE FOR A REDUCED PROCEDURE CLOSURE.  THIS INCLUDED AN ENVIRONMENTAL ASSESSMENT AND POSSIBLE IMPROVED COVER SYSTEM AND/OR WATER QUALITY MONITORING.  SPECIFIC DETAILS OF CLOSURE ARE AVAIABLE THROUGH THE MEDEP FILE ROOM.","CLOSED":"POST-1976"},"id":427},{"type":"Feature","geometry":{"type":"Point","coordinates":[-70.79005057015422,43.241002610181816]},"properties":{"OBJECTID":"428","LATITUDE":"43.241","LONGITUDE":"-70.79005","SITE_NAME":"SOUTH BERWICK TRANSFER STATION - OLD LANDFILL","SITE_NUMBER":"37963","ADDRESS":"AGAMENTICUS RD","TOWN":"SOUTH BERWICK","DESCRIPTION":"","SUMMARY":"TRANSFER STATION BUILT OVER OLD LANDFILL.","CLOSED":"POST-1976"},"id":428},{"type":"Feature","geometry":{"type":"Point","coordinates":[-70.2853643202607,43.61663983988025]},"properties":{"OBJECTID":"429","LATITUDE":"43.61664","LONGITUDE":"-70.28536","SITE_NAME":"SOUTH PORTLAND DEMO DEBRIS LANDFILL","SITE_NUMBER":"95126","ADDRESS":"HIGHLAND AVE","TOWN":"SOUTH PORTLAND","DESCRIPTION":"12 ACRE LANDFILL CLOSED IN 1999 AS REQUIRED BY THE MEDEP LANDFILL CLOSURE AND REMEDIATION PROGRAM.   THE LANDFILL CLOSURE USED THE REGULATION CLOSURE PROCEDURE.  THIS GENERALLY CONSISTED OF AN ENVIRONMENTAL ASSESSMENT, A CLAY OR COMPOSITE COVER SYSTEM, AND WATER QUALITY MONITORING.  SPECIFIC DETAILS FOR CLOSURE OF THIS LANDFILL ARE AVAILABLE THROUGH MEDEP FILE ROOM.","SUMMARY":"CLOSED IN 1999 AS REQUIRED BY THE MEDEP LANDFILL CLOSURE AND REMEDIATION PROGRAM. 12 ACRE LANDFILL.   THE LANDFILL CLOSURE USED THE REGULATION CLOSURE PROCEDURE.  THIS GENERALLY CONSISTED OF AN ENVIRONMENTAL ASSESSMENT, A CLAY OR COMPOSITE COVER SYSTEM, AND WATER QUALITY MONITORING.  SPECIFIC DETAILS FOR CLOSURE OF THIS LANDFILL ARE AVAILABLE THROUGH MEDEP FILE ROOM.","CLOSED":"POST-1976"},"id":429},{"type":"Feature","geometry":{"type":"Point","coordinates":[-70.28884715057822,43.61578518970592]},"properties":{"OBJECTID":"430","LATITUDE":"43.61579","LONGITUDE":"-70.28885","SITE_NAME":"SOUTH PORTLAND LANDFILL","SITE_NUMBER":"27703","ADDRESS":"HIGHLAND AVE","TOWN":"SOUTH PORTLAND","DESCRIPTION":"15 ACRE LANDFILL CLOSED IN 1998 AS REQUIRED BY THE MEDEP LANDFILL CLOSURE AND REMEDIATION PROGRAM.   THE LANDFILL CLOSURE USED THE REGULATION CLOSURE PROCEDURE.  THIS GENERALLY CONSISTED OF AN ENVIRONMENTAL ASSESSMENT, A CLAY OR COMPOSITE COVER SYSTEM, AND WATER QUALITY MONITORING.  SPECIFIC DETAILS FOR CLOSURE OF THIS LANDFILL ARE AVAILABLE THROUGH MEDEP FILE ROOM.","SUMMARY":"CLOSED IN 1998 AS REQUIRED BY THE MEDEP LANDFILL CLOSURE AND REMEDIATION PROGRAM.  15 ACRE LANDFILL.  THE LANDFILL CLOSURE USED THE REGULATION CLOSURE PROCEDURE.  THIS GENERALLY CONSISTED OF AN ENVIRONMENTAL ASSESSMENT, A CLAY OR COMPOSITE COVER SYSTEM, AND WATER QUALITY MONITORING.  SPECIFIC DETAILS FOR CLOSURE OF THIS LANDFILL ARE AVAILABLE THROUGH MEDEP FILE ROOM..  USED FOR MSW DISPOSAL, POTW SLUDGE DISPOSAL, INDUSTRIAL WASTE; GRIT AND SCREENINGS, GREASE, AND SCUM FROM TREATMENT PLANT.  INVESTIGATED BY CH2M-HILL, FOR CLOSURE.","CLOSED":"POST-1976"},"id":430},{"type":"Feature","geometry":{"type":"Point","coordinates":[-69.13753339006192,44.04625905019934]},"properties":{"OBJECTID":"431","LATITUDE":"44.04626","LONGITUDE":"-69.13753","SITE_NAME":"SOUTH THOMASTON DEMO DEBRIS LANDFILL_TRANSFER STATION","SITE_NUMBER":"32699","ADDRESS":"STUMP DUMP RD OFF  RTE 73","TOWN":"SOUTH THOMASTON","DESCRIPTION":"0.5 ACRE LANDFILL CLOSED IN 1995 AS REQUIRED BY THE MEDEP LANDFILL CLOSURE AND REMEDIATION PROGRAM.  THE LANDFILL CLOSURE USED A REDUCED PROCEDURE.  THIS GENERALLY CONSISTED OF REGRADING WASTE AND CAPPING WITH 6 INCHES TOPSOIL OVER 18 INCHES 10E-6 CM/S GLACIAL TILL OVER 6 INCHES OF BURROW.  SPECIFIC DETAILS FOR CLOSURE OF THIS LANDFILL ARE AVAILABLE THROUGH THE MEDEP FILE ROOM.","SUMMARY":"CLOSED IN 1995 AS REQUIRED BY THE MEDEP LANDFILL CLOSURE AND REMEDIATION PROGRAM. 0.5 ACRE LANDFILL.  THE LANDFILL CLOSURE USED A REDUCED PROCEDURE.  THIS GENERALLY CONSISTED OF REGRADING WASTE AND CAPPING WITH 6 INCHES TOPSOIL OVER 18 INCHES 10E-6 CM/S GLACIAL TILL OVER 6 INCHES OF BURROW.  SPECIFIC DETAILS FOR CLOSURE OF THIS LANDFILL ARE AVAILABLE THROUGH THE MEDEP FILE ROOM.  THE TOWN OF SOUTH THOMASTON RECEIVED A PERMIT BY RULE TO CONSTRUCT AND OPERATE A DEMOLITION DEBRIS DISPOSAL FACILITY TO SERVE THE RESIDENTS OF SOUTH THOMASTON OR COMMERCIAL CONTRACTORS PERFORMING WORK WITHIN THE TOWN. ALLOWED MATERIALS INCLUDES CONSTRUCTION DEMOLITION DEBRIS, SMALL STUMPS, BRUSH, TREE LIMBS, BRANCHES, LEAVES, GRASS, FURNITURE, MATTRESSES, DEMOLITION LUMBER AND WOODASH. ALL ASH ACCUMULATED AT THE BURN SITE WILL BE DISPOSED OF IN THE BULKY ITEM CONTAINER FOR TARNSFER. THE PERMIT BY RULE WAS ISSUED 4 MARCH 1993.","CLOSED":"POST-1976"},"id":431},{"type":"Feature","geometry":{"type":"Point","coordinates":[-68.11761887941086,45.44206437968488]},"properties":{"OBJECTID":"432","LATITUDE":"45.44206","LONGITUDE":"-68.11762","SITE_NAME":"SPRINGFIELD LANDFILL","SITE_NUMBER":"29676","ADDRESS":"RTE 169 AND 170 PARK STREET","TOWN":"SPRINGFIELD","DESCRIPTION":"2.5 ACRE LANDFILL CLOSED IN 1994 AS REQUIRED BY THE MEDEP LANDFILL CLOSURE AND REMEDIATION PROGRAM.  THE LANDFILL CLOSURE USED A REDUCED PROCEDURE.  THIS GENERALLY CONSISTED OF REGRADING WASTE AND CAPPING WITH 6 INCHES TOPSOIL OVER 18 INCHES 10E-6 CM/S GLACIAL TILL OVER 6 INCHES OF BURROW.  SPECIFIC DETAILS FOR CLOSURE OF THIS LANDFILL ARE AVAILABLE THROUGH THE MEDEP FILE ROOM.","SUMMARY":"CLOSED IN 1994 AS REQUIRED BY THE MEDEP LANDFILL CLOSURE AND REMEDIATION PROGRAM. 2.5 ACRE LANDFILL.   THE LANDFILL CLOSURE USED A REDUCED PROCEDURE.  THIS GENERALLY CONSISTED OF REGRADING WASTE AND CAPPING WITH 6 INCHES TOPSOIL OVER 18 INCHES 10E-6 CM/S GLACIAL TILL OVER 6 INCHES OF BURROW.  SPECIFIC DETAILS FOR CLOSURE OF THIS LANDFILL ARE AVAILABLE THROUGH THE MEDEP FILE ROOM.","CLOSED":"POST-1976"},"id":432},{"type":"Feature","geometry":{"type":"Point","coordinates":[-68.38369997959606,47.23754295969989]},"properties":{"OBJECTID":"433","LATITUDE":"47.23754","LONGITUDE":"-68.3837","SITE_NAME":"ST AGATHA LANDFILL","SITE_NUMBER":"29881","ADDRESS":"MARQUIS RD","TOWN":"ST AGATHA","DESCRIPTION":"2 ACRE LANDFILL CLOSED IN 1995 AS REQUIRED BY THE MEDEP LANDFILL CLOSURE AND REMEDIATION PROGRAM.  THE LANDFILL CLOSURE USED A REDUCED PROCEDURE.  THIS GENERALLY CONSISTED OF REGRADING WASTE AND CAPPING WITH 6 INCHES TOPSOIL OVER 18 INCHES 10E-6 CM/S GLACIAL TILL OVER 6 INCHES OF BURROW.  SPECIFIC DETAILS FOR CLOSURE OF THIS LANDFILL ARE AVAILABLE THROUGH THE MEDEP FILE ROOM.","SUMMARY":"CLOSED IN 1995 AS REQUIRED BY THE MEDEP LANDFILL CLOSURE AND REMEDIATION PROGRAM. 2 ACRE LANDFILL.  THE LANDFILL CLOSURE USED A REDUCED PROCEDURE.  THIS GENERALLY CONSISTED OF REGRADING WASTE AND CAPPING WITH 6 INCHES TOPSOIL OVER 18 INCHES 10E-6 CM/S GLACIAL TILL OVER 6 INCHES OF BURROW.  SPECIFIC DETAILS FOR CLOSURE OF THIS LANDFILL ARE AVAILABLE THROUGH THE MEDEP FILE ROOM.","CLOSED":"POST-1976"},"id":433},{"type":"Feature","geometry":{"type":"Point","coordinates":[-69.41366397038233,44.905325640018496]},"properties":{"OBJECTID":"434","LATITUDE":"44.90533","LONGITUDE":"-69.41366","SITE_NAME":"ST ALBANS LANDFILL","SITE_NUMBER":"28767","ADDRESS":"DUMP RD OFF HARTLAND RD RT 23","TOWN":"ST ALBANS","DESCRIPTION":"3 ACRE LANDFILL CLOSED IN 1993 AS REQUIRED BY THE MEDEP LANDFILL CLOSURE AND REMEDIATION PROGRAM.   THE LANDFILL CLOSURE USED THE REGULATION CLOSURE PROCEDURE.  THIS GENERALLY CONSISTED OF AN ENVIRONMENTAL ASSESSMENT, A CLAY OR COMPOSITE COVER SYSTEM, AND WATER QUALITY MONITORING.  SPECIFIC DETAILS FOR CLOSURE OF THIS LANDFILL ARE AVAILABLE THROUGH MEDEP FILE ROOM.","SUMMARY":"CLOSED IN 1993 AS REQUIRED BY THE MEDEP LANDFILL CLOSURE AND REMEDIATION PROGRAM. 3 ACRE LANDFILL.   THE LANDFILL CLOSURE USED THE REGULATION CLOSURE PROCEDURE.  THIS GENERALLY CONSISTED OF AN ENVIRONMENTAL ASSESSMENT, A CLAY OR COMPOSITE COVER SYSTEM, AND WATER QUALITY MONITORING.  SPECIFIC DETAILS FOR CLOSURE OF THIS LANDFILL ARE AVAILABLE THROUGH MEDEP FILE ROOM. NOTES:MUNICIPAL LANDFILL CLOSED IN GENERAL CONFORMANCE WITH CLOSURE ORDER REQUIREMENTS.  GAS VENTING AND FOUR MONITORING WELLS INSTALLED AT SITE.","CLOSED":"POST-1976"},"id":434},{"type":"Feature","geometry":{"type":"Point","coordinates":[-68.89344207051973,47.16429279008995]},"properties":{"OBJECTID":"435","LATITUDE":"47.16429","LONGITUDE":"-68.89344","SITE_NAME":"ST FRANCIS LANDFILL","SITE_NUMBER":"29882","ADDRESS":"TRANSFER STATION RD","TOWN":"ST FRANCIS","DESCRIPTION":"3 ACRE LANDFILL CLOSED IN 1995 AS REQUIRED BY THE MEDEP LANDFILL CLOSURE AND REMEDIATION PROGRAM.  THE LANDFILL CLOSURE USED A REDUCED PROCEDURE.  THIS GENERALLY CONSISTED OF REGRADING WASTE AND CAPPING WITH 6 INCHES TOPSOIL OVER 18 INCHES 10E-6 CM/S GLACIAL TILL OVER 6 INCHES OF BURROW.  SPECIFIC DETAILS FOR CLOSURE OF THIS LANDFILL ARE AVAILABLE THROUGH THE MEDEP FILE ROOM.","SUMMARY":"CLOSED IN 1995 AS REQUIRED BY THE MEDEP LANDFILL CLOSURE AND REMEDIATION PROGRAM. 3 ACRE LANDFILL.  THE LANDFILL CLOSURE USED A REDUCED PROCEDURE.  THIS GENERALLY CONSISTED OF REGRADING WASTE AND CAPPING WITH 6 INCHES TOPSOIL OVER 18 INCHES 10E-6 CM/S GLACIAL TILL OVER 6 INCHES OF BURROW.  SPECIFIC DETAILS FOR CLOSURE OF THIS LANDFILL ARE AVAILABLE THROUGH THE MEDEP FILE ROOM.","CLOSED":"POST-1976"},"id":435},{"type":"Feature","geometry":{"type":"Point","coordinates":[-69.22858122048846,43.97170881989708]},"properties":{"OBJECTID":"436","LATITUDE":"43.97171","LONGITUDE":"-69.22858","SITE_NAME":"ST GEORGE LANDFILL","SITE_NUMBER":"29578","ADDRESS":"WALLSTON RD","TOWN":"ST GEORGE","DESCRIPTION":"4 ACRE LANDFILL CLOSED IN 1993 AS REQUIRED BY THE MEDEP LANDFILL CLOSURE AND REMEDIATION PROGRAM.  THE LANDFILL CLOSURE USED THE INTERIM COVER AND GRADING (ICAG) PROCEDURE.  THIS GENERALLY CONSISTED OF REGRADING WASTE AND CAPPING WITH 6 INCHES TOPSOIL OVER 18 INCHES 10E-6 CM/S GLACIAL TILL OVER 6 INCHES OF BURROW.  SPECIFIC DETAILS FOR CLOSURE OF THIS LANDFILL ARE AVAILABLE THROUGH THE MEDEP FILE ROOM.","SUMMARY":"CLOSED IN 1993 AS REQUIRED BY THE MEDEP LANDFILL CLOSURE AND REMEDIATION PROGRAM. 4 ACRE LANDFILL.  THE LANDFILL CLOSURE USED THE INTERIM COVER AND GRADING (ICAG) PROCEDURE.  THIS GENERALLY CONSISTED OF REGRADING WASTE AND CAPPING WITH 6 INCHES TOPSOIL OVER 18 INCHES 10E-6 CM/S GLACIAL TILL OVER 6 INCHES OF BURROW.  SPECIFIC DETAILS FOR CLOSURE OF THIS LANDFILL ARE AVAILABLE THROUGH THE MEDEP FILE ROOM.  LEACHATE SEEP AT TOE END.","CLOSED":"POST-1976"},"id":436},{"type":"Feature","geometry":{"type":"Point","coordinates":[-70.54746554023323,43.76353460975498]},"properties":{"OBJECTID":"437","LATITUDE":"43.76353","LONGITUDE":"-70.54747","SITE_NAME":"STANDISH LANDFILL","SITE_NUMBER":"28182","ADDRESS":"MOODY RD","TOWN":"STANDISH","DESCRIPTION":"7.5 ACRE LANDFILL CLOSED IN 1992 AS REQUIRED BY THE MEDEP LANDFILL CLOSURE AND REMEDIATION PROGRAM.   THE LANDFILL CLOSURE USED THE REGULATION CLOSURE PROCEDURE.  THIS GENERALLY CONSISTED OF AN ENVIRONMENTAL ASSESSMENT, A CLAY OR COMPOSITE COVER SYSTEM, AND WATER QUALITY MONITORING.  SPECIFIC DETAILS FOR CLOSURE OF THIS LANDFILL ARE AVAILABLE THROUGH MEDEP FILE ROOM.","SUMMARY":"CLOSED IN 1992 AS REQUIRED BY THE MEDEP LANDFILL CLOSURE AND REMEDIATION PROGRAM. 7.5 ACRE LANDFILL.   THE LANDFILL CLOSURE USED THE REGULATION CLOSURE PROCEDURE.  THIS GENERALLY CONSISTED OF AN ENVIRONMENTAL ASSESSMENT, A CLAY OR COMPOSITE COVER SYSTEM, AND WATER QUALITY MONITORING.  SPECIFIC DETAILS FOR CLOSURE OF THIS LANDFILL ARE AVAILABLE THROUGH MEDEP FILE ROOM.MONITORING SHOWS GROUNDWATER CONTAMINATION:  VOCS, SVOCS, METALS. THERE IS ALSO CONCERN FOR A FUTURE DISCHARGE OF CONTAMINATION INTO THE STICKEY RIVER WHICH FEEDS LAKE SEBAGO. TRANSFER STATION ALSO ON SITE. LANDFILL IS IN CLOSURE PROCESS.","CLOSED":"POST-1976"},"id":437},{"type":"Feature","geometry":{"type":"Point","coordinates":[-69.96320036965602,44.74372581038993]},"properties":{"OBJECTID":"438","LATITUDE":"44.74373","LONGITUDE":"-69.9632","SITE_NAME":"STARKS LANDFILL","SITE_NUMBER":"29504","ADDRESS":"OFF RTE 43","TOWN":"STARKS","DESCRIPTION":"1.5 ACRE LANDFILL CLOSED IN 2009 AS REQUIRED BY THE MEDEP LANDFILL CLOSURE AND REMEDIATION PROGRAM.  THE LANDFILL CLOSURE USED A REDUCED PROCEDURE.  THIS GENERALLY CONSISTED OF REGRADING WASTE AND CAPPING WITH 6 INCHES TOPSOIL OVER 18 INCHES 10E-6 CM/S GLACIAL TILL OVER 6 INCHES OF BURROW.  SPECIFIC DETAILS FOR CLOSURE OF THIS LANDFILL ARE AVAILABLE THROUGH THE MEDEP FILE ROOM.","SUMMARY":"CLOSED IN 2009 AS REQUIRED BY THE MEDEP LANDFILL CLOSURE AND REMEDIATION PROGRAM. 1.5 ACRE LANDFILL.   THE LANDFILL CLOSURE USED A REDUCED PROCEDURE.  THIS GENERALLY CONSISTED OF REGRADING WASTE AND CAPPING WITH 6 INCHES TOPSOIL OVER 18 INCHES 10E-6 CM/S GLACIAL TILL OVER 6 INCHES OF BURROW.  SPECIFIC DETAILS FOR CLOSURE OF THIS LANDFILL ARE AVAILABLE THROUGH THE MEDEP FILE ROOM.  GRANDFATHERED LANDFILL SITEWHICH WAS  USED BY TOWNS OF INDUSTRY AND STARKS; DUMP SITE COMPACTED AND COVERED.","CLOSED":"POST-1976"},"id":438},{"type":"Feature","geometry":{"type":"Point","coordinates":[-69.03080680947637,44.90047585982688]},"properties":{"OBJECTID":"439","LATITUDE":"44.90048","LONGITUDE":"-69.03081","SITE_NAME":"STETSON LANDFILL","SITE_NUMBER":"29677","ADDRESS":"RTE 222","TOWN":"LEVANT","DESCRIPTION":"2 ACRE LANDFILL CLOSED IN 1988 AS REQUIRED BY THE MEDEP LANDFILL CLOSURE AND REMEDIATION PROGRAM.   THE LANDFILL CLOSURE USED THE REGULATION CLOSURE PROCEDURE.  THIS GENERALLY CONSISTED OF AN ENVIRONMENTAL ASSESSMENT, A CLAY OR COMPOSITE COVER SYSTEM, AND WATER QUALITY MONITORING.  SPECIFIC DETAILS FOR CLOSURE OF THIS LANDFILL ARE AVAILABLE THROUGH MEDEP FILE ROOM.","SUMMARY":"CLOSED IN 1988 AS REQUIRED BY THE MEDEP LANDFILL CLOSURE AND REMEDIATION PROGRAM. 2 ACRE LANDFILL.   THE LANDFILL CLOSURE USED THE REGULATION CLOSURE PROCEDURE.  THIS GENERALLY CONSISTED OF AN ENVIRONMENTAL ASSESSMENT, A CLAY OR COMPOSITE COVER SYSTEM, AND WATER QUALITY MONITORING.  SPECIFIC DETAILS FOR CLOSURE OF THIS LANDFILL ARE AVAILABLE THROUGH MEDEP FILE ROOM.  HISTROICAL COMMENTS: LEVANT AND STETSON SHARED THE DUMP.  LOCATED ON A SAND AND GRAVEL DEPOSIT ON THE BANKS OF A BROOK.","CLOSED":"POST-1976"},"id":439},{"type":"Feature","geometry":{"type":"Point","coordinates":[-68.14267350947888,47.05101270975432]},"properties":{"OBJECTID":"440","LATITUDE":"47.05101","LONGITUDE":"-68.14267","SITE_NAME":"STOCKHOLM LANDFILL","SITE_NUMBER":"29883","ADDRESS":"MAIN ST","TOWN":"STOCKHOLM","DESCRIPTION":"6 ACRE LANDFILL CLOSED IN 1994 AS REQUIRED BY THE MEDEP LANDFILL CLOSURE AND REMEDIATION PROGRAM.  THE LANDFILL CLOSURE USED A REDUCED PROCEDURE.  THIS GENERALLY CONSISTED OF REGRADING WASTE AND CAPPING WITH 6 INCHES TOPSOIL OVER 18 INCHES 10E-6 CM/S GLACIAL TILL OVER 6 INCHES OF BURROW.  SPECIFIC DETAILS FOR CLOSURE OF THIS LANDFILL ARE AVAILABLE THROUGH THE MEDEP FILE ROOM.","SUMMARY":"CLOSED IN 1994 AS REQUIRED BY THE MEDEP LANDFILL CLOSURE AND REMEDIATION PROGRAM. 6 ACRE LANDFILL.  THE LANDFILL CLOSURE USED A REDUCED PROCEDURE.  THIS GENERALLY CONSISTED OF REGRADING WASTE AND CAPPING WITH 6 INCHES TOPSOIL OVER 18 INCHES 10E-6 CM/S GLACIAL TILL OVER 6 INCHES OF BURROW.  SPECIFIC DETAILS FOR CLOSURE OF THIS LANDFILL ARE AVAILABLE THROUGH THE MEDEP FILE ROOM.","CLOSED":"POST-1976"},"id":440},{"type":"Feature","geometry":{"type":"Point","coordinates":[-68.68195915939913,44.17527397044339]},"properties":{"OBJECTID":"441","LATITUDE":"44.17527","LONGITUDE":"-68.68196","SITE_NAME":"STONINGTON LANDFILL","SITE_NUMBER":"29805","ADDRESS":"AIRPORT RD","TOWN":"STONINGTON","DESCRIPTION":"4 ACRE LANDFILL CLOSED IN 1992 AS REQUIRED BY THE MEDEP LANDFILL CLOSURE AND REMEDIATION PROGRAM.   THE LANDFILL CLOSURE USED THE REGULATION CLOSURE PROCEDURE.  THIS GENERALLY CONSISTED OF AN ENVIRONMENTAL ASSESSMENT, A CLAY OR COMPOSITE COVER SYSTEM, AND WATER QUALITY MONITORING.  SPECIFIC DETAILS FOR CLOSURE OF THIS LANDFILL ARE AVAILABLE THROUGH MEDEP FILE ROOM.","SUMMARY":"CLOSED IN 1992 AS REQUIRED BY THE MEDEP LANDFILL CLOSURE AND REMEDIATION PROGRAM. 4 ACRE LANDFILL.   THE LANDFILL CLOSURE USED THE REGULATION CLOSURE PROCEDURE.  THIS GENERALLY CONSISTED OF AN ENVIRONMENTAL ASSESSMENT, A CLAY OR COMPOSITE COVER SYSTEM, AND WATER QUALITY MONITORING.  SPECIFIC DETAILS FOR CLOSURE OF THIS LANDFILL ARE AVAILABLE THROUGH MEDEP FILE ROOM.","CLOSED":"POST-1976"},"id":441},{"type":"Feature","geometry":{"type":"Point","coordinates":[-70.22729425010738,44.81841232982325]},"properties":{"OBJECTID":"442","LATITUDE":"44.81841","LONGITUDE":"-70.22729","SITE_NAME":"STRONG LANDFILL","SITE_NUMBER":"28634","ADDRESS":"BURBANK HILL RD","TOWN":"STRONG","DESCRIPTION":"4 ACRE LANDFILL CLOSED IN 1996 AS REQUIRED BY THE MEDEP LANDFILL CLOSURE AND REMEDIATION PROGRAM.  THE LANDFILL CLOSURE USED AN ALTERNATIVE PROCEDURE AS IT WAS NOT AUTOMATICALLY ELIGIBLE FOR A REDUCED PROCEDURE CLOSURE.  THIS INCLUDED AN ENVIRONMENTAL ASSESSMENT AND POSSIBLE IMPROVED COVER SYSTEM AND/OR WATER QUALITY MONITORING.  SPECIFIC DETAILS OF CLOSURE ARE AVAIABLE THROUGH THE MEDEP FILE ROOM.","SUMMARY":"CLOSED IN 1996 AS REQUIRED BY THE MEDEP LANDFILL CLOSURE AND REMEDIATION PROGRAM. 4 ACRE LANDFILL.  THE LANDFILL CLOSURE USED AN ALTERNATIVE PROCEDURE AS IT WAS NOT AUTOMATICALLY ELIGIBLE FOR A REDUCED PROCEDURE CLOSURE.  THIS INCLUDED AN ENVIRONMENTAL ASSESSMENT AND POSSIBLE IMPROVED COVER SYSTEM AND/OR WATER QUALITY MONITORING.  SPECIFIC DETAILS OF CLOSURE ARE AVAIABLE THROUGH THE MEDEP FILE ROOM.  SITE IS LOCATED APPROXIMATELY 0.3 MILES WEST OF THE INTERSECTION OF ROUTE 149 AND RTE. 4 AND 0.5 MILES NORTH OF RTE. 149 AND ON THE EASTERLY SIDE OF BURBANK HILL ROAD.\nGROUNDWATER ANALYSIS WAS PERFORMED BY S.W. COLE ENGINEERING AND SUBCONTRACTED TO ENVIRONMENTAL DIAGNOSTIC LABORATORIES.","CLOSED":"POST-1976"},"id":442},{"type":"Feature","geometry":{"type":"Point","coordinates":[-68.133998070516,44.51784663040257]},"properties":{"OBJECTID":"443","LATITUDE":"44.51785","LONGITUDE":"-68.134","SITE_NAME":"SULLIVAN EAST LANDFILL","SITE_NUMBER":"29807","ADDRESS":"TRANSFER STAT RD OFF RT 183","TOWN":"SULLIVAN","DESCRIPTION":"1.1 ACRE LANDFILL CLOSED IN 1994 AS REQUIRED BY THE MEDEP LANDFILL CLOSURE AND REMEDIATION PROGRAM.  THE LANDFILL CLOSURE USED THE INTERIM COVER AND GRADING (ICAG) PROCEDURE.  THIS GENERALLY CONSISTED OF REGRADING WASTE AND CAPPING WITH 6 INCHES TOPSOIL OVER 18 INCHES 10E-6 CM/S GLACIAL TILL OVER 6 INCHES OF BURROW.  SPECIFIC DETAILS FOR CLOSURE OF THIS LANDFILL ARE AVAILABLE THROUGH THE MEDEP FILE ROOM.","SUMMARY":"CLOSED IN 1994 AS REQUIRED BY THE MEDEP LANDFILL CLOSURE AND REMEDIATION PROGRAM. 1.1 ACRE LANDFILL.  THE LANDFILL CLOSURE USED THE INTERIM COVER AND GRADING (ICAG) PROCEDURE.  THIS GENERALLY CONSISTED OF REGRADING WASTE AND CAPPING WITH 6 INCHES TOPSOIL OVER 18 INCHES 10E-6 CM/S GLACIAL TILL OVER 6 INCHES OF BURROW.  SPECIFIC DETAILS FOR CLOSURE OF THIS LANDFILL ARE AVAILABLE THROUGH THE MEDEP FILE ROOM.","CLOSED":"POST-1976"},"id":443},{"type":"Feature","geometry":{"type":"Point","coordinates":[-68.23848766061107,44.551341189842034]},"properties":{"OBJECTID":"444","LATITUDE":"44.55134","LONGITUDE":"-68.23849","SITE_NAME":"SULLIVAN NORTH LANDFILL","SITE_NUMBER":"29806","ADDRESS":"WHALES BACK  RD","TOWN":"SULLIVAN","DESCRIPTION":"1.5 ACRE LANDFILL CLOSED IN 1994 AS REQUIRED BY THE MEDEP LANDFILL CLOSURE AND REMEDIATION PROGRAM.  THE LANDFILL CLOSURE USED THE INTERIM COVER AND GRADING (ICAG) PROCEDURE.  THIS GENERALLY CONSISTED OF REGRADING WASTE AND CAPPING WITH 6 INCHES TOPSOIL OVER 18 INCHES 10E-6 CM/S GLACIAL TILL OVER 6 INCHES OF BURROW.  SPECIFIC DETAILS FOR CLOSURE OF THIS LANDFILL ARE AVAILABLE THROUGH THE MEDEP FILE ROOM.","SUMMARY":"CLOSED IN 1994 AS REQUIRED BY THE MEDEP LANDFILL CLOSURE AND REMEDIATION PROGRAM. 1.5 ACRE LANDFILL.  THE LANDFILL CLOSURE USED THE INTERIM COVER AND GRADING (ICAG) PROCEDURE.  THIS GENERALLY CONSISTED OF REGRADING WASTE AND CAPPING WITH 6 INCHES TOPSOIL OVER 18 INCHES 10E-6 CM/S GLACIAL TILL OVER 6 INCHES OF BURROW.  SPECIFIC DETAILS FOR CLOSURE OF THIS LANDFILL ARE AVAILABLE THROUGH THE MEDEP FILE ROOM.","CLOSED":"POST-1976"},"id":444},{"type":"Feature","geometry":{"type":"Point","coordinates":[-68.45983458006927,44.16884794007474]},"properties":{"OBJECTID":"445","LATITUDE":"44.16885","LONGITUDE":"-68.45983","SITE_NAME":"SWANS ISLAND LANDFILL","SITE_NUMBER":"29808","ADDRESS":"DUMP RD OFF NORTH RD","TOWN":"SWANS ISLAND","DESCRIPTION":"2.5 ACRE LANDFILL CLOSED IN 1994 AS REQUIRED BY THE MEDEP LANDFILL CLOSURE AND REMEDIATION PROGRAM.  THE LANDFILL CLOSURE USED AN ALTERNATIVE PROCEDURE AS IT WAS NOT AUTOMATICALLY ELIGIBLE FOR A REDUCED PROCEDURE CLOSURE.  THIS INCLUDED AN ENVIRONMENTAL ASSESSMENT AND POSSIBLE IMPROVED COVER SYSTEM AND/OR WATER QUALITY MONITORING.  SPECIFIC DETAILS OF CLOSURE ARE AVAIABLE THROUGH THE MEDEP FILE ROOM.","SUMMARY":"2.5 ACRE LANDFILL CLOSED IN 1994 AS REQUIRED BY THE MEDEP LANDFILL CLOSURE AND REMEDIATION PROGRAM. 2.5 ACRE LANDFILL.  THE LANDFILL CLOSURE USED AN ALTERNATIVE PROCEDURE AS IT WAS NOT AUTOMATICALLY ELIGIBLE FOR A REDUCED PROCEDURE CLOSURE.  THIS INCLUDED AN ENVIRONMENTAL ASSESSMENT AND POSSIBLE IMPROVED COVER SYSTEM AND/OR WATER QUALITY MONITORING.  SPECIFIC DETAILS OF CLOSURE ARE AVAIABLE THROUGH THE MEDEP FILE ROOM.","CLOSED":"POST-1976"},"id":445},{"type":"Feature","geometry":{"type":"Point","coordinates":[-69.0061219294341,44.48902424996808]},"properties":{"OBJECTID":"446","LATITUDE":"44.48902","LONGITUDE":"-69.00612","SITE_NAME":"SWANVILLE LANDFILL","SITE_NUMBER":"29213","ADDRESS":"RTE 141/SWAN LAKE AVE","TOWN":"SWANVILLE","DESCRIPTION":"2.5 ACRE LANDFILL CLOSED IN 1995 AS REQUIRED BY THE MEDEP LANDFILL CLOSURE AND REMEDIATION PROGRAM.  THE LANDFILL CLOSURE USED AN ALTERNATIVE PROCEDURE AS IT WAS NOT AUTOMATICALLY ELIGIBLE FOR A REDUCED PROCEDURE CLOSURE.  THIS INCLUDED AN ENVIRONMENTAL ASSESSMENT AND POSSIBLE IMPROVED COVER SYSTEM AND/OR WATER QUALITY MONITORING.  SPECIFIC DETAILS OF CLOSURE ARE AVAIABLE THROUGH THE MEDEP FILE ROOM.","SUMMARY":"CLOSED IN 1995 AS REQUIRED BY THE MEDEP LANDFILL CLOSURE AND REMEDIATION PROGRAM. 2.5 ACRE LANDFILL.  THE LANDFILL CLOSURE USED AN ALTERNATIVE PROCEDURE AS IT WAS NOT AUTOMATICALLY ELIGIBLE FOR A REDUCED PROCEDURE CLOSURE.  THIS INCLUDED AN ENVIRONMENTAL ASSESSMENT AND POSSIBLE IMPROVED COVER SYSTEM AND/OR WATER QUALITY MONITORING.  SPECIFIC DETAILS OF CLOSURE ARE AVAIABLE THROUGH THE MEDEP FILE ROOM.  SITE ON SHALLOW-TO-BEDROCK GLACIAL TILL NEXT TO SALTMARSH.","CLOSED":"POST-1976"},"id":446},{"type":"Feature","geometry":{"type":"Point","coordinates":[-67.71581796037725,45.322963000410645]},"properties":{"OBJECTID":"447","LATITUDE":"45.32296","LONGITUDE":"-67.71582","SITE_NAME":"TALMADGE LANDFILL","SITE_NUMBER":"29747","ADDRESS":"WEST LAKE ROAD","TOWN":"TALMADGE","DESCRIPTION":"0.5 ACRE LANDFILL CLOSED IN 1994 AS REQUIRED BY THE MEDEP LANDFILL CLOSURE AND REMEDIATION PROGRAM.  THE LANDFILL CLOSURE USED AN ALTERNATIVE PROCEDURE AS IT WAS NOT AUTOMATICALLY ELIGIBLE FOR A REDUCED PROCEDURE CLOSURE.  THIS INCLUDED AN ENVIRONMENTAL ASSESSMENT AND POSSIBLE IMPROVED COVER SYSTEM AND/OR WATER QUALITY MONITORING.  SPECIFIC DETAILS OF CLOSURE ARE AVAILABLE THROUGH THE MEDEP FILE ROOM.","SUMMARY":"CLOSED IN 1994 AS REQUIRED BY THE MEDEP LANDFILL CLOSURE AND REMEDIATION PROGRAM. 0.5 ACRE LANDFILL.  THE LANDFILL CLOSURE USED AN ALTERNATIVE PROCEDURE AS IT WAS NOT AUTOMATICALLY ELIGIBLE FOR A REDUCED PROCEDURE CLOSURE.  THIS INCLUDED AN ENVIRONMENTAL ASSESSMENT AND POSSIBLE IMPROVED COVER SYSTEM AND/OR WATER QUALITY MONITORING.  SPECIFIC DETAILS OF CLOSURE ARE AVAILABLE THROUGH THE MEDEP FILE ROOM.","CLOSED":"POST-1976"},"id":447},{"type":"Feature","geometry":{"type":"Point","coordinates":[-70.22032622985775,44.68717546012111]},"properties":{"OBJECTID":"448","LATITUDE":"44.68718","LONGITUDE":"-70.22033","SITE_NAME":"TEMPLE LANDFILL","SITE_NUMBER":"29356","ADDRESS":"MAPLE ST","TOWN":"TEMPLE","DESCRIPTION":"2 ACRE LANDFILL CLOSED IN 1994 AS REQUIRED BY THE MEDEP LANDFILL CLOSURE AND REMEDIATION PROGRAM.  THE LANDFILL CLOSURE USED AN ALTERNATIVE PROCEDURE AS IT WAS NOT AUTOMATICALLY ELIGIBLE FOR A REDUCED PROCEDURE CLOSURE.  THIS INCLUDED AN ENVIRONMENTAL ASSESSMENT AND POSSIBLE IMPROVED COVER SYSTEM AND/OR WATER QUALITY MONITORING.  SPECIFIC DETAILS OF CLOSURE ARE AVAIABLE THROUGH THE MEDEP FILE ROOM.","SUMMARY":"CLOSED IN 1994 AS REQUIRED BY THE MEDEP LANDFILL CLOSURE AND REMEDIATION PROGRAM. 2 ACRE LANDFILL.  THE LANDFILL CLOSURE USED AN ALTERNATIVE PROCEDURE AS IT WAS NOT AUTOMATICALLY ELIGIBLE FOR A REDUCED PROCEDURE CLOSURE.  THIS INCLUDED AN ENVIRONMENTAL ASSESSMENT AND POSSIBLE IMPROVED COVER SYSTEM AND/OR WATER QUALITY MONITORING.  SPECIFIC DETAILS OF CLOSURE ARE AVAIABLE THROUGH THE MEDEP FILE ROOM.  MITCHELL ENGINEERING PROVIDED ENGINEERING SERVICES TO TOWN DUMP  ADDRESS: MITCHELL EINGINEERING PO BOX 362 TEMPLE, MAINE 04984 (207)778-2462","CLOSED":"POST-1976"},"id":448},{"type":"Feature","geometry":{"type":"Point","coordinates":[-69.96006969032597,45.33996223991313]},"properties":{"OBJECTID":"449","LATITUDE":"45.33996","LONGITUDE":"-69.96007","SITE_NAME":"THE FORKS PLANTATION LANDFILL","SITE_NUMBER":"29092","ADDRESS":"LAKE MOXIE RD","TOWN":"THE FORKS PLT","DESCRIPTION":"2 ACRE LANDFILL CLOSED IN 1990 AS REQUIRED BY THE MEDEP LANDFILL CLOSURE AND REMEDIATION PROGRAM.   THE LANDFILL CLOSURE USED THE REGULATION CLOSURE PROCEDURE.  THIS GENERALLY CONSISTED OF AN ENVIRONMENTAL ASSESSMENT, A CLAY OR COMPOSITE COVER SYSTEM, AND WATER QUALITY MONITORING.  SPECIFIC DETAILS FOR CLOSURE OF THIS LANDFILL ARE AVAILABLE THROUGH MEDEP FILE ROOM.","SUMMARY":"CLOSED IN 1990 AS REQUIRED BY THE MEDEP LANDFILL CLOSURE AND REMEDIATION PROGRAM.  2 ACRE LANDFILL.  THE LANDFILL CLOSURE USED THE REGULATION CLOSURE PROCEDURE.  THIS GENERALLY CONSISTED OF AN ENVIRONMENTAL ASSESSMENT, A CLAY OR COMPOSITE COVER SYSTEM, AND WATER QUALITY MONITORING.  SPECIFIC DETAILS FOR CLOSURE OF THIS LANDFILL ARE AVAILABLE THROUGH MEDEP FILE ROOM.","CLOSED":"POST-1976"},"id":449},{"type":"Feature","geometry":{"type":"Point","coordinates":[-69.17333468970064,44.08781119043804]},"properties":{"OBJECTID":"450","LATITUDE":"44.08781","LONGITUDE":"-69.17333","SITE_NAME":"THOMASTON WOODDEMO LANDFILL","SITE_NUMBER":"37953","ADDRESS":"ANNA BELLE LANE","TOWN":"THOMASTON","DESCRIPTION":"3 ACRE LANDFILL CLOSED IN 1977  THE LANDFILL WAS CLOSED PRIOR TO THE ESTABLISHMENT OF THE MEDEP LANDFILL CLOSURE AND REMEDIATION PROGRAM IN 1988.  THEREFORE THE CLOSURE PROCEDURE IS UNKNOWN.","SUMMARY":"CLOSED IN 1977.  3 ACRE LANDFILL.   THE LANDFILL WAS CLOSED PRIOR TO THE ESTABLISHMENT OF THE MEDEP LANDFILL CLOSURE AND REMEDIATION PROGRAM IN 1988.  THEREFORE THE CLOSURE PROCEDURE IS UNKNOWN.","CLOSED":"POST-1976"},"id":450},{"type":"Feature","geometry":{"type":"Point","coordinates":[-67.7120180396732,45.4268761397723]},"properties":{"OBJECTID":"451","LATITUDE":"45.42688","LONGITUDE":"-67.71202","SITE_NAME":"TOPSFIELD LANDFILL","SITE_NUMBER":"29748","ADDRESS":"SCHOOL RD RTE 6","TOWN":"TOPSFIELD","DESCRIPTION":"1.2 ACRE LANDFILL CLOSED IN 1994 AS REQUIRED BY THE MEDEP LANDFILL CLOSURE AND REMEDIATION PROGRAM.  THE LANDFILL CLOSURE USED A REDUCED PROCEDURE.  THIS GENERALLY CONSISTED OF REGRADING WASTE AND CAPPING WITH 6 INCHES TOPSOIL OVER 18 INCHES 10E-6 CM/S GLACIAL TILL OVER 6 INCHES OF BURROW.  SPECIFIC DETAILS FOR CLOSURE OF THIS LANDFILL ARE AVAILABLE THROUGH THE MEDEP FILE ROOM.","SUMMARY":"CLOSED IN 1994 AS REQUIRED BY THE MEDEP LANDFILL CLOSURE AND REMEDIATION PROGRAM. 1.2 ACRE LANDFILL.  THE LANDFILL CLOSURE USED A REDUCED PROCEDURE.  THIS GENERALLY CONSISTED OF REGRADING WASTE AND CAPPING WITH 6 INCHES TOPSOIL OVER 18 INCHES 10E-6 CM/S GLACIAL TILL OVER 6 INCHES OF BURROW.  SPECIFIC DETAILS FOR CLOSURE OF THIS LANDFILL ARE AVAILABLE THROUGH THE MEDEP FILE ROOM.","CLOSED":"POST-1976"},"id":451},{"type":"Feature","geometry":{"type":"Point","coordinates":[-69.9193042193918,43.93776075990681]},"properties":{"OBJECTID":"452","LATITUDE":"43.93776","LONGITUDE":"-69.9193","SITE_NAME":"TOPSHAM DEMO LANDFILL","SITE_NUMBER":"95128","ADDRESS":"TOWNSEND RD","TOWN":"TOPSHAM","DESCRIPTION":"2.5 ACRE LANDFILL   CLOSED IN 1994 AS REQUIRED BY THE MEDEP LANDFILL CLOSURE AND REMEDIATION PROGRAM.  CLOSURE PROCEDURE UNKNOWN.","SUMMARY":"CLOSED IN 1994 AS REQUIRED BY THE MEDEP LANDFILL CLOSURE AND REMEDIATION PROGRAM. 2.5 ACRE LANDFILL. CLOSURE PROCEDURE UNKNOWN.","CLOSED":"POST-1976"},"id":452},{"type":"Feature","geometry":{"type":"Point","coordinates":[-69.91676206038906,43.93580157978272]},"properties":{"OBJECTID":"453","LATITUDE":"43.9358","LONGITUDE":"-69.91676","SITE_NAME":"TOPSHAM LANDFILL","SITE_NUMBER":"27633","ADDRESS":"TOWNSEND WAY","TOWN":"TOPSHAM","DESCRIPTION":"11 ACRE LANDFILL CLOSED IN 1994 AS REQUIRED BY THE MEDEP LANDFILL CLOSURE AND REMEDIATION PROGRAM.  THE LANDFILL CLOSURE USED AN ALTERNATIVE PROCEDURE AS IT WAS NOT AUTOMATICALLY ELIGIBLE FOR A REDUCED PROCEDURE CLOSURE.  THIS INCLUDED AN ENVIRONMENTAL ASSESSMENT AND POSSIBLE IMPROVED COVER SYSTEM AND/OR WATER QUALITY MONITORING.  SPECIFIC DETAILS OF CLOSURE ARE AVAIABLE THROUGH THE MEDEP FILE ROOM.","SUMMARY":"CLOSED IN 1994 AS REQUIRED BY THE MEDEP LANDFILL CLOSURE AND REMEDIATION PROGRAM. 11 ACRE LANDFILL.  THE LANDFILL CLOSURE USED AN ALTERNATIVE PROCEDURE AS IT WAS NOT AUTOMATICALLY ELIGIBLE FOR A REDUCED PROCEDURE CLOSURE.  THIS INCLUDED AN ENVIRONMENTAL ASSESSMENT AND POSSIBLE IMPROVED COVER SYSTEM AND/OR WATER QUALITY MONITORING.  SPECIFIC DETAILS OF CLOSURE ARE AVAIABLE THROUGH THE MEDEP FILE ROOM.  HISTORY: FACILITY IS LOCATED ON DEEP SAND AQUIFER.  PEJEPSCOT PAPER CO DISPOSED OF SLUDGE HERE FOR MANY YEARS.  GROUND WATER IS CONTAMINATED.","CLOSED":"POST-1976"},"id":453},{"type":"Feature","geometry":{"type":"Point","coordinates":[-69.92045285056196,43.93785157014506]},"properties":{"OBJECTID":"454","LATITUDE":"43.93785","LONGITUDE":"-69.92045","SITE_NAME":"TOPSHAM SLUDGE LANDFILL","SITE_NUMBER":"95127","ADDRESS":"TOWNSEND WAY","TOWN":"TOPSHAM","DESCRIPTION":"6 ACRE LANDFILL CLOSED IN 1994 AS REQUIRED BY THE MEDEP LANDFILL CLOSURE AND REMEDIATION PROGRAM.  CLOSURE PROCEDURE UNKNOWN.","SUMMARY":"CLOSED IN 1994 AS REQUIRED BY THE MEDEP LANDFILL CLOSURE AND REMEDIATION PROGRAM. 6 ACRE LANDFILL.  CLOSURE PROCEDURE UNKNOWN.","CLOSED":"POST-1976"},"id":454},{"type":"Feature","geometry":{"type":"Point","coordinates":[-68.34193217059679,44.24998268000341]},"properties":{"OBJECTID":"455","LATITUDE":"44.24998","LONGITUDE":"-68.34193","SITE_NAME":"TREMONT LANDFILL","SITE_NUMBER":"27533","ADDRESS":"RTE 102A TREMONT RD","TOWN":"TREMONT","DESCRIPTION":"2.5 ACRE LANDFILL CLOSED IN 1996 AS REQUIRED BY THE MEDEP LANDFILL CLOSURE AND REMEDIATION PROGRAM.  THE LANDFILL CLOSURE USED AN ALTERNATIVE PROCEDURE AS IT WAS NOT AUTOMATICALLY ELIGIBLE FOR A REDUCED PROCEDURE CLOSURE.  THIS INCLUDED AN ENVIRONMENTAL ASSESSMENT AND POSSIBLE IMPROVED COVER SYSTEM AND/OR WATER QUALITY MONITORING.  SPECIFIC DETAILS OF CLOSURE ARE AVAILABLE THROUGH THE MEDEP FILE ROOM.","SUMMARY":"CLOSED IN 1996 AS REQUIRED BY THE MEDEP LANDFILL CLOSURE AND REMEDIATION PROGRAM. 2.5 ACRE LANDFILL.  THE LANDFILL CLOSURE USED AN ALTERNATIVE PROCEDURE AS IT WAS NOT AUTOMATICALLY ELIGIBLE FOR A REDUCED PROCEDURE CLOSURE.  THIS INCLUDED AN ENVIRONMENTAL ASSESSMENT AND POSSIBLE IMPROVED COVER SYSTEM AND/OR WATER QUALITY MONITORING.  SPECIFIC DETAILS OF CLOSURE ARE AVAILABLE THROUGH THE MEDEP FILE ROOM.  OLD DUMP OVERLOOKS BASS HARBOR MARSH.","CLOSED":"POST-1976"},"id":455},{"type":"Feature","geometry":{"type":"Point","coordinates":[-70.26963015001111,44.24227971988128]},"properties":{"OBJECTID":"456","LATITUDE":"44.24228","LONGITUDE":"-70.26963","SITE_NAME":"TURNER LANDFILL","SITE_NUMBER":"28627","ADDRESS":"DUMP RD OFF SNELL HILL RD","TOWN":"TURNER","DESCRIPTION":"8 ACRE LANDFILL CLOSED IN 1994 AS REQUIRED BY THE MEDEP LANDFILL CLOSURE AND REMEDIATION PROGRAM.  THE LANDFILL CLOSURE USED AN ALTERNATIVE PROCEDURE AS IT WAS NOT AUTOMATICALLY ELIGIBLE FOR A REDUCED PROCEDURE CLOSURE.  THIS INCLUDED AN ENVIRONMENTAL ASSESSMENT AND POSSIBLE IMPROVED COVER SYSTEM AND/OR WATER QUALITY MONITORING.  SPECIFIC DETAILS OF CLOSURE ARE AVAILABLE THROUGH THE MEDEP FILE ROOM.","SUMMARY":"CLOSED IN 1994 AS REQUIRED BY THE MEDEP LANDFILL CLOSURE AND REMEDIATION PROGRAM. 8 ACRE LANDFILL.  THE LANDFILL CLOSURE USED AN ALTERNATIVE PROCEDURE AS IT WAS NOT AUTOMATICALLY ELIGIBLE FOR A REDUCED PROCEDURE CLOSURE.  THIS INCLUDED AN ENVIRONMENTAL ASSESSMENT AND POSSIBLE IMPROVED COVER SYSTEM AND/OR WATER QUALITY MONITORING.  SPECIFIC DETAILS OF CLOSURE ARE AVAILABLE THROUGH THE MEDEP FILE ROOM.HISTORICAL NOTES: SITE WAS OPENED IN 1976. GROUNDWATER MONITORING WELLS WERE INSTALLED IN 1985,BUT RESULTS FROM THEM HAVE YET TO BERECORDED. THE SITE HAS A POTENTIAL FOR G.W. CONTAMINATION.","CLOSED":"POST-1976"},"id":456},{"type":"Feature","geometry":{"type":"Point","coordinates":[-69.3393976501561,44.21970620970088]},"properties":{"OBJECTID":"457","LATITUDE":"44.21971","LONGITUDE":"-69.3394","SITE_NAME":"UNION LANDFILL","SITE_NUMBER":"29579","ADDRESS":"BUMP HILL RD","TOWN":"UNION","DESCRIPTION":"3 ACRE LANDFILL CLOSED IN 1994 AS REQUIRED BY THE MEDEP LANDFILL CLOSURE AND REMEDIATION PROGRAM.  THE LANDFILL CLOSURE USED AN ALTERNATIVE PROCEDURE AS IT WAS NOT AUTOMATICALLY ELIGIBLE FOR A REDUCED PROCEDURE CLOSURE.  THIS INCLUDED AN ENVIRONMENTAL ASSESSMENT AND POSSIBLE IMPROVED COVER SYSTEM AND/OR WATER QUALITY MONITORING.  SPECIFIC DETAILS OF CLOSURE ARE AVAILABLE THROUGH THE MEDEP FILE ROOM.","SUMMARY":"CLOSED IN 1994 AS REQUIRED BY THE MEDEP LANDFILL CLOSURE AND REMEDIATION PROGRAM. 3 ACRE LANDFILL.  THE LANDFILL CLOSURE USED AN ALTERNATIVE PROCEDURE AS IT WAS NOT AUTOMATICALLY ELIGIBLE FOR A REDUCED PROCEDURE CLOSURE.  THIS INCLUDED AN ENVIRONMENTAL ASSESSMENT AND POSSIBLE IMPROVED COVER SYSTEM AND/OR WATER QUALITY MONITORING.  SPECIFIC DETAILS OF CLOSURE ARE AVAILABLE THROUGH THE MEDEP FILE ROOM.","CLOSED":"POST-1976"},"id":457},{"type":"Feature","geometry":{"type":"Point","coordinates":[-69.29230940985171,44.587402399747475]},"properties":{"OBJECTID":"458","LATITUDE":"44.5874","LONGITUDE":"-69.29231","SITE_NAME":"UNITY LANDFILL","SITE_NUMBER":"29410","ADDRESS":"CROSBY BROOK RD","TOWN":"UNITY","DESCRIPTION":"2.4 ACRE LANDFILL CLOSED IN 1994 AS REQUIRED BY THE MEDEP LANDFILL CLOSURE AND REMEDIATION PROGRAM.  THE LANDFILL CLOSURE USED AN ALTERNATIVE PROCEDURE AS IT WAS NOT AUTOMATICALLY ELIGIBLE FOR A REDUCED PROCEDURE CLOSURE.  THIS INCLUDED AN ENVIRONMENTAL ASSESSMENT AND POSSIBLE IMPROVED COVER SYSTEM AND/OR WATER QUALITY MONITORING.  SPECIFIC DETAILS OF CLOSURE ARE AVAILABLE THROUGH THE MEDEP FILE ROOM.","SUMMARY":"CLOSED IN 1994 AS REQUIRED BY THE MEDEP LANDFILL CLOSURE AND REMEDIATION PROGRAM. 2.4 ACRE LANDFILL.  THE LANDFILL CLOSURE USED AN ALTERNATIVE PROCEDURE AS IT WAS NOT AUTOMATICALLY ELIGIBLE FOR A REDUCED PROCEDURE CLOSURE.  THIS INCLUDED AN ENVIRONMENTAL ASSESSMENT AND POSSIBLE IMPROVED COVER SYSTEM AND/OR WATER QUALITY MONITORING.  SPECIFIC DETAILS OF CLOSURE ARE AVAILABLE THROUGH THE MEDEP FILE ROOM.HISTORICAL COMMENTS: HYDROGEOLOGIC INVESTIGATION DONE BY SW COLE ENGINEERING INC. REPORT DATED NOV 28, 1990  6 LIBERTY DRIVE  BANGOR, MAINE 04401.  GROUNDWATER HAS BEEN CONTAMINATED. PRELIMINARY INVESTIGATION DONE BY ENGINEERING DYNAMICS  1224 HAMMOND ST  BANGOR, MAINE 04401. SCOTT PAPER CO. RECEIVED A LICENSE TO UTILIZE ITS PULP AND PAPER MILL SLUDGE TO MANUFACTURE TOPSOIL TO BE USED IN CLOSURE OF THE LANDFILL. THE LICENSE WAS ISSUED SEPTEMBER 30, 1994.","CLOSED":"POST-1976"},"id":458},{"type":"Feature","geometry":{"type":"Point","coordinates":[-70.39430692008426,43.453347469555595]},"properties":{"OBJECTID":"459","LATITUDE":"43.45335","LONGITUDE":"-70.39431","SITE_NAME":"UNIVERSITY OF NE LANDFILL","SITE_NUMBER":"33867","ADDRESS":"NEWTOWN ROAD","TOWN":"BIDDEFORD","DESCRIPTION":"","SUMMARY":"THE UNE LANDFILL IS A 1.5 ACRE INACTIVE LANDFILL USED BY THE UNIVERSITY FROM 1960 THROUGH 1986. THE PROPERTY LIES .5 M SOUTH OF THE UNIVERSITY.  WASTES DISPOSED AT THE LANDFILL CONSISTED PRIMARITY OF PAPER AND KITCHEN WASTE, MISCELLANEOUS CAMPUS WASTE (BEDDING, FURNITURE).  CHEMICAL DISPOSAL PRACTICES OF MED SCHOOL UNKNOWN PRIOR TO 1978.  FORMALDEHYDE AND ARSENIC CONTAMINATION OF ADJACENT WELLS WAS LINKED TO VANDALISM AND REGIONAL GEOLOGY.  THE LANDFILL WAS CAPPED WITH 18 INCHES OF CLAY AND 6 INCHES OF LOAM 1988-93 (PERMIT S-20860-WN-A-N).","CLOSED":"POST-1976"},"id":459},{"type":"Feature","geometry":{"type":"Point","coordinates":[-70.96745955058921,44.68794129988764]},"properties":{"OBJECTID":"460","LATITUDE":"44.68794","LONGITUDE":"-70.96746","SITE_NAME":"UPTON LANDFILL","SITE_NUMBER":"27299","ADDRESS":"UPTON RD/ EAST B HILL RD.","TOWN":"UPTON","DESCRIPTION":"0.5 ACRE LANDFILL CLOSED IN 1995 AS REQUIRED BY THE MEDEP LANDFILL CLOSURE AND REMEDIATION PROGRAM.  THE LANDFILL CLOSURE USED A REDUCED PROCEDURE.  THIS GENERALLY CONSISTED OF REGRADING WASTE AND CAPPING WITH 6 INCHES TOPSOIL OVER 18 INCHES 10E-6 CM/S GLACIAL TILL OVER 6 INCHES OF BURROW.  SPECIFIC DETAILS FOR CLOSURE OF THIS LANDFILL ARE AVAILABLE THROUGH THE MEDEP FILE ROOM.","SUMMARY":"CLOSED IN 1995 AS REQUIRED BY THE MEDEP LANDFILL CLOSURE AND REMEDIATION PROGRAM. 0.5 ACRE LANDFILL.  THE LANDFILL CLOSURE USED A REDUCED PROCEDURE.  THIS GENERALLY CONSISTED OF REGRADING WASTE AND CAPPING WITH 6 INCHES TOPSOIL OVER 18 INCHES 10E-6 CM/S GLACIAL TILL OVER 6 INCHES OF BURROW.  SPECIFIC DETAILS FOR CLOSURE OF THIS LANDFILL ARE AVAILABLE THROUGH THE MEDEP FILE ROOM.","CLOSED":"POST-1976"},"id":460},{"type":"Feature","geometry":{"type":"Point","coordinates":[-67.96558019006582,47.16977564023016]},"properties":{"OBJECTID":"461","LATITUDE":"47.16978","LONGITUDE":"-67.96558","SITE_NAME":"VAN BUREN LANDFILL","SITE_NUMBER":"29885","ADDRESS":"ALEXANDER RD","TOWN":"VAN BUREN","DESCRIPTION":"10 ACRE LANDFILL CLOSED IN 1995 AS REQUIRED BY THE MEDEP LANDFILL CLOSURE AND REMEDIATION PROGRAM.  THE LANDFILL CLOSURE USED A REDUCED PROCEDURE.  THIS GENERALLY CONSISTED OF REGRADING WASTE AND CAPPING WITH 6 INCHES TOPSOIL OVER 18 INCHES 10E-6 CM/S GLACIAL TILL OVER 6 INCHES OF BURROW.  SPECIFIC DETAILS FOR CLOSURE OF THIS LANDFILL ARE AVAILABLE THROUGH THE MEDEP FILE ROOM.","SUMMARY":"CLOSED IN 1995 AS REQUIRED BY THE MEDEP LANDFILL CLOSURE AND REMEDIATION PROGRAM. 10 ACRE LANDFILL.  THE LANDFILL CLOSURE USED A REDUCED PROCEDURE.  THIS GENERALLY CONSISTED OF REGRADING WASTE AND CAPPING WITH 6 INCHES TOPSOIL OVER 18 INCHES 10E-6 CM/S GLACIAL TILL OVER 6 INCHES OF BURROW.  SPECIFIC DETAILS FOR CLOSURE OF THIS LANDFILL ARE AVAILABLE THROUGH THE MEDEP FILE ROOM.","CLOSED":"POST-1976"},"id":461},{"type":"Feature","geometry":{"type":"Point","coordinates":[-67.43555380955752,45.55674435976773]},"properties":{"OBJECTID":"462","LATITUDE":"45.55674","LONGITUDE":"-67.43555","SITE_NAME":"VANCEBORO LANDFILL","SITE_NUMBER":"29749","ADDRESS":"RTE 6 VANCEBORO  RD","TOWN":"VANCEBORO","DESCRIPTION":"0.5 ACRE LANDFILL CLOSED IN 1994 AS REQUIRED BY THE MEDEP LANDFILL CLOSURE AND REMEDIATION PROGRAM.  THE LANDFILL CLOSURE USED A REDUCED PROCEDURE.  THIS GENERALLY CONSISTED OF REGRADING WASTE AND CAPPING WITH 6 INCHES TOPSOIL OVER 18 INCHES 10E-6 CM/S GLACIAL TILL OVER 6 INCHES OF BURROW.  SPECIFIC DETAILS FOR CLOSURE OF THIS LANDFILL ARE AVAILABLE THROUGH THE MEDEP FILE ROOM.","SUMMARY":"CLOSED IN 1994 AS REQUIRED BY THE MEDEP LANDFILL CLOSURE AND REMEDIATION PROGRAM. 0.5 ACRE LANDFILL.  THE LANDFILL CLOSURE USED A REDUCED PROCEDURE.  THIS GENERALLY CONSISTED OF REGRADING WASTE AND CAPPING WITH 6 INCHES TOPSOIL OVER 18 INCHES 10E-6 CM/S GLACIAL TILL OVER 6 INCHES OF BURROW.  SPECIFIC DETAILS FOR CLOSURE OF THIS LANDFILL ARE AVAILABLE THROUGH THE MEDEP FILE ROOM.","CLOSED":"POST-1976"},"id":462},{"type":"Feature","geometry":{"type":"Point","coordinates":[-69.60384742061643,44.46354279993547]},"properties":{"OBJECTID":"463","LATITUDE":"44.46354","LONGITUDE":"-69.60385","SITE_NAME":"VASSALBORO LANDFILL","SITE_NUMBER":"27652","ADDRESS":"LOMBARD DAM RD","TOWN":"VASSALBORO","DESCRIPTION":"4 ACRE LANDFILL CLOSED IN 1990 AND 2007 AS REQUIRED BY THE MEDEP LANDFILL CLOSURE AND REMEDIATION PROGRAM.   THE LANDFILL CLOSURE USED THE REGULATION CLOSURE PROCEDURE.  THIS GENERALLY CONSISTED OF AN ENVIRONMENTAL ASSESSMENT, A CLAY OR COMPOSITE COVER SYSTEM, AND WATER QUALITY MONITORING.  SPECIFIC DETAILS FOR CLOSURE OF THIS LANDFILL ARE AVAILABLE THROUGH MEDEP FILE ROOM.","SUMMARY":"CLOSED IN 1990 AND 2007 AS REQUIRED BY THE MEDEP LANDFILL CLOSURE AND REMEDIATION PROGRAM. 4 ACRE LANDFILL.   THE LANDFILL CLOSURE USED THE REGULATION CLOSURE PROCEDURE.  THIS GENERALLY CONSISTED OF AN ENVIRONMENTAL ASSESSMENT, A CLAY OR COMPOSITE COVER SYSTEM, AND WATER QUALITY MONITORING.  SPECIFIC DETAILS FOR CLOSURE OF THIS LANDFILL ARE AVAILABLE THROUGH MEDEP FILE ROOM.  MUNICIPAL LANDFILL CLOSED 11/90.INSPECTION RESULTS OF 11/11/90 BY TOWN MANAGER: NO SEEPS, VEG. COVER ESTABLISHING SLOWLY DUE TO WEATHER PROBLEMS, NO SURFACE WATER MONITORING PLANNED. GROUNDWATER PROGRAM ESTABLISHED (BUT NO DATA FOUND) WITH 3 WELLS INSTALLED 3/90. ACTIVE DEMOLITION DEBRIS AREA.","CLOSED":"POST-1976"},"id":463},{"type":"Feature","geometry":{"type":"Point","coordinates":[-70.03177133964968,44.56266255977057]},"properties":{"OBJECTID":"464","LATITUDE":"44.56266","LONGITUDE":"-70.03177","SITE_NAME":"VIENNA LANDFILL","SITE_NUMBER":"27598","ADDRESS":"TOWER  RD","TOWN":"VIENNA","DESCRIPTION":"0.5 ACRE LANDFILL CLOSED IN 1996 AS REQUIRED BY THE MEDEP LANDFILL CLOSURE AND REMEDIATION PROGRAM.  THE LANDFILL CLOSURE USED A REDUCED PROCEDURE.  THIS GENERALLY CONSISTED OF REGRADING WASTE AND CAPPING WITH 6 INCHES TOPSOIL OVER 18 INCHES 10E-6 CM/S GLACIAL TILL OVER 6 INCHES OF BURROW.  SPECIFIC DETAILS FOR CLOSURE OF THIS LANDFILL ARE AVAILABLE THROUGH THE MEDEP FILE ROOM.","SUMMARY":"CLOSED IN 1996 AS REQUIRED BY THE MEDEP LANDFILL CLOSURE AND REMEDIATION PROGRAM. 0.5 ACRE LANDFILL.  THE LANDFILL CLOSURE USED A REDUCED PROCEDURE.  THIS GENERALLY CONSISTED OF REGRADING WASTE AND CAPPING WITH 6 INCHES TOPSOIL OVER 18 INCHES 10E-6 CM/S GLACIAL TILL OVER 6 INCHES OF BURROW.  SPECIFIC DETAILS FOR CLOSURE OF THIS LANDFILL ARE AVAILABLE THROUGH THE MEDEP FILE ROOM.  HISTORICAL NOTES: OPENED IN 1963.  NO MONITORING AT ALL AS OF 1986.  AN APPLICATION FOR EXPANSION WAS DENIED IN 1986.  POTENTIAL GW CON-TAMINATION.","CLOSED":"POST-1976"},"id":464},{"type":"Feature","geometry":{"type":"Point","coordinates":[-68.80770615946855,44.07061335985426]},"properties":{"OBJECTID":"465","LATITUDE":"44.07061","LONGITUDE":"-68.80771","SITE_NAME":"VINALHAVEN LANDFILL","SITE_NUMBER":"29612","ADDRESS":"ROUND THE ISLAND RD","TOWN":"VINALHAVEN","DESCRIPTION":"8 ACRE LANDFILL CLOSED IN 1997 AS REQUIRED BY THE MEDEP LANDFILL CLOSURE AND REMEDIATION PROGRAM.  THE LANDFILL CLOSURE USED AN ALTERNATIVE PROCEDURE AS IT WAS NOT AUTOMATICALLY ELIGIBLE FOR A REDUCED PROCEDURE CLOSURE.  THIS INCLUDED AN ENVIRONMENTAL ASSESSMENT AND POSSIBLE IMPROVED COVER SYSTEM AND/OR WATER QUALITY MONITORING.  SPECIFIC DETAILS OF CLOSURE ARE AVAIABLE THROUGH THE MEDEP FILE ROOM.","SUMMARY":"CLOSED IN 1997 AS REQUIRED BY THE MEDEP LANDFILL CLOSURE AND REMEDIATION PROGRAM. 8 ACRE LANDFILL.   THE LANDFILL CLOSURE USED AN ALTERNATIVE PROCEDURE AS IT WAS NOT AUTOMATICALLY ELIGIBLE FOR A REDUCED PROCEDURE CLOSURE.  THIS INCLUDED AN ENVIRONMENTAL ASSESSMENT AND POSSIBLE IMPROVED COVER SYSTEM AND/OR WATER QUALITY MONITORING.  SPECIFIC DETAILS OF CLOSURE ARE AVAIABLE THROUGH THE MEDEP FILE ROOM.  THE FOLLOWING WASTE NON-HALOGENATED SOLVENTS ARE STORED AND SHIPPED FROM HERE: XYLENE, ACETONE, ETHYL ACETATE, ETHYL BENZENE, ETHYL ETHER, METHYL ISOBUTYL KETONE, N-BUTYL ALCOHOL, CYCLOHEXANONE, AND METHANOL; ALL WASTE SOLVENT MIXTURES/BLENDS CONTAINING BEFORE USE, ONLY THE ABOVE WASTE N\r\nTOXAPHENE\r\nTHE FOLLOWING WASTE NON-HALOGENATED SOLVENTS ARE STORED AND SHIPPED FROM HERE: TOLUENE, METHYL ETHYL KETONE, CARBON DISULFIDE, ISOBUTANOL, PYRIDINE, BENZENE, 2-ETHOXYETHANOL, AND 2-NITROPROPANE; ALL WASTE SOLVENT MIXTURES AND BLENDS CONTAINING BEFORE USE, A TOTAL OF TEN PERCENT OR MORE (DISCARDED UNUSED FORMULATIONS CONTAINING TRI-, TETRA-, OR PENTACHLOROPHENOL OR DISCARDED UNUSED FORMULATIONS CONTAINING COMPOUNDS DERIVED FROM THESE CHLOROPHENOLS. (THIS LISTING DOES NOT INCLUDE FORMULATIONS CONTAINING HEXACHLOROPHENE SYNTHESIZED FROM PRE","CLOSED":"POST-1976"},"id":465},{"type":"Feature","geometry":{"type":"Point","coordinates":[-69.14394055962192,44.461742260452596]},"properties":{"OBJECTID":"466","LATITUDE":"44.46174","LONGITUDE":"-69.14394","SITE_NAME":"WALDO LANDFILL","SITE_NUMBER":"29411","ADDRESS":"SAVAGE RD","TOWN":"WALDO","DESCRIPTION":"2.5 ACRE LANDFILL CLOSED IN 1993 AS REQUIRED BY THE MEDEP LANDFILL CLOSURE AND REMEDIATION PROGRAM.  THE LANDFILL CLOSURE USED THE INTERIM COVER AND GRADING (ICAG) PROCEDURE.  THIS GENERALLY CONSISTED OF REGRADING WASTE AND CAPPING WITH 6 INCHES TOPSOIL OVER 18 INCHES 10E-6 CM/S GLACIAL TILL OVER 6 INCHES OF BURROW.  SPECIFIC DETAILS FOR CLOSURE OF THIS LANDFILL ARE AVAILABLE THROUGH THE MEDEP FILE ROOM.","SUMMARY":"CLOSED IN 1993 AS REQUIRED BY THE MEDEP LANDFILL CLOSURE AND REMEDIATION PROGRAM.  2.5 ACRE LANDFILL. THE LANDFILL CLOSURE USED THE INTERIM COVER AND GRADING (ICAG) PROCEDURE.  THIS GENERALLY CONSISTED OF REGRADING WASTE AND CAPPING WITH 6 INCHES TOPSOIL OVER 18 INCHES 10E-6 CM/S GLACIAL TILL OVER 6 INCHES OF BURROW.  SPECIFIC DETAILS FOR CLOSURE OF THIS LANDFILL ARE AVAILABLE THROUGH THE MEDEP FILE ROOM.  NOTES:TELEPHONE #342-5348 (KATHY LITTLEFIELD)  1971-OPENED  OPEN BURNING DUMP","CLOSED":"POST-1976"},"id":466},{"type":"Feature","geometry":{"type":"Point","coordinates":[-69.43489293002882,44.13851605035417]},"properties":{"OBJECTID":"467","LATITUDE":"44.13852","LONGITUDE":"-69.43489","SITE_NAME":"WALDOBORO CLOSED MSW AND ACTIVE CDD LANDFILLS","SITE_NUMBER":"29667","ADDRESS":"NORTH NOBLEBORO RD","TOWN":"WALDOBORO","DESCRIPTION":"","SUMMARY":"SCOTT PAPER RECEIVED A LICENSE TO UTILIZE THEIR PAPERMILL SLUDGE FOR PURPOSES OF MANUFACTURING TOPSOIL FOR USE IN THE CLOSURE OF THE WALDOBORO MUNICIPAL SOLID WASTE LANDFILL FACILITY.  THE PROGRAM APPROVAL TO UTILIZE PAPERMILL SLUDGE IN THIS MANNER IS #L015287-56-A-N.  THE SIZE OF THE SITE IS 5.5 ACRES.  THE LICENSE WAS ISSUED MAY 31, 1991 AND EXPIRED OCTOBER 1, 1991.","CLOSED":"POST-1976"},"id":467},{"type":"Feature","geometry":{"type":"Point","coordinates":[-69.35978837010131,44.09987547037151]},"properties":{"OBJECTID":"468","LATITUDE":"44.09988","LONGITUDE":"-69.35979","SITE_NAME":"WALDOBORO DUMP","SITE_NUMBER":"29557","ADDRESS":"OLD ROUTE 1","TOWN":"WALDOBORO","DESCRIPTION":"3-ACRE LANDFILL CLOSED TO USE IN 1976 BUT NOT CAPPED IN ACCORDANCE WITH REGULATORY REQUIREMENTS.  REPORTED TO HAVE BEEN COVERED WITH DITCH DIGGINGS.  EXPOSED WASTE PROTRUDES FROM MUCH OF THE STEEP PERIMETER.  TRAIN TRACKS ABUT TO THE WEST. THE WELL SERVING THE CLOSEST RESIDENCE -- ABOUT 500 FEET WEST ALONG OLD ROUTE ONE WAS TESTED IN 2015 AND DID NOT SHOW SIGNS OF LANDFILL INFLUENCE.","SUMMARY":"THIS 3-ACRE LANDFILL IS A HUMMOCKY MOUND PROTRUDING INTO THE BACK RIVER WETLANDS.  IT IS ABUTTED BY RR TRACKS TO THE WEST, OLD ROUTE ONE TO THE NORTH AND WETLANDS ON THE SOUTH AND EAST.  IT WAS CLOSED TO USE IN 1976 AND COVERED WITH DITCH DIGGINGS ACCORDING TO A NOTE IN DEP FILES.  THE SIDES ARE STEEP, WITH PROTRUDING WASTE READILY VISIBLE BUT THE SITE DOES NOT APPEAR TO POSE A SIGNIFICANT RISK TO PUBLIC HEALTH OR THE ENVIRONMENT GIVEN ITS ISOLATED SETTING.","CLOSED":"POST-1976"},"id":468},{"type":"Feature","geometry":{"type":"Point","coordinates":[-68.5838133400067,47.15634828978447]},"properties":{"OBJECTID":"469","LATITUDE":"47.15635","LONGITUDE":"-68.58381","SITE_NAME":"WALLAGRASS LANDFILL","SITE_NUMBER":"29886","ADDRESS":"SOLDIER POND","TOWN":"WALLAGRASS","DESCRIPTION":"2 ACRE LANDFILL CLOSED IN 1991 AS REQUIRED BY THE MEDEP LANDFILL CLOSURE AND REMEDIATION PROGRAM.   THE LANDFILL CLOSURE USED THE REGULATION CLOSURE PROCEDURE.  THIS GENERALLY CONSISTED OF AN ENVIRONMENTAL ASSESSMENT, A CLAY OR COMPOSITE COVER SYSTEM, AND WATER QUALITY MONITORING.  SPECIFIC DETAILS FOR CLOSURE OF THIS LANDFILL ARE AVAILABLE THROUGH MEDEP FILE ROOM.","SUMMARY":"CLOSED IN 1991 AS REQUIRED BY THE MEDEP LANDFILL CLOSURE AND REMEDIATION PROGRAM. 2 ACRE LANDFILL.   THE LANDFILL CLOSURE USED THE REGULATION CLOSURE PROCEDURE.  THIS GENERALLY CONSISTED OF AN ENVIRONMENTAL ASSESSMENT, A CLAY OR COMPOSITE COVER SYSTEM, AND WATER QUALITY MONITORING.  SPECIFIC DETAILS FOR CLOSURE OF THIS LANDFILL ARE AVAILABLE THROUGH MEDEP FILE ROOM.","CLOSED":"POST-1976"},"id":469},{"type":"Feature","geometry":{"type":"Point","coordinates":[-68.35581195036293,44.6601179095832]},"properties":{"OBJECTID":"470","LATITUDE":"44.66012","LONGITUDE":"-68.35581","SITE_NAME":"WALTHAM LANDFILL","SITE_NUMBER":"29809","ADDRESS":"RTE 179 WALTHAM RD","TOWN":"WALTHAM","DESCRIPTION":"1.5 ACRE LANDFILL CLOSED IN 1996 AS REQUIRED BY THE MEDEP LANDFILL CLOSURE AND REMEDIATION PROGRAM.  THE LANDFILL CLOSURE USED AN ALTERNATIVE PROCEDURE AS IT WAS NOT AUTOMATICALLY ELIGIBLE FOR A REDUCED PROCEDURE CLOSURE.  THIS INCLUDED AN ENVIRONMENTAL ASSESSMENT AND POSSIBLE IMPROVED COVER SYSTEM AND/OR WATER QUALITY MONITORING.  SPECIFIC DETAILS OF CLOSURE ARE AVAILABLE THROUGH THE MEDEP FILE ROOM.","SUMMARY":"CLOSED IN 1996 AS REQUIRED BY THE MEDEP LANDFILL CLOSURE AND REMEDIATION PROGRAM. 1.5 ACRE LANDFILL.  THE LANDFILL CLOSURE USED AN ALTERNATIVE PROCEDURE AS IT WAS NOT AUTOMATICALLY ELIGIBLE FOR A REDUCED PROCEDURE CLOSURE.  THIS INCLUDED AN ENVIRONMENTAL ASSESSMENT AND POSSIBLE IMPROVED COVER SYSTEM AND/OR WATER QUALITY MONITORING.  SPECIFIC DETAILS OF CLOSURE ARE AVAILABLE THROUGH THE MEDEP FILE ROOM.","CLOSED":"POST-1976"},"id":470},{"type":"Feature","geometry":{"type":"Point","coordinates":[-69.3017599700353,44.160664440448016]},"properties":{"OBJECTID":"471","LATITUDE":"44.16066","LONGITUDE":"-69.30176","SITE_NAME":"WARREN LANDFILL","SITE_NUMBER":"29613","ADDRESS":"OLD AUGUSTA RD","TOWN":"WARREN","DESCRIPTION":"4 ACRE LANDFILL CLOSED IN 1996 AS REQUIRED BY THE MEDEP LANDFILL CLOSURE AND REMEDIATION PROGRAM.  THE LANDFILL CLOSURE USED AN ALTERNATIVE PROCEDURE AS IT WAS NOT AUTOMATICALLY ELIGIBLE FOR A REDUCED PROCEDURE CLOSURE.  THIS INCLUDED AN ENVIRONMENTAL ASSESSMENT AND POSSIBLE IMPROVED COVER SYSTEM AND/OR WATER QUALITY MONITORING.  SPECIFIC DETAILS OF CLOSURE ARE AVAILABLE THROUGH THE MEDEP FILE ROOM.","SUMMARY":"CLOSED IN 1996 AS REQUIRED BY THE MEDEP LANDFILL CLOSURE AND REMEDIATION PROGRAM. 4 ACRE LANDFILL.  THE LANDFILL CLOSURE USED AN ALTERNATIVE PROCEDURE AS IT WAS NOT AUTOMATICALLY ELIGIBLE FOR A REDUCED PROCEDURE CLOSURE.  THIS INCLUDED AN ENVIRONMENTAL ASSESSMENT AND POSSIBLE IMPROVED COVER SYSTEM AND/OR WATER QUALITY MONITORING.  SPECIFIC DETAILS OF CLOSURE ARE AVAILABLE THROUGH THE MEDEP FILE ROOM.  LICENSED FACILITY LOCATED IN THE WALDOBORO MORAINE.","CLOSED":"POST-1976"},"id":471},{"type":"Feature","geometry":{"type":"Point","coordinates":[-68.15464883951665,46.82531693041101]},"properties":{"OBJECTID":"472","LATITUDE":"46.82532","LONGITUDE":"-68.15465","SITE_NAME":"WASHBURN LANDFILL AND FORMER TRANSFER STATION","SITE_NUMBER":"75813","ADDRESS":"EVERETT RD","TOWN":"WASHBURN","DESCRIPTION":"","SUMMARY":"2.5 ACRE LANDFILL CLOSED IN 1981  THE LANDFILL WAS CLOSED PRIOR TO THE ESTABLISHMENT OF THE MEDEP LANDFILL CLOSURE AND REMEDIATION PROGRAM IN 1988.  THEREFORE THE CLOSURE PROCEDURE IS UNKNOWN.\r\nTHE SITE ALSO WAS LICENSED FOR A TIME AS A TRANSFER STATION","CLOSED":"POST-1976"},"id":472},{"type":"Feature","geometry":{"type":"Point","coordinates":[-69.40365498938792,44.26286488008059]},"properties":{"OBJECTID":"473","LATITUDE":"44.26286","LONGITUDE":"-69.40365","SITE_NAME":"WASHINGTON LANDFILL","SITE_NUMBER":"29615","ADDRESS":"DUMP RD OFF VANNER RD","TOWN":"WASHINGTON","DESCRIPTION":"3 ACRE LANDFILL CLOSED IN 1997 AS REQUIRED BY THE MEDEP LANDFILL CLOSURE AND REMEDIATION PROGRAM.  THE LANDFILL CLOSURE USED A REDUCED PROCEDURE.  THIS GENERALLY CONSISTED OF REGRADING WASTE AND CAPPING WITH 6 INCHES TOPSOIL OVER 18 INCHES 10E-6 CM/S GLACIAL TILL OVER 6 INCHES OF BURROW.  SPECIFIC DETAILS FOR CLOSURE OF THIS LANDFILL ARE AVAILABLE THROUGH THE MEDEP FILE ROOM.","SUMMARY":"CLOSED IN 1997 AS REQUIRED BY THE MEDEP LANDFILL CLOSURE AND REMEDIATION PROGRAM. 3 ACRE LANDFILL.  THE LANDFILL CLOSURE USED A REDUCED PROCEDURE.  THIS GENERALLY CONSISTED OF REGRADING WASTE AND CAPPING WITH 6 INCHES TOPSOIL OVER 18 INCHES 10E-6 CM/S GLACIAL TILL OVER 6 INCHES OF BURROW.  SPECIFIC DETAILS FOR CLOSURE OF THIS LANDFILL ARE AVAILABLE THROUGH THE MEDEP FILE ROOM.  DUMP IS LOCATED IN MINED-OUT GRAVEL PIT IN AN ESKER.","CLOSED":"POST-1976"},"id":473},{"type":"Feature","geometry":{"type":"Point","coordinates":[-70.6751266101714,43.57590855012088]},"properties":{"OBJECTID":"474","LATITUDE":"43.57591","LONGITUDE":"-70.67513","SITE_NAME":"WATERBORO LANDFILL","SITE_NUMBER":"27155","ADDRESS":"BENNET HILL RD","TOWN":"WATERBORO","DESCRIPTION":"2.5 ACRE LANDFILL CLOSED IN 1982 AS REQUIRED BY THE MEDEP LANDFILL CLOSURE AND REMEDIATION PROGRAM.   THE LANDFILL CLOSURE USED THE REGULATION CLOSURE PROCEDURE.  THIS GENERALLY CONSISTED OF AN ENVIRONMENTAL ASSESSMENT, A CLAY OR COMPOSITE COVER SYSTEM, AND WATER QUALITY MONITORING.  SPECIFIC DETAILS FOR CLOSURE OF THIS LANDFILL ARE AVAILABLE THROUGH MEDEP FILE ROOM.","SUMMARY":"CLOSED IN 1982 AS REQUIRED BY THE MEDEP LANDFILL CLOSURE AND REMEDIATION PROGRAM. 2.5 ACRE LANDFILL.   THE LANDFILL CLOSURE USED THE REGULATION CLOSURE PROCEDURE.  THIS GENERALLY CONSISTED OF AN ENVIRONMENTAL ASSESSMENT, A CLAY OR COMPOSITE COVER SYSTEM, AND WATER QUALITY MONITORING.  SPECIFIC DETAILS FOR CLOSURE OF THIS LANDFILL ARE AVAILABLE THROUGH MEDEP FILE ROOM.   SEE FILES FOR ADDITIONAL INFO. OPERATED 25 YRS. CLOSED 1982.  ALLEGEDLY RECEIVED INDUSTRIAL WASTE IN DRUMS.  MICHAEL LONDON HELPED CLOSE, SAYS BURRIEDLITERALLY HUNDREDS OF DRUMS AND PUNCTURED OVER A DOZEN THATCONTAINED THICK, GREEN, AWFULLY ODOROUS SLUDGE.  05-31-91 CEH PROPOSED SCOPE OF WORK TO FRANK FIORE.","CLOSED":"POST-1976"},"id":474},{"type":"Feature","geometry":{"type":"Point","coordinates":[-70.78816783029534,44.253031520373675]},"properties":{"OBJECTID":"475","LATITUDE":"44.25303","LONGITUDE":"-70.78817","SITE_NAME":"WATERFORD LANDFILL","SITE_NUMBER":"27302","ADDRESS":"CROOKED RIVER CAUSEWAY","TOWN":"ALBANY TWP","DESCRIPTION":"10 ACRE LANDFILL CLOSED IN 1996 AS REQUIRED BY THE MEDEP LANDFILL CLOSURE AND REMEDIATION PROGRAM.  THE LANDFILL CLOSURE USED A REDUCED PROCEDURE.  THIS GENERALLY CONSISTED OF REGRADING WASTE AND CAPPING WITH 6 INCHES TOPSOIL OVER 18 INCHES 10E-6 CM/S GLACIAL TILL OVER 6 INCHES OF BURROW.  SPECIFIC DETAILS FOR CLOSURE OF THIS LANDFILL ARE AVAILABLE THROUGH THE MEDEP FILE ROOM.","SUMMARY":"CLOSED IN 1996 AS REQUIRED BY THE MEDEP LANDFILL CLOSURE AND REMEDIATION PROGRAM. 10 ACRE LANDFILL.  THE LANDFILL CLOSURE USED A REDUCED PROCEDURE.  THIS GENERALLY CONSISTED OF REGRADING WASTE AND CAPPING WITH 6 INCHES TOPSOIL OVER 18 INCHES 10E-6 CM/S GLACIAL TILL OVER 6 INCHES OF BURROW.  SPECIFIC DETAILS FOR CLOSURE OF THIS LANDFILL ARE AVAILABLE THROUGH THE MEDEP FILE ROOM.  FACILITY LOCATED IN A BIG GRAVEL PIT.","CLOSED":"POST-1976"},"id":475},{"type":"Feature","geometry":{"type":"Point","coordinates":[-69.70388908980779,44.52166578967611]},"properties":{"OBJECTID":"476","LATITUDE":"44.52167","LONGITUDE":"-69.70389","SITE_NAME":"WATERVILLE LANDFILL","SITE_NUMBER":"27715","ADDRESS":"WEBB RD","TOWN":"WATERVILLE","DESCRIPTION":"56 ACRE LANDFILL CLOSED IN 1998 AS REQUIRED BY THE MEDEP LANDFILL CLOSURE AND REMEDIATION PROGRAM.  THE LANDFILL CLOSURE USED AN ALTERNATIVE PROCEDURE AS IT WAS NOT AUTOMATICALLY ELIGIBLE FOR A REDUCED PROCEDURE CLOSURE.  THIS INCLUDED AN ENVIRONMENTAL ASSESSMENT AND POSSIBLE IMPROVED COVER SYSTEM AND/OR WATER QUALITY MONITORING.  SPECIFIC DETAILS OF CLOSURE ARE AVAIABLE THROUGH THE MEDEP FILE ROOM.","SUMMARY":"CLOSED IN 1998 AS REQUIRED BY THE MEDEP LANDFILL CLOSURE AND REMEDIATION PROGRAM. 56 ACRE LANDFILL.  THE LANDFILL CLOSURE USED AN ALTERNATIVE PROCEDURE AS IT WAS NOT AUTOMATICALLY ELIGIBLE FOR A REDUCED PROCEDURE CLOSURE.  THIS INCLUDED AN ENVIRONMENTAL ASSESSMENT AND POSSIBLE IMPROVED COVER SYSTEM AND/OR WATER QUALITY MONITORING.  SPECIFIC DETAILS OF CLOSURE ARE AVAIABLE THROUGH THE MEDEP FILE ROOM.   NOTES:  CLOSED LANDFILL WITH ACTIVE DEMOLITION DISPOSAL. (1990) GROUNDWATER SAMPLING QUARTERLY. OLD MUNICIPAL LANDFILL AND TEMPORARY TRANSFER STATION (MUNICIPAL).  LANDFILL LEACHATE IS CONTAMINATING GROUND WATER, AND DISCHARGING POLLUTANT TO SURFACE WATER.","CLOSED":"POST-1976"},"id":476},{"type":"Feature","geometry":{"type":"Point","coordinates":[-70.03558294984563,44.32925237027796]},"properties":{"OBJECTID":"477","LATITUDE":"44.32925","LONGITUDE":"-70.03558","SITE_NAME":"WAYNE LANDFILL","SITE_NUMBER":"27765","ADDRESS":"FAIRBANKS RD","TOWN":"WAYNE","DESCRIPTION":"4 ACRE LANDFILL CLOSED IN 1995 AS REQUIRED BY THE MEDEP LANDFILL CLOSURE AND REMEDIATION PROGRAM.  THE LANDFILL CLOSURE USED AN ALTERNATIVE PROCEDURE AS IT WAS NOT AUTOMATICALLY ELIGIBLE FOR A REDUCED PROCEDURE CLOSURE.  THIS INCLUDED AN ENVIRONMENTAL ASSESSMENT AND POSSIBLE IMPROVED COVER SYSTEM AND/OR WATER QUALITY MONITORING.  SPECIFIC DETAILS OF CLOSURE ARE AVAIABLE THROUGH THE MEDEP FILE ROOM.","SUMMARY":"CLOSED IN 1995 AS REQUIRED BY THE MEDEP LANDFILL CLOSURE AND REMEDIATION PROGRAM. 4 ACRE LANDFILL.  THE LANDFILL CLOSURE USED AN ALTERNATIVE PROCEDURE AS IT WAS NOT AUTOMATICALLY ELIGIBLE FOR A REDUCED PROCEDURE CLOSURE.  THIS INCLUDED AN ENVIRONMENTAL ASSESSMENT AND POSSIBLE IMPROVED COVER SYSTEM AND/OR WATER QUALITY MONITORING.  SPECIFIC DETAILS OF CLOSURE ARE AVAIABLE THROUGH THE MEDEP FILE ROOM.  HISTORICAL COMMENTS: ACTIVE UNDER DEP SUPERVISION (1990). INSPECTION OF 2/90 NOTED LEACHATE AND SOIL LOSS TO AN ADJACENT POND DURING EVERY RAINFALL. NO MONITORING DATA OR CLOSURE PLAN IN FILE.","CLOSED":"POST-1976"},"id":477},{"type":"Feature","geometry":{"type":"Point","coordinates":[-70.46062203050569,44.7350648401228]},"properties":{"OBJECTID":"478","LATITUDE":"44.73506","LONGITUDE":"-70.46062","SITE_NAME":"WELD LANDFILL","SITE_NUMBER":"29521","ADDRESS":"RTE 142  PHILLIPS RD","TOWN":"WELD","DESCRIPTION":"2.5 ACRE LANDFILL CLOSED IN 1996 AS REQUIRED BY THE MEDEP LANDFILL CLOSURE AND REMEDIATION PROGRAM.  THE LANDFILL CLOSURE USED A REDUCED PROCEDURE.  THIS GENERALLY CONSISTED OF REGRADING WASTE AND CAPPING WITH 6 INCHES TOPSOIL OVER 18 INCHES 10E-6 CM/S GLACIAL TILL OVER 6 INCHES OF BURROW.  SPECIFIC DETAILS FOR CLOSURE OF THIS LANDFILL ARE AVAILABLE THROUGH THE MEDEP FILE ROOM.","SUMMARY":"CLOSED IN 1996 AS REQUIRED BY THE MEDEP LANDFILL CLOSURE AND REMEDIATION PROGRAM. 2.5 ACRE LANDFILL.  THE LANDFILL CLOSURE USED A REDUCED PROCEDURE.  THIS GENERALLY CONSISTED OF REGRADING WASTE AND CAPPING WITH 6 INCHES TOPSOIL OVER 18 INCHES 10E-6 CM/S GLACIAL TILL OVER 6 INCHES OF BURROW.  SPECIFIC DETAILS FOR CLOSURE OF THIS LANDFILL ARE AVAILABLE THROUGH THE MEDEP FILE ROOM.","CLOSED":"POST-1976"},"id":478},{"type":"Feature","geometry":{"type":"Point","coordinates":[-70.62384516049953,43.312527029932625]},"properties":{"OBJECTID":"479","LATITUDE":"43.31253","LONGITUDE":"-70.62385","SITE_NAME":"WELLS LANDFILL","SITE_NUMBER":"27158","ADDRESS":"WILLIE HILL RD","TOWN":"WELLS","DESCRIPTION":"20 ACRE LANDFILL CLOSED IN 1996 AS REQUIRED BY THE MEDEP LANDFILL CLOSURE AND REMEDIATION PROGRAM.  THE LANDFILL CLOSURE USED AN ALTERNATIVE PROCEDURE AS IT WAS NOT AUTOMATICALLY ELIGIBLE FOR A REDUCED PROCEDURE CLOSURE.  THIS INCLUDED AN ENVIRONMENTAL ASSESSMENT AND POSSIBLE IMPROVED COVER SYSTEM AND/OR WATER QUALITY MONITORING.  SPECIFIC DETAILS OF CLOSURE ARE AVAILABLE THROUGH THE MEDEP FILE ROOM.","SUMMARY":"CLOSED IN 1996 AS REQUIRED BY THE MEDEP LANDFILL CLOSURE AND REMEDIATION PROGRAM. 20 ACRE LANDFILL.  THE LANDFILL CLOSURE USED AN ALTERNATIVE PROCEDURE AS IT WAS NOT AUTOMATICALLY ELIGIBLE FOR A REDUCED PROCEDURE CLOSURE.  THIS INCLUDED AN ENVIRONMENTAL ASSESSMENT AND POSSIBLE IMPROVED COVER SYSTEM AND/OR WATER QUALITY MONITORING.  SPECIFIC DETAILS OF CLOSURE ARE AVAILABLE THROUGH THE MEDEP FILE ROOM.   HISTORICAL NOTES: SEE FILES FOR ADDITIONAL INFO. WELLS LANDFILL WAS OPENED IN 1971. 2 OF THE G.W. MONITORING WELLS ARE CONSIDERABLY CONTAMINATED AND INFRARED REMOTESENSING INDICATES LEACHATE MIGRATION UP TO 1300 FEET SOUTHOF THE WELLS LANDFILL. THE FILL IS LOCATED ON A SERIES OF GRAVEL PITS.","CLOSED":"POST-1976"},"id":479},{"type":"Feature","geometry":{"type":"Point","coordinates":[-67.62172282012034,45.00116214038171]},"properties":{"OBJECTID":"480","LATITUDE":"45.00116","LONGITUDE":"-67.62172","SITE_NAME":"WESLEY LANDFILL","SITE_NUMBER":"29750","ADDRESS":"RTE 9","TOWN":"CRAWFORD","DESCRIPTION":"2.5 ACRE LANDFILL CLOSED IN 1993  THE LANDFILL CLOSURE PROCEDURE IS UNKNOWN.","SUMMARY":"CLOSED IN 1993. 2.5 ACRE LANDFILL   THE LANDFILL CLOSURE PROCEDURE IS UNKNOWN.","CLOSED":"POST-1976"},"id":480},{"type":"Feature","geometry":{"type":"Point","coordinates":[-70.56228507044644,44.32369097019254]},"properties":{"OBJECTID":"481","LATITUDE":"44.32369","LONGITUDE":"-70.56229","SITE_NAME":"WEST PARIS LANDFILL","SITE_NUMBER":"27304","ADDRESS":"PIONEER ST","TOWN":"WEST PARIS","DESCRIPTION":"2 ACRE LANDFILL CLOSED IN 1993 AS REQUIRED BY THE MEDEP LANDFILL CLOSURE AND REMEDIATION PROGRAM.  THE LANDFILL CLOSURE USED THE INTERIM COVER AND GRADING (ICAG) PROCEDURE.  THIS GENERALLY CONSISTED OF REGRADING WASTE AND CAPPING WITH 6 INCHES TOPSOIL OVER 18 INCHES 10E-6 CM/S GLACIAL TILL OVER 6 INCHES OF BURROW.  SPECIFIC DETAILS FOR CLOSURE OF THIS LANDFILL ARE AVAILABLE THROUGH THE MEDEP FILE ROOM.","SUMMARY":"CLOSED IN 1993 AS REQUIRED BY THE MEDEP LANDFILL CLOSURE AND REMEDIATION PROGRAM. 2 ACRE LANDFILL.  THE LANDFILL CLOSURE USED THE INTERIM COVER AND GRADING (ICAG) PROCEDURE.  THIS GENERALLY CONSISTED OF REGRADING WASTE AND CAPPING WITH 6 INCHES TOPSOIL OVER 18 INCHES 10E-6 CM/S GLACIAL TILL OVER 6 INCHES OF BURROW.  SPECIFIC DETAILS FOR CLOSURE OF THIS LANDFILL ARE AVAILABLE THROUGH THE MEDEP FILE ROOM.DUMP IS LOCATED ON A SAND AND GRAVEL AQUIFER, NEAR THE MUNICIPAL WATER SUPPLY.","CLOSED":"POST-1976"},"id":481},{"type":"Feature","geometry":{"type":"Point","coordinates":[-70.45658819938306,44.516755390002295]},"properties":{"OBJECTID":"482","LATITUDE":"44.51676","LONGITUDE":"-70.45659","SITE_NAME":"WEST PERU LANDFILL","SITE_NUMBER":"27240","ADDRESS":"PLEASANT ST","TOWN":"PERU","DESCRIPTION":"2 ACRE LANDFILL CLOSED IN 1976 AS REQUIRED BY THE MEDEP LANDFILL CLOSURE AND REMEDIATION PROGRAM.   THE LANDFILL CLOSURE USED THE REGULATION CLOSURE PROCEDURE.  THIS GENERALLY CONSISTED OF AN ENVIRONMENTAL ASSESSMENT, A CLAY OR COMPOSITE COVER SYSTEM, AND WATER QUALITY MONITORING.  SPECIFIC DETAILS FOR CLOSURE OF THIS LANDFILL ARE AVAILABLE THROUGH MEDEP FILE ROOM.","SUMMARY":"CLOSED IN 1976 AS REQUIRED BY THE MEDEP LANDFILL CLOSURE AND REMEDIATION PROGRAM. 2 ACRE LANDFILL.   THE LANDFILL CLOSURE USED THE REGULATION CLOSURE PROCEDURE.  THIS GENERALLY CONSISTED OF AN ENVIRONMENTAL ASSESSMENT, A CLAY OR COMPOSITE COVER SYSTEM, AND WATER QUALITY MONITORING.  SPECIFIC DETAILS FOR CLOSURE OF THIS LANDFILL ARE AVAILABLE THROUGH MEDEP FILE ROOM.","CLOSED":"POST-1976"},"id":482},{"type":"Feature","geometry":{"type":"Point","coordinates":[-70.38198969999058,43.652682549824874]},"properties":{"OBJECTID":"483","LATITUDE":"43.65268","LONGITUDE":"-70.38199","SITE_NAME":"WESTBROOK LANDFILL","SITE_NUMBER":"28191","ADDRESS":"ELEANOR AVE","TOWN":"WESTBROOK","DESCRIPTION":"23 ACRE LANDFILL CLOSED IN 1999 AS REQUIRED BY THE MEDEP LANDFILL CLOSURE AND REMEDIATION PROGRAM.   THE LANDFILL CLOSURE USED THE REGULATION CLOSURE PROCEDURE.  THIS GENERALLY CONSISTED OF AN ENVIRONMENTAL ASSESSMENT, A CLAY OR COMPOSITE COVER SYSTEM, AND WATER QUALITY MONITORING.  SPECIFIC DETAILS FOR CLOSURE OF THIS LANDFILL ARE AVAILABLE THROUGH MEDEP FILE ROOM.","SUMMARY":"CLOSED IN 1999 AS REQUIRED BY THE MEDEP LANDFILL CLOSURE AND REMEDIATION PROGRAM. 23 ACRE LANDFILL.   THE LANDFILL CLOSURE USED THE REGULATION CLOSURE PROCEDURE.  THIS GENERALLY CONSISTED OF AN ENVIRONMENTAL ASSESSMENT, A CLAY OR COMPOSITE COVER SYSTEM, AND WATER QUALITY MONITORING.  SPECIFIC DETAILS FOR CLOSURE OF THIS LANDFILL ARE AVAILABLE THROUGH MEDEP FILE ROOM. HISTORY:  PORTLAND WATER DISTRICT APPLIED FOR PERMIT TO DISPOSE OF GRIT, SCREENINGS, AND SLUDGE FROM THE WESTBROOK TREATMENT PLANT AT THE WESTBROOK MUNICIPAL LANDFILL (SANDY HILL)ON SACO ST IN 1978. SEE ALSO #5531, SANDY HILL, SACO ST LANDFILL, WESTBROOK.","CLOSED":"POST-1976"},"id":483},{"type":"Feature","geometry":{"type":"Point","coordinates":[-67.9276657697417,46.58012262975727]},"properties":{"OBJECTID":"484","LATITUDE":"46.58012","LONGITUDE":"-67.92767","SITE_NAME":"WESTFIELD LANDFILL","SITE_NUMBER":"29888","ADDRESS":"DUMP RD OFF HIGH ST/EGYPT RD","TOWN":"WESTFIELD","DESCRIPTION":"3 ACRE LANDFILL CLOSED IN 1994 AS REQUIRED BY THE MEDEP LANDFILL CLOSURE AND REMEDIATION PROGRAM.   THE LANDFILL CLOSURE USED THE REGULATION CLOSURE PROCEDURE.  THIS GENERALLY CONSISTED OF AN ENVIRONMENTAL ASSESSMENT, A CLAY OR COMPOSITE COVER SYSTEM, AND WATER QUALITY MONITORING.  SPECIFIC DETAILS FOR CLOSURE OF THIS LANDFILL ARE AVAILABLE THROUGH MEDEP FILE ROOM.","SUMMARY":"CLOSED IN 1994 AS REQUIRED BY THE MEDEP LANDFILL CLOSURE AND REMEDIATION PROGRAM. 3 ACRE LANDFILL.   THE LANDFILL CLOSURE USED THE REGULATION CLOSURE PROCEDURE.  THIS GENERALLY CONSISTED OF AN ENVIRONMENTAL ASSESSMENT, A CLAY OR COMPOSITE COVER SYSTEM, AND WATER QUALITY MONITORING.  SPECIFIC DETAILS FOR CLOSURE OF THIS LANDFILL ARE AVAILABLE THROUGH MEDEP FILE ROOM.","CLOSED":"POST-1976"},"id":484},{"type":"Feature","geometry":{"type":"Point","coordinates":[-69.57749903963001,44.24401119996077]},"properties":{"OBJECTID":"485","LATITUDE":"44.24401","LONGITUDE":"-69.5775","SITE_NAME":"WHITEFIELD LANDFILL","SITE_NUMBER":"29401","ADDRESS":"158 HOWE RD","TOWN":"WHITEFIELD","DESCRIPTION":"1 ACRE LANDFILL CLOSED IN 1982  THE LANDFILL WAS CLOSED PRIOR TO THE ESTABLISHMENT OF THE MEDEP LANDFILL CLOSURE AND REMEDIATION PROGRAM IN 1988.  THEREFORE THE CLOSURE PROCEDURE IS UNKNOWN.  SITE OVERGROWING; CAMPING TRAILER PARKED ON SITE; DRIVEWAY OVER SITE. TOWN ADVISED THAT THE OWNER'S WATER SHOULD BE TESTED (2010)","SUMMARY":"CLOSED IN JANUARY 1982.  1 ACRE LANDFILL.  THE LANDFILL WAS CLOSED PRIOR TO THE ESTABLISHMENT OF THE MEDEP LANDFILL CLOSURE AND REMEDIATION PROGRAM IN 1988.  THEREFORE THE CLOSURE PROCEDURE IS UNKNOWN.  SITE OVERGROWING; CAMPING TRAILER PARKED ON SITE; DRIVEWAY OVER SITE. TOWN ADVISED THAT THE OWNER'S WATER SHOULD BE TESTED (2010)","CLOSED":"POST-1976"},"id":485},{"type":"Feature","geometry":{"type":"Point","coordinates":[-67.53693048039523,44.741157460405105]},"properties":{"OBJECTID":"486","LATITUDE":"44.74116","LONGITUDE":"-67.53693","SITE_NAME":"WHITNEYVILLE LANDFILL","SITE_NUMBER":"29751","ADDRESS":"CANAL RD","TOWN":"WHITNEYVILLE","DESCRIPTION":"0.5 ACRE LANDFILL CLOSED IN 2008 AS REQUIRED BY THE MEDEP LANDFILL CLOSURE AND REMEDIATION PROGRAM.  THE LANDFILL CLOSURE USED A REDUCED PROCEDURE.  THIS GENERALLY CONSISTED OF REGRADING WASTE AND CAPPING WITH 6 INCHES TOPSOIL OVER 18 INCHES 10E-6 CM/S GLACIAL TILL OVER 6 INCHES OF BURROW.  SPECIFIC DETAILS FOR CLOSURE OF THIS LANDFILL ARE AVAILABLE THROUGH THE MEDEP FILE ROOM.","SUMMARY":"CLOSED IN 2008 AS REQUIRED BY THE MEDEP LANDFILL CLOSURE AND REMEDIATION PROGRAM. 0.5 ACRE LANDFILL.  THE LANDFILL CLOSURE USED A REDUCED PROCEDURE.  THIS GENERALLY CONSISTED OF REGRADING WASTE AND CAPPING WITH 6 INCHES TOPSOIL OVER 18 INCHES 10E-6 CM/S GLACIAL TILL OVER 6 INCHES OF BURROW.  SPECIFIC DETAILS FOR CLOSURE OF THIS LANDFILL ARE AVAILABLE THROUGH THE MEDEP FILE ROOM.","CLOSED":"POST-1976"},"id":486},{"type":"Feature","geometry":{"type":"Point","coordinates":[-69.38036457012355,45.298475900415156]},"properties":{"OBJECTID":"487","LATITUDE":"45.29848","LONGITUDE":"-69.38036","SITE_NAME":"WILLIMANTIC LANDFILL AND TRANSFER STATION","SITE_NUMBER":"29574","ADDRESS":"RTE 150  SEBEC LAKE RD","TOWN":"WILLIMANTIC","DESCRIPTION":"2 ACRE LANDFILL CLOSED IN 1993 AS REQUIRED BY THE MEDEP LANDFILL CLOSURE AND REMEDIATION PROGRAM.  THE LANDFILL CLOSURE USED THE INTERIM COVER AND GRADING (ICAG) PROCEDURE.  THIS GENERALLY CONSISTED OF REGRADING WASTE AND CAPPING WITH 6 INCHES TOPSOIL OVER 18 INCHES 10E-6 CM/S GLACIAL TILL OVER 6 INCHES OF BURROW.  SPECIFIC DETAILS FOR CLOSURE OF THIS LANDFILL ARE AVAILABLE THROUGH THE MEDEP FILE ROOM.","SUMMARY":"CLOSED IN 1993 AS REQUIRED BY THE MEDEP LANDFILL CLOSURE AND REMEDIATION PROGRAM. 2 ACRE LANDFILL.  THE LANDFILL CLOSURE USED THE INTERIM COVER AND GRADING (ICAG) PROCEDURE.  THIS GENERALLY CONSISTED OF REGRADING WASTE AND CAPPING WITH 6 INCHES TOPSOIL OVER 18 INCHES 10E-6 CM/S GLACIAL TILL OVER 6 INCHES OF BURROW.  SPECIFIC DETAILS FOR CLOSURE OF THIS LANDFILL ARE AVAILABLE THROUGH THE MEDEP FILE ROOM.","CLOSED":"POST-1976"},"id":487},{"type":"Feature","geometry":{"type":"Point","coordinates":[-70.19435220994853,44.59301983011824]},"properties":{"OBJECTID":"488","LATITUDE":"44.59302","LONGITUDE":"-70.19435","SITE_NAME":"WILTON ASH LANDFILL","SITE_NUMBER":"95129","ADDRESS":"MUNSON RD","TOWN":"WILTON","DESCRIPTION":"1 ACRE LANDFILL CLOSED IN 1999 AS REQUIRED BY THE MEDEP LANDFILL CLOSURE AND REMEDIATION PROGRAM.  THE LANDFILL CLOSURE USED AN ALTERNATIVE PROCEDURE AS IT WAS NOT AUTOMATICALLY ELIGIBLE FOR A REDUCED PROCEDURE CLOSURE.  THIS INCLUDED AN ENVIRONMENTAL ASSESSMENT AND POSSIBLE IMPROVED COVER SYSTEM AND/OR WATER QUALITY MONITORING.  SPECIFIC DETAILS OF CLOSURE ARE AVAIABLE THROUGH THE MEDEP FILE ROOM.","SUMMARY":"CLOSED IN 1999 AS REQUIRED BY THE MEDEP LANDFILL CLOSURE AND REMEDIATION PROGRAM. 1 ACRE LANDFILL.  THE LANDFILL CLOSURE USED AN ALTERNATIVE PROCEDURE AS IT WAS NOT AUTOMATICALLY ELIGIBLE FOR A REDUCED PROCEDURE CLOSURE.  THIS INCLUDED AN ENVIRONMENTAL ASSESSMENT AND POSSIBLE IMPROVED COVER SYSTEM AND/OR WATER QUALITY MONITORING.  SPECIFIC DETAILS OF CLOSURE ARE AVAIABLE THROUGH THE MEDEP FILE ROOM.","CLOSED":"POST-1976"},"id":488},{"type":"Feature","geometry":{"type":"Point","coordinates":[-70.19317991010486,44.59218732956019]},"properties":{"OBJECTID":"489","LATITUDE":"44.59219","LONGITUDE":"-70.19318","SITE_NAME":"WILTON LANDFILL","SITE_NUMBER":"29522","ADDRESS":"MUNSON RD","TOWN":"WILTON","DESCRIPTION":"10 ACRE LANDFILL CLOSED IN 1995 AS REQUIRED BY THE MEDEP LANDFILL CLOSURE AND REMEDIATION PROGRAM.  THE LANDFILL CLOSURE USED A REDUCED PROCEDURE.  THIS GENERALLY CONSISTED OF REGRADING WASTE AND CAPPING WITH 6 INCHES TOPSOIL OVER 18 INCHES 10E-6 CM/S GLACIAL TILL OVER 6 INCHES OF BURROW.  SPECIFIC DETAILS FOR CLOSURE OF THIS LANDFILL ARE AVAILABLE THROUGH THE MEDEP FILE ROOM.","SUMMARY":"CLOSED IN 1995 AS REQUIRED BY THE MEDEP LANDFILL CLOSURE AND REMEDIATION PROGRAM. 10 ACRE LANDFILL.  THE LANDFILL CLOSURE USED A REDUCED PROCEDURE.  THIS GENERALLY CONSISTED OF REGRADING WASTE AND CAPPING WITH 6 INCHES TOPSOIL OVER 18 INCHES 10E-6 CM/S GLACIAL TILL OVER 6 INCHES OF BURROW.  SPECIFIC DETAILS FOR CLOSURE OF THIS LANDFILL ARE AVAILABLE THROUGH THE MEDEP FILE ROOM.HISTORY: SITE IN ON SAND IN A VERY WET AREA.  TANNERY WASTE AND SLUDGE HAS ALSO BEEN DISPOSED OF AT THIS LOCATION.","CLOSED":"POST-1976"},"id":489},{"type":"Feature","geometry":{"type":"Point","coordinates":[-70.4548443300685,43.860515889804304]},"properties":{"OBJECTID":"490","LATITUDE":"43.86052","LONGITUDE":"-70.45484","SITE_NAME":"WINDHAM TOWN LANDFILL AND FORMER SSP","SITE_NUMBER":"28255","ADDRESS":"ENTERPRISE DRIVE","TOWN":"WINDHAM","DESCRIPTION":"9 ACRE LANDFILL CLOSED IN 1993 AS REQUIRED BY THE MEDEP LANDFILL CLOSURE AND REMEDIATION PROGRAM. A MUNICIPAL LANDFILL UNTIL 1977 WHEN AN INCINERATOR WAS BUILT. CONVERTED TO ASH LANDFILL AND RUN UNTIL 1988.   THE LANDFILL CLOSURE USED THE REGULATION CLOSURE PROCEDURE.  THIS GENERALLY CONSISTED OF AN ENVIRONMENTAL ASSESSMENT, A CLAY OR COMPOSITE COVER SYSTEM, AND WATER QUALITY MONITORING.  SPECIFIC DETAILS FOR CLOSURE OF THIS LANDFILL ARE AVAILABLE THROUGH MEDEP FILE ROOM.   SAND SALT SITE HAS BEEN DISCONTINUED.  UPDATE 3/00.  SAND SALT PILE SIZE IS 200 CU. YDS. - UNCOVERED.  FLOW TO NORTHWEST. IT IS A VERY SMALL PILE. ALL OF THE AREA'S WATERIS CITY WATER. THE SAND SALT PILE IS RIGHT NEXT TO A LAND-FILL.","SUMMARY":"CLOSED IN 1993 AS REQUIRED BY THE MEDEP LANDFILL CLOSURE AND REMEDIATION PROGRAM. 9 ACRE LANDFILL. A MUNICIPAL LANDFILL UNTIL 1977 WHEN AN INCINERATOR WAS BUILT. CONVERTED TO ASH LANDFILL AND RUN UNTIL 1988.   THE LANDFILL CLOSURE USED THE REGULATION CLOSURE PROCEDURE.  THIS GENERALLY CONSISTED OF AN ENVIRONMENTAL ASSESSMENT, A CLAY OR COMPOSITE COVER SYSTEM, AND WATER QUALITY MONITORING.  SPECIFIC DETAILS FOR CLOSURE OF THIS LANDFILL ARE AVAILABLE THROUGH MEDEP FILE ROOM.  SAND SALT SITE HAS BEEN DISCONTINUED.  UPDATE 3/00.  SAND SALT PILE SIZE IS 200 CU. YDS. - UNCOVERED.  FLOW TO NORTHWEST. IT IS A VERY SMALL PILE. ALL OF THE AREA'S WATERIS CITY WATER. THE SAND SALT PILE IS RIGHT NEXT TO A LAND-FILL.","CLOSED":"POST-1976"},"id":490},{"type":"Feature","geometry":{"type":"Point","coordinates":[-69.5898902003145,44.284084270397976]},"properties":{"OBJECTID":"491","LATITUDE":"44.28408","LONGITUDE":"-69.58989","SITE_NAME":"WINDSOR LANDFILL","SITE_NUMBER":"27769","ADDRESS":"RT 32 RIDGE RD TO TRANSFER WY","TOWN":"WINDSOR","DESCRIPTION":"5 ACRE LANDFILL CLOSED IN 1994 AS REQUIRED BY THE MEDEP LANDFILL CLOSURE AND REMEDIATION PROGRAM.  THE LANDFILL CLOSURE USED A REDUCED PROCEDURE.  THIS GENERALLY CONSISTED OF REGRADING WASTE AND CAPPING WITH 6 INCHES TOPSOIL OVER 18 INCHES 10E-6 CM/S GLACIAL TILL OVER 6 INCHES OF BURROW.  SPECIFIC DETAILS FOR CLOSURE OF THIS LANDFILL ARE AVAILABLE THROUGH THE MEDEP FILE ROOM.","SUMMARY":"CLOSED IN 1994 AS REQUIRED BY THE MEDEP LANDFILL CLOSURE AND REMEDIATION PROGRAM. 5 ACRE LANDFILL.  THE LANDFILL CLOSURE USED A REDUCED PROCEDURE.  THIS GENERALLY CONSISTED OF REGRADING WASTE AND CAPPING WITH 6 INCHES TOPSOIL OVER 18 INCHES 10E-6 CM/S GLACIAL TILL OVER 6 INCHES OF BURROW.  SPECIFIC DETAILS FOR CLOSURE OF THIS LANDFILL ARE AVAILABLE THROUGH THE MEDEP FILE ROOM.  HISTORICAL NOTES: REQUIRED TO CLOSE 1/1/92 DUE TO LOCATION OVER A SAND AND GRAVEL AQUIFER. ASSUMED NO LONGER ACTIVE BUT FOUND NO EVIDENCE OF A CLOSURE PLAN OR GROUNDWATER INVESTIGATION.","CLOSED":"POST-1976"},"id":491},{"type":"Feature","geometry":{"type":"Point","coordinates":[-68.35149563975243,45.45902910021419]},"properties":{"OBJECTID":"492","LATITUDE":"45.45903","LONGITUDE":"-68.3515","SITE_NAME":"WINN LANDFILL","SITE_NUMBER":"75814","ADDRESS":"ROUTE 168","TOWN":"WINN","DESCRIPTION":"2.5 ACRE LANDFILL CLOSED IN 1995 AS REQUIRED BY THE MEDEP LANDFILL CLOSURE AND REMEDIATION PROGRAM.  THE LANDFILL CLOSURE USED AN ALTERNATIVE PROCEDURE AS IT WAS NOT AUTOMATICALLY ELIGIBLE FOR A REDUCED PROCEDURE CLOSURE.  THIS INCLUDED AN ENVIRONMENTAL ASSESSMENT AND POSSIBLE IMPROVED COVER SYSTEM AND/OR WATER QUALITY MONITORING.  SPECIFIC DETAILS OF CLOSURE ARE AVAILABLE THROUGH THE MEDEP FILE ROOM.","SUMMARY":"CLOSED IN 1995 AS REQUIRED BY THE MEDEP LANDFILL CLOSURE AND REMEDIATION PROGRAM. 2.5 ACRE LANDFILL.  THE LANDFILL CLOSURE USED AN ALTERNATIVE PROCEDURE AS IT WAS NOT AUTOMATICALLY ELIGIBLE FOR A REDUCED PROCEDURE CLOSURE.  THIS INCLUDED AN ENVIRONMENTAL ASSESSMENT AND POSSIBLE IMPROVED COVER SYSTEM AND/OR WATER QUALITY MONITORING.  SPECIFIC DETAILS OF CLOSURE ARE AVAILABLE THROUGH THE MEDEP FILE ROOM.","CLOSED":"POST-1976"},"id":492},{"type":"Feature","geometry":{"type":"Point","coordinates":[-68.09763710017839,44.41601972042223]},"properties":{"OBJECTID":"493","LATITUDE":"44.41602","LONGITUDE":"-68.09764","SITE_NAME":"WINTER HARBOR LANDFILL","SITE_NUMBER":"27503","ADDRESS":"RTE 186  NEWMAN ST","TOWN":"WINTER HARBOR","DESCRIPTION":"1.3 ACRE LANDFILL CLOSED IN 1995 AS REQUIRED BY THE MEDEP LANDFILL CLOSURE AND REMEDIATION PROGRAM.  THE LANDFILL CLOSURE USED AN ALTERNATIVE PROCEDURE AS IT WAS NOT AUTOMATICALLY ELIGIBLE FOR A REDUCED PROCEDURE CLOSURE.  THIS INCLUDED AN ENVIRONMENTAL ASSESSMENT AND POSSIBLE IMPROVED COVER SYSTEM AND/OR WATER QUALITY MONITORING.  SPECIFIC DETAILS OF CLOSURE ARE AVAILABLE THROUGH THE MEDEP FILE ROOM.","SUMMARY":"CLOSED IN 1995 AS REQUIRED BY THE MEDEP LANDFILL CLOSURE AND REMEDIATION PROGRAM. 1.3 ACRE LANDFILL.  THE LANDFILL CLOSURE USED AN ALTERNATIVE PROCEDURE AS IT WAS NOT AUTOMATICALLY ELIGIBLE FOR A REDUCED PROCEDURE CLOSURE.  THIS INCLUDED AN ENVIRONMENTAL ASSESSMENT AND POSSIBLE IMPROVED COVER SYSTEM AND/OR WATER QUALITY MONITORING.  SPECIFIC DETAILS OF CLOSURE ARE AVAILABLE THROUGH THE MEDEP FILE ROOM.   HISTORICAL NOTES: MUNICIPAL SOLID WASTE FACILITY, OPEN BURNING DUMP, 1971-77. NAVAL SECURITY GROUP ACTIVITY DISPOSED OF ELECTRICAL COMPONENTS W/PCBS - APPROX. 90 LBS. PCB TOTAL.  UNITS HAVE MOST LIKELY CORRODED, THEREFORE LEAKING. GW QUALITY NOT ADVERSELY AFFECTED AS OF 10/83. REFERRED TO SOLID WASTE.","CLOSED":"POST-1976"},"id":493},{"type":"Feature","geometry":{"type":"Point","coordinates":[-68.87069565059748,44.63025506003191]},"properties":{"OBJECTID":"494","LATITUDE":"44.63026","LONGITUDE":"-68.8707","SITE_NAME":"WINTERPORT LANDFILL","SITE_NUMBER":"29214","ADDRESS":"STREAM RD","TOWN":"WINTERPORT","DESCRIPTION":"2 ACRE LANDFILL CLOSED IN 1992 AS REQUIRED BY THE MEDEP LANDFILL CLOSURE AND REMEDIATION PROGRAM.   THE LANDFILL CLOSURE USED THE REGULATION CLOSURE PROCEDURE.  THIS GENERALLY CONSISTED OF AN ENVIRONMENTAL ASSESSMENT, A CLAY OR COMPOSITE COVER SYSTEM, AND WATER QUALITY MONITORING.  SPECIFIC DETAILS FOR CLOSURE OF THIS LANDFILL ARE AVAILABLE THROUGH MEDEP FILE ROOM.","SUMMARY":"CLOSED IN 1992 AS REQUIRED BY THE MEDEP LANDFILL CLOSURE AND REMEDIATION PROGRAM. 2 ACRE LANDFILL.   THE LANDFILL CLOSURE USED THE REGULATION CLOSURE PROCEDURE.  THIS GENERALLY CONSISTED OF AN ENVIRONMENTAL ASSESSMENT, A CLAY OR COMPOSITE COVER SYSTEM, AND WATER QUALITY MONITORING.  SPECIFIC DETAILS FOR CLOSURE OF THIS LANDFILL ARE AVAILABLE THROUGH MEDEP FILE ROOM.","CLOSED":"POST-1976"},"id":494},{"type":"Feature","geometry":{"type":"Point","coordinates":[-68.609998579557,46.97118220982699]},"properties":{"OBJECTID":"495","LATITUDE":"46.97118","LONGITUDE":"-68.61","SITE_NAME":"WINTERVILLE PLT LANDFILL","SITE_NUMBER":"29890","ADDRESS":"NORTH QUIMBY RD","TOWN":"WINTERVILLE PLT","DESCRIPTION":"2 ACRE LANDFILL CLOSED IN 1994 AS REQUIRED BY THE MEDEP LANDFILL CLOSURE AND REMEDIATION PROGRAM.  THE LANDFILL CLOSURE USED A REDUCED PROCEDURE.  THIS GENERALLY CONSISTED OF REGRADING WASTE AND CAPPING WITH 6 INCHES TOPSOIL OVER 18 INCHES 10E-6 CM/S GLACIAL TILL OVER 6 INCHES OF BURROW.  SPECIFIC DETAILS FOR CLOSURE OF THIS LANDFILL ARE AVAILABLE THROUGH THE MEDEP FILE ROOM.","SUMMARY":"CLOSED IN 1994 AS REQUIRED BY THE MEDEP LANDFILL CLOSURE AND REMEDIATION PROGRAM. 2 ACRE LANDFILL.  THE LANDFILL CLOSURE USED A REDUCED PROCEDURE.  THIS GENERALLY CONSISTED OF REGRADING WASTE AND CAPPING WITH 6 INCHES TOPSOIL OVER 18 INCHES 10E-6 CM/S GLACIAL TILL OVER 6 INCHES OF BURROW.  SPECIFIC DETAILS FOR CLOSURE OF THIS LANDFILL ARE AVAILABLE THROUGH THE MEDEP FILE ROOM.","CLOSED":"POST-1976"},"id":495},{"type":"Feature","geometry":{"type":"Point","coordinates":[-69.98810720985638,44.275637960170066]},"properties":{"OBJECTID":"496","LATITUDE":"44.27564","LONGITUDE":"-69.98811","SITE_NAME":"WINTHROP LANDFILL","SITE_NUMBER":"34966","ADDRESS":"ANNABESSACOOK RD","TOWN":"WINTHROP","DESCRIPTION":"13.5 ACRE LANDFILL CLOSED IN 1988.  NATIONAL PRIORITIES LIST (NPL) SUPERFUND SITE.   THE LANDFILL CLOSURE USED THE REGULATION CLOSURE PROCEDURE.  THIS GENERALLY CONSISTED OF AN ENVIRONMENTAL ASSESSMENT, A CLAY OR COMPOSITE COVER SYSTEM, AND WATER QUALITY MONITORING.  SPECIFIC DETAILS FOR CLOSURE OF THIS LANDFILL ARE AVAILABLE THROUGH MEDEP FILE ROOM.","SUMMARY":"CLOSED IN 1988. 13.5 ACRE LANDFILL.  NATIONAL PRIORITIES LIST (NPL) SUPERFUND SITE.   THE LANDFILL CLOSURE USED THE REGULATION CLOSURE PROCEDURE.  THIS GENERALLY CONSISTED OF AN ENVIRONMENTAL ASSESSMENT, A CLAY OR COMPOSITE COVER SYSTEM, AND WATER QUALITY MONITORING.  SPECIFIC DETAILS FOR CLOSURE OF THIS LANDFILL ARE AVAILABLE THROUGH MEDEP FILE ROOM.MUNICIPAL LANDFILL, LATER ADDED TO NPL. SUPERFUND (CLEANUP) SITE.\n\nPUMP AND TREAT SYSTEM IS MAINTAINED BY UNITED TECHNOLOGIES CORPORATION, UTC BUILDING, ONE FINANCIAL PLAZA MS:502, HARTFORD CT 06101\n\nUNITED TECHNOLOGIES CORPORATION IS CLASSIFIED AS A RCRA LARGE QUANTITY GENERATOR FOR THE SPENT ACTIVATED CARBON FROM THE TREATMENT SYSTEM (SPENT ACTIVATED CARBON CONTAINING TOLUENE AND TRICHLOROETHENE).\n\nMEP000010749 - FTYPE HAZ WASTE.","CLOSED":"POST-1976"},"id":496},{"type":"Feature","geometry":{"type":"Point","coordinates":[-69.66616283034053,44.035406299709685]},"properties":{"OBJECTID":"497","LATITUDE":"44.03541","LONGITUDE":"-69.66616","SITE_NAME":"WISCASSET LANDFILL","SITE_NUMBER":"29560","ADDRESS":"HUNTOON HILL RD","TOWN":"WISCASSET","DESCRIPTION":"4.5 ACRE LANDFILL CLOSED IN 1994 AS REQUIRED BY THE MEDEP LANDFILL CLOSURE AND REMEDIATION PROGRAM.   THE LANDFILL CLOSURE USED THE REGULATION CLOSURE PROCEDURE.  THIS GENERALLY CONSISTED OF AN ENVIRONMENTAL ASSESSMENT, A CLAY OR COMPOSITE COVER SYSTEM, AND WATER QUALITY MONITORING.  SPECIFIC DETAILS FOR CLOSURE OF THIS LANDFILL ARE AVAILABLE THROUGH MEDEP FILE ROOM.","SUMMARY":"CLOSED IN 1994 AS REQUIRED BY THE MEDEP LANDFILL CLOSURE AND REMEDIATION PROGRAM. 4.5 ACRE LANDFILL.   THE LANDFILL CLOSURE USED THE REGULATION CLOSURE PROCEDURE.  THIS GENERALLY CONSISTED OF AN ENVIRONMENTAL ASSESSMENT, A CLAY OR COMPOSITE COVER SYSTEM, AND WATER QUALITY MONITORING.  SPECIFIC DETAILS FOR CLOSURE OF THIS LANDFILL ARE AVAILABLE THROUGH MEDEP FILE ROOM.","CLOSED":"POST-1976"},"id":497},{"type":"Feature","geometry":{"type":"Point","coordinates":[-70.64250253051792,44.4115164600932]},"properties":{"OBJECTID":"498","LATITUDE":"44.41152","LONGITUDE":"-70.6425","SITE_NAME":"WOODSTOCK LANDFILL","SITE_NUMBER":"29515","ADDRESS":"RTE 232","TOWN":"WOODSTOCK","DESCRIPTION":"2.5 ACRE LANDFILL CLOSED IN 1985 AS REQUIRED BY THE MEDEP LANDFILL CLOSURE AND REMEDIATION PROGRAM.   THE LANDFILL CLOSURE USED THE REGULATION CLOSURE PROCEDURE.  THIS GENERALLY CONSISTED OF AN ENVIRONMENTAL ASSESSMENT, A CLAY OR COMPOSITE COVER SYSTEM, AND WATER QUALITY MONITORING.  SPECIFIC DETAILS FOR CLOSURE OF THIS LANDFILL ARE AVAILABLE THROUGH MEDEP FILE ROOM.","SUMMARY":"CLOSED IN 1985 AS REQUIRED BY THE MEDEP LANDFILL CLOSURE AND REMEDIATION PROGRAM.  2.5 ACRE LANDFILL.  THE LANDFILL CLOSURE USED THE REGULATION CLOSURE PROCEDURE.  THIS GENERALLY CONSISTED OF AN ENVIRONMENTAL ASSESSMENT, A CLAY OR COMPOSITE COVER SYSTEM, AND WATER QUALITY MONITORING.  SPECIFIC DETAILS FOR CLOSURE OF THIS LANDFILL ARE AVAILABLE THROUGH MEDEP FILE ROOM.","CLOSED":"POST-1976"},"id":498},{"type":"Feature","geometry":{"type":"Point","coordinates":[-69.80223055952125,43.93235896995803]},"properties":{"OBJECTID":"499","LATITUDE":"43.93236","LONGITUDE":"-69.80223","SITE_NAME":"WOOLWICH LANDFILL","SITE_NUMBER":"27639","ADDRESS":"RTE 127 MIDDLE RD","TOWN":"WOOLWICH","DESCRIPTION":"5 ACRE LANDFILL CLOSED IN 1995 AS REQUIRED BY THE MEDEP LANDFILL CLOSURE AND REMEDIATION PROGRAM.  THE LANDFILL CLOSURE USED AN ALTERNATIVE PROCEDURE AS IT WAS NOT AUTOMATICALLY ELIGIBLE FOR A REDUCED PROCEDURE CLOSURE.  THIS INCLUDED AN ENVIRONMENTAL ASSESSMENT AND POSSIBLE IMPROVED COVER SYSTEM AND/OR WATER QUALITY MONITORING.  SPECIFIC DETAILS OF CLOSURE ARE AVAILABLE THROUGH THE MEDEP FILE ROOM.","SUMMARY":"CLOSED IN 1995 AS REQUIRED BY THE MEDEP LANDFILL CLOSURE AND REMEDIATION PROGRAM. 5 ACRE LANDFILL.  THE LANDFILL CLOSURE USED AN ALTERNATIVE PROCEDURE AS IT WAS NOT AUTOMATICALLY ELIGIBLE FOR A REDUCED PROCEDURE CLOSURE.  THIS INCLUDED AN ENVIRONMENTAL ASSESSMENT AND POSSIBLE IMPROVED COVER SYSTEM AND/OR WATER QUALITY MONITORING.  SPECIFIC DETAILS OF CLOSURE ARE AVAILABLE THROUGH THE MEDEP FILE ROOM.","CLOSED":"POST-1976"},"id":499},{"type":"Feature","geometry":{"type":"Point","coordinates":[-70.1629489102631,43.81722775043932]},"properties":{"OBJECTID":"500","LATITUDE":"43.81723","LONGITUDE":"-70.16295","SITE_NAME":"YARMOUTH LANDFILL","SITE_NUMBER":"28327","ADDRESS":"695 E MAIN ST","TOWN":"YARMOUTH","DESCRIPTION":"6 ACRE LANDFILL CLOSED IN 1990 AS REQUIRED BY THE MEDEP LANDFILL CLOSURE AND REMEDIATION PROGRAM.   THE LANDFILL CLOSURE USED THE REGULATION CLOSURE PROCEDURE.  THIS GENERALLY CONSISTED OF AN ENVIRONMENTAL ASSESSMENT, A CLAY OR COMPOSITE COVER SYSTEM, AND WATER QUALITY MONITORING.  SPECIFIC DETAILS FOR CLOSURE OF THIS LANDFILL ARE AVAILABLE THROUGH MEDEP FILE ROOM.","SUMMARY":"CLOSED IN 1990 AS REQUIRED BY THE MEDEP LANDFILL CLOSURE AND REMEDIATION PROGRAM. 6 ACRE LANDFILL.   THE LANDFILL CLOSURE USED THE REGULATION CLOSURE PROCEDURE.  THIS GENERALLY CONSISTED OF AN ENVIRONMENTAL ASSESSMENT, A CLAY OR COMPOSITE COVER SYSTEM, AND WATER QUALITY MONITORING.  SPECIFIC DETAILS FOR CLOSURE OF THIS LANDFILL ARE AVAILABLE THROUGH MEDEP FILE ROOM.   NOTES:  S-015135-WH: CD DEBRIS, TRANSFER STATION.  CMP ASH DISPOSAL PERMITTED AT SITE IN 1975.  A ONE TIME PERMIT ISSUED TO CMP IN 1978 TO DUMP FILTER SAND IN THE LANDFILL. NO RECENT FOLLOW-UP INFO WAS AVAILABLE. CLOSURE WILL ALSO INCLUDE LEACHATE.  SEE FILES\r\n\nMUNICIPAL LF CLOSING IN PROGRESS SEPTEMBER 1992. GW MONITORING IS PART OF THE CLOSURE PLAN. CAP PROPOSED TO BE MANUFACTURED. SITE CONTAINS LEGALLY DEPOSITED MERCURY CONTAMINATED SOILS ENCASED IN CONCRETE AND SEVERAL ASBESTOS LOCATIONS.","CLOSED":"POST-1976"},"id":500},{"type":"Feature","geometry":{"type":"Point","coordinates":[-70.7442338698332,43.19970883971067]},"properties":{"OBJECTID":"501","LATITUDE":"43.19971","LONGITUDE":"-70.74423","SITE_NAME":"YORK LANDFILL","SITE_NUMBER":"27211","ADDRESS":"RTE 91/ 65 WITCHTROT RD","TOWN":"YORK","DESCRIPTION":"7.5 ACRE LANDFILL CLOSED IN 1995 AS REQUIRED BY THE MEDEP LANDFILL CLOSURE AND REMEDIATION PROGRAM.  THE LANDFILL CLOSURE USED A REDUCED PROCEDURE.  THIS GENERALLY CONSISTED OF REGRADING WASTE AND CAPPING WITH 6 INCHES TOPSOIL OVER 18 INCHES 10E-6 CM/S GLACIAL TILL OVER 6 INCHES OF BURROW.  SPECIFIC DETAILS FOR CLOSURE OF THIS LANDFILL ARE AVAILABLE THROUGH THE MEDEP FILE ROOM.","SUMMARY":"CLOSED IN 1995 AS REQUIRED BY THE MEDEP LANDFILL CLOSURE AND REMEDIATION PROGRAM. 7.5 ACRE LANDFILL.  THE LANDFILL CLOSURE USED A REDUCED PROCEDURE.  THIS GENERALLY CONSISTED OF REGRADING WASTE AND CAPPING WITH 6 INCHES TOPSOIL OVER 18 INCHES 10E-6 CM/S GLACIAL TILL OVER 6 INCHES OF BURROW.  SPECIFIC DETAILS FOR CLOSURE OF THIS LANDFILL ARE AVAILABLE THROUGH THE MEDEP FILE ROOM.  HISTORICAL NOTES: THE SITE WAS OPENED IN 1977 AND CLOSED IN 1987. IT IS STILL BEING CLOSELY MONITORED AS SEVERAL WELLS HAVEPRODUCED CONTAMINATED READINGS.THE SITE IS PRESENTLY ON THE HAZARDOUS WASTE LIST.","CLOSED":"POST-1976"},"id":501},{"type":"Feature","geometry":{"type":"Point","coordinates":[-69.42552694363835,44.519853917793974]},"properties":{"OBJECTID":"502","LATITUDE":"44.51985","LONGITUDE":"-69.42553","SITE_NAME":"ALBION LANDFILL","SITE_NUMBER":"27275","ADDRESS":"SOUTH FREEDOM RD","TOWN":"ALBION","DESCRIPTION":"3 ACRE LANDFILL CLOSED IN 1994 AS REQUIRED BY THE MEDEP LANDFILL CLOSURE AND REMEDIATION PROGRAM.  THE LANDFILL CLOSURE USED THE INTERIM COVER AND GRADING (ICAG) PROCEDURE.  THIS GENERALLY CONSISTED OF REGRADING WASTE AND CAPPING WITH 6 INCHES TOPSOIL OVER 18 INCHES 10E-6 CM/S GLACIAL TILL OVER 6 INCHES OF BURROW.  SPECIFIC DETAILS FOR CLOSURE OF THIS LANDFILL ARE AVAILABLE THROUGH THE MEDEP FILE ROOM.","SUMMARY":"CLOSED IN 1994 AS REQUIRED BY THE MEDEP LANDFILL CLOSURE AND REMEDIATION PROGRAM. 3 ACRE LANDFILL.  THE LANDFILL CLOSURE USED THE INTERIM COVER AND GRADING (ICAG) PROCEDURE.  THIS GENERALLY CONSISTED OF REGRADING WASTE AND CAPPING WITH 6 INCHES TOPSOIL OVER 18 INCHES 10E-6 CM/S GLACIAL TILL OVER 6 INCHES OF BURROW.  SPECIFIC DETAILS FOR CLOSURE OF THIS LANDFILL ARE AVAILABLE THROUGH THE MEDEP FILE ROOM. SOME LEACHATE PROBLEMS NOTED. NO GROUNDWATER MONITORING. NOCLOSURE PLAN AVAILABLE.  TRANSFER STATION WILL BE ON SITE WITH DEP APPROVAL.","CLOSED":"POST-1976"},"id":502},{"type":"Feature","geometry":{"type":"Point","coordinates":[-69.3104990498854,44.52616828365708]},"properties":{"OBJECTID":"503","LATITUDE":"44.52617","LONGITUDE":"-69.3105","SITE_NAME":"FREEDOM OLD DUMP","SITE_NUMBER":"158447","ADDRESS":"178 BELFAST RD","TOWN":"FREEDOM","DESCRIPTION":"","SUMMARY":"","CLOSED":"POST-1976"},"id":503}]}