{"type":"FeatureCollection","features":[{"type":"Feature","geometry":{"type":"Polygon","coordinates":[[[-69.8680415428986,44.86108336731164],[-69.86775608693725,44.86106019035],[-69.86751903075303,44.86109578727912],[-69.86735981839259,44.86117303684669],[-69.86726568058026,44.861232894083045],[-69.86716055273374,44.86135197786496],[-69.86708473873985,44.86144549164534],[-69.86708076486096,44.861576480468685],[-69.86711722466876,44.861631121191024],[-69.86720713602229,44.861685356905255],[-69.86727872172989,44.86170593498747],[-69.86737311400142,44.8616629737314],[-69.8674447644539,44.861687776822826],[-69.8674883047441,44.86181840472554],[-69.86749027125421,44.861949347528636],[-69.86755674517441,44.862024883625516],[-69.86754146426117,44.86219397799007],[-69.8675024910693,44.86236747703382],[-69.86748676712757,44.862507003617885],[-69.86754780840315,44.86261637681352],[-69.86761428189988,44.862691911971154],[-69.8675499654411,44.86275999226216],[-69.86746960755058,44.8629464788796],[-69.86747119347643,44.863052078126444],[-69.86758638730875,44.86320750896078],[-69.86760004181629,44.863325689722615],[-69.86782087601715,44.863395827203114],[-69.86810078483654,44.863444394381645],[-69.86835156986508,44.86353120106408],[-69.86850681788304,44.86358493889934],[-69.8685711976185,44.86352108140096],[-69.8687240316645,44.863414307572405],[-69.86888096335015,44.86318499225634],[-69.86890077971562,44.86292292514949],[-69.8686422795757,44.86271789293987],[-69.86843812257713,44.862571589142355],[-69.86831123917003,44.86242892214688],[-69.8683663127613,44.862141239683964],[-69.8684461598803,44.861920960458136],[-69.86856240160122,44.861751097218935],[-69.86858968410692,44.8615903599304],[-69.8686022928599,44.8612438580248],[-69.86855957618134,44.86116814273638],[-69.8683094361,44.86112357592193],[-69.8680415428986,44.86108336731164]]]},"properties":{"OBJECTID":"1","EGAD_SEQ":"","MAP_REFERENCE":"","FEATURE_NA":"EST WASTE AREA","POLYGON_TY":"LF WASTE AREA","EGAD_SITE_SEQ":"27,838","SITE_DESCR":"LANDFILL MUNICIPAL","LOCATION_A":"WITHIN 3M","LOCATION_M":"DIGITIZED","DATA_SOURC":"MDEP GIS UNIT","GlobalID":"{99E9C387-8723-4758-8C35-F64B9C9E78B1}","Shape_Length":"756.94","Shape_Area":"23,733.41"},"id":1},{"type":"Feature","geometry":{"type":"Polygon","coordinates":[[[-68.96705003398863,45.302773940402524],[-68.96601883773776,45.3033129241059],[-68.96607009214729,45.30336722977848],[-68.966239253967,45.30351567417803],[-68.96646991904193,45.30373652423754],[-68.96666470587748,45.30392478801919],[-68.96673135817983,45.30396462085359],[-68.9667928895922,45.30398635475003],[-68.96688008672092,45.30397914110142],[-68.96696216654692,45.30394297275017],[-68.9673879899698,45.30371869532293],[-68.96742903783678,45.30368613169445],[-68.96744957107192,45.30365356310724],[-68.96744958971148,45.30362098777206],[-68.96744448401283,45.303584794194485],[-68.9674137397637,45.30353773395822],[-68.96736247801532,45.303487046570204],[-68.967275352962,45.303374820389344],[-68.96719849028426,45.303255360822575],[-68.9671421310609,45.30315762039618],[-68.96709603776891,45.303041788185055],[-68.96706021713425,45.302900621636404],[-68.96705003398863,45.302773940402524]]]},"properties":{"OBJECTID":"2","EGAD_SEQ":"","MAP_REFERENCE":"","FEATURE_NA":"PHASE II","POLYGON_TY":"LF WASTE AREA","EGAD_SITE_SEQ":"35,122","SITE_DESCR":"LANDFILL MUNICIPAL","LOCATION_A":"WITHIN 3M","LOCATION_M":"CAD","DATA_SOURC":"CES ENGINEERS & SURVEYORS","GlobalID":"{3BE7CFAD-DEA6-4016-B56D-2A2585387E95}","Shape_Length":"366.8","Shape_Area":"7,974.28"},"id":2},{"type":"Feature","geometry":{"type":"Polygon","coordinates":[[[-70.18065555243246,44.04525617391227],[-70.18085526898467,44.045173705986045],[-70.18100496867504,44.045107317118216],[-70.18113345767478,44.045059302654494],[-70.18131607714368,44.04502110290553],[-70.18130107838925,44.04499013423938],[-70.18127852697195,44.044941092867134],[-70.18125603201804,44.044894639376025],[-70.18124626335165,44.04476506479553],[-70.18125004907665,44.04459384990849],[-70.18126231262386,44.04448738785457],[-70.18125101368057,44.04446156686592],[-70.18122559608906,44.044448863922014],[-70.1811895922796,44.044446641415306],[-70.18097431477163,44.04446962254446],[-70.18067306628538,44.04450904783481],[-70.18048705865336,44.04455765885788],[-70.18039795969528,44.04459748579047],[-70.18034861054723,44.04464727384797],[-70.18034389403054,44.04477181222876],[-70.18038893884648,44.04486730747109],[-70.1804887322825,44.04500373171865],[-70.18065555243246,44.04525617391227]]]},"properties":{"OBJECTID":"3","EGAD_SEQ":"","MAP_REFERENCE":"","FEATURE_NA":"SLUDGE BED 1","POLYGON_TY":"LF WASTE AREA","EGAD_SITE_SEQ":"32,844","SITE_DESCR":"LANDFILL SPECIAL WASTE","LOCATION_A":"WITHIN 30M","LOCATION_M":"CAD","DATA_SOURC":"WOODARD AND CURRAN","GlobalID":"{2ECCE221-FDF6-4519-9CF4-EAEC866AC0BF}","Shape_Length":"274.14","Shape_Area":"4,815.64"},"id":3},{"type":"Feature","geometry":{"type":"Polygon","coordinates":[[[-67.83568273861488,46.456757096908646],[-67.8354686585217,46.456778729445666],[-67.83543319668534,46.45682599122159],[-67.83540603116558,46.45713050613714],[-67.83540469794366,46.45751624283438],[-67.83541695372409,46.45758780377611],[-67.83547784278574,46.45764081026633],[-67.83554633122854,46.45766055646282],[-67.83591928080324,46.457621492259335],[-67.83607834969038,46.457594537249626],[-67.83613468298158,46.45753796239938],[-67.83635555432595,46.457521160368024],[-67.83647298002666,46.45750806811279],[-67.8365850382949,46.45742348589932],[-67.8366496819046,46.45730032185274],[-67.83669314712974,46.457200754678816],[-67.83662942395321,46.45695722663393],[-67.83655881279272,46.45671362756747],[-67.8365328787088,46.45663716582913],[-67.83644392451961,46.456607686690724],[-67.83634737053615,46.45661146689863],[-67.8362159641696,46.45663394114903],[-67.83587686061281,46.45670192496085],[-67.83568273861488,46.456757096908646]]]},"properties":{"OBJECTID":"4","EGAD_SEQ":"","MAP_REFERENCE":"","FEATURE_NA":"EST WASTE AREA","POLYGON_TY":"LF WASTE AREA","EGAD_SITE_SEQ":"29,813","SITE_DESCR":"LANDFILL MUNICIPAL","LOCATION_A":"WITHIN 3M","LOCATION_M":"DIGITIZED","DATA_SOURC":"MDEP GIS UNIT","GlobalID":"{4173BBFA-A46A-46AC-98E2-1F29C5441B8A}","Shape_Length":"367.24","Shape_Area":"9,201.26"},"id":4},{"type":"Feature","geometry":{"type":"Polygon","coordinates":[[[-69.94165907287449,43.81474553249328],[-69.94163340656036,43.81471263448518],[-69.94156228219744,43.81469666531824],[-69.94149817170941,43.81469057126162],[-69.94146188126761,43.81470908122996],[-69.94139449962802,43.814785790059105],[-69.94128212507992,43.8149092225688],[-69.94119920899195,43.815015858050074],[-69.94114891943741,43.815161957429595],[-69.9411841215941,43.81536529545265],[-69.94121503550191,43.81544119457075],[-69.94127961480793,43.8154770828374],[-69.94133892057147,43.81546831718606],[-69.94144968461089,43.81538794033179],[-69.94157795770352,43.815257753514615],[-69.94162258502678,43.81518785433484],[-69.94166211925234,43.81508488670877],[-69.94167611822412,43.81495729803961],[-69.94165907287449,43.81474553249328]]]},"properties":{"OBJECTID":"5","EGAD_SEQ":"","MAP_REFERENCE":"","FEATURE_NA":"EST WASTE BOUNDARY","POLYGON_TY":"LF WASTE AREA","EGAD_SITE_SEQ":"28,899","SITE_DESCR":"LANDFILL MUNICIPAL","LOCATION_A":"WITHIN 3M","LOCATION_M":"DIGITIZED","DATA_SOURC":"MDEP GIS UNIT","GlobalID":"{FFDE565A-27B8-429E-8CED-85E4E5895306}","Shape_Length":"207.34","Shape_Area":"2,480.9"},"id":5},{"type":"Feature","geometry":{"type":"Polygon","coordinates":[[[-68.34901465397084,44.29357468101981],[-68.34912716835476,44.29344172799916],[-68.34923402085016,44.293318711665606],[-68.34937197920583,44.29314402844794],[-68.34938920914959,44.29309228352522],[-68.34939242318055,44.293052421999214],[-68.34936821109301,44.29298249528497],[-68.3493410699299,44.29292651198268],[-68.34931652645774,44.292886493243515],[-68.34931703284502,44.29284063287893],[-68.34932864418558,44.29279483937244],[-68.34939352373725,44.29270149365488],[-68.34947235158268,44.29260224391952],[-68.34959391671264,44.29240354058908],[-68.3497016451642,44.29220077090717],[-68.34971411415613,44.29207721673308],[-68.34969805092152,44.29202328894313],[-68.34965467198423,44.291929323993664],[-68.34958388321185,44.29180330250561],[-68.34952627398121,44.29174116232928],[-68.34936110767642,44.29161460322463],[-68.34920138313603,44.291498042142365],[-68.34911035152568,44.2914456821897],[-68.34897208344661,44.291397039499145],[-68.34886424595427,44.29135853826951],[-68.34881152430651,44.29135624445492],[-68.34871983097558,44.29136369838313],[-68.34864186301564,44.29138518790946],[-68.3485917437498,44.29139885860963],[-68.3485440712696,44.291442454024995],[-68.34846270725275,44.29151975277962],[-68.34838967783375,44.29159710172093],[-68.34829106462608,44.29172814099851],[-68.34821516908833,44.29181344656026],[-68.3481613443699,44.291910843051426],[-68.34809364092453,44.292008160309464],[-68.34803759357656,44.29205569515598],[-68.3479760819393,44.29209522389662],[-68.34792307661098,44.29211885048802],[-68.34785072601979,44.29213438722154],[-68.34780340169462,44.292146081159196],[-68.3477423753261,44.292141744361864],[-68.34762314548016,44.292129099347825],[-68.34746784946107,44.292114254913415],[-68.34724586564789,44.292105009915495],[-68.34708494730572,44.29209611714812],[-68.34691568459098,44.29208916611681],[-68.346732473273,44.29208811847983],[-68.34652983222928,44.292086959397714],[-68.34639656438286,44.29208819199817],[-68.34624373785829,44.29210127483616],[-68.34618235773286,44.29212883743065],[-68.3461264857226,44.29216042076647],[-68.34609546436155,44.29220411046805],[-68.34608385060406,44.29224990633689],[-68.34608327537978,44.29230174431124],[-68.34611603193858,44.29235178252338],[-68.34618448137262,44.292437912920974],[-68.34625874512007,44.2925001509921],[-68.34644875813406,44.292638820855295],[-68.34683733783748,44.29289627041928],[-68.34724261894145,44.2931498257494],[-68.34737496046814,44.29323233577583],[-68.34763691254926,44.2933933478244],[-68.3478852469345,44.293530352369174],[-68.34811699587493,44.29366128460871],[-68.34825529059194,44.29370793339698],[-68.34844667779696,44.293722982627436],[-68.34857437468854,44.293723710937854],[-68.34869938094485,44.293716447078324],[-68.34884399494317,44.29369334508745],[-68.34901465397084,44.29357468101981]]]},"properties":{"OBJECTID":"6","EGAD_SEQ":"","MAP_REFERENCE":"","FEATURE_NA":"EST SOLID WASTE BOUNDARY","POLYGON_TY":"LF WASTE AREA","EGAD_SITE_SEQ":"29,767","SITE_DESCR":"LANDFILL COMMERCIAL","LOCATION_A":"WITHIN 3M","LOCATION_M":"GPS MAPPING GRADE","DATA_SOURC":"MDEP GIS UNIT","GlobalID":"{D3D4D508-CF32-489A-BE46-DD4627F70666}","Shape_Length":"875.09","Shape_Area":"42,158.04"},"id":6},{"type":"Feature","geometry":{"type":"Polygon","coordinates":[[[-69.64101943487076,44.085353214950175],[-69.6408206328199,44.085238625367914],[-69.64048027171482,44.08516488145409],[-69.64022787769905,44.08523304881199],[-69.63991422607518,44.085346060535564],[-69.6396995903532,44.08548076792148],[-69.63952845689671,44.08564193175045],[-69.63951190231121,44.08582448194756],[-69.63963039936397,44.08593507306443],[-69.63972338728058,44.08597015349248],[-69.64018042685846,44.08598539483876],[-69.64029207955092,44.08603372039145],[-69.64039167398279,44.08610881557965],[-69.6404361850196,44.08622872036271],[-69.64045528163012,44.086282014916975],[-69.6405413295919,44.086245932340695],[-69.6406829387238,44.0862095363328],[-69.64098487034319,44.0861544402359],[-69.64104622225044,44.08611849493308],[-69.64113661574474,44.08591328018199],[-69.64120293940434,44.085766051513914],[-69.64122016301454,44.08564579964719],[-69.64113793501228,44.08546380449427],[-69.64101943487076,44.085353214950175]]]},"properties":{"OBJECTID":"7","EGAD_SEQ":"","MAP_REFERENCE":"","FEATURE_NA":"EST WASTE AREA","POLYGON_TY":"LF WASTE AREA","EGAD_SITE_SEQ":"29,523","SITE_DESCR":"LANDFILL MUNICIPAL","LOCATION_A":"WITHIN 3M","LOCATION_M":"DIGITIZED","DATA_SOURC":"MDEP GIS UNIT","GlobalID":"{D2874B4E-3451-4230-A022-50BC7E38079E}","Shape_Length":"409.14","Shape_Area":"11,067.11"},"id":7},{"type":"Feature","geometry":{"type":"Polygon","coordinates":[[[-70.23911717060905,44.12604731252176],[-70.2387818850037,44.12602372325095],[-70.23867431353803,44.1260443358803],[-70.23821588095056,44.12632935466993],[-70.23841032405446,44.12684844817407],[-70.23863747859187,44.126865433184264],[-70.23911764244214,44.126844668875705],[-70.23932624203078,44.126749054858436],[-70.23939873347395,44.12660046390199],[-70.23938934774819,44.126409979675515],[-70.23932041750382,44.12621235997299],[-70.23921556495515,44.12610459066454],[-70.23911717060905,44.12604731252176]]]},"properties":{"OBJECTID":"8","EGAD_SEQ":"","MAP_REFERENCE":"","FEATURE_NA":"SAWDUST DISPOSAL AREA","POLYGON_TY":"LF WASTE AREA","EGAD_SITE_SEQ":"95,099","SITE_DESCR":"LANDFILL MUNICIPAL","LOCATION_A":"WITHIN 3M","LOCATION_M":"DIGITIZED","DATA_SOURC":"SUMMIT ENVIRONMENTAL","GlobalID":"{E9287CD9-D4AC-4915-BF45-5791A22C123C}","Shape_Length":"306.63","Shape_Area":"6,962.67"},"id":8},{"type":"Feature","geometry":{"type":"Polygon","coordinates":[[[-70.52515976218294,43.449631536283235],[-70.52501705348845,43.44967082994834],[-70.52495699354365,43.449731454113966],[-70.52503723560851,43.449861246357486],[-70.52522859578066,43.45012415999713],[-70.52533702698346,43.450354528364976],[-70.52537166145635,43.45050736281679],[-70.52534397952374,43.450631118542134],[-70.52532712203673,43.450777162909226],[-70.52532575033293,43.4509267383056],[-70.52539973629425,43.45101174759721],[-70.52553034474217,43.45110347838772],[-70.52561459336528,43.4511883505944],[-70.52566937384121,43.45132596101601],[-70.52569775093954,43.451434011813085],[-70.52576053847972,43.451481780362094],[-70.52594617337691,43.45151669181928],[-70.52611547759723,43.45151443192752],[-70.52622806504137,43.45150171242575],[-70.52633364219835,43.45141430651704],[-70.52641281392256,43.4512973420081],[-70.52645522654612,43.45114721774801],[-70.52649745091567,43.45098961799299],[-70.52648436929377,43.45087762461883],[-70.5264562731482,43.45078078679217],[-70.52642266997717,43.450669066504624],[-70.52636426167253,43.45059132788576],[-70.52624297384159,43.45046208456156],[-70.52616301036946,43.45034350509856],[-70.52611679725226,43.450138479513924],[-70.52605613522407,43.44997103672642],[-70.52598596353312,43.4498336318973],[-70.52588053709682,43.449722870082034],[-70.52573576246654,43.44967993521538],[-70.52554462650386,43.44963013991929],[-70.52535424248603,43.449610247135894],[-70.52515976218294,43.449631536283235]]]},"properties":{"OBJECTID":"9","EGAD_SEQ":"","MAP_REFERENCE":"","FEATURE_NA":"EST WASTE AREA","POLYGON_TY":"LF WASTE AREA","EGAD_SITE_SEQ":"27,691","SITE_DESCR":"LANDFILL MUNICIPAL","LOCATION_A":"WITHIN 3M","LOCATION_M":"DIGITIZED","DATA_SOURC":"MDEP GIS UNIT","GlobalID":"{5E8EFC18-F8D8-4435-AEBF-E2A08ECE22B2}","Shape_Length":"546.52","Shape_Area":"15,363.57"},"id":9},{"type":"Feature","geometry":{"type":"Polygon","coordinates":[[[-69.30248907458937,44.16143488060573],[-69.30260283217991,44.16135597014746],[-69.302736118566,44.16121268949117],[-69.30284918581934,44.16099799895869],[-69.30299693796162,44.16077249614568],[-69.30301129910428,44.16066883601282],[-69.30291171812353,44.160608356944024],[-69.3024987264058,44.16040935302827],[-69.30215546001281,44.16025661640882],[-69.30191679158746,44.160175063901775],[-69.30179755905368,44.16015394039575],[-69.30159407728605,44.16015804934998],[-69.30143540755772,44.16019062684374],[-69.30132652099317,44.160251657250534],[-69.30127234128501,44.16033398454577],[-69.30128294040487,44.160466163073636],[-69.30136799184181,44.160598147919394],[-69.30143833658511,44.16076589911446],[-69.30145855454325,44.16083730908769],[-69.30142460940554,44.160994620662024],[-69.30140057610761,44.16114832908012],[-69.30143570020778,44.161223274016564],[-69.30158988459551,44.16128361023005],[-69.30188322512147,44.16137931160928],[-69.30215654940072,44.16144290645966],[-69.30232549528438,44.16147818979965],[-69.30243462161063,44.16146360919791],[-69.30248907458937,44.16143488060573]]]},"properties":{"OBJECTID":"10","EGAD_SEQ":"","MAP_REFERENCE":"","FEATURE_NA":"WASTE BOUNDARY","POLYGON_TY":"LF WASTE AREA","EGAD_SITE_SEQ":"29,613","SITE_DESCR":"LANDFILL MUNICIPAL","LOCATION_A":"WITHIN 5M","LOCATION_M":"CAD","DATA_SOURC":"EMERY & GARRETT GROUNDWATER","GlobalID":"{ED75D95C-0391-48A2-98E0-0B7337B12217}","Shape_Length":"453.7","Shape_Area":"14,136.16"},"id":10},{"type":"Feature","geometry":{"type":"Polygon","coordinates":[[[-69.1874677338369,44.14671203816585],[-69.18756105247294,44.14675854448372],[-69.18769007339867,44.146750281857834],[-69.18777990686097,44.14679422598753],[-69.18807259254983,44.14649447467307],[-69.18797255801937,44.14643923763807],[-69.18772818503052,44.146563773057395],[-69.18759820218261,44.14655480683257],[-69.1874677338369,44.14671203816585]]]},"properties":{"OBJECTID":"11","EGAD_SEQ":"","MAP_REFERENCE":"","FEATURE_NA":"AREA 2","POLYGON_TY":"LF WASTE AREA","EGAD_SITE_SEQ":"38,321","SITE_DESCR":"LANDFILL SPECIAL WASTE","LOCATION_A":"WITHIN 3M","LOCATION_M":"CAD","DATA_SOURC":"E-PRO","GlobalID":"{39D8CEFB-125D-4F9D-BE15-8A1918543282}","Shape_Length":"133.63","Shape_Area":"882.29"},"id":11},{"type":"Feature","geometry":{"type":"Polygon","coordinates":[[[-70.35476563701083,43.737336074619954],[-70.35445658324365,43.73727775755719],[-70.35399412089161,43.73723985203674],[-70.35377471617596,43.73736641134224],[-70.35356371850652,43.73748667332527],[-70.35344854073988,43.73768637433729],[-70.35344460103629,43.73789095607658],[-70.35351673889258,43.738057448334416],[-70.3537428487532,43.73822831492524],[-70.3540534430654,43.73835479430501],[-70.35422646092681,43.73844571478748],[-70.3544909744807,43.738423985279425],[-70.35488423859246,43.73842552166476],[-70.35522398870789,43.73832852246113],[-70.35526364437044,43.738191695776734],[-70.35524880771473,43.7379129606856],[-70.35507103794399,43.73761136478988],[-70.35476563701083,43.737336074619954]]]},"properties":{"OBJECTID":"12","EGAD_SEQ":"","MAP_REFERENCE":"","FEATURE_NA":"EST WASTE AREA","POLYGON_TY":"LF WASTE AREA","EGAD_SITE_SEQ":"28,189","SITE_DESCR":"LANDFILL MUNICIPAL","LOCATION_A":"WITHIN 3M","LOCATION_M":"DIGITIZED","DATA_SOURC":"MDEP GIS UNIT","GlobalID":"{1398B0D9-BAF8-48FE-AD8E-331BDEA13230}","Shape_Length":"450.47","Shape_Area":"15,139.27"},"id":12},{"type":"Feature","geometry":{"type":"Polygon","coordinates":[[[-70.61216783584867,43.29764033368132],[-70.61177673241578,43.298177109287],[-70.6114408479272,43.29815032569693],[-70.61109728885518,43.298357767343184],[-70.61082000090937,43.298726351928124],[-70.6106478621543,43.298845833807135],[-70.61055246024416,43.29904077122936],[-70.61053265374656,43.299239148837],[-70.61056459408321,43.2993107324153],[-70.61066348690994,43.29940838980105],[-70.61080604849981,43.29949642488478],[-70.61126962289754,43.299602446345894],[-70.61171448968892,43.299510637254414],[-70.61197600231304,43.299376385576245],[-70.61215670946564,43.299333319230726],[-70.61232067089401,43.29919594338285],[-70.61238989959307,43.29917695758329],[-70.6127565156585,43.29930234978165],[-70.61312991352546,43.29937812362517],[-70.613574361355,43.29929982071182],[-70.61380957639811,43.29927849092504],[-70.6139416652012,43.29921809816207],[-70.6139613279662,43.29914578723862],[-70.61393438836593,43.29907413133626],[-70.61397709111537,43.29896997892688],[-70.61391353511303,43.2988538150946],[-70.61381578565253,43.29869762027153],[-70.61392547214014,43.29860602916251],[-70.6140057097484,43.2984788341811],[-70.61397178880966,43.29824519756171],[-70.61395301579965,43.298074378857024],[-70.61393403327328,43.297881050291586],[-70.61362564446347,43.297844883358174],[-70.61302227957786,43.297740840586755],[-70.61216783584867,43.29764033368132]]]},"properties":{"OBJECTID":"13","EGAD_SEQ":"","MAP_REFERENCE":"","FEATURE_NA":"APPROX WASTE BOUNDARY","POLYGON_TY":"LF WASTE AREA","EGAD_SITE_SEQ":"36,574","SITE_DESCR":"LANDFILL MUNICIPAL","LOCATION_A":"WITHIN 30M","LOCATION_M":"DIGITIZED","DATA_SOURC":"MDEP GIS UNIT","GlobalID":"{B18AC495-EEFC-45A9-B7DB-546DED195186}","Shape_Length":"860.02","Shape_Area":"41,932.41"},"id":13},{"type":"Feature","geometry":{"type":"Polygon","coordinates":[[[-69.18815694594201,44.146468084917664],[-69.18831651523448,44.14638632702508],[-69.18834494255182,44.146405295086346],[-69.18840505950517,44.14639214750895],[-69.18849345185582,44.14637104747239],[-69.188577082654,44.146419036481205],[-69.1885559122364,44.14645815915674],[-69.18869412313013,44.14653995982675],[-69.18876471342924,44.14651628613508],[-69.18872189445858,44.146387512763326],[-69.1884512377471,44.14610283291929],[-69.18833664767435,44.14612413727417],[-69.18821589417743,44.146179574094546],[-69.18815688398095,44.14615611962176],[-69.18802953669007,44.14618739960379],[-69.1879799019463,44.1462628981483],[-69.1881348224764,44.14638832889875],[-69.18815694594201,44.146468084917664]]]},"properties":{"OBJECTID":"14","EGAD_SEQ":"","MAP_REFERENCE":"","FEATURE_NA":"AREA 3","POLYGON_TY":"LF WASTE AREA","EGAD_SITE_SEQ":"38,321","SITE_DESCR":"LANDFILL SPECIAL WASTE","LOCATION_A":"WITHIN 3M","LOCATION_M":"CAD","DATA_SOURC":"E-PRO","GlobalID":"{025D531C-31F4-4D2D-A48C-83F3D5D38347}","Shape_Length":"192.04","Shape_Area":"1,483.88"},"id":14},{"type":"Feature","geometry":{"type":"Polygon","coordinates":[[[-68.41103085002351,44.56040715629841],[-68.4107245968015,44.55908744303842],[-68.41052116452055,44.558541567345905],[-68.41040243660885,44.55812793860723],[-68.41035656053359,44.557802563135446],[-68.41016178365618,44.55761701716435],[-68.40992942702294,44.557501578173664],[-68.40953792919497,44.557323803861536],[-68.40903698148753,44.55703122316036],[-68.40840209329457,44.55661492389914],[-68.40770434430885,44.55633889266497],[-68.40750869282851,44.55624121489198],[-68.40728872814555,44.55611704642704],[-68.4071401800091,44.55622172764759],[-68.40707730733286,44.55636200242613],[-68.40703927613578,44.55647604376175],[-68.40691611416659,44.556501764842146],[-68.40678048143248,44.556544998636575],[-68.40643270361895,44.5569034802647],[-68.40643073831097,44.55709679685007],[-68.40654054282335,44.55717645549507],[-68.40694414417402,44.5573718778521],[-68.40740884163395,44.55760276652696],[-68.40776311127773,44.55781550492044],[-68.40787238423384,44.557947886965835],[-68.40806839713822,44.5580104134303],[-68.40852232632525,44.55809185316555],[-68.40880375316134,44.55821633737988],[-68.40897332385215,44.55846326560932],[-68.4092246568457,44.55913241893225],[-68.409590726165,44.56061062139852],[-68.40962439965006,44.56092714558863],[-68.40970954204116,44.561015462903725],[-68.4099430667639,44.56101666962034],[-68.41023839787924,44.56098304521966],[-68.41091615658492,44.56081079215163],[-68.41105197355499,44.56074997862173],[-68.4110658571211,44.560591874249624],[-68.41103085002351,44.56040715629841]]]},"properties":{"OBJECTID":"15","EGAD_SEQ":"","MAP_REFERENCE":"","FEATURE_NA":"ESTIMATED WASTE AREA","POLYGON_TY":"LF WASTE AREA","EGAD_SITE_SEQ":"29,759","SITE_DESCR":"LANDFILL MUNICIPAL","LOCATION_A":"WITHIN 5M","LOCATION_M":"DIGITIZED","DATA_SOURC":"MDEP TECH SERVICES","GlobalID":"{1473E9F5-EDAC-4330-B842-3A5D199C8D08}","Shape_Length":"1,444.17","Shape_Area":"73,835.59"},"id":15},{"type":"Feature","geometry":{"type":"Polygon","coordinates":[[[-70.52364895294325,44.206154010395714],[-70.52340041558881,44.206111556708194],[-70.52304744060072,44.20613152088135],[-70.52287232916207,44.20619488064935],[-70.52261332501176,44.20629495681069],[-70.522172661558,44.206478820839415],[-70.52182230343185,44.20660045517495],[-70.52167637386088,44.20669902249274],[-70.5216542567192,44.20693833212726],[-70.52177178642471,44.20710967148039],[-70.52190175092304,44.20721473351762],[-70.52210932762716,44.207313676149035],[-70.52238613906019,44.207355755762585],[-70.52261138342135,44.207317154947006],[-70.52301751016044,44.20720127477585],[-70.52339704594044,44.20707783412249],[-70.52387370173345,44.20691891259457],[-70.52403912397432,44.20675397087005],[-70.5240334863906,44.206535372716345],[-70.52395822432338,44.20635838675747],[-70.52364895294325,44.206154010395714]]]},"properties":{"OBJECTID":"16","EGAD_SEQ":"","MAP_REFERENCE":"","FEATURE_NA":"EST WASTE BOUNDARY","POLYGON_TY":"LF WASTE AREA","EGAD_SITE_SEQ":"95,117","SITE_DESCR":"LANDFILL MUNICIPAL","LOCATION_A":"WITHIN 3M","LOCATION_M":"DIGITIZED","DATA_SOURC":"MDEP GIS UNIT","GlobalID":"{9DB504F3-C9C5-4FD4-8817-1C55B5601E99}","Shape_Length":"511.34","Shape_Area":"17,804.06"},"id":16},{"type":"Feature","geometry":{"type":"Polygon","coordinates":[[[-68.04558997201306,46.908174368638626],[-68.0450040113122,46.90830281812192],[-68.04458402753913,46.90847550676599],[-68.04446397198595,46.90858402964532],[-68.04441347812826,46.90868837171702],[-68.04440975457837,46.908897867743484],[-68.04436375145578,46.90914034398525],[-68.04442441843725,46.90924561395866],[-68.04451338446995,46.90932254830806],[-68.04454668387388,46.90940378025558],[-68.04448170210259,46.90954133458063],[-68.04437655446559,46.9095928390992],[-68.04432699046768,46.909644806658825],[-68.04434520990989,46.90979257998348],[-68.0444618821513,46.90987450791966],[-68.04454271775231,46.91001804158347],[-68.0446046539266,46.9100518925617],[-68.04468718096275,46.910100201235075],[-68.04472599238645,46.910262432220584],[-68.04484088977964,46.910444346211776],[-68.04505559571842,46.91048423287227],[-68.04524318671726,46.91048579757156],[-68.04545382050401,46.91036374242278],[-68.04567190734039,46.910213178128],[-68.04575705545473,46.91011388576746],[-68.04581033809092,46.90985242152794],[-68.04595267204728,46.90966312892154],[-68.04616338545351,46.909536311752895],[-68.04658007827922,46.90954930658245],[-68.04699896701054,46.90943850737753],[-68.04711910251893,46.909325219358536],[-68.04721414789475,46.90905933979075],[-68.04718531680666,46.908725762821256],[-68.0470840565588,46.90855825055119],[-68.04656687025896,46.90833489260092],[-68.04605528586339,46.90818777164605],[-68.04558997201306,46.908174368638626]]]},"properties":{"OBJECTID":"17","EGAD_SEQ":"","MAP_REFERENCE":"","FEATURE_NA":"EST WATSE AREA","POLYGON_TY":"LF WASTE AREA","EGAD_SITE_SEQ":"29,815","SITE_DESCR":"LANDFILL MUNICIPAL","LOCATION_A":"WITHIN 3M","LOCATION_M":"DIGITIZED","DATA_SOURC":"MDEP GIS UNIT","GlobalID":"{47CFDF10-C7DF-4278-AB2B-5DDDEC9C8C0B}","Shape_Length":"785.03","Shape_Area":"37,139.41"},"id":17},{"type":"Feature","geometry":{"type":"Polygon","coordinates":[[[-66.99180349944777,44.80771191730061],[-66.99192322507288,44.80790341947712],[-66.99200003806652,44.80798999970892],[-66.99211886797279,44.80801576464282],[-66.99237975127716,44.80797300403507],[-66.99270259541753,44.80786977715542],[-66.9930256026276,44.807761816175585],[-66.9931691353612,44.80765070301966],[-66.99321927544302,44.80754741380206],[-66.99325694342326,44.807420234067315],[-66.99321583004988,44.807263258562855],[-66.99312219623826,44.80708642096226],[-66.99294297088855,44.80688440186119],[-66.99264212813598,44.80673706407116],[-66.9923521211546,44.806660940622955],[-66.99208008137282,44.80664195157843],[-66.99182601298814,44.80668009804045],[-66.99159040949407,44.80676117975391],[-66.99148675550907,44.80687299526689],[-66.99151144897236,44.80711964769553],[-66.99164635496383,44.807448729441504],[-66.99180349944777,44.80771191730061]]]},"properties":{"OBJECTID":"18","EGAD_SEQ":"","MAP_REFERENCE":"","FEATURE_NA":"WASTE AREA","POLYGON_TY":"LF WASTE AREA","EGAD_SITE_SEQ":"29,701","SITE_DESCR":"LANDFILL MUNICIPAL","LOCATION_A":"WITHIN 3M","LOCATION_M":"DIGITIZED","DATA_SOURC":"MDEP GIS UNIT","GlobalID":"{9919FF02-00D4-4F0C-99FC-A3B648C173B7}","Shape_Length":"458.98","Shape_Area":"15,559.79"},"id":18},{"type":"Feature","geometry":{"type":"Polygon","coordinates":[[[-70.61111289344608,43.5459487030884],[-70.61095397222148,43.545941827276756],[-70.61084941639491,43.54593722306706],[-70.6107161162598,43.545951256102995],[-70.61057053010272,43.545974577790396],[-70.61030546606044,43.54606035263741],[-70.60993794618183,43.54622049462017],[-70.60970685098377,43.546327059882046],[-70.60964214058319,43.54640697353192],[-70.60962328291717,43.546483202592896],[-70.60963766979641,43.546552885773515],[-70.60985500242988,43.54671390663461],[-70.6101474991865,43.546873867397004],[-70.61044328402576,43.54700035717463],[-70.61070404678198,43.54706656962174],[-70.61099169390556,43.54704428451666],[-70.61121123297377,43.54697434232836],[-70.61132066196555,43.546848219859285],[-70.61146025943394,43.54660013001027],[-70.61158185828415,43.546303677321596],[-70.61155822769987,43.54620070080628],[-70.61138184162657,43.54600872090281],[-70.61125559663279,43.54597403777918],[-70.61111289344608,43.5459487030884]]]},"properties":{"OBJECTID":"19","EGAD_SEQ":"","MAP_REFERENCE":"","FEATURE_NA":"WASTE AREA","POLYGON_TY":"LF WASTE AREA","EGAD_SITE_SEQ":"27,754","SITE_DESCR":"LANDFILL MUNICIPAL","LOCATION_A":"WITHIN 3M","LOCATION_M":"DIGITIZED","DATA_SOURC":"MDEP GIS UNIT","GlobalID":"{EE688EF7-FDE6-4C62-AB7E-20E7973D57ED}","Shape_Length":"439.29","Shape_Area":"14,031.2"},"id":19},{"type":"Feature","geometry":{"type":"Polygon","coordinates":[[[-68.65976332165302,44.23712390925428],[-68.65960455780333,44.237075794417976],[-68.6595119239295,44.23705169786982],[-68.65944590537698,44.23700862276353],[-68.65943963688149,44.23694667063109],[-68.6594466197841,44.236884757102075],[-68.65949319819174,44.23685154654621],[-68.65958629866252,44.23679465412416],[-68.65971242250777,44.23675691693033],[-68.65980522194377,44.23675242886503],[-68.65983860108675,44.2367096508446],[-68.65983219373436,44.23667151790453],[-68.65977934684261,44.23664277558235],[-68.65958101882735,44.236561194369],[-68.65949495647624,44.23654664540292],[-68.65936913525609,44.23653197782608],[-68.65924977604396,44.23654591433215],[-68.65914339432021,44.23660753131269],[-68.65901702283023,44.23668814455834],[-68.65890365716012,44.23681167481502],[-68.65875701986675,44.236958926060474],[-68.65867664775062,44.23710637512393],[-68.65853011936414,44.23723456946718],[-68.65834377573722,44.2373721734623],[-68.65821066420125,44.23747182257419],[-68.65819661165506,44.23760994167766],[-68.65827557947507,44.23770546076179],[-68.65832171808762,44.237748476180364],[-68.65839455537326,44.237758222924576],[-68.6585534841118,44.23777775408966],[-68.65891795014085,44.237778842874576],[-68.65909040701378,44.23775077271703],[-68.65942905297686,44.23763267859658],[-68.65976107057669,44.237514563728055],[-68.66000034128884,44.237391408332826],[-68.66000075278284,44.237319947202174],[-68.65990842020958,44.237243445545],[-68.65976332165302,44.23712390925428]]]},"properties":{"OBJECTID":"20","EGAD_SEQ":"","MAP_REFERENCE":"","FEATURE_NA":"EST WASTE AREA","POLYGON_TY":"LF WASTE AREA","EGAD_SITE_SEQ":"29,757","SITE_DESCR":"LANDFILL MUNICIPAL","LOCATION_A":"WITHIN 3M","LOCATION_M":"DIGITIZED","DATA_SOURC":"MDEP GIS UNIT","GlobalID":"{C7C559A5-7BB7-4FB2-8D45-9BAFCB2AC5F2}","Shape_Length":"485.39","Shape_Area":"11,432.45"},"id":20},{"type":"Feature","geometry":{"type":"Polygon","coordinates":[[[-70.4483903076112,43.659413719838426],[-70.44838322183726,43.6593959530806],[-70.4483415038657,43.6593918123353],[-70.44829923472746,43.659396161143654],[-70.44825037118991,43.659424227864925],[-70.44823649490561,43.65944967047599],[-70.44821915085589,43.65948274102122],[-70.44820177369468,43.659508192874014],[-70.4481668462193,43.659523521613494],[-70.44812494618111,43.65954395116684],[-70.44813227892882,43.65961507198489],[-70.44812889644948,43.659640486962815],[-70.44810093627768,43.65964817852226],[-70.44806600099079,43.659660968226916],[-70.44802415160233,43.65969155891455],[-70.44799279612626,43.659722123780554],[-70.44798596231647,43.6597577118798],[-70.44797911699182,43.65979075742008],[-70.44794779831025,43.65982894451758],[-70.44793393453216,43.65985692873588],[-70.44789549691166,43.659869724942894],[-70.4478711176929,43.659895192519215],[-70.44785724881865,43.65992317319099],[-70.44782945754852,43.65996643429164],[-70.44778761563116,43.659999568401446],[-70.44774567049068,43.66000983207124],[-70.44772130386752,43.660037841259424],[-70.447711040137,43.66008868129221],[-70.44768316356434,43.66011415711337],[-70.44766584073294,43.6601523109103],[-70.44764136844064,43.66015745148852],[-70.44759586383641,43.66015502235786],[-70.44755745136904,43.66017290173973],[-70.4475225614422,43.66019585431647],[-70.44749820726035,43.66022640150097],[-70.44747728161194,43.66024169675383],[-70.4473934190984,43.660269850710115],[-70.44736200835555,43.66028771428547],[-70.4473341531567,43.66031827065646],[-70.44733424961647,43.66033859666122],[-70.44728195503431,43.66038191581949],[-70.44724011370285,43.660415047018674],[-70.44720172632839,43.66043800866963],[-70.4471773098157,43.6604558538587],[-70.44715993063546,43.66048130287429],[-70.4471565603978,43.660509259468995],[-70.44718103659588,43.66050411894525],[-70.44719843985574,43.66048375052774],[-70.44722281959437,43.66045828309016],[-70.44726465724543,43.66042515194413],[-70.44736230546047,43.66035123220484],[-70.44737612383481,43.66031308411911],[-70.4474214749004,43.66028248533951],[-70.4475123609008,43.66025939624576],[-70.44754365342295,43.660216125993614],[-70.44758901703953,43.66018806879199],[-70.44762400349198,43.66018544219904],[-70.44766600844741,43.66018787963185],[-70.4477044450152,43.660175080814575],[-70.447704289971,43.660142052835894],[-70.44773213220665,43.66010895563495],[-70.44775993756683,43.660068236184095],[-70.44775982049238,43.660042826832544],[-70.44778077019501,43.66003261483049],[-70.44783315573785,43.660009619716355],[-70.44786445162165,43.65996634933239],[-70.4478887354684,43.65992055573858],[-70.4479341101207,43.65989503736185],[-70.44796554591647,43.65988225601841],[-70.44797583361206,43.659836499265424],[-70.44801420764512,43.65981099841927],[-70.44802107832047,43.65978303256204],[-70.44802092310935,43.65975000458396],[-70.44803834752051,43.65973471577483],[-70.44806625292532,43.65971432220796],[-70.44808710568962,43.6596837814483],[-70.44811855409567,43.65967354260702],[-70.44815351482197,43.65966583527143],[-70.4481709047809,43.659642925068276],[-70.44817779709238,43.65962004163428],[-70.44816018052741,43.659594678442964],[-70.44816008379676,43.6595743524402],[-70.44818098729313,43.6595539737339],[-70.4482228988143,43.6595360858185],[-70.44825077495905,43.65951061257046],[-70.44826114262344,43.659482637499586],[-70.44826101267321,43.65945468920671],[-70.44828891291469,43.659434295650186],[-70.44832732843432,43.65941641688279],[-70.44836587018786,43.65942648554212],[-70.4483903076112,43.659413719838426]]]},"properties":{"OBJECTID":"21","EGAD_SEQ":"","MAP_REFERENCE":"","FEATURE_NA":"TIRE DUMP","POLYGON_TY":"LF WASTE AREA","EGAD_SITE_SEQ":"37,961","SITE_DESCR":"LANDFILL MUNICIPAL","LOCATION_A":"WITHIN 3M","LOCATION_M":"GPS MAPPING GRADE","DATA_SOURC":"TOWN OF GORHAM","GlobalID":"{DF53B601-AFA4-423F-85A2-34F28BBED399}","Shape_Length":"349.24","Shape_Area":"508.64"},"id":21},{"type":"Feature","geometry":{"type":"Polygon","coordinates":[[[-69.64850997299841,44.69378533257256],[-69.64763457254965,44.69365624897906],[-69.64729001618558,44.693605440189664],[-69.64663940468947,44.69353294484174],[-69.6458702426334,44.69341398870061],[-69.64591489103992,44.69342397462375],[-69.64598259520784,44.69345224994378],[-69.64611191630433,44.6935651719634],[-69.64611058137895,44.69357939161527],[-69.64611350815696,44.693599596262814],[-69.64612884276859,44.69364116724187],[-69.64614005907697,44.69384332213815],[-69.64626123123905,44.69450107426621],[-69.64633319496251,44.69489217890223],[-69.64634760074047,44.69490682170516],[-69.64636712062351,44.6949196521853],[-69.64640661922768,44.69493073834613],[-69.64656451030014,44.69492994178035],[-69.64675595106677,44.69492214378391],[-69.64688758266607,44.69491443129367],[-69.64697001122865,44.694893370460306],[-69.64702047864083,44.694873943635756],[-69.64706970267314,44.69484543500598],[-69.64712494098906,44.694805856227646],[-69.6471787160198,44.69476272616368],[-69.64726092523044,44.69468552106423],[-69.64735111514572,44.69459126872489],[-69.64748081711939,44.69442371888096],[-69.64757355796259,44.69427859550982],[-69.64761108885337,44.694252661917766],[-69.64844357578495,44.69436864418009],[-69.64850997299841,44.69378533257256]]]},"properties":{"OBJECTID":"22","EGAD_SEQ":"","MAP_REFERENCE":"","FEATURE_NA":"CELL 9","POLYGON_TY":"LF WASTE AREA","EGAD_SITE_SEQ":"30,714","SITE_DESCR":"LANDFILL SPECIAL WASTE","LOCATION_A":"WITHIN 3M","LOCATION_M":"DIGITIZED","DATA_SOURC":"MDEP GIS UNIT","GlobalID":"{18A92898-68FE-43D5-8A89-B999E81E4E86}","Shape_Length":"661.5","Shape_Area":"19,732.19"},"id":22},{"type":"Feature","geometry":{"type":"Polygon","coordinates":[[[-70.37104736509487,43.636862926711466],[-70.37093843525147,43.63694526987],[-70.3706595350134,43.63723673971838],[-70.37052273471184,43.637490492807295],[-70.37033688175899,43.637699812257175],[-70.36988634357972,43.638110389344895],[-70.36964039799517,43.6384374793077],[-70.36953179115679,43.63855133018657],[-70.36951775078168,43.638632535832514],[-70.3695201024639,43.6387360558538],[-70.36977799228883,43.63891754475305],[-70.37011549297969,43.63910708271062],[-70.37079133352458,43.63954017377612],[-70.37100260970337,43.63976724139993],[-70.37148308284068,43.6399910778128],[-70.37196374750005,43.64020590323852],[-70.37234890116105,43.640394866119955],[-70.3726689140869,43.64053058362583],[-70.37281553078105,43.6406908938354],[-70.37305481171647,43.6407690569168],[-70.37331087521807,43.64086952502546],[-70.37375866097155,43.641035219768874],[-70.37396974714127,43.64125327926081],[-70.37421013790947,43.64136293859866],[-70.37438462561838,43.64135183658098],[-70.37458802264088,43.6412323382977],[-70.37477368859518,43.6410320191611],[-70.3748496245042,43.64089604557442],[-70.3748469555864,43.640779025399695],[-70.37474949181713,43.64066764833986],[-70.37442436530463,43.640324908147626],[-70.37401817296349,43.63989310024455],[-70.3738425387467,43.639836684927175],[-70.37368094119631,43.63969906775157],[-70.37362909936918,43.63951510794914],[-70.3736869988836,43.63928481124138],[-70.37396641008927,43.63901583605218],[-70.37402736417647,43.638902553854656],[-70.37413465178732,43.63874819677979],[-70.37439981327657,43.638551421676254],[-70.37447654924495,43.638433450177146],[-70.37436282264046,43.63832226830885],[-70.37410461650603,43.638127284021465],[-70.37362414402409,43.637903460351],[-70.3729486109613,43.63748388997177],[-70.37184019141235,43.63685341351801],[-70.37104736509487,43.636862926711466]]]},"properties":{"OBJECTID":"23","EGAD_SEQ":"","MAP_REFERENCE":"","FEATURE_NA":"BALEFILL CELLS 1 - 6","POLYGON_TY":"LF WASTE AREA","EGAD_SITE_SEQ":"31,344","SITE_DESCR":"LANDFILL MUNICIPAL","LOCATION_A":"WITHIN 30M","LOCATION_M":"CAD","DATA_SOURC":"WOODARD AND CURRAN","GlobalID":"{729F38AF-235C-4A4E-8F20-5EA5FD83115B}","Shape_Length":"1,479.04","Shape_Area":"111,853.78"},"id":23},{"type":"Feature","geometry":{"type":"Polygon","coordinates":[[[-69.62031349836367,43.878732771967904],[-69.62005538349723,43.87879809173628],[-69.61980343911713,43.87884968105324],[-69.61955752098545,43.87887384254084],[-69.61928616758212,43.87887987917614],[-69.6190525878276,43.878876579009855],[-69.61877563129673,43.87895113038943],[-69.61865034385865,43.879043121367374],[-69.618588359427,43.87915303351982],[-69.61859001265829,43.87931282280222],[-69.61854795774812,43.87951850543815],[-69.61856213893654,43.879669096265964],[-69.61850024940219,43.87978813847743],[-69.61845790926671,43.87996642891122],[-69.6184963474527,43.88002100916731],[-69.61855984194459,43.880057190719995],[-69.61866040615429,43.88001555533249],[-69.61886774904582,43.87992311910375],[-69.61920066463836,43.87976608231698],[-69.61954026881789,43.87964553442511],[-69.61976630801024,43.87953016726555],[-69.62013694802516,43.8793592267382],[-69.62031960867944,43.87932171010647],[-69.62045822966823,43.87929812960685],[-69.62055935739913,43.879311276882],[-69.62071781431897,43.87937433611069],[-69.62086364662443,43.879437462810124],[-69.6209647771752,43.879450610610995],[-69.6210274663667,43.87940917894354],[-69.62103235679173,43.87927218207262],[-69.62102372008167,43.87904851094605],[-69.62097080988286,43.87881594976943],[-69.620900196268,43.87870219199241],[-69.6207735841625,43.87866635372368],[-69.62061579376454,43.878667210782396],[-69.62031349836367,43.878732771967904]]]},"properties":{"OBJECTID":"24","EGAD_SEQ":"","MAP_REFERENCE":"","FEATURE_NA":"WASTE AREA","POLYGON_TY":"LF WASTE AREA","EGAD_SITE_SEQ":"29,357","SITE_DESCR":"LANDFILL MUNICIPAL","LOCATION_A":"WITHIN 3M","LOCATION_M":"DIGITIZED","DATA_SOURC":"WRIGHT-PIERCE","GlobalID":"{2A34A3DF-823E-4436-83C2-9CA9A3E9147D}","Shape_Length":"615.92","Shape_Area":"16,788.12"},"id":24},{"type":"Feature","geometry":{"type":"Polygon","coordinates":[[[-69.06790700182127,44.197287384578736],[-69.06792942539336,44.1971492873799],[-69.06810979884446,44.19691362296832],[-69.06824504689641,44.19671047777839],[-69.06830130171691,44.19653986952744],[-69.06822217811778,44.196458689934545],[-69.06799655844912,44.19662127819947],[-69.06785001810083,44.19682442980609],[-69.06757916504316,44.19692206079949],[-69.06711630670412,44.196962947112965],[-69.06680031506963,44.19708497262901],[-69.0665748300431,44.19736939558185],[-69.06646205287969,44.197483175254646],[-69.0664735272971,44.197645622295084],[-69.06676760989838,44.19811656294061],[-69.06679031171852,44.198222142773744],[-69.06675655645769,44.19832775650705],[-69.06672283358175,44.19845773736288],[-69.06676817861387,44.198620160956274],[-69.06693769601868,44.19875814918336],[-69.06726536344044,44.19896914379431],[-69.06746871716516,44.19907461786028],[-69.06759297319944,44.19912327780632],[-69.06776224690847,44.19905007426878],[-69.06776208864447,44.19891199053846],[-69.06790863446014,44.198708839115746],[-69.06813423424845,44.198521883942625],[-69.06824697828579,44.19838373280507],[-69.06821285443314,44.19816444249695],[-69.06816747768563,44.197977648726415],[-69.06788510415964,44.19788034645502],[-69.06769306977898,44.19779923715843],[-69.06770416502914,44.1976286532847],[-69.06786213015027,44.197539211810444],[-69.06796366898358,44.19747417175881],[-69.06796361296085,44.19742543477583],[-69.06790700182127,44.197287384578736]]]},"properties":{"OBJECTID":"25","EGAD_SEQ":"","MAP_REFERENCE":"","FEATURE_NA":"JQS","POLYGON_TY":"LF WASTE AREA","EGAD_SITE_SEQ":"29,577","SITE_DESCR":"LANDFILL MUNICIPAL","LOCATION_A":"WITHIN 30M","LOCATION_M":"DIGITIZED","DATA_SOURC":"MDEP GIS UNIT","GlobalID":"{A69D3D42-4454-4E60-BBD9-0A2112CADE2B}","Shape_Length":"770.63","Shape_Area":"24,009.87"},"id":25},{"type":"Feature","geometry":{"type":"Polygon","coordinates":[[[-70.44589492682222,43.66338800379539],[-70.44540228184337,43.664132976897314],[-70.44591456878591,43.664026371657236],[-70.44614680409518,43.66384892413381],[-70.44644234416882,43.66361749159865],[-70.44649416615637,43.66337127222167],[-70.44589492682222,43.66338800379539]]]},"properties":{"OBJECTID":"26","EGAD_SEQ":"","MAP_REFERENCE":"","FEATURE_NA":"STUMP DUMP","POLYGON_TY":"LF WASTE AREA","EGAD_SITE_SEQ":"37,961","SITE_DESCR":"LANDFILL MUNICIPAL","LOCATION_A":"WITHIN 3M","LOCATION_M":"GPS MAPPING GRADE","DATA_SOURC":"TOWN OF GORHAM","GlobalID":"{ED03C9E6-71CF-47CF-95DE-18D5B16DCAEE}","Shape_Length":"273.04","Shape_Area":"3,681.69"},"id":26},{"type":"Feature","geometry":{"type":"Polygon","coordinates":[[[-68.96659783605384,45.30248074707037],[-68.966552822275,45.302497174146886],[-68.96647463972019,45.30254198744933],[-68.96640045644588,45.30259218654156],[-68.96633204439277,45.302636571449725],[-68.9662800357359,45.30269124891672],[-68.96629264632352,45.30278898317628],[-68.96637741635462,45.30287118689137],[-68.96644860640139,45.302911740449524],[-68.96653973154562,45.30292669338169],[-68.96663076789339,45.302921320942865],[-68.96671501392193,45.30289746467748],[-68.96678019852328,45.302855921261134],[-68.96684070395622,45.302802009357706],[-68.96686151576851,45.30273355577348],[-68.96683549495495,45.3026309271955],[-68.96681030634765,45.3025755852677],[-68.96677995423775,45.30250537953837],[-68.96676780621472,45.30246822432059],[-68.96670126711356,45.30243842634642],[-68.96659783605384,45.30248074707037]]]},"properties":{"OBJECTID":"27","EGAD_SEQ":"","MAP_REFERENCE":"","FEATURE_NA":"ACTIVE LANDFILL","POLYGON_TY":"LF WASTE AREA","EGAD_SITE_SEQ":"35,122","SITE_DESCR":"LANDFILL MUNICIPAL","LOCATION_A":"WITHIN 1M","LOCATION_M":"GPS MAPPING GRADE","DATA_SOURC":"MDEP TECH SERVICES","GlobalID":"{FF5B0BE8-70DD-4FE1-BC0F-23104FFA3CEE}","Shape_Length":"153.8","Shape_Area":"1,713.31"},"id":27},{"type":"Feature","geometry":{"type":"Polygon","coordinates":[[[-69.46975572285366,45.03471639754806],[-69.46969735909128,45.0346926872162],[-69.469592066416,45.03466651157648],[-69.4695074666729,45.0346469013544],[-69.46945670635117,45.03463513573309],[-69.46943607750441,45.03463655100691],[-69.46939877913945,45.034664644331784],[-69.46932575288287,45.03468357203682],[-69.46927130511988,45.03467980344825],[-69.46922818065381,45.03468397297232],[-69.46917774776799,45.03471212018964],[-69.46912157710487,45.03472698618484],[-69.46902967730368,45.03473268645752],[-69.46893219318265,45.03474373059358],[-69.4687166297655,45.03477122505243],[-69.46861155200605,45.03477165626506],[-69.46850659492881,45.03478672213194],[-69.46848611797911,45.034806763287676],[-69.46847888399101,45.034840055785274],[-69.46849809253922,45.03489452744036],[-69.46855486067672,45.03495283642932],[-69.4686171398009,45.03499648663056],[-69.4686905359555,45.03502279587513],[-69.46878433306327,45.03501974904133],[-69.4689361136096,45.03499384775148],[-69.46901293656089,45.03498022661184],[-69.46909330438277,45.034941311799486],[-69.46923563759589,45.03490746515436],[-69.46934803483201,45.03488438517959],[-69.4695300973986,45.03489028918965],[-69.46967095527683,45.034905675711954],[-69.46971776727328,45.03489350889309],[-69.4697458048999,45.03488008880278],[-69.46977170364413,45.03483474515813],[-69.46979192977439,45.034784102934815],[-69.46978977040415,45.034749519417936],[-69.46975572285366,45.03471639754806]]]},"properties":{"OBJECTID":"28","EGAD_SEQ":"","MAP_REFERENCE":"","FEATURE_NA":"EST WASTE AREA","POLYGON_TY":"LF WASTE AREA","EGAD_SITE_SEQ":"29,451","SITE_DESCR":"LANDFILL MUNICIPAL","LOCATION_A":"WITHIN 3M","LOCATION_M":"DIGITIZED","DATA_SOURC":"MDEP GIS UNIT","GlobalID":"{A6BC78CA-5B29-4A02-BCB8-FD150CC25478}","Shape_Length":"244.34","Shape_Area":"2,518.69"},"id":28},{"type":"Feature","geometry":{"type":"Polygon","coordinates":[[[-70.38923773419732,44.47974853827502],[-70.38915800439818,44.4797190421548],[-70.38889111581716,44.47974404798795],[-70.38867001664097,44.47985632492751],[-70.388643000888,44.480020403552665],[-70.3887450270726,44.48015193286108],[-70.38893336139128,44.48027356091107],[-70.38913290134528,44.48034637024218],[-70.38921217358835,44.48004003524863],[-70.38923773419732,44.47974853827502]]]},"properties":{"OBJECTID":"29","EGAD_SEQ":"","MAP_REFERENCE":"","FEATURE_NA":"ESTIMATED WASTE AREA","POLYGON_TY":"LF WASTE AREA","EGAD_SITE_SEQ":"27,238","SITE_DESCR":"LANDFILL MUNICIPAL","LOCATION_A":"WITHIN 3M","LOCATION_M":"DIGITIZED","DATA_SOURC":"MDEP TECH SERVICES","GlobalID":"{ADC56C4A-3FB2-410F-802C-E23CDD1ABDB3}","Shape_Length":"190.22","Shape_Area":"2,315.39"},"id":29},{"type":"Feature","geometry":{"type":"Polygon","coordinates":[[[-68.94887807313677,44.89837278224992],[-68.9487121071418,44.89844059980187],[-68.94859638673847,44.89854059880069],[-68.94854594445246,44.89872996023867],[-68.94861365488073,44.898910440294785],[-68.9487166386295,44.89899803099429],[-68.9489303117432,44.89899276779306],[-68.94924208396483,44.898914294234274],[-68.94937795552408,44.89876606402709],[-68.94951893746594,44.89852314473663],[-68.94960705946458,44.89836059961412],[-68.94962471494362,44.89829271544285],[-68.94958957409001,44.89823374165149],[-68.94951167624345,44.898203334192125],[-68.94940859304441,44.89822651486949],[-68.94930548561015,44.8982800675936],[-68.94916219359278,44.89829251050582],[-68.94899374564527,44.89832459536885],[-68.94893842842022,44.89834243709884],[-68.94887807313677,44.89837278224992]]]},"properties":{"OBJECTID":"30","EGAD_SEQ":"","MAP_REFERENCE":"","FEATURE_NA":"EST WASTE AREA","POLYGON_TY":"LF WASTE AREA","EGAD_SITE_SEQ":"29,631","SITE_DESCR":"LANDFILL MUNICIPAL","LOCATION_A":"WITHIN 3M","LOCATION_M":"DIGITIZED","DATA_SOURC":"MDEP GIS UNIT","GlobalID":"{62CACE44-1881-47BD-8E22-AADD51BB095F}","Shape_Length":"271.74","Shape_Area":"4,820.63"},"id":30},{"type":"Feature","geometry":{"type":"Polygon","coordinates":[[[-70.50609813929495,43.61032500761385],[-70.50589791578005,43.610324010016825],[-70.50574399793064,43.610373314101544],[-70.50559061907279,43.61044442930302],[-70.50542332041526,43.61055936809013],[-70.50521199005861,43.61071488665489],[-70.5050656986438,43.61086954840164],[-70.50495533875379,43.61106010388498],[-70.50488355300014,43.61119196591478],[-70.50468904138258,43.61141999342689],[-70.50452973185553,43.61165483243253],[-70.50440716924486,43.611958280398554],[-70.50439614785076,43.612118433208636],[-70.5044142390649,43.61224183939281],[-70.50446198683503,43.61235030929684],[-70.50454922083486,43.612436438283126],[-70.50465692155412,43.612540482182006],[-70.50476881274392,43.612611740480716],[-70.50491445386274,43.61263164135243],[-70.50518536545741,43.61265716759613],[-70.5053453852809,43.6126514243416],[-70.50545973761324,43.61262082366718],[-70.50558318873836,43.61255373959545],[-70.50567462846253,43.612407072333426],[-70.50582001092275,43.61221605478729],[-70.5058810640903,43.6120552417735],[-70.50599269305768,43.611915581652006],[-70.50616809576947,43.611724168091094],[-70.50628445472987,43.61157353523731],[-70.50634550600473,43.611412720185164],[-70.50634706087175,43.61127450945969],[-70.50635443480968,43.61116895327255],[-70.50638263813364,43.61109585019241],[-70.50650691724464,43.61086147032681],[-70.50661699955775,43.61066000779319],[-70.50660972695826,43.610569189660744],[-70.5065175814114,43.61048676366446],[-70.50633510475295,43.61039461621223],[-70.50609813929495,43.61032500761385]]]},"properties":{"OBJECTID":"31","EGAD_SEQ":"","MAP_REFERENCE":"","FEATURE_NA":"WASTE AREA","POLYGON_TY":"LF WASTE AREA","EGAD_SITE_SEQ":"27,748","SITE_DESCR":"LANDFILL MUNICIPAL","LOCATION_A":"WITHIN 3M","LOCATION_M":"DIGITIZED","DATA_SOURC":"HALEY ALDRICH","GlobalID":"{7AC58BC8-F738-4F3C-A191-8EF20AC58360}","Shape_Length":"682.5","Shape_Area":"28,318.18"},"id":31},{"type":"Feature","geometry":{"type":"Polygon","coordinates":[[[-70.79002251479433,43.24165678654884],[-70.79007810425954,43.24161252135988],[-70.79008167217509,43.241565453362746],[-70.79005525664472,43.2415080052476],[-70.78995909082998,43.2414335670623],[-70.78977786898379,43.24132610535537],[-70.78957240117668,43.24123529738673],[-70.7894455813877,43.241211966780426],[-70.78937415432488,43.241222125753325],[-70.78928584495357,43.24124701354593],[-70.78908109559652,43.241349666333576],[-70.78873807578348,43.241544888768],[-70.78864104096954,43.241609691427385],[-70.78861027808675,43.24165718561532],[-70.78860370809551,43.24168621871649],[-70.78860787253414,43.24174401427728],[-70.78866195677824,43.2418173036921],[-70.78873103220566,43.241895781973156],[-70.78882225190443,43.24197029765435],[-70.78889584870848,43.24203424038806],[-70.78894403599905,43.24207507448279],[-70.78899153689449,43.24209241322092],[-70.78904355875329,43.24209521559183],[-70.78910735783265,43.242077943799195],[-70.79002251479433,43.24165678654884]]]},"properties":{"OBJECTID":"32","EGAD_SEQ":"","MAP_REFERENCE":"","FEATURE_NA":"EST WASTE AREA","POLYGON_TY":"LF WASTE AREA","EGAD_SITE_SEQ":"29,787","SITE_DESCR":"LANDFILL MUNICIPAL","LOCATION_A":"WITHIN 3M","LOCATION_M":"DIGITIZED","DATA_SOURC":"MDEP GIS UNIT","GlobalID":"{5678803B-D62B-4DF8-BD8D-617673539B72}","Shape_Length":"322.24","Shape_Area":"7,017.85"},"id":32},{"type":"Feature","geometry":{"type":"Polygon","coordinates":[[[-68.31367473607425,44.54624768662898],[-68.31367371814208,44.54622460945743],[-68.3136533473412,44.5462135263317],[-68.31362026444549,44.54620971295663],[-68.31358709082083,44.54620944246413],[-68.31354855320731,44.54619941237432],[-68.31351721408194,44.546192155138854],[-68.31349464035547,44.546177851104495],[-68.31346913559398,44.5461724663634],[-68.31344668293058,44.54616457202367],[-68.31341676370033,44.54615732869761],[-68.31340374573836,44.54613964038239],[-68.3133770158938,44.54612324343384],[-68.3133699356781,44.54610098866437],[-68.31337592628188,44.54607939494663],[-68.31337134128188,44.54607501550758],[-68.31337254106266,44.54605177251305],[-68.31336584303574,44.54602078118199],[-68.31335336058646,44.5460026270428],[-68.31334958983683,44.54597781651435],[-68.31335009428943,44.545953110912166],[-68.31335307098259,44.54592467507672],[-68.31335652997679,44.54589922471406],[-68.31335844378846,44.5458703926739],[-68.31335415376466,44.54584167277921],[-68.31333324001821,44.545806972416365],[-68.3133227288536,44.545780909605654],[-68.31332862533385,44.545760039135246],[-68.31332110168056,44.545739957632485],[-68.31330671268992,44.54572721431235],[-68.31329802422013,44.54572311808789],[-68.31323452152922,44.54569911333446],[-68.31319857351764,44.545700029698715],[-68.31316559125916,44.54569325222864],[-68.3131324823031,44.54569371660815],[-68.31310080177076,44.545696035109586],[-68.31306892670123,44.54569241609364],[-68.31303836301062,44.54568872213238],[-68.31300682068847,44.5456864608976],[-68.31297351752313,44.54568502810758],[-68.31294469533002,44.54568493394831],[-68.31291118297968,44.545685659614186],[-68.31288294936088,44.54568957425321],[-68.31285279024594,44.54569333145775],[-68.31282184908393,44.54569754038256],[-68.3127955181218,44.54569852348595],[-68.3127750739276,44.545691246976006],[-68.31276051482669,44.54568740887169],[-68.31274897622315,44.54567936040279],[-68.31273585760587,44.545674853064796],[-68.3127055799494,44.54566311507938],[-68.31269000296031,44.5456499243033],[-68.31267656910757,44.54563208935873],[-68.31266601464212,44.54562299889708],[-68.31264844962773,44.545616250141194],[-68.31264679676299,44.54558928900041],[-68.31263018947247,44.54558096064123],[-68.31261534837287,44.54557316866364],[-68.31258660274473,44.54556454127549],[-68.31257040455208,44.54556434655137],[-68.31253735493883,44.54555742175133],[-68.3125145934919,44.54556220918378],[-68.31251209170625,44.54555967608683],[-68.31247876755222,44.545543670458095],[-68.31245669793363,44.54554369244675],[-68.31243089139784,44.545538202126274],[-68.31240195606243,44.54554109512403],[-68.31237915536492,44.545545473573476],[-68.31236184171289,44.54554721217216],[-68.3123315003875,44.545545491838155],[-68.31230528384148,44.545551731256765],[-68.31228838147219,44.545562909784834],[-68.31227259221623,44.545585184460954],[-68.31225719597968,44.54557055159145],[-68.31225220362619,44.545571483910585],[-68.31222918840233,44.54558071525992],[-68.31220371107044,44.54557442293515],[-68.3121807667148,44.54558811190691],[-68.31216540205064,44.54560148011597],[-68.31214352275511,44.54560425979762],[-68.31212135733067,44.5456054667917],[-68.31209896039513,44.54560623575918],[-68.31207989987458,44.54560654407767],[-68.3120560783065,44.545613904288665],[-68.3120460202241,44.54562509699914],[-68.31203324052073,44.545638527574724],[-68.31201843793687,44.54565119784428],[-68.31200759552686,44.54566025580282],[-68.31199069852832,44.54568144435049],[-68.31198090689902,44.545696518796554],[-68.311967217548,44.54571353593666],[-68.31196094005712,44.54572289417081],[-68.31195203483409,44.54573763365464],[-68.31194868802702,44.54575350944712],[-68.31193911813601,44.54576813959477],[-68.31192949918973,44.54578276584496],[-68.31192546092626,44.54579364640933],[-68.31193056348874,44.545810503977854],[-68.3119220018292,44.54582674716867],[-68.31193010399205,44.54584363181131],[-68.31193434289399,44.54586070924217],[-68.31194184683896,44.54587515776757],[-68.31194189309021,44.545894848612086],[-68.31193911079194,44.54591399126036],[-68.31193423501956,44.545927038215005],[-68.31191991935968,44.54591471738602],[-68.31191476709672,44.545918748334536],[-68.31190855192727,44.545932538038436],[-68.31189863727631,44.54594437168686],[-68.31190123696038,44.54595366096503],[-68.31188793725113,44.545956831687334],[-68.31187270893709,44.54597699136601],[-68.31188560226035,44.54598641018401],[-68.31189717230602,44.546003218493965],[-68.31190696637046,44.546008887944424],[-68.31192182310387,44.54603106271891],[-68.31193602256853,44.546044166076726],[-68.3119569730044,44.54605623878959],[-68.31197128175903,44.54606701201893],[-68.31198403859631,44.546077547230595],[-68.31199060221981,44.54609370328925],[-68.31200426891262,44.546110251438485],[-68.31202716457791,44.54611674882052],[-68.31204303823708,44.54612185080417],[-68.31205556582908,44.5461281236793],[-68.31206621532397,44.546136413534384],[-68.31208451931604,44.546139000410456],[-68.31210262952061,44.54614585606655],[-68.31211609403965,44.546153813569816],[-68.31213144874107,44.54616460748282],[-68.31214211307424,44.54616960785707],[-68.31215851225589,44.54617156386772],[-68.31217353203861,44.546178835727396],[-68.31218500128406,44.54618956842201],[-68.31219998552912,44.54619568952734],[-68.31220891767306,44.54620346667965],[-68.31220937887662,44.546203642307695],[-68.31220946633016,44.54620391291341],[-68.31220969521998,44.5462039322971],[-68.31220956552632,44.546204148479596],[-68.31220928014407,44.54620475713968],[-68.31220937365312,44.54620483422519],[-68.31220979357865,44.546204666604226],[-68.3122097728548,44.54620471599396],[-68.31221199318139,44.54620506696391],[-68.31220784770386,44.54621447045955],[-68.31220975023793,44.546213264760574],[-68.3122073581013,44.54621670646657],[-68.3122158266182,44.54621852738332],[-68.31223840348048,44.54622420086239],[-68.31225549740681,44.546229914241565],[-68.31226571587807,44.54623995969715],[-68.31226307846,44.54624990613205],[-68.31227920595498,44.54626136007044],[-68.31228955905367,44.54626734974689],[-68.31230198270482,44.5462733671944],[-68.31230859643591,44.54629019513257],[-68.31232483901155,44.54630203416992],[-68.3123376772882,44.546314002151334],[-68.31235057182514,44.546326431404935],[-68.31236047497158,44.54633984554003],[-68.312373468105,44.54635192068081],[-68.3123880412703,44.546367194066306],[-68.31240343557857,44.54638233195241],[-68.31241064015231,44.546399234562344],[-68.31242086710802,44.54641337625391],[-68.31243998407886,44.54642080688379],[-68.31243903209294,44.5464173000278],[-68.3124404740572,44.546420997988605],[-68.31243998407886,44.54642080688379],[-68.31244537919189,44.54644074148893],[-68.312453114049,44.54645612404248],[-68.31245748388218,44.546473217544865],[-68.31246472792415,44.546485700094784],[-68.31245771324693,44.5464938367609],[-68.31246420614818,44.546497300450305],[-68.31246862010866,44.54650925551361],[-68.31247409042848,44.546522481806086],[-68.31247832452141,44.546541696411474],[-68.3124890406301,44.54655866966916],[-68.31250241824075,44.546576055062914],[-68.31251176609811,44.546596330350994],[-68.31252621208318,44.5466142884387],[-68.31252796721981,44.54663950998268],[-68.31254136792067,44.546659107458055],[-68.31255103355146,44.54668062341794],[-68.31256033076717,44.54670060491096],[-68.31257562917969,44.54672186938914],[-68.31258927470367,44.546741633080416],[-68.31260297000048,44.54675887993286],[-68.31261348807166,44.546784236140134],[-68.3126221554638,44.54680061548395],[-68.31263488145501,44.54682320856496],[-68.31264895039553,44.54683940975372],[-68.31266248356967,44.546861450426285],[-68.31267459548734,44.546879743749756],[-68.31268887321477,44.546895321407085],[-68.31270697991846,44.54690592384197],[-68.31271334055798,44.54692480463306],[-68.31272368588832,44.546944948164786],[-68.31273755690542,44.54695743276402],[-68.31274685922628,44.546969714318344],[-68.31275427464482,44.54698679372501],[-68.31277184499055,44.54700040070212],[-68.31278846906787,44.547020605415106],[-68.31280156326523,44.54703459687452],[-68.31281679732002,44.54704529634048],[-68.3128255390691,44.5470556848624],[-68.31283631653578,44.54706671041468],[-68.31285031006985,44.54707852324033],[-68.31285862647174,44.5470922158681],[-68.31286825849095,44.547103014861456],[-68.31288161386591,44.547116745906195],[-68.31289864909554,44.547129188304304],[-68.31291044293454,44.547141035602735],[-68.31292837047656,44.54714386945141],[-68.31294028817001,44.54714518891109],[-68.31294772795192,44.547144579175246],[-68.312950889924,44.54714011938611],[-68.3129631766544,44.547135216642104],[-68.31297508390736,44.547131109247424],[-68.31299443067942,44.547129517825645],[-68.31300280889175,44.54712543691379],[-68.31300698486532,44.54712007125565],[-68.31301126170624,44.5471143713061],[-68.31301711470377,44.547110811760675],[-68.31302450572336,44.54710653405329],[-68.31303098002856,44.547102810795316],[-68.3130368116117,44.54709646930603],[-68.31304524806983,44.5470905396003],[-68.31305201001302,44.547082269040054],[-68.31306015246814,44.547075968456845],[-68.31306956613261,44.547070334511716],[-68.3130776456041,44.547063715755385],[-68.31308919983466,44.547057617543544],[-68.3130986428516,44.547050557755256],[-68.31310683186818,44.547043722692216],[-68.31311683572741,44.54703607390213],[-68.31312866762941,44.54703109188239],[-68.3131397240235,44.547027181912526],[-68.3131530382861,44.5470217181616],[-68.3131680328376,44.54701371496791],[-68.31318144989835,44.547010321537485],[-68.3131981768476,44.54700294813909],[-68.31321442739267,44.546999045990056],[-68.31322854824161,44.546991685724144],[-68.31324209389605,44.54698228020028],[-68.31325656008534,44.546975206490735],[-68.31328188204012,44.546966936783924],[-68.31329807281108,44.546956660398315],[-68.31331555050814,44.546948604595556],[-68.31333101718845,44.54693566897473],[-68.31333935062759,44.54691793797427],[-68.313342735277,44.54689945970998],[-68.3133423694407,44.54687992809512],[-68.31335442365314,44.54686406320306],[-68.3133632384607,44.546848325577216],[-68.31336761199043,44.5468292563825],[-68.31336727884134,44.54681219078565],[-68.31336972840225,44.546790903477984],[-68.31337471017287,44.54676817656795],[-68.31338913421669,44.54674690543272],[-68.31339949786482,44.54674291204972],[-68.31336352440887,44.54669036166378],[-68.31338005217192,44.54659412022966],[-68.31338779832613,44.54659003819008],[-68.3134186535245,44.54658471857097],[-68.31347289778874,44.5465547660883],[-68.31346566928187,44.546514810353884],[-68.31349679941786,44.54648609541748],[-68.31353004837638,44.54644087427218],[-68.31359243911842,44.54637243491578],[-68.31367035299444,44.54629307858633],[-68.31367473607425,44.54624768662898]]]},"properties":{"OBJECTID":"33","EGAD_SEQ":"","MAP_REFERENCE":"","FEATURE_NA":"LANDFILL COVER - SEEDED","POLYGON_TY":"LF WASTE AREA","EGAD_SITE_SEQ":"29,761","SITE_DESCR":"LANDFILL MUNICIPAL","LOCATION_A":"WITHIN 1M","LOCATION_M":"GPS MAPPING GRADE","DATA_SOURC":"MDEP TECH SERVICES","GlobalID":"{50781811-0573-40BF-89FB-5CC925E777F0}","Shape_Length":"529.59","Shape_Area":"13,922.78"},"id":33},{"type":"Feature","geometry":{"type":"Polygon","coordinates":[[[-69.8808647211034,44.47206330264548],[-69.88086982376734,44.47225239831392],[-69.88096169559559,44.47235676430307],[-69.88093993070486,44.47256061473113],[-69.88103256602656,44.47301576030105],[-69.881094538846,44.47308317638982],[-69.88119245755341,44.4731389986606],[-69.881264521823,44.47312712707478],[-69.88138894392661,44.473143950955276],[-69.88188336014814,44.47314336811191],[-69.8822006266516,44.47307302098248],[-69.88235402112181,44.472915033448814],[-69.88229258662658,44.472883178314234],[-69.8823044252289,44.47276992959609],[-69.88228077044899,44.47254864758119],[-69.88213427929286,44.472415607677256],[-69.8819113317494,44.47230255620352],[-69.88179635221897,44.47227411846881],[-69.88173865598968,44.472229527698666],[-69.88170175923176,44.47217808458949],[-69.88165651507255,44.47217196629656],[-69.88159508173683,44.47214011077333],[-69.8815309270512,44.472077562463944],[-69.88144925008412,44.47205071108824],[-69.88135365998144,44.47199971813382],[-69.88121341371654,44.471981403015725],[-69.88093333730325,44.471972248125915],[-69.8808647211034,44.47206330264548]]]},"properties":{"OBJECTID":"34","EGAD_SEQ":"","MAP_REFERENCE":"","FEATURE_NA":"ESTIMATED WASTE AREA","POLYGON_TY":"LF WASTE AREA","EGAD_SITE_SEQ":"27,352","SITE_DESCR":"LANDFILL MUNICIPAL","LOCATION_A":"WITHIN 5M","LOCATION_M":"DIGITIZED","DATA_SOURC":"DUFRESNE-HENRY INC","GlobalID":"{C3748F72-9A6A-4DE2-A652-657DA6B1A0C6}","Shape_Length":"417.29","Shape_Area":"11,182.61"},"id":34},{"type":"Feature","geometry":{"type":"Polygon","coordinates":[[[-67.82499768752274,45.95215599494419],[-67.8249458855757,45.9521162957575],[-67.82489454927216,45.952054569955685],[-67.82484362693384,45.951973265138335],[-67.82479863497963,45.95194342754405],[-67.82479693667648,45.95185773358642],[-67.82481428210353,45.95170124687998],[-67.82479824015519,45.951630093287335],[-67.82473637763744,45.95156825824928],[-67.82465227415476,45.9515624978292],[-67.82457111046993,45.95158369433252],[-67.82448009388487,45.95157296640972],[-67.82434707607553,45.951556910922655],[-67.8242242746372,45.95155564739291],[-67.82414651625629,45.95158177309693],[-67.82409656795866,45.95162042559772],[-67.82408170520696,45.95165944004705],[-67.82410440179453,45.95174779824109],[-67.82416197717282,45.95184630607219],[-67.82422646843398,45.95194978219768],[-67.82427434668372,45.95200902458929],[-67.82431030201023,45.952134237525776],[-67.82437484435884,45.952235265056615],[-67.82443572398996,45.95234359836055],[-67.82451213790613,45.95238110373753],[-67.82463767406207,45.9524191134507],[-67.82476440031117,45.95240083365369],[-67.82484551338733,45.952382084625775],[-67.82492358295757,45.9523412737632],[-67.82498080798338,45.95229045507804],[-67.82501037733697,45.95221977053968],[-67.82499768752274,45.95215599494419]]]},"properties":{"OBJECTID":"35","EGAD_SEQ":"","MAP_REFERENCE":"","FEATURE_NA":"EST WASTE AREA","POLYGON_TY":"LF WASTE AREA","EGAD_SITE_SEQ":"29,811","SITE_DESCR":"LANDFILL MUNICIPAL","LOCATION_A":"WITHIN 3M","LOCATION_M":"DIGITIZED","DATA_SOURC":"MDEP GIS UNIT","GlobalID":"{B2BA7BBF-A8BC-4C6B-B589-11DA1405209C}","Shape_Length":"275.15","Shape_Area":"4,445.94"},"id":35},{"type":"Feature","geometry":{"type":"Polygon","coordinates":[[[-69.84817786993295,44.712389615334295],[-69.84944254781455,44.712195932324164],[-69.8496373585812,44.71214024291753],[-69.84994906798514,44.71166103258239],[-69.85100819280876,44.71000785745267],[-69.85101553024107,44.70989019303148],[-69.85026259525993,44.70950791871155],[-69.84941183780433,44.709225233848876],[-69.84897516153718,44.70915611717566],[-69.84774959617869,44.71090181235686],[-69.84743319724163,44.711522604879846],[-69.84744149670257,44.7118482140592],[-69.84751521932643,44.71235710584544],[-69.84767473918221,44.71243689822403],[-69.84817786993295,44.712389615334295]]]},"properties":{"OBJECTID":"36","EGAD_SEQ":"","MAP_REFERENCE":"","FEATURE_NA":"PHASE 1-6","POLYGON_TY":"LF WASTE AREA","EGAD_SITE_SEQ":"30,710","SITE_DESCR":"LANDFILL COMMERCIAL","LOCATION_A":"WITHIN 30M","LOCATION_M":"CAD","DATA_SOURC":"SACKETT & BRAKE SURVEY","GlobalID":"{A0394922-C0DC-4C74-97B1-F3773395B267}","Shape_Length":"1,014.65","Shape_Area":"63,915.37"},"id":36},{"type":"Feature","geometry":{"type":"Polygon","coordinates":[[[-69.43505679707818,44.138550443815106],[-69.43463541272288,44.1387394042665],[-69.43447720877117,44.13933954997257],[-69.43527115110106,44.139397420594456],[-69.43545391605136,44.138600453030975],[-69.43505679707818,44.138550443815106]]]},"properties":{"OBJECTID":"37","EGAD_SEQ":"","MAP_REFERENCE":"","FEATURE_NA":"PHASE 1","POLYGON_TY":"LF WASTE AREA","EGAD_SITE_SEQ":"29,667","SITE_DESCR":"LANDFILL MUNICIPAL","LOCATION_A":"WITHIN 3M","LOCATION_M":"DIGITIZED","DATA_SOURC":"PINE TREE ENGINEERING","GlobalID":"{219010C8-C8CB-498D-9B05-1A6D6D771044}","Shape_Length":"293.35","Shape_Area":"5,369.19"},"id":37},{"type":"Feature","geometry":{"type":"Polygon","coordinates":[[[-67.44121805003557,45.189446474164306],[-67.44099821181482,45.18905825907634],[-67.44059002447116,45.18828057609935],[-67.44035440166705,45.18789593201811],[-67.44019697573526,45.18771603056294],[-67.44006461187722,45.187577206438114],[-67.43972249231919,45.18716147980853],[-67.43958479479421,45.187026285510186],[-67.43949137945899,45.186995381742825],[-67.439397559443,45.18697928818296],[-67.4393134998292,45.18698924820381],[-67.43886892172017,45.187160921814936],[-67.43745452463014,45.187752596371126],[-67.43712520498303,45.18792214069001],[-67.43718126884464,45.18797845541549],[-67.4373271573265,45.18810126500354],[-67.4375045176068,45.18850919027662],[-67.43768071592922,45.188887933112206],[-67.43781709613741,45.18921475309776],[-67.43796747682438,45.1896042547558],[-67.43809669115939,45.1899059769698],[-67.43816947036994,45.18997362876757],[-67.43875049202607,45.19041484451351],[-67.43910102880771,45.19066682297016],[-67.43920567454259,45.190718246768206],[-67.43931145761717,45.190728025506274],[-67.43940198778888,45.19072093003536],[-67.43955655901132,45.19067027038379],[-67.43990247285977,45.19051668792809],[-67.44044727677856,45.19027139023584],[-67.44075969869168,45.19012151188657],[-67.44098660756526,45.19001073941443],[-67.44119425818903,45.18988581584405],[-67.44124960850804,45.18982454292069],[-67.44128817620197,45.18975470985007],[-67.44128084004582,45.189639811718514],[-67.44121805003557,45.189446474164306]]]},"properties":{"OBJECTID":"38","EGAD_SEQ":"","MAP_REFERENCE":"","FEATURE_NA":"PHASE II/III","POLYGON_TY":"LF WASTE AREA","EGAD_SITE_SEQ":"30,709","SITE_DESCR":"LANDFILL SPECIAL WASTE","LOCATION_A":"WITHIN 5M","LOCATION_M":"DIGITIZED","DATA_SOURC":"MDEP GIS UNIT","GlobalID":"{3D2CC836-BC35-4E03-8A03-2FFE42DE4825}","Shape_Length":"1,118.99","Shape_Area":"82,761.2"},"id":38},{"type":"Feature","geometry":{"type":"Polygon","coordinates":[[[-70.18489485887686,43.657632885577904],[-70.18487427920847,43.657576553154314],[-70.18479551605448,43.65753181859975],[-70.18466511845351,43.65750175539669],[-70.18452242212226,43.657506375800125],[-70.1843561196254,43.657520665080526],[-70.1842159868853,43.65754567771711],[-70.18408061340526,43.657592631248534],[-70.18400382470965,43.657648402201545],[-70.18399279205525,43.65774747180368],[-70.1840210001054,43.65786184231795],[-70.18404235065505,43.657957434974065],[-70.18412213237468,43.65805399348339],[-70.18421866307541,43.65812210507173],[-70.18431726505594,43.65818548334387],[-70.18441240691874,43.65818292718139],[-70.18455201489463,43.65813121670316],[-70.18468674196073,43.65805128421384],[-70.18476488877913,43.65795466037168],[-70.18485079306757,43.65781240412834],[-70.18489485887686,43.657632885577904]]]},"properties":{"OBJECTID":"39","EGAD_SEQ":"","MAP_REFERENCE":"","FEATURE_NA":"EST WASTE AREA","POLYGON_TY":"LF WASTE AREA","EGAD_SITE_SEQ":"29,103","SITE_DESCR":"LANDFILL MUNICIPAL","LOCATION_A":"WITHIN 3M","LOCATION_M":"DIGITIZED","DATA_SOURC":"MDEP GIS UNIT","GlobalID":"{3CBF4B37-CBD4-4D61-A502-D0BA0C67C3B9}","Shape_Length":"236.07","Shape_Area":"4,125.51"},"id":39},{"type":"Feature","geometry":{"type":"Polygon","coordinates":[[[-70.36042015516671,44.310694645303506],[-70.36026005533921,44.310863182536025],[-70.36012381497652,44.31112696934446],[-70.36005352416456,44.31129887965337],[-70.36007047901961,44.311363108283864],[-70.36024153868996,44.31140106218697],[-70.36062708295192,44.31134759171333],[-70.36074917530618,44.31127504167348],[-70.36082713999306,44.31116747004097],[-70.36088040657806,44.31106241278067],[-70.36086753476651,44.31090704462546],[-70.36087532447571,44.31084252216336],[-70.36084300596583,44.31078292057084],[-70.36080207395818,44.31075230397752],[-70.3607149980618,44.31073334589571],[-70.36061864260763,44.31071449829922],[-70.36042015516671,44.310694645303506]]]},"properties":{"OBJECTID":"40","EGAD_SEQ":"","MAP_REFERENCE":"","FEATURE_NA":"EST WASTE AREA","POLYGON_TY":"LF WASTE AREA","EGAD_SITE_SEQ":"29,511","SITE_DESCR":"LANDFILL MUNICIPAL","LOCATION_A":"WITHIN 3M","LOCATION_M":"DIGITIZED","DATA_SOURC":"MDEP GIS UNIT","GlobalID":"{F1AA405C-34DF-4F9C-8D5C-42D58445A8A3}","Shape_Length":"232.73","Shape_Area":"3,723.4"},"id":40},{"type":"Feature","geometry":{"type":"Polygon","coordinates":[[[-69.82402832836158,43.9425631353689],[-69.823998314657,43.942200800697556],[-69.82414331374953,43.942001104746836],[-69.82411362052096,43.94199564306384],[-69.82182900727956,43.94195034068681],[-69.8218365154283,43.94207520397872],[-69.82182945898408,43.94249905352886],[-69.82181330185782,43.94281197794332],[-69.82173895900928,43.94303340520645],[-69.8216909277904,43.9431987202556],[-69.82168066824401,43.94329665918972],[-69.82173564809608,43.943354980556826],[-69.82187525846078,43.943376345796295],[-69.82202647142502,43.943397627393864],[-69.82220075031753,43.94340755858815],[-69.82234399717929,43.943412118043035],[-69.82238582728291,43.9433586905471],[-69.8224464676083,43.94326598374207],[-69.82254549286193,43.94315063032687],[-69.8226258619192,43.94308574377322],[-69.82274125074703,43.94303458034335],[-69.82294629186518,43.94303030995845],[-69.82305892781359,43.943060255748556],[-69.82309494966253,43.94314667359385],[-69.8231078687409,43.94324164827658],[-69.82312844821419,43.94333097745836],[-69.82318354897791,43.943397684977754],[-69.82329250869402,43.94344163865617],[-69.82345900804938,43.94344882657677],[-69.82361378913544,43.94344771100088],[-69.82370645975291,43.94343306134621],[-69.82377116112447,43.94335430530045],[-69.82384692544231,43.943236321950245],[-69.82393418478608,43.943109867936776],[-69.8240371154923,43.942997282473264],[-69.82412804844945,43.94285682287713],[-69.82411439397296,43.942708727166604],[-69.82407442622181,43.94261674508004],[-69.82402832836158,43.9425631353689]]]},"properties":{"OBJECTID":"41","EGAD_SEQ":"","MAP_REFERENCE":"","FEATURE_NA":"NEW CLOSED LANDFILL","POLYGON_TY":"LF WASTE AREA","EGAD_SITE_SEQ":"27,522","SITE_DESCR":"LANDFILL MUNICIPAL","LOCATION_A":"WITHIN 3M","LOCATION_M":"CAD","DATA_SOURC":"MDEP TECH SERVICES","GlobalID":"{5D26F695-A680-4900-9108-8B1E43A9BBC3}","Shape_Length":"728.56","Shape_Area":"26,428.13"},"id":41},{"type":"Feature","geometry":{"type":"Polygon","coordinates":[[[-70.1353824231005,43.86431229257687],[-70.13531891910128,43.86410923841109],[-70.1353829352783,43.864037109734824],[-70.13538417533066,43.864030191611114],[-70.13538382252284,43.864021701070044],[-70.13538143834958,43.86401338377537],[-70.1353770936071,43.864005494727266],[-70.13537092460702,43.86399826576568],[-70.13536310994643,43.86399192741004],[-70.13516783263651,43.863858861361436],[-70.13508809363987,43.86381961064533],[-70.13472275888604,43.863754383755364],[-70.13432180528454,43.863697933108995],[-70.1340311957812,43.86367790242617],[-70.13402600145403,43.863677373241316],[-70.13400436760035,43.86367687755469],[-70.13398294848045,43.86367910964084],[-70.13396238609484,43.863683997402134],[-70.13394331109168,43.863691395024006],[-70.13392630274798,43.86370107256771],[-70.13391187710812,43.86371274670033],[-70.13390046653072,43.863726052085866],[-70.13389242681403,43.86374058903372],[-70.1338879960177,43.86375591760473],[-70.13388731455757,43.86377156731551],[-70.13391138988327,43.864084199074576],[-70.1338915526118,43.86432848496929],[-70.13391811264916,43.86439733974786],[-70.13393825784398,43.864447038080364],[-70.13398538639392,43.86452496068646],[-70.13404233778611,43.864611299638774],[-70.13422323538661,43.86485842093973],[-70.13432493584588,43.864931845491625],[-70.1344309548745,43.86498676959043],[-70.1345405950515,43.86501063915436],[-70.13477935403711,43.86501187784204],[-70.13504459896812,43.86500846816066],[-70.13520020217055,43.86498118995378],[-70.13524414330774,43.864965879368995],[-70.13535531572788,43.86492104316607],[-70.13542835321283,43.86488795741009],[-70.13546679054625,43.86484573278983],[-70.13548898079394,43.8647759392603],[-70.13551639551089,43.86467987607223],[-70.13549404694037,43.86460268205355],[-70.13546409228024,43.86446091198291],[-70.13544122821006,43.86443450007406],[-70.1353824231005,43.86431229257687]]]},"properties":{"OBJECTID":"42","EGAD_SEQ":"","MAP_REFERENCE":"","FEATURE_NA":"CLOSED LANDFILL","POLYGON_TY":"LF WASTE AREA","EGAD_SITE_SEQ":"28,612","SITE_DESCR":"LANDFILL MUNICIPAL","LOCATION_A":"WITHIN 30M","LOCATION_M":"CAD","DATA_SOURC":"WOODARD AND CURRAN","GlobalID":"{7B56D5BF-4F39-4810-8F8D-D8FD30AAF339}","Shape_Length":"471.25","Shape_Area":"15,447.79"},"id":42},{"type":"Feature","geometry":{"type":"Polygon","coordinates":[[[-68.76962637888569,44.59622177996406],[-68.76950020681426,44.59600977512372],[-68.7692514725638,44.59579911244029],[-68.76904231956743,44.59572226599689],[-68.76881138612455,44.595519600210125],[-68.7686088403756,44.59546187339352],[-68.76842600556184,44.59549175416222],[-68.76818259038255,44.59562659146668],[-68.76800223293836,44.59569548200894],[-68.76778360376545,44.59573905576093],[-68.76756878284849,44.59575962628177],[-68.76743031668339,44.595793158955075],[-68.76708334065714,44.59608116602166],[-68.76679748115801,44.59655917355154],[-68.76671640516999,44.59680610771152],[-68.76678137082996,44.59694669481541],[-68.76692269910333,44.59710824896885],[-68.76712210848143,44.59731153483973],[-68.7673945534771,44.5974577470197],[-68.7676491023734,44.597528494153075],[-68.76800936638104,44.59756304012184],[-68.76831151706399,44.597563653450266],[-68.76856649737975,44.59752515689265],[-68.76879249186788,44.597452782957404],[-68.76901526437746,44.59727376217436],[-68.76935877535608,44.59694152530038],[-68.76955283361652,44.596658403709114],[-68.76967708948509,44.596358803174326],[-68.76962637888569,44.59622177996406]]]},"properties":{"OBJECTID":"43","EGAD_SEQ":"","MAP_REFERENCE":"","FEATURE_NA":"ESTIMATED WASTE AREA","POLYGON_TY":"LF WASTE AREA","EGAD_SITE_SEQ":"29,755","SITE_DESCR":"LANDFILL MUNICIPAL","LOCATION_A":"WITHIN 5M","LOCATION_M":"DIGITIZED","DATA_SOURC":"MDEP TECH SERVICES","GlobalID":"{EAEB1B4D-A598-4EEB-98DD-FB9B3B54C044}","Shape_Length":"716.75","Shape_Area":"38,647.08"},"id":43},{"type":"Feature","geometry":{"type":"Polygon","coordinates":[[[-70.70409575129915,44.02604219434404],[-70.70421733382194,44.02590698170884],[-70.70417664100275,44.02586947413588],[-70.70416125751679,44.025793475162324],[-70.70408014513373,44.02572798590718],[-70.7039209215703,44.02570177470884],[-70.70375564462117,44.025694711825956],[-70.7035773042623,44.02569260809572],[-70.70340392626022,44.025633258044095],[-70.70307833676227,44.025561884481206],[-70.70288046912104,44.02556959903081],[-70.70277650286981,44.02562832005722],[-70.70282747707721,44.02579430992866],[-70.70290553332009,44.02598371703755],[-70.70286301361949,44.026112985984184],[-70.70269659050491,44.02629650851151],[-70.7023336576369,44.02653536706863],[-70.70201889048116,44.02661152250686],[-70.7018210179098,44.026619235296245],[-70.7017646138601,44.026724888776975],[-70.70179979542183,44.02680059400406],[-70.7020278867063,44.02692583058512],[-70.70218391883793,44.027071197894635],[-70.70244460410761,44.02718165513503],[-70.70253013465859,44.02717085121403],[-70.70263464924574,44.02713117959274],[-70.70288619707374,44.026922566257305],[-70.70365056985358,44.02640615549203],[-70.70409575129915,44.02604219434404]]]},"properties":{"OBJECTID":"44","EGAD_SEQ":"","MAP_REFERENCE":"","FEATURE_NA":"EST WASTE AREA","POLYGON_TY":"LF WASTE AREA","EGAD_SITE_SEQ":"27,220","SITE_DESCR":"LANDFILL MUNICIPAL","LOCATION_A":"WITHIN 3M","LOCATION_M":"DIGITIZED","DATA_SOURC":"MDEP GIS UNIT","GlobalID":"{960CAC21-274B-462A-959B-CE846428D967}","Shape_Length":"587.2","Shape_Area":"15,136.68"},"id":44},{"type":"Feature","geometry":{"type":"Polygon","coordinates":[[[-68.3138554117226,44.54435114414995],[-68.3138822219388,44.54433063425691],[-68.31388469413601,44.54432829221781],[-68.31386977620159,44.54432673246675],[-68.31386946342784,44.54431392163341],[-68.31386729515089,44.54430775170261],[-68.31386907640722,44.54430078715926],[-68.31387302056521,44.5442944486894],[-68.3138722467922,44.54429044776958],[-68.31387457916169,44.54428854241888],[-68.31387388689156,44.54428735531329],[-68.31387736295586,44.54428035683853],[-68.31387873880435,44.5442732899302],[-68.31387754966065,44.5442664983978],[-68.31386833977828,44.54426072369225],[-68.31385870397415,44.544258415143865],[-68.31384388183419,44.5442521313801],[-68.31384272000354,44.544241407658774],[-68.31384292851345,44.54424144672254],[-68.31384173918075,44.544239708369766],[-68.31383896958388,44.54423403987375],[-68.3138372289983,44.54422886190183],[-68.31383314286401,44.54422531822116],[-68.31381600749724,44.54422284757774],[-68.31383381872234,44.54420968469801],[-68.31382941374399,44.54420327806297],[-68.31382325607383,44.544198939606886],[-68.31382357058934,44.544194134087356],[-68.3138136148595,44.54418412635677],[-68.31380081419496,44.544182579317415],[-68.31380309807808,44.54417847883348],[-68.3138014258186,44.54417305729996],[-68.31379835541983,44.54416449084666],[-68.31379933143364,44.54415716946297],[-68.31380227326144,44.54414806926537],[-68.31377691486972,44.544141120812085],[-68.3137822892491,44.54413455326889],[-68.31376917048615,44.54412654492126],[-68.31374136050447,44.54411375702223],[-68.31374223872874,44.54410993797819],[-68.31374169313169,44.54410119583817],[-68.31373631573248,44.54409955565535],[-68.31371784567169,44.54409057977269],[-68.31369656851001,44.54408502242591],[-68.31368479438333,44.54407442848829],[-68.31367402377874,44.54406981563148],[-68.3136548283359,44.54406557977034],[-68.31364423663595,44.544053455283525],[-68.31363883367628,44.54403759977534],[-68.3136173398258,44.54402616688951],[-68.3136092105592,44.54401713880152],[-68.31360052724578,44.54402065796234],[-68.3135784013267,44.54401759282458],[-68.31356514990237,44.54400652365901],[-68.31354962587267,44.54400202266206],[-68.31353321666906,44.54400203836834],[-68.31352032662713,44.5439898910529],[-68.31351667144497,44.54399199100481],[-68.31351537266443,44.54398692731607],[-68.3135051079394,44.543987044769786],[-68.31349614264802,44.543988100005976],[-68.31348014783524,44.543995058330005],[-68.31346151940949,44.5440089877689],[-68.31346099815251,44.54401809980769],[-68.31345889327847,44.544019392537535],[-68.3134569954568,44.54403359359572],[-68.31343917043112,44.54403989542285],[-68.31341865380979,44.54403561016773],[-68.31340896975877,44.54403708960184],[-68.31339731390642,44.544045996962105],[-68.31338434601341,44.54405032669377],[-68.31338103773417,44.54405664826377],[-68.3133645924512,44.54405309238194],[-68.31334824181857,44.54403688025651],[-68.3133269022082,44.54402732349306],[-68.31330582144322,44.54401770076214],[-68.31328562819554,44.54400207950364],[-68.31326918882107,44.54399416816674],[-68.31324166848053,44.543992949378435],[-68.31322551726569,44.54397562660843],[-68.3132009461603,44.54396757633687],[-68.3131787292278,44.54397428924103],[-68.31315889056448,44.543950784680675],[-68.31313944045807,44.54393866539066],[-68.31315568807607,44.54391823888576],[-68.31316662726806,44.54389833771834],[-68.31317004506718,44.54388334547078],[-68.31316726758666,44.543864436728995],[-68.31317140230117,44.543850674952175],[-68.31314909039202,44.543839239759066],[-68.31314385362144,44.54382885523011],[-68.31312993581658,44.54384031651283],[-68.3130938530214,44.543849580181565],[-68.31309481366608,44.54385235066984],[-68.31307591261911,44.54385830836988],[-68.31306234002442,44.54387145611442],[-68.3130523555982,44.543875785747794],[-68.31305277343586,44.54387622218823],[-68.31306295649075,44.54388711541208],[-68.3130506934868,44.54388631333991],[-68.31304025969588,44.54388518016865],[-68.31304665415985,44.54389196160725],[-68.31306296253713,44.543921176034],[-68.31304778953452,44.54391926533892],[-68.31305322267401,44.543927295062545],[-68.31308545015185,44.5439444327659],[-68.3131063054807,44.54396733307462],[-68.31314026298024,44.54396046212583],[-68.31316090019278,44.54399624028838],[-68.31320515181459,44.54402518880931],[-68.31321584478101,44.544024516694336],[-68.31324705224385,44.54404426258449],[-68.31330636510913,44.54405347871824],[-68.31333249909946,44.54406779519772],[-68.31335077294807,44.5440792141796],[-68.31337286879298,44.54408976487496],[-68.31338481017154,44.54411836062688],[-68.31337968964087,44.54415312684296],[-68.31339375685744,44.54416847448683],[-68.31342480408172,44.54418098034271],[-68.31344808251129,44.54420851981018],[-68.31346814963693,44.54422449228445],[-68.31349799556828,44.54422632097168],[-68.3135187205586,44.5442526216175],[-68.31354571203273,44.544246365870364],[-68.31355268361092,44.54424818039204],[-68.3135574753162,44.54424856389591],[-68.31356855405927,44.544267449598536],[-68.31359329129943,44.54428687292236],[-68.31362234164604,44.5442877398151],[-68.31364160621068,44.544284277940584],[-68.31366247521042,44.54429168738819],[-68.3136829727622,44.54429578342934],[-68.31369192858531,44.54430293042578],[-68.31369147717028,44.5443186364174],[-68.31371412620952,44.544330331004915],[-68.31374175863877,44.544334452803554],[-68.3137673151295,44.544347369403596],[-68.31379178997508,44.54436459806482],[-68.31381517993786,44.544363482728116],[-68.31383075582238,44.544358971458685],[-68.3138554117226,44.54435114414995]]]},"properties":{"OBJECTID":"45","EGAD_SEQ":"","MAP_REFERENCE":"","FEATURE_NA":"HANCOCK OLD DUMP","POLYGON_TY":"LF WASTE AREA","EGAD_SITE_SEQ":"29,761","SITE_DESCR":"LANDFILL MUNICIPAL","LOCATION_A":"WITHIN 1M","LOCATION_M":"GPS MAPPING GRADE","DATA_SOURC":"MDEP TECH SERVICES","GlobalID":"{8211041D-BAF6-4558-9DB6-7E10DB2AD4D2}","Shape_Length":"227.2","Shape_Area":"1,089.81"},"id":45},{"type":"Feature","geometry":{"type":"Polygon","coordinates":[[[-70.787340156633,43.14465587005506],[-70.78705341341015,43.14479387008188],[-70.78679098362628,43.144920664295206],[-70.78659720110736,43.145035559508884],[-70.7865457476791,43.145130189007766],[-70.78661430436811,43.14528429040723],[-70.78669658651293,43.14540209154561],[-70.78682969551281,43.14540362131838],[-70.78692768945245,43.14538404622052],[-70.78697977431735,43.14531105908386],[-70.7870236876651,43.14529593870465],[-70.7871183327094,43.14533054674856],[-70.78714045382398,43.14541320077223],[-70.78711331579917,43.14549662351537],[-70.78715440613608,43.145553720636116],[-70.78720890846756,43.145563695266645],[-70.7872785020735,43.14558425936336],[-70.78732944568422,43.14564120155921],[-70.7873807023087,43.14570896503668],[-70.787488865083,43.145700058555036],[-70.78760498719203,43.145626070404546],[-70.78768799503251,43.14559951259502],[-70.78775538202181,43.145544329314326],[-70.78778755081944,43.14546443502336],[-70.78790639046254,43.14531462341622],[-70.7880531182973,43.14527624223666],[-70.78819010059037,43.14524162315624],[-70.78833253389017,43.14522496204953],[-70.78844970591825,43.145187043346844],[-70.78844707630643,43.14509686765609],[-70.78846006642847,43.14503531730028],[-70.7883393186631,43.14495059741982],[-70.78821208367185,43.14498145526351],[-70.78817802263063,43.144996422977755],[-70.78802814073893,43.14492659254926],[-70.78791200356198,43.14483097394484],[-70.78770814640119,43.144769204820484],[-70.78760762925627,43.144702211337496],[-70.78750260759519,43.144649722488246],[-70.787340156633,43.14465587005506]]]},"properties":{"OBJECTID":"46","EGAD_SEQ":"","MAP_REFERENCE":"","FEATURE_NA":"EST WASTE BOUNDARY","POLYGON_TY":"LF WASTE AREA","EGAD_SITE_SEQ":"27,756","SITE_DESCR":"LANDFILL MUNICIPAL","LOCATION_A":"WITHIN 3M","LOCATION_M":"DIGITIZED","DATA_SOURC":"MDEP GIS UNIT","GlobalID":"{893F6AF7-22FB-497D-B6E7-5441C6C13B0B}","Shape_Length":"449.44","Shape_Area":"9,854.25"},"id":46},{"type":"Feature","geometry":{"type":"Polygon","coordinates":[[[-70.61430631781779,43.29863924731032],[-70.61438874639447,43.29854386160057],[-70.61444958166359,43.298464867049205],[-70.61451338431318,43.29837893679934],[-70.61455268949894,43.29831862864872],[-70.61454124700153,43.298242953320916],[-70.61452031249827,43.29816511318002],[-70.61448208152333,43.29814726774705],[-70.61441185500114,43.298109192690966],[-70.6143416247975,43.298071114942],[-70.61429414024492,43.29806029745018],[-70.61415520722126,43.29804157550002],[-70.61403853090293,43.298031730940785],[-70.61395372851314,43.29803752458077],[-70.61392343351375,43.298081614497505],[-70.61394043221416,43.29812963638953],[-70.61398109411928,43.29823937274511],[-70.61398334286028,43.298324370484366],[-70.61399139535233,43.298390901119596],[-70.61399926677659,43.298450540538404],[-70.61401391441576,43.29852846860511],[-70.61402789359771,43.2985811298454],[-70.61411100680363,43.298630513758155],[-70.61421504225164,43.298638237853446],[-70.61430631781779,43.29863924731032]]]},"properties":{"OBJECTID":"47","EGAD_SEQ":"","MAP_REFERENCE":"","FEATURE_NA":"APPARENT METAL WASTE LIMITS","POLYGON_TY":"LF WASTE AREA","EGAD_SITE_SEQ":"36,574","SITE_DESCR":"LANDFILL MUNICIPAL","LOCATION_A":"WITHIN 3M","LOCATION_M":"CAD","DATA_SOURC":"NORTHEAST GEOPHYSICAL","GlobalID":"{89A48CDB-604A-4C58-A826-C044D0BDFF01}","Shape_Length":"194.36","Shape_Area":"2,503.14"},"id":47},{"type":"Feature","geometry":{"type":"Polygon","coordinates":[[[-69.46309988005646,44.88509244375915],[-69.46388531766708,44.885168395396434],[-69.46398737101332,44.88517204166715],[-69.46426490299035,44.88496000695201],[-69.46431792901868,44.88490462554936],[-69.46435880385995,44.884799967371954],[-69.46442091449985,44.884323387073216],[-69.46438802300798,44.8842387704595],[-69.46432501428092,44.88413481642733],[-69.46422006127413,44.88401365248951],[-69.46415057685282,44.88395543199694],[-69.46399178364935,44.88390585898948],[-69.4638968036599,44.883878322094525],[-69.4638121576046,44.8838536355299],[-69.46357070224921,44.88375039035733],[-69.4633085459172,44.88367708595808],[-69.46285999464595,44.88355792722876],[-69.46257135539355,44.88351681559201],[-69.46209799899331,44.88343450455558],[-69.46156696491623,44.88338813245908],[-69.46125667049105,44.883377352113826],[-69.46123788323443,44.88342231792246],[-69.46119421591821,44.88356300823406],[-69.46115766865793,44.88375428864532],[-69.46113104077554,44.88397773493761],[-69.46114563322121,44.88414070873877],[-69.46124065225686,44.884283372151124],[-69.46144646627256,44.88446015145906],[-69.46168352722546,44.884656044282956],[-69.4618600292373,44.88477020472796],[-69.4620999684541,44.884897759027396],[-69.46252777930586,44.885018926665694],[-69.46291955973601,44.885073849100074],[-69.46309988005646,44.88509244375915]]]},"properties":{"OBJECTID":"48","EGAD_SEQ":"","MAP_REFERENCE":"","FEATURE_NA":"STAGE I","POLYGON_TY":"LF WASTE AREA","EGAD_SITE_SEQ":"30,711","SITE_DESCR":"LANDFILL SPECIAL WASTE","LOCATION_A":"WITHIN 30M","LOCATION_M":"CAD","DATA_SOURC":"ACHERON ENGINEERING","GlobalID":"{E8F671B4-AAE7-4ADC-821B-F77F2637ACFC}","Shape_Length":"744.25","Shape_Area":"37,092.77"},"id":48},{"type":"Feature","geometry":{"type":"Polygon","coordinates":[[[-69.0722302049522,44.94865918374152],[-69.07233481652185,44.94863244187224],[-69.07241787891743,44.94853902218208],[-69.07243383785706,44.948428496181535],[-69.07242297060449,44.948319895618376],[-69.07233424932015,44.94818085638115],[-69.07223744434366,44.94801323809975],[-69.07216487791773,44.94791801299461],[-69.072073555514,44.94784185423772],[-69.07199570926522,44.94781713160625],[-69.07190180134825,44.94781719077005],[-69.07185086114853,44.94784961476826],[-69.0718375252671,44.94791440793195],[-69.07179480802846,44.948084017379216],[-69.07176541456568,44.948181215261535],[-69.07166897277212,44.9483051272889],[-69.07156712671066,44.94839855821106],[-69.0715269392177,44.94844621932677],[-69.07154041378595,44.94849575074943],[-69.07161290645962,44.94853190959848],[-69.07182494504488,44.94858512775],[-69.0722302049522,44.94865918374152]]]},"properties":{"OBJECTID":"49","EGAD_SEQ":"","MAP_REFERENCE":"","FEATURE_NA":"WASTE AREA","POLYGON_TY":"LF WASTE AREA","EGAD_SITE_SEQ":"29,626","SITE_DESCR":"LANDFILL MUNICIPAL","LOCATION_A":"WITHIN 3M","LOCATION_M":"DIGITIZED","DATA_SOURC":"CES ENGINEERS & SURVEYORS","GlobalID":"{88431DEB-465A-47F3-ACBA-998B135E6176}","Shape_Length":"261.06","Shape_Area":"4,173.48"},"id":49},{"type":"Feature","geometry":{"type":"Polygon","coordinates":[[[-70.42256302393376,45.16733315044755],[-70.42244862681386,45.16732525433463],[-70.42238730695178,45.16733223294752],[-70.42230002704719,45.1673550699776],[-70.42220481615742,45.167412185084736],[-70.42204575023679,45.167550881795414],[-70.42198197124983,45.167635569873504],[-70.42195724781602,45.167701129098155],[-70.42196388081393,45.16779115326722],[-70.42202728843993,45.167868043594396],[-70.42213075706842,45.16796618480406],[-70.42231465729509,45.16811925239597],[-70.42244940525997,45.16823875353915],[-70.42259639866127,45.16832081612682],[-70.4227372234585,45.16833149019063],[-70.4228379869354,45.16832091342956],[-70.4229458300459,45.16824188964075],[-70.42293348903186,45.1680991139382],[-70.42291298545757,45.16798129717203],[-70.42293223362847,45.16787230627846],[-70.42289008409048,45.167767186953775],[-70.42296541016849,45.167617104029716],[-70.42292225522802,45.167471604922646],[-70.42280576948062,45.167379841377404],[-70.42256302393376,45.16733315044755]]]},"properties":{"OBJECTID":"50","EGAD_SEQ":"","MAP_REFERENCE":"","FEATURE_NA":"EST WASTE AREA","POLYGON_TY":"LF WASTE AREA","EGAD_SITE_SEQ":"29,349","SITE_DESCR":"LANDFILL MUNICIPAL","LOCATION_A":"WITHIN 3M","LOCATION_M":"DIGITIZED","DATA_SOURC":"MDEP GIS UNIT","GlobalID":"{E8E68BBA-62A8-45CE-BFB7-6C161BC2F97F}","Shape_Length":"309.07","Shape_Area":"6,414.24"},"id":50},{"type":"Feature","geometry":{"type":"Polygon","coordinates":[[[-70.78737518741258,44.25183012884847],[-70.78724919612604,44.251827338150875],[-70.78711082284367,44.25185331838002],[-70.78698598508636,44.25188861180223],[-70.78685495678226,44.251938292400105],[-70.78679117276896,44.2520202606149],[-70.78674697056836,44.25209239635206],[-70.78679060432255,44.252220313280006],[-70.78692164339694,44.25238972938508],[-70.78715376765273,44.252614718925344],[-70.78722202397367,44.25268033227289],[-70.78730899589118,44.25270754840606],[-70.78736126328035,44.25268291564913],[-70.78740071714432,44.252672772069495],[-70.78745384993655,44.2526767039183],[-70.78748826612278,44.25271903116274],[-70.78749014134402,44.25278092077852],[-70.78750526402796,44.252842602136006],[-70.78752715413462,44.25290894104369],[-70.78766236883149,44.25299732072389],[-70.78784495837223,44.25311829934104],[-70.78788009652914,44.25318443077011],[-70.78788845102714,44.25324145455274],[-70.78795642034753,44.25329754678333],[-70.7881300781343,44.25334245627207],[-70.78834261310827,44.25335818029626],[-70.78844240240295,44.25337090619576],[-70.78859344758649,44.25332567466022],[-70.78873066877799,44.253261606429405],[-70.78880136321129,44.25318905496658],[-70.78887090385469,44.25307841817901],[-70.78892806163047,44.25299655171794],[-70.78891207248498,44.252906305933486],[-70.78882206686528,44.252779116222996],[-70.78870657844008,44.25268566635822],[-70.78855797245777,44.25259273506321],[-70.78842420185543,44.25255196324546],[-70.78833002809094,44.25250580861309],[-70.78817681901432,44.25247962955398],[-70.78801050825695,44.25245841980669],[-70.78795867418685,44.25249733472392],[-70.78785758923813,44.25244176184186],[-70.78779984001083,44.25228548811581],[-70.7877572113826,44.252190896619744],[-70.78769457077725,44.25209185489899],[-70.78764546494187,44.25200212733661],[-70.7875772102462,44.25193651510985],[-70.78750909990856,44.25187566226422],[-70.78737518741258,44.25183012884847]]]},"properties":{"OBJECTID":"51","EGAD_SEQ":"","MAP_REFERENCE":"","FEATURE_NA":"EST WASTE AREA","POLYGON_TY":"LF WASTE AREA","EGAD_SITE_SEQ":"27,302","SITE_DESCR":"LANDFILL MUNICIPAL","LOCATION_A":"WITHIN 3M","LOCATION_M":"DIGITIZED","DATA_SOURC":"MDEP GIS UNIT","GlobalID":"{2D507E4E-25C4-46C9-98E3-B4AD574BDD5E}","Shape_Length":"543.01","Shape_Area":"13,964.43"},"id":51},{"type":"Feature","geometry":{"type":"Polygon","coordinates":[[[-70.13432772137351,44.018219865226165],[-70.13406602577423,44.0182393473811],[-70.1339962268907,44.018260301518694],[-70.1339641812236,44.018297767705874],[-70.13392316719997,44.018355585092664],[-70.1338609430702,44.01852843357243],[-70.13383563671476,44.01867389726782],[-70.13383391770479,44.01882925840918],[-70.13384617299945,44.018981102774546],[-70.13386804284923,44.01914636044003],[-70.13389663139465,44.019173094155256],[-70.13410814897638,44.0192216487524],[-70.13452650854941,44.01931880680266],[-70.13488346298658,44.019386180482],[-70.13532912926661,44.019442539945764],[-70.13556282154265,44.01942670862626],[-70.13582432836066,44.01939709157299],[-70.13610487401722,44.01938417140117],[-70.1362303695432,44.01933902178597],[-70.13637790251786,44.019222733813734],[-70.13644640792192,44.01913425015367],[-70.13640759616872,44.01881719552088],[-70.13617846362295,44.018336556339136],[-70.13562993574078,44.01828459987496],[-70.13492706972292,44.01823755217629],[-70.13432772137351,44.018219865226165]]]},"properties":{"OBJECTID":"52","EGAD_SEQ":"","MAP_REFERENCE":"","FEATURE_NA":"WASTE AREA","POLYGON_TY":"LF WASTE AREA","EGAD_SITE_SEQ":"33,533","SITE_DESCR":"LANDFILL MUNICIPAL","LOCATION_A":"WITHIN 3M","LOCATION_M":"DIGITIZED","DATA_SOURC":"MDEP GIS UNIT","GlobalID":"{5C5AA717-1A85-43A6-A67A-AEB9D56B1787}","Shape_Length":"593.98","Shape_Area":"24,001.35"},"id":52},{"type":"Feature","geometry":{"type":"Polygon","coordinates":[[[-68.80683010674078,44.07021441356814],[-68.80678262714456,44.07024605225889],[-68.8067960763185,44.07027291413294],[-68.8068297099611,44.07033640894723],[-68.80684626683191,44.07044867240166],[-68.80689344510158,44.07050975017119],[-68.80693043264598,44.07058300940481],[-68.80700126046551,44.07065632669313],[-68.80706189095974,44.07074426534188],[-68.80717302002272,44.07091280747833],[-68.80725728349854,44.071017865346654],[-68.80731134305034,44.07104479565642],[-68.80734509639845,44.071071691702606],[-68.80732467391384,44.07110825517443],[-68.80732453935022,44.07114973359832],[-68.8073515560719,44.07116685949947],[-68.80752762003533,44.07114031710075],[-68.80760551130274,44.07112336884323],[-68.80761240610227,44.07108434172275],[-68.80762271542265,44.07103556066811],[-68.80763643509404,44.070979465591805],[-68.80766355579746,44.07096487262565],[-68.80770415658748,44.07096737998546],[-68.80776834509113,44.071001647788535],[-68.80781898786928,44.07103833089195],[-68.80787986463426,44.07105063287514],[-68.8079577399053,44.07103856419167],[-68.80806267144499,44.07103142075118],[-68.80809306586032,44.07105099117181],[-68.80811998816854,44.07109739488056],[-68.80819783193422,44.07109508566323],[-68.8083126653056,44.07116603517523],[-68.80838360698156,44.071205193802314],[-68.80841067251471,44.07120767821048],[-68.80857999799092,44.0711713632081],[-68.80862406299958,44.07114947863913],[-68.80864104675109,44.07112998772014],[-68.80870201559125,44.07111301037162],[-68.80879685875549,44.071086330000334],[-68.80889181960124,44.071023050936844],[-68.80892928874788,44.07094747696127],[-68.80891934036453,44.07088402238502],[-68.80888912633797,44.070808334307685],[-68.80879131707451,44.070705694891316],[-68.80867314703497,44.070620100742225],[-68.80855159320488,44.07053449899914],[-68.80842324784473,44.07045620730155],[-68.80824421304985,44.07035587110929],[-68.8080888282906,44.07026777306593],[-68.80794703568392,44.070162619110796],[-68.80784240438793,44.07007704595072],[-68.8077916585188,44.07007208075207],[-68.80765644423118,44.07002549470565],[-68.80751431295411,44.07002525534735],[-68.80720270700797,44.07010768728101],[-68.80704687263224,44.07015866165949],[-68.80683010674078,44.07021441356814]]]},"properties":{"OBJECTID":"53","EGAD_SEQ":"","MAP_REFERENCE":"","FEATURE_NA":"EST WASTE AREA","POLYGON_TY":"LF WASTE AREA","EGAD_SITE_SEQ":"29,612","SITE_DESCR":"LANDFILL MUNICIPAL","LOCATION_A":"WITHIN 3M","LOCATION_M":"DIGITIZED","DATA_SOURC":"MDEP GIS UNIT","GlobalID":"{4099A681-70AF-49FC-983B-CAB982D62516}","Shape_Length":"505.63","Shape_Area":"13,902.73"},"id":53},{"type":"Feature","geometry":{"type":"Polygon","coordinates":[[[-67.46966928878943,44.72327256852473],[-67.46985891498896,44.72320812081342],[-67.46992068556116,44.7231563146541],[-67.4699773851622,44.72304223530239],[-67.46988850154952,44.722849646567134],[-67.46983278352675,44.72267185643829],[-67.46967617749758,44.72250228544219],[-67.46953173006011,44.722380725494894],[-67.46930513165208,44.72232026930629],[-67.46893776733087,44.72225313867787],[-67.46852926714865,44.72221895101226],[-67.46824710345058,44.72222952122739],[-67.46800304894468,44.722321945344504],[-67.46783153115005,44.72246319240726],[-67.46767406304997,44.722580703161334],[-67.46766318650572,44.722738459893655],[-67.46755129180755,44.72290921599882],[-67.46736812172016,44.722983316015856],[-67.46732496132945,44.723092791071906],[-67.46732167695782,44.72321715469691],[-67.46737763909799,44.72338537983309],[-67.46754132855966,44.72354069481083],[-67.46772817953352,44.72358148124637],[-67.46790958322396,44.72357434599835],[-67.46814478655519,44.723563147511825],[-67.46842758792097,44.723528661514074],[-67.46886001150081,44.72341962188689],[-67.46966928878943,44.72327256852473]]]},"properties":{"OBJECTID":"54","EGAD_SEQ":"","MAP_REFERENCE":"","FEATURE_NA":"WASTE BOUNDARY","POLYGON_TY":"LF WASTE AREA","EGAD_SITE_SEQ":"29,702","SITE_DESCR":"LANDFILL MUNICIPAL","LOCATION_A":"WITHIN 3M","LOCATION_M":"DIGITIZED","DATA_SOURC":"MDEP GIS UNIT","GlobalID":"{B55353BD-5E77-4C68-8C1B-221371B7202D}","Shape_Length":"581.69","Shape_Area":"23,136.24"},"id":54},{"type":"Feature","geometry":{"type":"Polygon","coordinates":[[[-69.83170429886754,44.710488709295525],[-69.8295593272012,44.71188610049948],[-69.8295635471433,44.712181486333336],[-69.83283724946992,44.71494029534628],[-69.83432770863908,44.71542495408417],[-69.83551665065488,44.71538767374538],[-69.83705253090291,44.71438535032299],[-69.83733542751082,44.712687010971685],[-69.83683619352921,44.71235713515263],[-69.83170429886754,44.710488709295525]]]},"properties":{"OBJECTID":"55","EGAD_SEQ":"","MAP_REFERENCE":"","FEATURE_NA":"PHASE 14","POLYGON_TY":"LF WASTE AREA","EGAD_SITE_SEQ":"30,710","SITE_DESCR":"LANDFILL MUNICIPAL","LOCATION_A":"WITHIN 3M","LOCATION_M":"DIGITIZED","DATA_SOURC":"MDEP GIS UNIT","GlobalID":"{EEBC567D-16EA-4FC8-98E0-2FDA406E8709}","Shape_Length":"1,753.7","Shape_Area":"204,281.81"},"id":55},{"type":"Feature","geometry":{"type":"Polygon","coordinates":[[[-69.60291874357532,44.4636152303873],[-69.6029087709136,44.463768270659656],[-69.60277169421937,44.4639137127518],[-69.60270062404206,44.46398505481719],[-69.60270089955051,44.46401183119355],[-69.6027094204184,44.46403395374247],[-69.60277339611999,44.46407909900435],[-69.60288369140099,44.46413640375296],[-69.60299477496827,44.464161210546806],[-69.6030682570731,44.464173719939055],[-69.60311725172056,44.46415119648804],[-69.60313240611359,44.46411307887344],[-69.60315928154355,44.4640813957558],[-69.60327552075266,44.46404738428165],[-69.60350225642748,44.46407809135706],[-69.6037232638118,44.4640879598477],[-69.60397962370197,44.46403877727738],[-69.60426593324212,44.4639048168752],[-69.60448489000761,44.46371602617545],[-69.60457629404192,44.46361252911359],[-69.6046263721322,44.46348717596786],[-69.6046401885896,44.46333258291936],[-69.60459715567849,44.463145178630434],[-69.60441112354447,44.46303947053435],[-69.6042288965168,44.462980726552054],[-69.60415321275427,44.46293782179846],[-69.60420336833693,44.46281982637648],[-69.60416539880148,44.46262503805919],[-69.6040503754082,44.462430655464644],[-69.6038695218957,44.462328598515995],[-69.60369429803993,44.462274338737075],[-69.60354015359827,44.462271474848116],[-69.60341751082832,44.462334666899274],[-69.603321538865,44.46249337326222],[-69.6032668562838,44.4626582462267],[-69.60315903763387,44.46284074721524],[-69.60307947477293,44.46293245902876],[-69.60294225196562,44.4630766669379],[-69.6028309053505,44.46323913346213],[-69.60278561790678,44.46333134836272],[-69.60283060627951,44.46346683935121],[-69.60288329463307,44.46353685665886],[-69.60291874357532,44.4636152303873]]]},"properties":{"OBJECTID":"56","EGAD_SEQ":"","MAP_REFERENCE":"","FEATURE_NA":"WASTE BOUNDARY","POLYGON_TY":"LF WASTE AREA","EGAD_SITE_SEQ":"27,652","SITE_DESCR":"LANDFILL MUNICIPAL","LOCATION_A":"WITHIN 5M","LOCATION_M":"DIGITIZED","DATA_SOURC":"MDEP GIS UNIT","GlobalID":"{0EE4E370-BC49-4607-A86E-11F3AE1ABF49}","Shape_Length":"601.19","Shape_Area":"20,908.81"},"id":56},{"type":"Feature","geometry":{"type":"Polygon","coordinates":[[[-68.57424866679095,45.131521127805826],[-68.57430406841134,45.131688327049886],[-68.57454496945854,45.131658497345455],[-68.57450211672165,45.13149329564354],[-68.57424866679095,45.131521127805826]]]},"properties":{"OBJECTID":"57","EGAD_SEQ":"","MAP_REFERENCE":"","FEATURE_NA":"RAD WASTE DISPOSAL AREA","POLYGON_TY":"LF WASTE AREA","EGAD_SITE_SEQ":"27,547","SITE_DESCR":"LANDFILL SPECIAL WASTE","LOCATION_A":"WITHIN 1M","LOCATION_M":"GPS MAPPING GRADE","DATA_SOURC":"MDEP TECH SERVICES","GlobalID":"{F5E16096-C653-486D-B12B-B3C790B756C3}","Shape_Length":"77.14","Shape_Area":"371.24"},"id":57},{"type":"Feature","geometry":{"type":"Polygon","coordinates":[[[-68.72581709428559,44.97867164504504],[-68.7245550389177,44.978840259401366],[-68.72531529327195,44.981162451003705],[-68.7265321113425,44.98115582817159],[-68.72581709428559,44.97867164504504]]]},"properties":{"OBJECTID":"58","EGAD_SEQ":"","MAP_REFERENCE":"","FEATURE_NA":"CELL 2","POLYGON_TY":"LF WASTE AREA","EGAD_SITE_SEQ":"31,339","SITE_DESCR":"LANDFILL COMMERCIAL","LOCATION_A":"WITHIN 10M","LOCATION_M":"CAD","DATA_SOURC":"SEVEE & MAHER ENGINEERS","GlobalID":"{6A30608E-D84D-4B0F-870F-8D3F92743E0F}","Shape_Length":"743.69","Shape_Area":"26,654.12"},"id":58},{"type":"Feature","geometry":{"type":"Polygon","coordinates":[[[-70.6913371101912,43.73609446243467],[-70.69141663502882,43.73602837368266],[-70.69157518709369,43.73587849840407],[-70.6915957723191,43.735742468438794],[-70.69131618769099,43.73564038617648],[-70.69114402079698,43.73559572679021],[-70.69083089864583,43.73545873333251],[-70.69057240199895,43.735238316031435],[-70.69029448390397,43.73490606441153],[-70.69010704798477,43.734607880182864],[-70.69002403767601,43.734550097347956],[-70.68985536028177,43.734629305736085],[-70.68970328178844,43.73472007234279],[-70.68951086079826,43.734823236456805],[-70.6894809748708,43.73491809527451],[-70.68952579713574,43.735064959924514],[-70.68958440135033,43.735123104892835],[-70.68968268798686,43.7351452557992],[-70.68990648365373,43.73528947366239],[-70.690109360056,43.73555792451935],[-70.69024383670104,43.73570936473213],[-70.6902446664802,43.735738856847405],[-70.69040919725352,43.73580133552796],[-70.6906635469265,43.73587428719099],[-70.6908943206364,43.735977092446085],[-70.69109952726753,43.73603896731149],[-70.6913371101912,43.73609446243467]]]},"properties":{"OBJECTID":"59","EGAD_SEQ":"","MAP_REFERENCE":"","FEATURE_NA":"EST WASTE AREA","POLYGON_TY":"LF WASTE AREA","EGAD_SITE_SEQ":"32,301","SITE_DESCR":"LANDFILL MUNICIPAL","LOCATION_A":"WITHIN 3M","LOCATION_M":"DIGITIZED","DATA_SOURC":"MDEP GIS UNIT","GlobalID":"{8CC38004-B20C-454D-888E-FE7A0AA64E7F}","Shape_Length":"509.67","Shape_Area":"10,529.28"},"id":59},{"type":"Feature","geometry":{"type":"Polygon","coordinates":[[[-68.87982234190636,44.818130919863044],[-68.87982219780196,44.818129053551935],[-68.87987900187892,44.8181146143404],[-68.87993279724546,44.818101876957385],[-68.88001914648893,44.81808517136707],[-68.88009812247158,44.818060884406094],[-68.88016752928505,44.818023009307154],[-68.88022591828557,44.81797602947264],[-68.88026712589719,44.817921900940966],[-68.88030057906177,44.81786346840909],[-68.88032787102956,44.81780581620485],[-68.88033071465948,44.817744478077614],[-68.8803140037091,44.81768973788915],[-68.88027662176994,44.81763042631006],[-68.8802467288867,44.81757223884588],[-68.88021404259418,44.81751934084717],[-68.88017021947913,44.81746240626281],[-68.88013337206924,44.81741017994058],[-68.8801064237445,44.817357534592354],[-68.88007525780719,44.81730288091501],[-68.88003833047952,44.817249639026535],[-68.88000310989916,44.81719798600991],[-68.87996851924147,44.817146941293714],[-68.87995001968179,44.81709194620411],[-68.87992307240775,44.81703711777287],[-68.87989490668365,44.81697888791555],[-68.87986366144553,44.81692546379649],[-68.87984238821714,44.81686752204426],[-68.87981030590409,44.816814053818206],[-68.87978165562373,44.81675904711527],[-68.87975258588288,44.816706288717185],[-68.8797176510489,44.816656177088305],[-68.87968906440838,44.816602881749425],[-68.87964682014655,44.816554832908196],[-68.8796056517843,44.81650336794275],[-68.8795560465563,44.81645663823436],[-68.87950144798461,44.816417881902744],[-68.87943865014502,44.81638333893059],[-68.87936083275089,44.81636488232921],[-68.87927678527448,44.81634882448253],[-68.87919842897671,44.81635530874953],[-68.87912112178618,44.816379042325195],[-68.87905648178742,44.81641514030793],[-68.8790312651919,44.816473152708944],[-68.87902974647547,44.816532918633],[-68.87901877418504,44.81659304183325],[-68.87899935139156,44.81665103425614],[-68.87900516244318,44.816711165331434],[-68.87901575759828,44.8167679130387],[-68.87902044729894,44.81682419087482],[-68.87901011108093,44.81688191385323],[-68.87899188094399,44.8169368413798],[-68.87896875805951,44.816991443239075],[-68.87896217833628,44.81705027656489],[-68.87897621892776,44.81710814869998],[-68.87896491763892,44.81715980315385],[-68.87897835860437,44.81721653857219],[-68.87899997796632,44.81726767337138],[-68.8790094462802,44.81732564058056],[-68.87902235570802,44.817380758630684],[-68.87903098547041,44.81744116635007],[-68.87903050232332,44.817502870638016],[-68.87905136883593,44.817551198636345],[-68.8790835245233,44.817601492064306],[-68.87910448237996,44.81765335621972],[-68.8791387644459,44.817702356462995],[-68.87917071620119,44.81774923690875],[-68.87921659425713,44.817794454960904],[-68.87926250935301,44.81784195869629],[-68.8793055259836,44.817887472560585],[-68.87934992894463,44.81792871542073],[-68.87935968781599,44.81793429450078],[-68.87982234190636,44.818130919863044]]]},"properties":{"OBJECTID":"60","EGAD_SEQ":"","MAP_REFERENCE":"","FEATURE_NA":"HERMON LANDFILL","POLYGON_TY":"LF WASTE AREA","EGAD_SITE_SEQ":"37,947","SITE_DESCR":"LANDFILL MUNICIPAL","LOCATION_A":"WITHIN 3M","LOCATION_M":"GPS MAPPING GRADE","DATA_SOURC":"MDEP EMRO","GlobalID":"{2AB124CD-B5A5-4BDA-A450-6098BD7C162C}","Shape_Length":"486.43","Shape_Area":"13,656.71"},"id":60},{"type":"Feature","geometry":{"type":"Polygon","coordinates":[[[-70.18079970671467,44.04691838465137],[-70.18092625160615,44.04681190283139],[-70.18115779213883,44.046809509119996],[-70.18151710592424,44.046762488222434],[-70.18174840274908,44.046747723402554],[-70.18178955835592,44.04666068344],[-70.18171615821294,44.04642016408716],[-70.18150665399011,44.04623673103083],[-70.18124299704787,44.04591775086085],[-70.18099147962279,44.045778059268564],[-70.18082510496708,44.045606555104065],[-70.18052752012443,44.04530648347982],[-70.18042803277372,44.04504767325929],[-70.18036591490721,44.04494314218813],[-70.18033149181993,44.0449373116332],[-70.1802303055371,44.04502496769176],[-70.18007265452655,44.04529262345421],[-70.1800170493333,44.04551591785876],[-70.17976469659071,44.04576598907798],[-70.1795470146336,44.04603426130752],[-70.17926170548839,44.046352726354286],[-70.179136138987,44.04650868777286],[-70.17912070705677,44.04659546128355],[-70.17925056803276,44.04665598843066],[-70.17958857575556,44.04683190991303],[-70.17981436937251,44.0469718729345],[-70.18002104263647,44.04701304365115],[-70.18025245995373,44.047004466831666],[-70.18059512081477,44.046982366643185],[-70.18079970671467,44.04691838465137]]]},"properties":{"OBJECTID":"61","EGAD_SEQ":"","MAP_REFERENCE":"","FEATURE_NA":"OLD SLUDGE LANDFILL AREA","POLYGON_TY":"LF WASTE AREA","EGAD_SITE_SEQ":"32,844","SITE_DESCR":"LANDFILL SPECIAL WASTE","LOCATION_A":"WITHIN 30M","LOCATION_M":"CAD","DATA_SOURC":"WOODARD AND CURRAN","GlobalID":"{63C32156-D4CF-4575-833C-891E01BD5B88}","Shape_Length":"683.92","Shape_Area":"25,448.89"},"id":61},{"type":"Feature","geometry":{"type":"Polygon","coordinates":[[[-70.37289285706085,43.52083108254701],[-70.37281287738163,43.5208077967113],[-70.37272584396018,43.520812572258535],[-70.372673051007,43.52085796752569],[-70.37261542897528,43.520916476742116],[-70.37253819599789,43.521014387558225],[-70.3724563052644,43.52113286925295],[-70.37240414591265,43.52120623262241],[-70.37246186734197,43.521265221728726],[-70.37255394186928,43.52125665544433],[-70.3727215903813,43.52130313418554],[-70.37285656281242,43.521377980932755],[-70.37293872576642,43.52138445411298],[-70.37298374874108,43.52133542163557],[-70.37293816758756,43.521020774065065],[-70.37296201382497,43.52094215533116],[-70.37289285706085,43.52083108254701]]]},"properties":{"OBJECTID":"62","EGAD_SEQ":"","MAP_REFERENCE":"","FEATURE_NA":"EST WASTE BOUNDARY","POLYGON_TY":"LF WASTE AREA","EGAD_SITE_SEQ":"79,846","SITE_DESCR":"LANDFILL MUNICIPAL","LOCATION_A":"WITHIN 3M","LOCATION_M":"DIGITIZED","DATA_SOURC":"MDEP GIS UNIT","GlobalID":"{4EFD7561-AAA8-4E02-8122-5DAE83E12369}","Shape_Length":"179.69","Shape_Area":"1,896.91"},"id":62},{"type":"Feature","geometry":{"type":"Polygon","coordinates":[[[-68.43487303180385,45.208363109627065],[-68.43483425256566,45.208196200873736],[-68.43474067401065,45.20811952300079],[-68.43465336110566,45.208090511642496],[-68.43459285961283,45.20807592209611],[-68.43452566681039,45.20805653574014],[-68.43443104915154,45.208084647315516],[-68.43427541185753,45.20815056395515],[-68.43405790293339,45.20834001964007],[-68.4338940127072,45.20855832257441],[-68.43377776162954,45.20872922678741],[-68.4338095631976,45.20891991862755],[-68.43391586313878,45.20907287325676],[-68.43413087346396,45.20913586256983],[-68.43442090022212,45.20910871820413],[-68.43463713813034,45.2090478650267],[-68.43481370099079,45.208910602156706],[-68.43485592270174,45.20872980330426],[-68.43487303180385,45.208363109627065]]]},"properties":{"OBJECTID":"63","EGAD_SEQ":"","MAP_REFERENCE":"","FEATURE_NA":"EST WASTE AREA","POLYGON_TY":"LF WASTE AREA","EGAD_SITE_SEQ":"29,618","SITE_DESCR":"LANDFILL MUNICIPAL","LOCATION_A":"WITHIN 3M","LOCATION_M":"DIGITIZED","DATA_SOURC":"MDEP GIS UNIT","GlobalID":"{9B72FDFE-E31C-4D24-96D9-D8E1143C632A}","Shape_Length":"327.8","Shape_Area":"7,625.6"},"id":63},{"type":"Feature","geometry":{"type":"Polygon","coordinates":[[[-69.20442975071381,45.19232501200169],[-69.20441827925914,45.19195234276115],[-69.20479195680109,45.19157180652784],[-69.20486265331411,45.191500008793504],[-69.20499372477663,45.191306260253945],[-69.20502390192367,45.19124170133182],[-69.2051341355505,45.190890312133085],[-69.20532509253101,45.19043843386891],[-69.20544584642343,45.19019453454991],[-69.20550642931718,45.1901299207882],[-69.2055770728137,45.190043785795616],[-69.20552574614126,45.18986469896015],[-69.20533295785879,45.1898077116574],[-69.20529230620173,45.189779114549296],[-69.20495782155865,45.18977972159927],[-69.20461291630733,45.18970150107389],[-69.20384194400401,45.18952370859284],[-69.20334602260833,45.18973244475129],[-69.20341779600697,45.18996166583009],[-69.20350966117742,45.19014068228157],[-69.20353008821084,45.190183645757564],[-69.2035001104376,45.19030554251047],[-69.20351196758058,45.19078571949623],[-69.20350306037848,45.1911297586378],[-69.20364573844184,45.19134451896493],[-69.20363624030527,45.19152371596604],[-69.20363662367934,45.191631220798605],[-69.2036472464787,45.19176737844895],[-69.20369859455442,45.19195363132416],[-69.2036889980396,45.192104158310705],[-69.20370973402625,45.19223313171347],[-69.20371996974337,45.19226178093023],[-69.20405506313415,45.19242602586904],[-69.20442975071381,45.19232501200169]]]},"properties":{"OBJECTID":"64","EGAD_SEQ":"","MAP_REFERENCE":"","FEATURE_NA":"WASTE AREA","POLYGON_TY":"LF WASTE AREA","EGAD_SITE_SEQ":"29,564","SITE_DESCR":"LANDFILL MUNICIPAL","LOCATION_A":"WITHIN 30M","LOCATION_M":"CAD","DATA_SOURC":"CES ENGINEERS & SURVEYORS","GlobalID":"{57080D7D-524B-47A8-9391-BE87272A14A1}","Shape_Length":"829.77","Shape_Area":"34,390.11"},"id":64},{"type":"Feature","geometry":{"type":"Polygon","coordinates":[[[-68.72802151365039,44.98191253271403],[-68.72763856008437,44.98114979430685],[-68.72526876762075,44.98116254073704],[-68.72423128605553,44.981469183749574],[-68.725040840872,44.98227044014561],[-68.72802151365039,44.98191253271403]]]},"properties":{"OBJECTID":"65","EGAD_SEQ":"","MAP_REFERENCE":"","FEATURE_NA":"CELL 14","POLYGON_TY":"LF WASTE AREA","EGAD_SITE_SEQ":"31,339","SITE_DESCR":"LANDFILL COMMERCIAL","LOCATION_A":"WITHIN 5M","LOCATION_M":"DIGITIZED","DATA_SOURC":"SEVEE & MAHER ENGINEERS","GlobalID":"{1A750FC3-C425-474C-8F06-AFA06A97747A}","Shape_Length":"713.26","Shape_Area":"26,768.16"},"id":65},{"type":"Feature","geometry":{"type":"Polygon","coordinates":[[[-67.94739777357724,44.66036033773883],[-67.9472718221267,44.66035182983214],[-67.94719677053293,44.66037501603375],[-67.94713919749316,44.66042775181736],[-67.94710230980806,44.660475167894454],[-67.94708366649273,44.66050989488317],[-67.94704387227618,44.660575651831685],[-67.94701387285099,44.66066905016509],[-67.94703302792767,44.66074820884112],[-67.94710635280708,44.66082051917144],[-67.94721767732788,44.66092624215652],[-67.94726008991644,44.6610001039018],[-67.94733856219467,44.661072461531646],[-67.94739454056146,44.66110787639771],[-67.94749222134882,44.661114287115275],[-67.94754375082675,44.661111088129694],[-67.94763196864636,44.66107149184552],[-67.94769442290058,44.66103349548935],[-67.94774301410304,44.66105047352519],[-67.94780634559282,44.661106161030524],[-67.94796491823547,44.66116088854109],[-67.94810129674993,44.66116214483373],[-67.9482426880058,44.66117079402589],[-67.94837675812092,44.66115733493896],[-67.94846480947301,44.66112691987239],[-67.94855880420656,44.66105247808846],[-67.94860116982424,44.66098674429136],[-67.94860527077991,44.660902289600365],[-67.94857806200957,44.66084142562848],[-67.94840678931394,44.66077739862403],[-67.94815164867731,44.66079708955453],[-67.94804093722027,44.66079974366115],[-67.94798993818956,44.660773559275476],[-67.94790806361999,44.66074708951752],[-67.9478199448756,44.660781176533526],[-67.94776102836846,44.660765939889714],[-67.94775380714776,44.660738321368],[-67.94775724489159,44.66069059687216],[-67.9477771502137,44.66058608364228],[-67.94771665654149,44.66051572937379],[-67.94758414935903,44.66044287403832],[-67.94739777357724,44.66036033773883]]]},"properties":{"OBJECTID":"66","EGAD_SEQ":"","MAP_REFERENCE":"","FEATURE_NA":"EST WASTE AREA","POLYGON_TY":"LF WASTE AREA","EGAD_SITE_SEQ":"29,687","SITE_DESCR":"LANDFILL MUNICIPAL","LOCATION_A":"WITHIN 3M","LOCATION_M":"DIGITIZED","DATA_SOURC":"MDEP GIS UNIT","GlobalID":"{7F932048-39D9-4D4C-94A8-BD7DD36003EF}","Shape_Length":"369.73","Shape_Area":"6,318.2"},"id":66},{"type":"Feature","geometry":{"type":"Polygon","coordinates":[[[-70.52612413157736,43.372591341690026],[-70.52587648893312,43.37261370614857],[-70.52572834075899,43.372696684100575],[-70.52560049843883,43.37280798053823],[-70.52546943144516,43.37279067067924],[-70.52528150830838,43.37285035507261],[-70.52502852813447,43.3729204361377],[-70.52482053941199,43.37296132885834],[-70.52459296058605,43.37300248060855],[-70.5244202425576,43.373147727861074],[-70.5242021768857,43.37330787280486],[-70.523876564961,43.37360763092274],[-70.5236573324458,43.3739822056353],[-70.52356177357235,43.37407877523267],[-70.52334891935745,43.37418643677476],[-70.52320183832164,43.37431228117596],[-70.5224574124033,43.375103620648176],[-70.52243227289712,43.375404137590685],[-70.52254959614591,43.375655109470685],[-70.5227553584298,43.37578578359924],[-70.5231078504298,43.37577632362056],[-70.52358700188063,43.37560793708724],[-70.5238779805863,43.375489704682586],[-70.52434171508897,43.37548828753451],[-70.52453119762095,43.375490526375785],[-70.52494850689892,43.375461137957345],[-70.5252642060651,43.37554745826731],[-70.52544122796539,43.37557368542845],[-70.52563867420137,43.37563299267226],[-70.52608329811488,43.37565088377188],[-70.52634520712628,43.375675976534254],[-70.52655662688316,43.375511151205274],[-70.52671473214897,43.37530415432419],[-70.52669713124025,43.37512332700984],[-70.52675669054845,43.37489382219931],[-70.52690702503892,43.374377217317594],[-70.52697538415276,43.374238125131875],[-70.52708323431659,43.37385073646593],[-70.52696063665023,43.373390188552676],[-70.52678640050772,43.37295415452106],[-70.52647294221399,43.37269627531567],[-70.52612413157736,43.372591341690026]]]},"properties":{"OBJECTID":"67","EGAD_SEQ":"","MAP_REFERENCE":"","FEATURE_NA":"EST WASTE AREA","POLYGON_TY":"LF WASTE AREA","EGAD_SITE_SEQ":"27,810","SITE_DESCR":"LANDFILL MUNICIPAL","LOCATION_A":"WITHIN 3M","LOCATION_M":"DIGITIZED","DATA_SOURC":"MDEP GIS UNIT","GlobalID":"{A3100D41-3E83-4AB3-A17A-067E3FF287FF}","Shape_Length":"1,205.78","Shape_Area":"87,639.06"},"id":67},{"type":"Feature","geometry":{"type":"Polygon","coordinates":[[[-70.51584100128792,43.67047208087932],[-70.51591469273991,43.670395632901574],[-70.51597363587888,43.67034339386254],[-70.51604508226333,43.670271691813134],[-70.51607046337789,43.67024734266608],[-70.51610784847537,43.67023055149568],[-70.51618753605968,43.67020462290822],[-70.51629786782323,43.67017558382617],[-70.51633640229942,43.670166117295565],[-70.51640661629239,43.670154950960665],[-70.51648061199748,43.670153969114224],[-70.51651946973907,43.67015729094736],[-70.51650418303768,43.67011016128995],[-70.51648662209706,43.67002355547586],[-70.51645467258878,43.66996370023221],[-70.51642881499541,43.66991670902759],[-70.51640439869438,43.6698569068776],[-70.51638940197259,43.669821285718314],[-70.51635473685845,43.66977441225818],[-70.51630786765824,43.66973281761501],[-70.51625926870321,43.669692525353206],[-70.51619340625018,43.66966653427018],[-70.51613504026226,43.66965835422208],[-70.51607536547557,43.6696681002284],[-70.5160053760958,43.669688217741395],[-70.51588986994605,43.669720453124725],[-70.5157956676926,43.66975880129119],[-70.51569525290529,43.66983049391498],[-70.51562270603426,43.669889024159616],[-70.51550874541,43.66998264333582],[-70.51543302688877,43.67005528768465],[-70.51537630443428,43.67011232938542],[-70.51536839534315,43.67014825349945],[-70.51537705141921,43.670212103199866],[-70.51541244141247,43.670287750950926],[-70.51547264127952,43.6703688276843],[-70.51552902749752,43.67043843989356],[-70.51555827996197,43.670480268472254],[-70.51558263133613,43.6705375136562],[-70.51560297705093,43.67057562198408],[-70.51562424794031,43.670580456801424],[-70.51572229882396,43.67055485045096],[-70.51577967660575,43.670523494266455],[-70.51584100128792,43.67047208087932]]]},"properties":{"OBJECTID":"68","EGAD_SEQ":"","MAP_REFERENCE":"","FEATURE_NA":"LANDFILL","POLYGON_TY":"LF WASTE AREA","EGAD_SITE_SEQ":"29,508","SITE_DESCR":"LANDFILL MUNICIPAL","LOCATION_A":"WITHIN 1M","LOCATION_M":"DIGITIZED","DATA_SOURC":"GZA","GlobalID":"{BD929BB7-B4D6-46E2-832E-27B074943CB7}","Shape_Length":"297.71","Shape_Area":"5,316.82"},"id":68},{"type":"Feature","geometry":{"type":"Polygon","coordinates":[[[-68.74304912525028,44.85682092984425],[-68.74253092324241,44.85658300970675],[-68.74205241728268,44.85640199667732],[-68.7416536691322,44.856249573788006],[-68.74144755712845,44.856192286651655],[-68.74093519651622,44.85613903729839],[-68.74047028994619,44.85589649443065],[-68.74025150098979,44.85569712319559],[-68.73981960638248,44.855516207685156],[-68.73960684051197,44.85545890206082],[-68.73905484651071,44.85533926651016],[-68.73880868990983,44.85530555697246],[-68.73846257357914,44.8552952955107],[-68.73828283509073,44.85529488376253],[-68.73796269904356,44.85542673075698],[-68.73769534762806,44.85566287105301],[-68.73764076060075,44.85595632038914],[-68.73762503569282,44.85648661205891],[-68.73817964079021,44.857501189855725],[-68.73845810428749,44.857752787230254],[-68.73881691033955,44.857905129899116],[-68.73923612593288,44.85794870403822],[-68.73963549438109,44.85796382059849],[-68.73982851195727,44.857973729834015],[-68.7399816068718,44.85797881452514],[-68.74021472015569,44.85795567026128],[-68.74056098159808,44.8579375159434],[-68.74072090508919,44.857904732295125],[-68.74117436208904,44.85773530058711],[-68.741347829927,44.85765046209508],[-68.7416476985616,44.857584850776064],[-68.74182797318296,44.85746688011997],[-68.74216757646364,44.85744870587792],[-68.74242748218867,44.85738773831537],[-68.74259388780754,44.85739284952411],[-68.74262094003512,44.85729820603284],[-68.74304849351705,44.85696298152326],[-68.74304912525028,44.85682092984425]]]},"properties":{"OBJECTID":"69","EGAD_SEQ":"","MAP_REFERENCE":"","FEATURE_NA":"WASTE AREA","POLYGON_TY":"LF WASTE AREA","EGAD_SITE_SEQ":"29,616","SITE_DESCR":"LANDFILL MUNICIPAL","LOCATION_A":"WITHIN 3M","LOCATION_M":"DIGITIZED","DATA_SOURC":"MDEP TECH SERVICES","GlobalID":"{3F6FF0BE-0D02-4557-BE88-EC24285F7525}","Shape_Length":"1,159.53","Shape_Area":"83,578.72"},"id":69},{"type":"Feature","geometry":{"type":"Polygon","coordinates":[[[-69.19154339030456,44.14569534555893],[-69.19148123619934,44.14561628661611],[-69.19134849559852,44.14570764651885],[-69.19149843349733,44.145791879358704],[-69.19152146420173,44.14573595649715],[-69.19154339030456,44.14569534555893]]]},"properties":{"OBJECTID":"70","EGAD_SEQ":"","MAP_REFERENCE":"","FEATURE_NA":"AREA 9","POLYGON_TY":"LF WASTE AREA","EGAD_SITE_SEQ":"38,321","SITE_DESCR":"LANDFILL SPECIAL WASTE","LOCATION_A":"WITHIN 3M","LOCATION_M":"CAD","DATA_SOURC":"E-PRO","GlobalID":"{E992DF20-7A78-4A2F-B120-184E3AD03671}","Shape_Length":"51.3","Shape_Area":"151.65"},"id":70},{"type":"Feature","geometry":{"type":"Polygon","coordinates":[[[-69.70915832022997,44.320882377604825],[-69.70897971085422,44.32091822888918],[-69.70883097221612,44.321023375975244],[-69.70861495082038,44.321167151664746],[-69.70838950350357,44.321331830913046],[-69.70807695843067,44.32149705237024],[-69.70791173350241,44.321439022307864],[-69.70783389887997,44.321404767551286],[-69.70764839811336,44.32127043370763],[-69.70742440178165,44.321153710143484],[-69.70738602802909,44.32118173911572],[-69.70718427070703,44.32130458274685],[-69.70697800213978,44.321455244356706],[-69.70690751370077,44.32162938151496],[-69.70687952677852,44.32171640561392],[-69.70697880245581,44.321924226499405],[-69.70701576759845,44.322181072518596],[-69.70704559406798,44.32224689057338],[-69.70715684462053,44.32224272762322],[-69.70761075700668,44.32216348031124],[-69.70828220886847,44.32206550761089],[-69.70838398840345,44.32207877165116],[-69.70873796608106,44.32213910424853],[-69.70882502292571,44.322135086188],[-69.70907862201108,44.32189727745986],[-69.70944629544924,44.32148853215377],[-69.70941166815896,44.32142621518564],[-69.70922945564821,44.32116332606279],[-69.70915832022997,44.320882377604825]]]},"properties":{"OBJECTID":"71","EGAD_SEQ":"","MAP_REFERENCE":"","FEATURE_NA":"EXPANSION I LANDFILL","POLYGON_TY":"LF WASTE AREA","EGAD_SITE_SEQ":"27,293","SITE_DESCR":"LANDFILL MUNICIPAL","LOCATION_A":"WITHIN 3M","LOCATION_M":"CAD","DATA_SOURC":"WOODARD AND CURRAN","GlobalID":"{609F3E6E-367F-48ED-8590-DF82C6066840}","Shape_Length":"620.41","Shape_Area":"18,034.25"},"id":71},{"type":"Feature","geometry":{"type":"Polygon","coordinates":[[[-70.28052927338237,44.02979353588284],[-70.28054311657733,44.029766368757876],[-70.28054428714374,44.02974834796742],[-70.28053834436827,44.02972590792083],[-70.28052021914178,44.02969909913456],[-70.28047597225302,44.0296545817699],[-70.280379103017,44.02955663117178],[-70.28032959605194,44.02950316841782],[-70.28030152857383,44.02946747033793],[-70.28017123470613,44.02930237056132],[-70.2800834298326,44.02920881982295],[-70.27985665223551,44.02896377118888],[-70.27965238891217,44.02876798942675],[-70.27953028122009,44.0286388125455],[-70.27946294190826,44.028572043153936],[-70.27941313967101,44.02854108816429],[-70.279378248522,44.02853247463004],[-70.27935144519175,44.02853727649158],[-70.2791740446179,44.02864730636512],[-70.2790694590313,44.028716003685396],[-70.27899829757146,44.02877982501425],[-70.27888970810653,44.02888007704529],[-70.2788420385829,44.02893013200808],[-70.27877282270528,44.02904795172976],[-70.27876814340517,44.02906601178035],[-70.27878626238942,44.029146834929705],[-70.27881072137866,44.02917807478678],[-70.2788995955466,44.0292851178127],[-70.27896332877584,44.02934742530703],[-70.27909001922711,44.02945404480611],[-70.2792186626763,44.02956064499441],[-70.27932382050548,44.02964499778078],[-70.27943180392163,44.02973381871531],[-70.27955420554538,44.02984048572393],[-70.27965283269097,44.02992941304208],[-70.27973138463732,44.03000956267673],[-70.27981851085387,44.030071607630845],[-70.27992669790031,44.03009740392144],[-70.28014551523695,44.03008144343632],[-70.28024844465149,44.0300442746495],[-70.28038627390838,44.02994369363378],[-70.28046942296476,44.02985723042882],[-70.28052176408389,44.02980712243088],[-70.28052927338237,44.02979353588284]]]},"properties":{"OBJECTID":"72","EGAD_SEQ":"","MAP_REFERENCE":"","FEATURE_NA":"WASTE AREA","POLYGON_TY":"LF WASTE AREA","EGAD_SITE_SEQ":"28,328","SITE_DESCR":"LANDFILL SPECIAL WASTE","LOCATION_A":"WITHIN 3M","LOCATION_M":"DIGITIZED","DATA_SOURC":"MDEP GIS UNIT","GlobalID":"{0262B46D-82FC-42BD-8C33-046BBB0700ED}","Shape_Length":"462.43","Shape_Area":"12,812.85"},"id":72},{"type":"Feature","geometry":{"type":"Polygon","coordinates":[[[-70.35501790950669,43.73566024095514],[-70.35479925795923,43.735649635519515],[-70.35467228060581,43.73566873693834],[-70.35458268748751,43.735731385933036],[-70.35444476952362,43.7358034061427],[-70.35435995285577,43.735808810625834],[-70.35414934775996,43.735886090255796],[-70.35402336207079,43.73594917003713],[-70.35395196249921,43.736011603870736],[-70.35372952324667,43.736102219822754],[-70.35360343758921,43.73616090196091],[-70.35352498327482,43.736179427353946],[-70.3534271428914,43.73614539382714],[-70.35336081997987,43.73616377543293],[-70.3533261109838,43.73623897034711],[-70.35333883559511,43.73626521433793],[-70.35342016313447,43.73637422737793],[-70.3535513038235,43.73653983898992],[-70.35375751006714,43.736805740686904],[-70.35394449974065,43.736930014606706],[-70.35408274955279,43.73696905220601],[-70.35441565955705,43.73693431316596],[-70.35474886791955,43.73691276740723],[-70.35511399089158,43.73696122774246],[-70.35540672415902,43.737028140759335],[-70.3556111080336,43.737045314181586],[-70.35570920665577,43.73698936046911],[-70.3557977086909,43.73687833345908],[-70.35587964838146,43.73674538972569],[-70.35591425515906,43.73666579509482],[-70.3558753805004,43.73655627926315],[-70.35579504075483,43.73649124708975],[-70.35570177577738,43.73639117498857],[-70.35571142501982,43.736281083443366],[-70.3557385779232,43.73613999030201],[-70.35567306075676,43.73592521353999],[-70.35556667325038,43.73578130615294],[-70.35531620592654,43.73570509284544],[-70.35501790950669,43.73566024095514]]]},"properties":{"OBJECTID":"73","EGAD_SEQ":"","MAP_REFERENCE":"","FEATURE_NA":"EST WASTE AREA","POLYGON_TY":"LF WASTE AREA","EGAD_SITE_SEQ":"28,189","SITE_DESCR":"LANDFILL MUNICIPAL","LOCATION_A":"WITHIN 3M","LOCATION_M":"DIGITIZED","DATA_SOURC":"MDEP GIS UNIT","GlobalID":"{15222939-9E99-4BA7-8381-5ADDA70ACF22}","Shape_Length":"593.58","Shape_Area":"22,377.35"},"id":73},{"type":"Feature","geometry":{"type":"Polygon","coordinates":[[[-68.96650118989798,45.30289683868064],[-68.96597812051799,45.30279172088658],[-68.965926747992,45.302929243219126],[-68.9664241842319,45.30302349436613],[-68.96650118989798,45.30289683868064]]]},"properties":{"OBJECTID":"74","EGAD_SEQ":"","MAP_REFERENCE":"","FEATURE_NA":"CELL2","POLYGON_TY":"LF WASTE AREA","EGAD_SITE_SEQ":"35,122","SITE_DESCR":"LANDFILL MUNICIPAL","LOCATION_A":"WITHIN 3M","LOCATION_M":"CAD","DATA_SOURC":"CES ENGINEERS & SURVEYORS","GlobalID":"{830BD270-2735-4F3C-BA0C-32F05A038D28}","Shape_Length":"114.13","Shape_Area":"642.75"},"id":74},{"type":"Feature","geometry":{"type":"Polygon","coordinates":[[[-70.75206858458532,43.119796605347325],[-70.7516413695437,43.11986985686083],[-70.75126562393152,43.11992325964831],[-70.75103955462323,43.119979135392704],[-70.75088772266668,43.12012917302718],[-70.75088570354352,43.12028644710342],[-70.75098649177248,43.12039926305724],[-70.75114742761996,43.1205683375065],[-70.75129508923693,43.120728085359026],[-70.75127234377338,43.1208427931401],[-70.75134103096086,43.12097039504433],[-70.75164256564925,43.12105154712509],[-70.75190751506281,43.12099031040435],[-70.7519837707681,43.1209271988529],[-70.75216702328257,43.120738558358475],[-70.75228890396785,43.1204507947711],[-70.75238232715832,43.12007769619061],[-70.75231755658476,43.119859500652616],[-70.75206858458532,43.119796605347325]]]},"properties":{"OBJECTID":"75","EGAD_SEQ":"","MAP_REFERENCE":"","FEATURE_NA":"EST WASTE AREA","POLYGON_TY":"LF WASTE AREA","EGAD_SITE_SEQ":"27,816","SITE_DESCR":"LANDFILL MUNICIPAL","LOCATION_A":"WITHIN 3M","LOCATION_M":"DIGITIZED","DATA_SOURC":"MDEP GIS UNIT","GlobalID":"{5155C071-ABE0-4B16-A18A-8C64319B4F0C}","Shape_Length":"417.55","Shape_Area":"11,823.36"},"id":75},{"type":"Feature","geometry":{"type":"Polygon","coordinates":[[[-67.75230107983118,45.1880945251167],[-67.75224885645163,45.18796071400302],[-67.75221775882326,45.18791162761578],[-67.75217259443163,45.18787538588031],[-67.75211795751376,45.1878520407852],[-67.75209498484583,45.18785178974334],[-67.75203942365172,45.18787068101666],[-67.7520018857831,45.18790601810102],[-67.75186319745671,45.18794350013794],[-67.75175581799053,45.18802032115793],[-67.75171318836985,45.188078351437866],[-67.75170236618875,45.18815297826855],[-67.75175148561088,45.18821851065424],[-67.7518647175651,45.1882944934617],[-67.75201965503783,45.18835468218388],[-67.7521887307858,45.188398777224336],[-67.75232600146363,45.18842627565617],[-67.75236275734181,45.18842667724221],[-67.75236777888497,45.188407232750315],[-67.75236410612445,45.188364946120565],[-67.7523704054298,45.1882870202226],[-67.75235846692554,45.188202394979626],[-67.75230107983118,45.1880945251167]]]},"properties":{"OBJECTID":"76","EGAD_SEQ":"","MAP_REFERENCE":"","FEATURE_NA":"WASTE AREA","POLYGON_TY":"LF WASTE AREA","EGAD_SITE_SEQ":"29,696","SITE_DESCR":"LANDFILL MUNICIPAL","LOCATION_A":"WITHIN 3M","LOCATION_M":"DIGITIZED","DATA_SOURC":"MDEP GIS UNIT","GlobalID":"{6294F9AA-D817-4D96-AFE3-3DEA28643F28}","Shape_Length":"183.08","Shape_Area":"2,207.31"},"id":76},{"type":"Feature","geometry":{"type":"Polygon","coordinates":[[[-67.86058848716438,46.12417170617943],[-67.86004716028296,46.1240148455336],[-67.85837247991036,46.12380249083557],[-67.85665421003368,46.124820312152],[-67.8562189678899,46.12523879204738],[-67.85517375158958,46.12662304940721],[-67.85521768647313,46.12669291081657],[-67.85592602739182,46.12667475866973],[-67.85623312761788,46.126747252718715],[-67.85645986173384,46.126755833298944],[-67.85680469618954,46.126759282894064],[-67.85710546280936,46.126699180404785],[-67.85759299627587,46.1259467395437],[-67.8584226855025,46.12576570095264],[-67.8600218704882,46.1256806871696],[-67.86076834752743,46.12513276461057],[-67.86068648195192,46.12426103638001],[-67.86058848716438,46.12417170617943]]]},"properties":{"OBJECTID":"77","EGAD_SEQ":"","MAP_REFERENCE":"","FEATURE_NA":"WASTE AREA","POLYGON_TY":"LF WASTE AREA","EGAD_SITE_SEQ":"29,823","SITE_DESCR":"LANDFILL MUNICIPAL","LOCATION_A":"WITHIN 3M","LOCATION_M":"DIGITIZED","DATA_SOURC":"CES ENGINEERS & SURVEYORS","GlobalID":"{EC7288D5-3655-4F8C-9C01-143E66AACD58}","Shape_Length":"1,215.27","Shape_Area":"75,100.64"},"id":77},{"type":"Feature","geometry":{"type":"Polygon","coordinates":[[[-70.23070144117099,45.64351763889694],[-70.23024052595495,45.64355594531343],[-70.23000385329888,45.64360136202373],[-70.22990106651936,45.64386919674877],[-70.22988037159828,45.64416472643595],[-70.22997102564541,45.64427330001685],[-70.23027694779665,45.6442890578015],[-70.23080680077132,45.6442976387912],[-70.23114625040911,45.64429398066183],[-70.23154815737225,45.64435156749976],[-70.23188823354835,45.64437647843396],[-70.23205618375242,45.644293695360425],[-70.23218183355299,45.64413992328663],[-70.23218622025334,45.64403032716844],[-70.23213577391722,45.643897506912374],[-70.2321059046296,45.64377399038676],[-70.23198151205509,45.64367530898969],[-70.23178233693014,45.64357267060894],[-70.23156979521305,45.64347970260627],[-70.23138649428037,45.643481678782614],[-70.23121092154942,45.64352643840708],[-70.2309528388457,45.64352445660897],[-70.23070144117099,45.64351763889694]]]},"properties":{"OBJECTID":"78","EGAD_SEQ":"","MAP_REFERENCE":"","FEATURE_NA":"EST WASTE AREA","POLYGON_TY":"LF WASTE AREA","EGAD_SITE_SEQ":"29,457","SITE_DESCR":"LANDFILL MUNICIPAL","LOCATION_A":"WITHIN 3M","LOCATION_M":"DIGITIZED","DATA_SOURC":"MDEP GIS UNIT","GlobalID":"{4774272E-8100-4F94-9D56-AA2BE89853A4}","Shape_Length":"482.32","Shape_Area":"14,556.35"},"id":78},{"type":"Feature","geometry":{"type":"Polygon","coordinates":[[[-70.36698042174545,43.63859538002744],[-70.36676611368367,43.63866097426319],[-70.36655857272574,43.63888855210594],[-70.36612143047445,43.63919090666683],[-70.36559665026297,43.63983195951309],[-70.36517883935899,43.64028714579573],[-70.364884218382,43.64058779676616],[-70.36469791289788,43.6407610974592],[-70.3646365280709,43.64085637100266],[-70.36463734321379,43.64089237888712],[-70.36465423982163,43.64093719601671],[-70.3646870229122,43.64098182435997],[-70.36492851719836,43.64114101182329],[-70.36494490947432,43.641163324146326],[-70.36520279269192,43.641344826084335],[-70.36541089786445,43.64143237880363],[-70.36580592440544,43.64137363797052],[-70.366467068481,43.64115864277821],[-70.36715884912981,43.64089375825483],[-70.36762592043004,43.64051000429522],[-70.36810569810709,43.63998653591918],[-70.36843024512638,43.63962249065511],[-70.36855320194995,43.639440941150454],[-70.36853548051828,43.63936011684258],[-70.36838857188941,43.639186297748],[-70.36776386558707,43.63890565047142],[-70.36721830362987,43.63864655844085],[-70.36698042174545,43.63859538002744]]]},"properties":{"OBJECTID":"79","EGAD_SEQ":"","MAP_REFERENCE":"","FEATURE_NA":"BALEFILL CELLS 7 - 8","POLYGON_TY":"LF WASTE AREA","EGAD_SITE_SEQ":"31,344","SITE_DESCR":"LANDFILL MUNICIPAL","LOCATION_A":"WITHIN 30M","LOCATION_M":"CAD","DATA_SOURC":"WOODARD AND CURRAN","GlobalID":"{B784F3E0-D104-4C27-8530-11EFB1F0F92B}","Shape_Length":"925.79","Shape_Area":"53,466.46"},"id":79},{"type":"Feature","geometry":{"type":"Polygon","coordinates":[[[-69.95759252678037,44.26107753304965],[-69.95756013285151,44.261098488257566],[-69.95753404448257,44.26115365265627],[-69.9575147118734,44.261207474779034],[-69.95751572840857,44.26127110441216],[-69.95752907007518,44.26131868990055],[-69.95758129450115,44.2613133193167],[-69.95760413476413,44.26131335651358],[-69.95768761959309,44.26134044183529],[-69.95774956666253,44.261370316776635],[-69.95780625501884,44.261361717974815],[-69.95782690311816,44.26130590680008],[-69.95782922878027,44.26121250032135],[-69.95784957670125,44.26116891421747],[-69.9577945569637,44.2610685466734],[-69.95777422802993,44.26104964504444],[-69.95778039599027,44.26102382655684],[-69.95775352434211,44.26101491376597],[-69.95767817109663,44.261003451754014],[-69.9576462233628,44.26102773347888],[-69.95761699842247,44.26106207940039],[-69.95759252678037,44.26107753304965]]]},"properties":{"OBJECTID":"80","EGAD_SEQ":"","MAP_REFERENCE":"","FEATURE_NA":"DUMP AREA 1","POLYGON_TY":"LF WASTE AREA","EGAD_SITE_SEQ":"81,213","SITE_DESCR":"LANDFILL MUNICIPAL","LOCATION_A":"WITHIN 1M","LOCATION_M":"GPS MAPPING GRADE","DATA_SOURC":"MDEP SOLID WASTE","GlobalID":"{DD215A13-E13B-491A-B2CE-458D4D5EA576}","Shape_Length":"111.25","Shape_Area":"774.99"},"id":80},{"type":"Feature","geometry":{"type":"Polygon","coordinates":[[[-69.48683212994898,44.8929551511428],[-69.48649678285462,44.89292323372993],[-69.48612740712264,44.892829534764964],[-69.48574519309021,44.89280257944346],[-69.48546393820197,44.892827593124075],[-69.48525675864933,44.89289516476837],[-69.4851434778136,44.892971864102556],[-69.4851105724031,44.8930434580229],[-69.48515166012072,44.89314808318624],[-69.48524696167553,44.89332393212729],[-69.48538267236846,44.89352342788867],[-69.48560566160239,44.89374160532875],[-69.48580192791354,44.893969424721185],[-69.48592383717066,44.894121342141574],[-69.4860390050666,44.894268524210446],[-69.48626131850521,44.894405722179904],[-69.48639590967052,44.894471840140795],[-69.48657026945484,44.894485387322426],[-69.48689803945338,44.89441253713703],[-69.48709839996924,44.894330700793056],[-69.48737917860234,44.89424852092648],[-69.48770056644413,44.89421380423805],[-69.4878883282204,44.89422729307424],[-69.48798864852428,44.89420304670718],[-69.4880351561694,44.89415521158667],[-69.48802102724864,44.894069526113384],[-69.48796003083213,44.893988805708986],[-69.48781853456612,44.89389890133875],[-69.48769694290561,44.89378509404855],[-69.48765540602189,44.89362807233443],[-69.48768096391709,44.893480291022485],[-69.4876321619623,44.893256609188306],[-69.48757100468153,44.89315683361448],[-69.48728846292236,44.89302942208605],[-69.4870936817688,44.89297785362516],[-69.48683212994898,44.8929551511428]]]},"properties":{"OBJECTID":"81","EGAD_SEQ":"","MAP_REFERENCE":"","FEATURE_NA":"EST WASTE AREA","POLYGON_TY":"LF WASTE AREA","EGAD_SITE_SEQ":"27,841","SITE_DESCR":"LANDFILL MUNICIPAL","LOCATION_A":"WITHIN 3M","LOCATION_M":"DIGITIZED","DATA_SOURC":"MDEP GIS UNIT","GlobalID":"{8639F7E6-7857-4161-91FD-FD83D93B1432}","Shape_Length":"665.04","Shape_Area":"27,770.97"},"id":81},{"type":"Feature","geometry":{"type":"Polygon","coordinates":[[[-69.51902148835877,44.19735993013853],[-69.5189483033461,44.19732633140645],[-69.5188538716103,44.197314422376635],[-69.51865673261314,44.1973245719711],[-69.51840401765963,44.19735348039466],[-69.51822443176144,44.197409817870565],[-69.51810063660044,44.19747207193347],[-69.51806739122003,44.19759252240396],[-69.51801311337346,44.19775933741885],[-69.51798429132644,44.19789519116162],[-69.5180537825216,44.19799666788286],[-69.51813174047095,44.19808576819103],[-69.51824793432404,44.198134594794915],[-69.51833805289391,44.198143439402344],[-69.5184449150736,44.198105939673574],[-69.5185776387666,44.198083744908786],[-69.51871011756235,44.19803378977431],[-69.51886759036768,44.197900436080786],[-69.51893505266237,44.197770576478774],[-69.5190540445359,44.19764973618903],[-69.51909133274118,44.1975015057327],[-69.51909909486417,44.197408931193316],[-69.51902148835877,44.19735993013853]]]},"properties":{"OBJECTID":"82","EGAD_SEQ":"","MAP_REFERENCE":"","FEATURE_NA":"WASTE BOUNDARY","POLYGON_TY":"LF WASTE AREA","EGAD_SITE_SEQ":"29,397","SITE_DESCR":"LANDFILL MUNICIPAL","LOCATION_A":"WITHIN 3M","LOCATION_M":"DIGITIZED","DATA_SOURC":"MDEP TECH SERVICES","GlobalID":"{EB8A310E-176A-4629-830A-A09C2A64CBF1}","Shape_Length":"287.69","Shape_Area":"5,922.42"},"id":82},{"type":"Feature","geometry":{"type":"Polygon","coordinates":[[[-70.00670857240432,43.76946987674706],[-70.00664875949676,43.76943713002078],[-70.0064970553961,43.76937036043197],[-70.00644685630361,43.769356318989765],[-70.0063320175601,43.76936095160265],[-70.00624276325486,43.76940156497499],[-70.00618890423375,43.76946721238808],[-70.0062209419499,43.7695900340595],[-70.00629739350677,43.76967987894958],[-70.00635664766367,43.769799855223056],[-70.00648051688216,43.76987378506322],[-70.00670647501319,43.769940587589076],[-70.00688187076017,43.76997162901904],[-70.00703667552075,43.76996664458993],[-70.00709546983694,43.76989733285883],[-70.00707908548573,43.76981420097094],[-70.00704211259632,43.76969504346766],[-70.00699179038807,43.7696737624839],[-70.00685563256658,43.769598927631435],[-70.00670857240432,43.76946987674706]]]},"properties":{"OBJECTID":"83","EGAD_SEQ":"","MAP_REFERENCE":"","FEATURE_NA":"EST WASTE AREA","POLYGON_TY":"LF WASTE AREA","EGAD_SITE_SEQ":"37,952","SITE_DESCR":"LANDFILL MUNICIPAL","LOCATION_A":"WITHIN 3M","LOCATION_M":"DIGITIZED","DATA_SOURC":"MDEP GIS UNIT","GlobalID":"{77096705-4D6C-464E-B237-70132622A2F0}","Shape_Length":"219.16","Shape_Area":"3,072.42"},"id":83},{"type":"Feature","geometry":{"type":"Polygon","coordinates":[[[-70.13347882862286,44.017877076229276],[-70.13230944619495,44.01815208344812],[-70.13161486077581,44.01829404831709],[-70.13143725287895,44.01830593805458],[-70.13135752190699,44.01829659700041],[-70.13133951178024,44.018333920758124],[-70.13138505048033,44.01925202647087],[-70.13143453669821,44.019393371734644],[-70.13148203365351,44.01943004943732],[-70.13296347219034,44.01932081201152],[-70.13359416887354,44.019263898859016],[-70.13363057276855,44.01920950542628],[-70.13357980442355,44.01826443415755],[-70.13354933616068,44.017893263485405],[-70.13347882862286,44.017877076229276]]]},"properties":{"OBJECTID":"84","EGAD_SEQ":"","MAP_REFERENCE":"","FEATURE_NA":"WASTE AREA","POLYGON_TY":"LF WASTE AREA","EGAD_SITE_SEQ":"33,533","SITE_DESCR":"LANDFILL MUNICIPAL","LOCATION_A":"WITHIN 3M","LOCATION_M":"DIGITIZED","DATA_SOURC":"MDEP GIS UNIT","GlobalID":"{0A266AA1-A716-4642-8B75-E86865FDEF5D}","Shape_Length":"634.75","Shape_Area":"24,749.45"},"id":84},{"type":"Feature","geometry":{"type":"Polygon","coordinates":[[[-68.91913841636608,45.098913504440794],[-68.91903213613263,45.09890524563525],[-68.91886577118622,45.09890185453074],[-68.91875714092522,45.09892141647731],[-68.9186785478219,45.098942635333245],[-68.91861149495416,45.09897204587021],[-68.9185305352359,45.09903254036944],[-68.91848189535064,45.0991143335708],[-68.91846564737097,45.0991650550586],[-68.91847250605734,45.099217429562],[-68.91852557416505,45.09927147355954],[-68.91861317788998,45.099413917037836],[-68.91875163772268,45.0995433035582],[-68.91886477460237,45.09960557272048],[-68.91900104384237,45.099649857336104],[-68.91921123411937,45.09971055842008],[-68.91940766774907,45.09969433197874],[-68.91958796105568,45.099653545107444],[-68.91973592875682,45.09959473259688],[-68.91977990138083,45.09954566693052],[-68.91983780658303,45.099447514465695],[-68.91979402195601,45.09936238278019],[-68.91973187377589,45.09919050070145],[-68.91958650948914,45.09904147133461],[-68.91941794856382,45.09895625158028],[-68.91913841636608,45.098913504440794]]]},"properties":{"OBJECTID":"85","EGAD_SEQ":"","MAP_REFERENCE":"","FEATURE_NA":"EST WASTE AREA","POLYGON_TY":"LF WASTE AREA","EGAD_SITE_SEQ":"29,617","SITE_DESCR":"LANDFILL MUNICIPAL","LOCATION_A":"WITHIN 3M","LOCATION_M":"DIGITIZED","DATA_SOURC":"MDEP GIS UNIT","GlobalID":"{3B9FC549-7B8F-4358-AFC5-C7DD264977F8}","Shape_Length":"308.19","Shape_Area":"7,113.14"},"id":85},{"type":"Feature","geometry":{"type":"Polygon","coordinates":[[[-69.65363685957647,44.69423515918784],[-69.65405210265645,44.69288039349018],[-69.65274044914648,44.69266816261735],[-69.65228658066347,44.69414105953065],[-69.65331987084936,44.694176344511654],[-69.65363685957647,44.69423515918784]]]},"properties":{"OBJECTID":"86","EGAD_SEQ":"","MAP_REFERENCE":"","FEATURE_NA":"CELL 2","POLYGON_TY":"LF WASTE AREA","EGAD_SITE_SEQ":"30,714","SITE_DESCR":"LANDFILL SPECIAL WASTE","LOCATION_A":"WITHIN 3M","LOCATION_M":"DIGITIZED","DATA_SOURC":"MDEP GIS UNIT","GlobalID":"{37A0480B-0596-4607-A9C7-852A854EFE6A}","Shape_Length":"536.06","Shape_Area":"16,930.94"},"id":86},{"type":"Feature","geometry":{"type":"Polygon","coordinates":[[[-70.2468500150241,43.73747668377789],[-70.24645814900826,43.73727608353062],[-70.24624643451415,43.73720692456958],[-70.24616621454608,43.73714109626607],[-70.24608051137305,43.737127737184316],[-70.24599609374349,43.737176303168006],[-70.24580725003932,43.7372593585839],[-70.24560605681852,43.73738066510145],[-70.24544447884197,43.737511068297394],[-70.24530927843213,43.73764594866177],[-70.24515985103501,43.737728574386516],[-70.24493855193144,43.737831040378644],[-70.2447373537918,43.73795234541211],[-70.24462734499535,43.73803454019212],[-70.24454978994244,43.7380973239409],[-70.24443222245523,43.7381319561876],[-70.24430917230512,43.73821905749346],[-70.24425769793118,43.73827202742054],[-70.24426564939006,43.738338644809694],[-70.24437244357365,43.73841847956008],[-70.24448521750695,43.73846966103827],[-70.24457897278188,43.73855440150604],[-70.24460692911134,43.73863509458175],[-70.24459507263863,43.73869716283725],[-70.24457175433986,43.738840352546056],[-70.24463932892746,43.7389301428972],[-70.24483711619169,43.738961339715544],[-70.245094529103,43.73901570981655],[-70.2453827180517,43.73896968983306],[-70.24575621707302,43.738917973488974],[-70.2459788030129,43.738877430126806],[-70.24612245221762,43.73883298315223],[-70.24636178381222,43.7386493206905],[-70.24651131064185,43.73857145804712],[-70.24668731339573,43.738502834239036],[-70.24682997256232,43.73841075161866],[-70.2468604499916,43.73829607048962],[-70.24684014605378,43.738267704857414],[-70.24669822539411,43.73807867092054],[-70.24669694038359,43.738016746703316],[-70.24672183614986,43.73794977115226],[-70.24683194074625,43.73787233813826],[-70.24697598237336,43.73784694330838],[-70.24702715734742,43.737779681844636],[-70.24709028480315,43.73765511471493],[-70.24706958671278,43.73760769501685],[-70.2468500150241,43.73747668377789]]]},"properties":{"OBJECTID":"87","EGAD_SEQ":"","MAP_REFERENCE":"","FEATURE_NA":"EST WASTE AREA","POLYGON_TY":"LF WASTE AREA","EGAD_SITE_SEQ":"28,545","SITE_DESCR":"LANDFILL MUNICIPAL","LOCATION_A":"WITHIN 3M","LOCATION_M":"DIGITIZED","DATA_SOURC":"MDEP GIS UNIT","GlobalID":"{F3DC68EE-179E-4664-AFCD-9C82AAA7B8D6}","Shape_Length":"685.25","Shape_Area":"28,327.37"},"id":87},{"type":"Feature","geometry":{"type":"Polygon","coordinates":[[[-70.80314687768596,45.378577161176594],[-70.8030653840172,45.378543145544874],[-70.80299636868163,45.37852844331472],[-70.802946154333,45.37852459059071],[-70.80287398364295,45.37853501956061],[-70.8028327083878,45.378563542237856],[-70.80280762617002,45.37860388638924],[-70.80279616241975,45.3786579505592],[-70.80279392207059,45.37871186910385],[-70.80282398199225,45.378786645150264],[-70.80288100133009,45.37883869909806],[-70.80293342025455,45.37887038711915],[-70.80301025090931,45.378882180052074],[-70.80309428033426,45.37887156283391],[-70.80314867370657,45.378840975022335],[-70.80322337989082,45.378785912092255],[-70.80324251177413,45.37872429524087],[-70.8032509268455,45.378657272175886],[-70.80320854690824,45.37860963283762],[-70.80314687768596,45.378577161176594]]]},"properties":{"OBJECTID":"88","EGAD_SEQ":"","MAP_REFERENCE":"","FEATURE_NA":"EST WASTE AREA","POLYGON_TY":"LF WASTE AREA","EGAD_SITE_SEQ":"29,520","SITE_DESCR":"LANDFILL MUNICIPAL","LOCATION_A":"WITHIN 3M","LOCATION_M":"DIGITIZED","DATA_SOURC":"MDEP GIS UNIT","GlobalID":"{BBE87711-FE57-46E8-8F30-1E860B9FBDEF}","Shape_Length":"119.15","Shape_Area":"1,091.67"},"id":88},{"type":"Feature","geometry":{"type":"Polygon","coordinates":[[[-68.83919765191065,45.16364243255412],[-68.83902930862023,45.16364695910021],[-68.8388001114651,45.163741903213044],[-68.83870555153041,45.163846564448946],[-68.83865142959934,45.163936992588496],[-68.83870489291061,45.16407997050304],[-68.83881920964009,45.164132528803044],[-68.83900080702868,45.1642042356822],[-68.83928361668251,45.16419987030893],[-68.83951934665939,45.16417638516085],[-68.83975534479232,45.164057631637725],[-68.83970867929142,45.16389084803814],[-68.8396079885956,45.16378114826057],[-68.83941302078485,45.163676079557966],[-68.83919765191065,45.16364243255412]]]},"properties":{"OBJECTID":"89","EGAD_SEQ":"","MAP_REFERENCE":"","FEATURE_NA":"EST WASTE AREA","POLYGON_TY":"LF WASTE AREA","EGAD_SITE_SEQ":"29,632","SITE_DESCR":"LANDFILL MUNICIPAL","LOCATION_A":"WITHIN 3M","LOCATION_M":"DIGITIZED","DATA_SOURC":"MDEP GIS UNIT","GlobalID":"{08E8A443-6B15-486C-9EFA-F33CCEA43016}","Shape_Length":"236.02","Shape_Area":"4,116.13"},"id":89},{"type":"Feature","geometry":{"type":"Polygon","coordinates":[[[-69.65228658066347,44.69414105953065],[-69.65274044914648,44.69266816261735],[-69.6522474552621,44.69258514133998],[-69.65191653366384,44.6925499418204],[-69.65175375189732,44.69259413109472],[-69.65172232975928,44.69262602859915],[-69.65159263270998,44.692705236352325],[-69.6514378764419,44.69289381221495],[-69.65130043032177,44.693292888757036],[-69.65117579768551,44.693827910303156],[-69.65116055323024,44.69394010508777],[-69.65115777897024,44.69398175793383],[-69.65115561159855,44.69402373320632],[-69.65119623093052,44.69407049055715],[-69.65132238132105,44.69411243537157],[-69.65163592376648,44.69416464048482],[-69.65174735232877,44.69412264307581],[-69.65180089939506,44.694124471046266],[-69.65228658066347,44.69414105953065]]]},"properties":{"OBJECTID":"90","EGAD_SEQ":"","MAP_REFERENCE":"","FEATURE_NA":"CELL 1","POLYGON_TY":"LF WASTE AREA","EGAD_SITE_SEQ":"30,714","SITE_DESCR":"LANDFILL SPECIAL WASTE","LOCATION_A":"WITHIN 3M","LOCATION_M":"DIGITIZED","DATA_SOURC":"MDEP GIS UNIT","GlobalID":"{CFE03211-D988-4FAB-BED9-A397EB7161D2}","Shape_Length":"513.23","Shape_Area":"16,205.38"},"id":90},{"type":"Feature","geometry":{"type":"Polygon","coordinates":[[[-67.67621542061364,45.44793065234934],[-67.6762416706344,45.447895170329794],[-67.67625378727679,45.44784291087357],[-67.67623980343235,45.44781974338421],[-67.67620219211709,45.44779758020139],[-67.67612428723709,45.44779028716905],[-67.67602161755873,45.447832551435],[-67.67589913169604,45.44786819497282],[-67.67570540168927,45.44792218315216],[-67.67559014585387,45.44795918837244],[-67.67547256603149,45.44801789284915],[-67.67543464540819,45.44808646836383],[-67.67541255360972,45.448176953776915],[-67.67545977120564,45.44825418488181],[-67.67555466305765,45.448311519804165],[-67.67563036436971,45.4483354030843],[-67.67576608889699,45.448354869591874],[-67.67584042476003,45.44835956513124],[-67.67592458261186,45.44833242364787],[-67.67596002836811,45.44829193649579],[-67.67594464896186,45.44825086100179],[-67.67594209448711,45.448204821480594],[-67.6759589700616,45.448182011723794],[-67.67595959791828,45.44815517996578],[-67.67597647344947,45.44813237110584],[-67.67603170782178,45.44809978241048],[-67.6760380197695,45.44806279112185],[-67.67604596769728,45.448033488766086],[-67.67604653573288,45.44800921176937],[-67.6760887956317,45.447987975338826],[-67.67615280532301,45.44796826828939],[-67.67621542061364,45.44793065234934]]]},"properties":{"OBJECTID":"91","EGAD_SEQ":"","MAP_REFERENCE":"","FEATURE_NA":"EST WASTE AREA","POLYGON_TY":"LF WASTE AREA","EGAD_SITE_SEQ":"37,951","SITE_DESCR":"LANDFILL MUNICIPAL","LOCATION_A":"WITHIN 3M","LOCATION_M":"DIGITIZED","DATA_SOURC":"MDEP GIS UNIT","GlobalID":"{04F19374-BCF9-46C5-A6BA-7E6E37AC746C}","Shape_Length":"203.72","Shape_Area":"2,275.4"},"id":91},{"type":"Feature","geometry":{"type":"Polygon","coordinates":[[[-70.36407723665167,43.6406244407489],[-70.36416481272109,43.640698551530456],[-70.36439350803512,43.64067235921579],[-70.3645521914114,43.6405006547511],[-70.3647185425292,43.6403206460002],[-70.36627894915067,43.63863209847603],[-70.36627694232004,43.63854354873829],[-70.3659655198575,43.63843507631506],[-70.36548072419183,43.63821057223492],[-70.36514250924625,43.63799612501656],[-70.36483627577222,43.63775767750791],[-70.36460306849143,43.63751244981553],[-70.3644026436977,43.637278642594005],[-70.36372478679188,43.63714501015385],[-70.36279376908705,43.63809697364309],[-70.36233407724731,43.638566992325366],[-70.36215440090459,43.638709460498596],[-70.36163137165305,43.63891134506681],[-70.36142071723592,43.638975491941345],[-70.36118047168709,43.639154685049895],[-70.36216439381185,43.63967932958747],[-70.36332927951607,43.64027320853631],[-70.36407723665167,43.6406244407489]]]},"properties":{"OBJECTID":"92","EGAD_SEQ":"","MAP_REFERENCE":"","FEATURE_NA":"ASHFILL/BALEFILL LATERAL EXP","POLYGON_TY":"LF WASTE AREA","EGAD_SITE_SEQ":"31,344","SITE_DESCR":"LANDFILL COMMERCIAL","LOCATION_A":"WITHIN 3M","LOCATION_M":"DIGITIZED","DATA_SOURC":"GOLDER ASSOCIATES","GlobalID":"{1F625D03-EB78-4049-831B-F721E7B54DA8}","Shape_Length":"1,173.67","Shape_Area":"81,817.32"},"id":92},{"type":"Feature","geometry":{"type":"Polygon","coordinates":[[[-69.75533061168892,44.16390827689726],[-69.75507385700037,44.16370415956558],[-69.75488180682814,44.163591086899615],[-69.7544044443298,44.163525634825085],[-69.7540387008323,44.16349374905364],[-69.75365751406041,44.16349626449652],[-69.75338765009879,44.1635094777537],[-69.75308514759138,44.16345430093819],[-69.75290985358909,44.16340972179221],[-69.75276647331377,44.16337636348524],[-69.75268734877307,44.16339975215065],[-69.75272013211905,44.16347957754767],[-69.75272114980922,44.16355960954503],[-69.75272187669897,44.16361677255603],[-69.75272274901074,44.163685371409315],[-69.75277098053195,44.163730791796425],[-69.75294612620561,44.163763938030435],[-69.75307362961667,44.16379740167412],[-69.7532009826547,44.1638194293659],[-69.75326495334585,44.163853311669094],[-69.75326582629414,44.163921910510965],[-69.75328287195484,44.16401327090866],[-69.75331565516763,44.16409309342575],[-69.7533484384587,44.164172915031436],[-69.75334887500861,44.16420721625038],[-69.75344475525806,44.16425231851246],[-69.75365167273411,44.16428525770834],[-69.75371447826035,44.164227671951735],[-69.75377742925642,44.164181519299234],[-69.75401450943959,44.16408848281955],[-69.75407760572489,44.164053764941634],[-69.75434775962937,44.16406341543822],[-69.75445850333098,44.16402838000614],[-69.75471307076164,44.16406100257497],[-69.75498308396085,44.16405921839923],[-69.7550624951154,44.16405869354989],[-69.75514220296832,44.16408103398207],[-69.7552533838736,44.164080298987685],[-69.75541221498156,44.16407924879976],[-69.75541148543621,44.16402208222784],[-69.75533061168892,44.16390827689726]]]},"properties":{"OBJECTID":"93","EGAD_SEQ":"","MAP_REFERENCE":"","FEATURE_NA":"LANDFILL BOUNDARY","POLYGON_TY":"LF WASTE AREA","EGAD_SITE_SEQ":"27,591","SITE_DESCR":"LANDFILL COMMERCIAL","LOCATION_A":"WITHIN 30M","LOCATION_M":"DIGITIZED","DATA_SOURC":"MDEP TECH SERVICES","GlobalID":"{B079A9F0-CA1F-4A6B-8ED7-3377D2A90DAC}","Shape_Length":"548.57","Shape_Area":"11,698.42"},"id":93},{"type":"Feature","geometry":{"type":"Polygon","coordinates":[[[-69.18749589931546,44.14516506024682],[-69.18766381503275,44.14554443124874],[-69.1877111326033,44.145653558791516],[-69.18756668932937,44.1457339423246],[-69.18679621916951,44.14587208965178],[-69.18647262590949,44.14640925781862],[-69.18634434716934,44.14663377840035],[-69.18615925935438,44.147027818690034],[-69.18616327816856,44.147198917623626],[-69.18644722546775,44.147234520797284],[-69.18670954889892,44.147105477865786],[-69.18678831835193,44.14691573828331],[-69.186922469688,44.14657138027878],[-69.18710192554788,44.14635385451982],[-69.18724292380031,44.14616116402984],[-69.18733190406233,44.146204956859115],[-69.18751827308091,44.146227979502044],[-69.18763235818581,44.14615881356784],[-69.1880408743886,44.14612065944528],[-69.18822790303442,44.14607779205076],[-69.18833055715957,44.1459916028444],[-69.18822918100535,44.14578586942682],[-69.18822558543044,44.145639631482794],[-69.18819767347429,44.14553245110789],[-69.18804998126508,44.14530201227506],[-69.18789296975469,44.14512661751919],[-69.1876541264912,44.14506541054354],[-69.18749589931546,44.14516506024682]]]},"properties":{"OBJECTID":"94","EGAD_SEQ":"","MAP_REFERENCE":"","FEATURE_NA":"AREA 1","POLYGON_TY":"LF WASTE AREA","EGAD_SITE_SEQ":"38,321","SITE_DESCR":"LANDFILL SPECIAL WASTE","LOCATION_A":"WITHIN 3M","LOCATION_M":"CAD","DATA_SOURC":"E-PRO","GlobalID":"{CA988D97-EE02-4E13-A65F-D5D3598AE4CA}","Shape_Length":"692.69","Shape_Area":"13,370.51"},"id":94},{"type":"Feature","geometry":{"type":"Polygon","coordinates":[[[-69.85324561381276,44.713375707359496],[-69.85432775466585,44.71289295977022],[-69.8544471810041,44.712784189960225],[-69.8543841293477,44.712612067325374],[-69.85368194413333,44.71218583215491],[-69.8531940781438,44.71193059054054],[-69.85301160434682,44.71186723110774],[-69.85286097210039,44.71191150722666],[-69.85232054202443,44.712196021691334],[-69.85217054033001,44.71228344326345],[-69.85211067039685,44.712327037474644],[-69.85226606251756,44.71260634590475],[-69.85266602394603,44.71305642357386],[-69.85282110393543,44.713314162062126],[-69.8530341504546,44.713398866700075],[-69.85324561381276,44.713375707359496]]]},"properties":{"OBJECTID":"95","EGAD_SEQ":"","MAP_REFERENCE":"","FEATURE_NA":"PHASE 7","POLYGON_TY":"LF WASTE AREA","EGAD_SITE_SEQ":"30,710","SITE_DESCR":"LANDFILL COMMERCIAL","LOCATION_A":"WITHIN 30M","LOCATION_M":"CAD","DATA_SOURC":"SACKETT & BRAKE SURVEY","GlobalID":"{ABF29703-61CE-4F35-B2CD-FB6BF2E4FCE0}","Shape_Length":"521.51","Shape_Area":"18,462.75"},"id":95},{"type":"Feature","geometry":{"type":"Polygon","coordinates":[[[-69.19003168152179,44.14616137152798],[-69.19008274793731,44.1462001015079],[-69.19023335794216,44.14614572310714],[-69.19015983276272,44.146093818267715],[-69.19003168152179,44.14616137152798]]]},"properties":{"OBJECTID":"96","EGAD_SEQ":"","MAP_REFERENCE":"","FEATURE_NA":"AREA 7","POLYGON_TY":"LF WASTE AREA","EGAD_SITE_SEQ":"38,321","SITE_DESCR":"LANDFILL SPECIAL WASTE","LOCATION_A":"WITHIN 3M","LOCATION_M":"CAD","DATA_SOURC":"E-PRO","GlobalID":"{1666202B-FF93-47E9-B951-7F69ECCFB2C0}","Shape_Length":"40.34","Shape_Area":"89.85"},"id":96},{"type":"Feature","geometry":{"type":"Polygon","coordinates":[[[-70.36875478457621,44.09985145668558],[-70.36884422698476,44.099827035825335],[-70.36890493291703,44.09980555401484],[-70.36894380494829,44.09977395396776],[-70.36895268235912,44.09969082663758],[-70.36893475471716,44.09953797421146],[-70.36892617619998,44.09947840515084],[-70.36894585886023,44.09939514922629],[-70.36894459819595,44.09934068375169],[-70.36892588416754,44.099309776518496],[-70.36884952196546,44.09927696267324],[-70.36872307650985,44.09925772621131],[-70.36862535972087,44.09923554795952],[-70.36853508416748,44.09922365854233],[-70.36844900284171,44.099237660828194],[-70.36835248654289,44.0992673574043],[-70.36833107189491,44.09927539995629],[-70.3682742052374,44.09930721264357],[-70.36825344853763,44.09934378136143],[-70.36824372767936,44.099390598657216],[-70.36827545517686,44.09951734207822],[-70.3682995036271,44.099623424036714],[-70.36833453067352,44.099737156002725],[-70.36836817925492,44.099791233505236],[-70.36843722400944,44.09981894404617],[-70.36848083162688,44.0998365812212],[-70.36857836983714,44.0998509784076],[-70.36864692853706,44.099857940310194],[-70.36875478457621,44.09985145668558]]]},"properties":{"OBJECTID":"97","EGAD_SEQ":"","MAP_REFERENCE":"","FEATURE_NA":"COVERED LANDFILL DEBRIS","POLYGON_TY":"LF WASTE AREA","EGAD_SITE_SEQ":"28,564","SITE_DESCR":"LANDFILL MUNICIPAL","LOCATION_A":"WITHIN 3M","LOCATION_M":"CAD","DATA_SOURC":"HARDING LAWSON","GlobalID":"{B6DF3CAF-2D6F-4DF9-BE2E-6E02DDF128CB}","Shape_Length":"213.99","Shape_Area":"3,316.42"},"id":97},{"type":"Feature","geometry":{"type":"Polygon","coordinates":[[[-68.29395257864253,45.361030119273344],[-68.29396816503527,45.360863503144344],[-68.2939087232931,45.360753580970346],[-68.29382848046379,45.360686399158425],[-68.29371469394009,45.36059995757658],[-68.2936137093843,45.36057075372795],[-68.2934921012428,45.36057000155478],[-68.29326215936368,45.36058763214992],[-68.29305230744251,45.360619675400166],[-68.2928695984297,45.36064236107033],[-68.29281495608578,45.36068965528035],[-68.29278040498797,45.360751363537595],[-68.2927386806805,45.36084636932136],[-68.29276368893005,45.36100847403591],[-68.29282934990192,45.36116130430707],[-68.29277998128241,45.361327711998584],[-68.29276492534251,45.36145146224067],[-68.29281109111184,45.361542249609585],[-68.29293898323465,45.36158114778338],[-68.2931008930425,45.3616012022731],[-68.2932633959696,45.36157362858617],[-68.29349358024177,45.36153694720342],[-68.29367006875486,45.36147135307337],[-68.29379973772363,45.36136736371653],[-68.29388247118735,45.361234505617524],[-68.29395257864253,45.361030119273344]]]},"properties":{"OBJECTID":"98","EGAD_SEQ":"","MAP_REFERENCE":"","FEATURE_NA":"EST WASTE AREA","POLYGON_TY":"LF WASTE AREA","EGAD_SITE_SEQ":"29,633","SITE_DESCR":"LANDFILL MUNICIPAL","LOCATION_A":"WITHIN 3M","LOCATION_M":"DIGITIZED","DATA_SOURC":"MDEP GIS UNIT","GlobalID":"{35ACB80B-DE2B-4606-9FD6-CAA44A7C11E2}","Shape_Length":"352.32","Shape_Area":"8,950.23"},"id":98},{"type":"Feature","geometry":{"type":"Polygon","coordinates":[[[-68.57104629605301,44.44305741203623],[-68.57123162909218,44.4431503641506],[-68.57137905707911,44.44320900448136],[-68.57149781784153,44.44327437200727],[-68.57166829610168,44.44344244019705],[-68.57178166468134,44.44359320941171],[-68.57194764887,44.44372367452058],[-68.57219558732527,44.44373485402473],[-68.57240611778037,44.443643386128926],[-68.57250272873738,44.44347631901059],[-68.57246631624444,44.443236998910876],[-68.57234020887316,44.44287091659676],[-68.57221792448364,44.44263469140474],[-68.5720895253617,44.44258295657155],[-68.57195633135224,44.44253462108966],[-68.57177509409168,44.442533941750575],[-68.57165171415225,44.44244805599222],[-68.57145661881802,44.44238581970641],[-68.5712802508714,44.44237149069145],[-68.57111779224435,44.44241188317265],[-68.5709978584261,44.442507106490325],[-68.57084893178151,44.44265347462384],[-68.57079069784807,44.44278993190173],[-68.57075668737677,44.4428752272121],[-68.57082288336508,44.44295406504864],[-68.57090358770888,44.44300562213421],[-68.57104629605301,44.44305741203623]]]},"properties":{"OBJECTID":"99","EGAD_SEQ":"","MAP_REFERENCE":"","FEATURE_NA":"EST WASTE AREA","POLYGON_TY":"LF WASTE AREA","EGAD_SITE_SEQ":"29,753","SITE_DESCR":"LANDFILL MUNICIPAL","LOCATION_A":"WITHIN 3M","LOCATION_M":"DIGITIZED","DATA_SOURC":"MDEP GIS UNIT","GlobalID":"{5FCF0AC0-CD34-424D-B602-BD941675FBE3}","Shape_Length":"449.25","Shape_Area":"12,540.82"},"id":99},{"type":"Feature","geometry":{"type":"Polygon","coordinates":[[[-70.02529414964707,45.37020306037115],[-70.02528256563373,45.370204475862685],[-70.02527068262512,45.37020687158477],[-70.02526273754268,45.370212068282726],[-70.02525467470306,45.37022170280714],[-70.02525103020518,45.37024164382968],[-70.02525250607714,45.37025420277891],[-70.02525581990383,45.37026458670281],[-70.0252671008588,45.37027495131271],[-70.025281626104,45.37028358193927],[-70.0252960954037,45.37028890416665],[-70.02530737956951,45.37029343856353],[-70.02532121981916,45.370297800589185],[-70.02533167508122,45.370312647180924],[-70.02534074567673,45.37031913493917],[-70.02535203484072,45.370322319983],[-70.02536997466198,45.3703222435327],[-70.02538296973991,45.37032131763941],[-70.02539621889046,45.37031621913393],[-70.02540225563322,45.37031000890486],[-70.02540765876353,45.37029184515882],[-70.0254083992251,45.37027360085725],[-70.02540758266566,45.37026389032146],[-70.0254055760146,45.37025376200603],[-70.02539974442274,45.37024157341585],[-70.02538993434713,45.37023218396236],[-70.02537765327894,45.370223859050235],[-70.0253622724186,45.370218055343166],[-70.02533911435626,45.370209989204106],[-70.02532421529403,45.37020667814345],[-70.02530899527679,45.37020320253691],[-70.02529414964707,45.37020306037115]]]},"properties":{"OBJECTID":"100","EGAD_SEQ":"","MAP_REFERENCE":"","FEATURE_NA":"FREON UNITS","POLYGON_TY":"LF WASTE AREA","EGAD_SITE_SEQ":"34,479","SITE_DESCR":"LANDFILL MUNICIPAL","LOCATION_A":"WITHIN 3M","LOCATION_M":"GPS MAPPING GRADE","DATA_SOURC":"MDEP GIS UNIT","GlobalID":"{543DDBE7-F224-46E6-988F-EBEFD3094EA5}","Shape_Length":"40.86","Shape_Area":"117.21"},"id":100},{"type":"Feature","geometry":{"type":"Polygon","coordinates":[[[-68.70954870644995,45.23396081343901],[-68.7096157317282,45.23368045117076],[-68.7096437984104,45.23359270330986],[-68.70961653921513,45.233521890749806],[-68.70958914469286,45.2334779123885],[-68.70955471984381,45.2334583094697],[-68.70940288777774,45.233443286724615],[-68.70920274803753,45.23342326194746],[-68.70913364982722,45.23343284368842],[-68.70904697957401,45.23350336619353],[-68.7089464856619,45.23357629192829],[-68.70892550830106,45.23362746634561],[-68.70874891211693,45.233729471904596],[-68.70868284216358,45.233822001462904],[-68.70865489980896,45.23388535427566],[-68.70861308396977,45.233960869699956],[-68.7086089695411,45.23409014769515],[-68.7086284265896,45.23433657809754],[-68.70863119347712,45.23447075248437],[-68.70864116451828,45.234546400011794],[-68.70860637655592,45.234597538230105],[-68.7085987609647,45.23473656496671],[-68.70857400873615,45.23485115465404],[-68.70858755695262,45.23490241708732],[-68.70873556506659,45.23499061292352],[-68.70886303415189,45.23504460610501],[-68.70903558418993,45.23505968144492],[-68.70921505307429,45.23507233561755],[-68.70926706479187,45.23502855842868],[-68.70926733843231,45.23497489273968],[-68.70929910626917,45.234838366862036],[-68.70935536602308,45.234638477422536],[-68.7094252239741,45.23448009362408],[-68.70946392224016,45.2343387064757],[-68.7094820422174,45.234170433322404],[-68.70954870644995,45.23396081343901]]]},"properties":{"OBJECTID":"101","EGAD_SEQ":"","MAP_REFERENCE":"","FEATURE_NA":"EST WASTE AREA","POLYGON_TY":"LF WASTE AREA","EGAD_SITE_SEQ":"27,604","SITE_DESCR":"LANDFILL MUNICIPAL","LOCATION_A":"WITHIN 3M","LOCATION_M":"DIGITIZED","DATA_SOURC":"MDEP GIS UNIT","GlobalID":"{07DD7EAA-FD5F-4B26-AD7C-EC7822D0E829}","Shape_Length":"452.97","Shape_Area":"10,874.79"},"id":101},{"type":"Feature","geometry":{"type":"Polygon","coordinates":[[[-70.84485205988399,43.25575317466295],[-70.84478896617115,43.255751482188835],[-70.84473764723296,43.255771283221904],[-70.84470469773102,43.25578536726322],[-70.8446873098889,43.25582359317858],[-70.84464455008855,43.2558812033288],[-70.844584319234,43.255974330380575],[-70.8445635533237,43.25602345295899],[-70.84453888949493,43.256189188609156],[-70.84450335295136,43.25636323059236],[-70.84448067876443,43.25647201464328],[-70.8444610565273,43.25655906507702],[-70.84445568860613,43.25662691333555],[-70.84443631169283,43.25672209167571],[-70.84443685862657,43.25686302595207],[-70.84444994103202,43.256927865396634],[-70.84442216961506,43.25699065435083],[-70.84439077222964,43.25705621120218],[-70.84441448446374,43.25710461726675],[-70.84443078383408,43.25715314288813],[-70.84447747227604,43.2572255721593],[-70.84452713106145,43.25727355879355],[-70.84462497517805,43.25732076905412],[-70.84469605609488,43.25734130593067],[-70.84499825798487,43.257401481066346],[-70.84547540843555,43.25748322689695],[-70.84557894895778,43.25747342493214],[-70.8456339754886,43.25745356368538],[-70.84567393054772,43.257425813796424],[-70.84570985047588,43.257387287730865],[-70.84577395107569,43.25729951829202],[-70.8458624413358,43.25715985720145],[-70.84600069653946,43.25694892071682],[-70.84605351202809,43.25685591264305],[-70.84611802095439,43.256781688928996],[-70.84615369462948,43.25673503572834],[-70.84615576361435,43.25668079316822],[-70.84627613851056,43.25649182848196],[-70.84635236099577,43.25631441874026],[-70.84638953107094,43.25619455897939],[-70.84637570862951,43.25610533699347],[-70.84633956608916,43.256013765055904],[-70.84621553012956,43.25595884814132],[-70.84604331032162,43.25590470893538],[-70.8458232317462,43.255862184166254],[-70.84543957607961,43.255806036017056],[-70.84515302543295,43.25577271361574],[-70.84485205988399,43.25575317466295]]]},"properties":{"OBJECTID":"102","EGAD_SEQ":"","MAP_REFERENCE":"","FEATURE_NA":"EST WASYE AREA","POLYGON_TY":"LF WASTE AREA","EGAD_SITE_SEQ":"27,694","SITE_DESCR":"LANDFILL MUNICIPAL","LOCATION_A":"WITHIN 3M","LOCATION_M":"DIGITIZED","DATA_SOURC":"MDEP GIS UNIT","GlobalID":"{A9138D6B-4741-4DBA-BCC6-90E18270B712}","Shape_Length":"579.46","Shape_Area":"23,381.53"},"id":102},{"type":"Feature","geometry":{"type":"Polygon","coordinates":[[[-67.75282679465985,45.187801288308414],[-67.75294208365267,45.187783048926576],[-67.75302549518634,45.18775146206572],[-67.75310071004553,45.187674288642846],[-67.75313450414565,45.187599912502996],[-67.75312249367012,45.18751853703754],[-67.75306439632287,45.18744315752129],[-67.75296502062788,45.187364077615676],[-67.7528695995544,45.187314288949665],[-67.75279658468274,45.18729074256679],[-67.75264998606853,45.18726964289218],[-67.75252558053256,45.187284532797],[-67.7524102201741,45.187306020573025],[-67.75233528882137,45.187370198271175],[-67.75227442402472,45.18742152944448],[-67.75225505315207,45.187466814791854],[-67.75227781268588,45.18747681315192],[-67.75231456795233,45.187477214746934],[-67.75242483630163,45.187478419488826],[-67.7525160888775,45.18750866362944],[-67.75259376912972,45.187529011560635],[-67.75267088297242,45.18757535089575],[-67.75272488116333,45.18762793688737],[-67.75276036044768,45.18768682067461],[-67.75279131523794,45.18774240454147],[-67.75282679465985,45.187801288308414]]]},"properties":{"OBJECTID":"103","EGAD_SEQ":"","MAP_REFERENCE":"","FEATURE_NA":"WASTE AREA","POLYGON_TY":"LF WASTE AREA","EGAD_SITE_SEQ":"29,696","SITE_DESCR":"LANDFILL MUNICIPAL","LOCATION_A":"WITHIN 3M","LOCATION_M":"DIGITIZED","DATA_SOURC":"MDEP GIS UNIT","GlobalID":"{472D079C-675C-443F-AE32-4497B7BD2684}","Shape_Length":"198.91","Shape_Area":"2,163.19"},"id":103},{"type":"Feature","geometry":{"type":"Polygon","coordinates":[[[-70.29678314498537,43.60515095171927],[-70.29655485869506,43.605483011997734],[-70.29647149755056,43.6056613655306],[-70.29650840680843,43.60575598610792],[-70.29664965030022,43.6058367518048],[-70.29692505684334,43.60607439473971],[-70.29723315455013,43.606210289751445],[-70.29773412374497,43.60639468335844],[-70.29819818219895,43.6064844529729],[-70.29859863248163,43.60645456055673],[-70.29885252360985,43.60650236303697],[-70.29909756255002,43.60654393033425],[-70.29941969299051,43.606521261273585],[-70.29954064289699,43.60646919811505],[-70.29965014834283,43.60629054601448],[-70.29967411821718,43.606188897235654],[-70.29983116472866,43.60619344757448],[-70.29990008439937,43.60615464795219],[-70.30019496847068,43.60608159844195],[-70.30021934673844,43.60599895328315],[-70.30031931314569,43.60578239317325],[-70.3004536010178,43.60554009708014],[-70.300532174288,43.60514003604642],[-70.30052275668706,43.604702960237354],[-70.30054563139747,43.604550636481896],[-70.30039539574551,43.60445730653001],[-70.29999141260826,43.604322510561396],[-70.2990620972001,43.60408597146737],[-70.29820238828825,43.60384229993527],[-70.29807095314086,43.603812112881116],[-70.2979254903935,43.60394048460709],[-70.29772922353943,43.604139128579],[-70.29731857081367,43.60450494049755],[-70.29689197581366,43.60494062922494],[-70.29678314498537,43.60515095171927]]]},"properties":{"OBJECTID":"104","EGAD_SEQ":"","MAP_REFERENCE":"","FEATURE_NA":"EST WASTE AREA","POLYGON_TY":"LF WASTE AREA","EGAD_SITE_SEQ":"95,124","SITE_DESCR":"LANDFILL MUNICIPAL","LOCATION_A":"WITHIN 3M","LOCATION_M":"DIGITIZED","DATA_SOURC":"MDEP GIS UNIT","GlobalID":"{D342E2CE-FF43-4839-95CF-FDECCC85FC3E}","Shape_Length":"998.34","Shape_Area":"70,066.95"},"id":104},{"type":"Feature","geometry":{"type":"Polygon","coordinates":[[[-68.88870163606495,44.99221704853495],[-68.88845333449443,44.992173933649035],[-68.88827874718406,44.992197580335166],[-68.88808405754213,44.99220215354914],[-68.88800346338171,44.992221128953894],[-68.88790266489262,44.992273429462536],[-68.88788233986006,44.99236867975224],[-68.88787544057139,44.99246394411829],[-68.88790203346797,44.99259734837438],[-68.88792186649155,44.99275456512139],[-68.88785440940579,44.99292122293459],[-68.88779379567121,44.993021197456606],[-68.88780030480169,44.99312600173226],[-68.8878471396549,44.993207027380585],[-68.88789390034559,44.99332616174554],[-68.88794745588817,44.99340243102061],[-68.8880145329279,44.99343107796757],[-68.88816224296271,44.99342169595299],[-68.88835025082219,44.99340282549657],[-68.88857187168493,44.9933601701991],[-68.88871297843072,44.99329361781494],[-68.88882061133317,44.993179398012124],[-68.88897522608431,44.99306998761331],[-68.88910961931589,44.9930034282092],[-68.88910317338593,44.992865279081265],[-68.88905664950477,44.99262229403693],[-68.88891618765997,44.9923553994001],[-68.88870163606495,44.99221704853495]]]},"properties":{"OBJECTID":"105","EGAD_SEQ":"","MAP_REFERENCE":"","FEATURE_NA":"EST WASTE AREA","POLYGON_TY":"LF WASTE AREA","EGAD_SITE_SEQ":"29,630","SITE_DESCR":"LANDFILL MUNICIPAL","LOCATION_A":"WITHIN 3M","LOCATION_M":"DIGITIZED","DATA_SOURC":"MDEP GIS UNIT","GlobalID":"{AD6FD645-4269-4F92-8D83-67E67EDE5250}","Shape_Length":"402.57","Shape_Area":"11,164.76"},"id":105},{"type":"Feature","geometry":{"type":"Polygon","coordinates":[[[-67.16456224848802,44.946123928283484],[-67.1644970361515,44.94607352910447],[-67.1642735439209,44.94604146330561],[-67.16417290537373,44.94626382379388],[-67.16409860003073,44.94633096039689],[-67.16424875450281,44.94639980875287],[-67.16437248716325,44.94637522524672],[-67.164486189856,44.94624608327435],[-67.16456224848802,44.946123928283484]]]},"properties":{"OBJECTID":"106","EGAD_SEQ":"","MAP_REFERENCE":"","FEATURE_NA":"WASTE BOUNDARY","POLYGON_TY":"LF WASTE AREA","EGAD_SITE_SEQ":"37,955","SITE_DESCR":"LANDFILL MUNICIPAL","LOCATION_A":"WITHIN 3M","LOCATION_M":"DIGITIZED","DATA_SOURC":"MDEP GIS UNIT","GlobalID":"{ECCAA817-B195-4D08-8133-41E7DAD6649E}","Shape_Length":"117.04","Shape_Area":"836.98"},"id":106},{"type":"Feature","geometry":{"type":"Polygon","coordinates":[[[-68.63485084823785,44.732181535758144],[-68.63476786464086,44.73214034842406],[-68.63463014082257,44.7321317238679],[-68.63452086235839,44.73216411126343],[-68.63441410377646,44.732251751345366],[-68.63430414159572,44.73239257865718],[-68.63432652343565,44.73248472365986],[-68.63438633760742,44.73255857508842],[-68.63454115701182,44.73258771518547],[-68.63485084823785,44.732181535758144]]]},"properties":{"OBJECTID":"107","EGAD_SEQ":"","MAP_REFERENCE":"","FEATURE_NA":"WASTE AREA","POLYGON_TY":"LF WASTE AREA","EGAD_SITE_SEQ":"108,402","SITE_DESCR":"LANDFILL MUNICIPAL","LOCATION_A":"WITHIN 3M","LOCATION_M":"DIGITIZED","DATA_SOURC":"MDEP TECH SERVICES","GlobalID":"{26F551B0-521A-4BE7-94D0-EAD784DF880A}","Shape_Length":"143.01","Shape_Area":"1,257.71"},"id":107},{"type":"Feature","geometry":{"type":"Polygon","coordinates":[[[-70.3936820411976,43.4535842326365],[-70.39368205287761,43.4535840416045],[-70.39370655479216,43.45358102274571],[-70.39373716613146,43.45358047850157],[-70.39376092968496,43.45358793154425],[-70.39379467734372,43.453588383636394],[-70.39382449549252,43.453589628273974],[-70.39385612530047,43.453586609825784],[-70.39388856063955,43.45357991862829],[-70.3939174578737,43.45356969858159],[-70.39394142586548,43.453554253145064],[-70.39396779497179,43.45353884505912],[-70.39398775740419,43.45351991429142],[-70.39400522290819,43.45349871338484],[-70.39402304427882,43.453480037423915],[-70.39403888126166,43.453459504673006],[-70.39405511433479,43.45344023488542],[-70.39406945704121,43.4534253524946],[-70.39408429188657,43.45340956547912],[-70.39409855082928,43.45339157584661],[-70.39411326200354,43.45337358069791],[-70.39412911966873,43.453352229197726],[-70.39414369162968,43.45333694421421],[-70.39416219770142,43.45331999229528],[-70.39417737191286,43.45330117210705],[-70.39418891962117,43.45328455085173],[-70.39420000012737,43.45326497110075],[-70.39421140070947,43.453245120920336],[-70.39422788027208,43.45322657834469],[-70.39424185428459,43.45320474466206],[-70.39425050991515,43.45318237345257],[-70.39426259881122,43.45316128219402],[-70.39426958445465,43.45313884941013],[-70.39427629790549,43.45311661983904],[-70.3942804279402,43.45309244354403],[-70.39427682293243,43.45306830575343],[-70.3942661438369,43.45304575343619],[-70.39425086063368,43.45302669147762],[-70.39423801650442,43.4530103946851],[-70.39422911738941,43.452991991415935],[-70.39421428752493,43.452974638328904],[-70.39419552492315,43.45296008669072],[-70.39417025335904,43.45294836971559],[-70.3941499156546,43.45293116032003],[-70.394126234853,43.452914012395986],[-70.39409955526715,43.452900991654055],[-70.39407285985364,43.452885183389775],[-70.39404878178759,43.45286962503769],[-70.39402296274433,43.45285618589339],[-70.39400050672177,43.45284236808006],[-70.39398464820607,43.45283129084608],[-70.39395647930644,43.45282058160611],[-70.39392620836276,43.45281924797844],[-70.39389745960808,43.4528173537298],[-70.39386670896708,43.452818973018736],[-70.39383842173957,43.452817316242665],[-70.39381180216105,43.45281761105508],[-70.3937860527775,43.45282070727332],[-70.39375906193771,43.45282238064475],[-70.39373270673232,43.45282487645094],[-70.39371345105704,43.45282145997018],[-70.39369254221367,43.45282059652792],[-70.39366625106531,43.45281958529141],[-70.3936400082609,43.45281960264284],[-70.39361262317476,43.45281761786522],[-70.39358818390387,43.452819530220985],[-70.39355950739684,43.4528255173083],[-70.39353807474659,43.452835320328504],[-70.39351441698393,43.45284462281785],[-70.39348883323207,43.45285579374326],[-70.39347019460878,43.45286659908289],[-70.39345064277997,43.452876766344716],[-70.39342408240539,43.452890512662535],[-70.39339647455874,43.4529018108846],[-70.39337549483974,43.452916269843215],[-70.39337109423259,43.452935729387754],[-70.39335442914133,43.45295793432085],[-70.39332587392067,43.4529689919532],[-70.39331714218206,43.4529924760436],[-70.39330308105032,43.45301666438131],[-70.39329224886207,43.4530340430882],[-70.39328222075709,43.453059849857254],[-70.3932829237678,43.453078516959636],[-70.39328627683706,43.453099074169586],[-70.39329275381024,43.45311712795197],[-70.39330869206545,43.453136093814386],[-70.39330622076719,43.45315528402833],[-70.39331305921674,43.45317750686384],[-70.39332067445542,43.45319787166421],[-70.39331789145807,43.45320983888347],[-70.39332105444747,43.453202686096105],[-70.39332366435447,43.45321649919038],[-70.39332640135929,43.453232886845235],[-70.39332976888261,43.45325724816349],[-70.39334327925914,43.453277646467676],[-70.393357363326,43.45330165927897],[-70.39336689564979,43.45331836660559],[-70.39337422805824,43.453338362073765],[-70.39338785376673,43.45335484662984],[-70.39339743514087,43.45337944826276],[-70.39341062928388,43.45339979818811],[-70.39342167312654,43.453418922731544],[-70.39343481756183,43.45344152071494],[-70.39344747984596,43.4534572777586],[-70.39345491104466,43.45346967875194],[-70.39346626192712,43.45348973958994],[-70.39348275176853,43.45350882116141],[-70.39349464333434,43.453527883140566],[-70.39351333134493,43.453541339086705],[-70.3935241217068,43.45355943392441],[-70.39354453295923,43.453573009327286],[-70.39356370580033,43.45357770634612],[-70.39356887528801,43.45359075709184],[-70.39358352641464,43.453613460050164],[-70.39361450167833,43.45362337881711],[-70.39363398436252,43.453620147426896],[-70.39366152592933,43.45361456133767],[-70.3936820411976,43.4535842326365]]]},"properties":{"OBJECTID":"108","EGAD_SEQ":"","MAP_REFERENCE":"","FEATURE_NA":"LANDFILL BOUNDARY","POLYGON_TY":"LF WASTE AREA","EGAD_SITE_SEQ":"33,867","SITE_DESCR":"LANDFILL COMMERCIAL","LOCATION_A":"WITHIN 3M","LOCATION_M":"GPS MAPPING GRADE","DATA_SOURC":"MDEP TECH SERVICES","GlobalID":"{382E3C90-85AF-41D2-9ED3-139A2EA4F829}","Shape_Length":"271.62","Shape_Area":"5,241.58"},"id":108},{"type":"Feature","geometry":{"type":"Polygon","coordinates":[[[-69.83987289880778,44.7077488797293],[-69.8389901472411,44.707360125221925],[-69.83883046189405,44.70728980045848],[-69.83826874289063,44.707182284729285],[-69.8380731637518,44.70709501792146],[-69.83804888981973,44.70708418614448],[-69.83783897688066,44.707014753409794],[-69.83774082423389,44.706971641779354],[-69.83735118535233,44.70680050137234],[-69.83730739173991,44.70678459297909],[-69.8372605758458,44.70677392450725],[-69.83721196114051,44.70676877596021],[-69.83716281694181,44.706769280268375],[-69.83711443067351,44.706775425293216],[-69.83706570636585,44.706787808725004],[-69.83702063179675,44.70680590350342],[-69.83699198496774,44.70682167408066],[-69.8369661676465,44.706839760931565],[-69.83694354853372,44.70685990748885],[-69.83660857180365,44.70719765473849],[-69.83658268279746,44.70722375504588],[-69.83655311066317,44.70725357150309],[-69.83652776114577,44.70728435178452],[-69.83651003852682,44.70731773639727],[-69.83650044918402,44.707352771884594],[-69.83649926529588,44.70738845879102],[-69.83650652269114,44.70742377778494],[-69.8365220124776,44.70745772212822],[-69.83654529402553,44.70748932278821],[-69.8365720275046,44.7075147396279],[-69.83660380308416,44.707537010101895],[-69.8366480931969,44.70756369727627],[-69.83675586413356,44.70762862505431],[-69.83733281026657,44.70797621826297],[-69.83768526017603,44.708188554508524],[-69.83788040343296,44.70830611726727],[-69.83827936478733,44.70854647239879],[-69.83860576477612,44.70874310779814],[-69.8386564258983,44.70876439638956],[-69.83870920903558,44.708782878636626],[-69.83875543258064,44.70879628128241],[-69.8388297771293,44.70881288565714],[-69.83890608731423,44.70882407321682],[-69.83898358761007,44.70882972992339],[-69.83906149321092,44.70882979852397],[-69.83913901383131,44.70882427942339],[-69.83921536249117,44.708813227018425],[-69.83928976441798,44.70879675413377],[-69.83936146583171,44.708775028356214],[-69.83943415309496,44.70874631304238],[-69.83950210149413,44.70871220318395],[-69.83956452644472,44.708673092559835],[-69.83962070731542,44.708629432094924],[-69.83975104155871,44.70851652469917],[-69.84002484086886,44.70827933648908],[-69.8400249131818,44.708279273840745],[-69.84006559052001,44.70824002492864],[-69.84009804628944,44.708197056384],[-69.84012162275529,44.70815123818101],[-69.84013584101409,44.70810349749244],[-69.84014041589163,44.70805480147469],[-69.84013525435272,44.70800613477346],[-69.84012109218543,44.70796001354102],[-69.84009818534139,44.70791571660109],[-69.84006696506836,44.70787408159842],[-69.84002802474961,44.707835897271096],[-69.83998210074778,44.707801888288074],[-69.83993006332089,44.70777269821221],[-69.83987289880778,44.7077488797293]]]},"properties":{"OBJECTID":"109","EGAD_SEQ":"","MAP_REFERENCE":"","FEATURE_NA":"PHASE 12","POLYGON_TY":"LF WASTE AREA","EGAD_SITE_SEQ":"30,710","SITE_DESCR":"LANDFILL COMMERCIAL","LOCATION_A":"WITHIN 5M","LOCATION_M":"CAD","DATA_SOURC":"GOLDER ASSOCIATES","GlobalID":"{208D01C9-E8DF-4132-AA62-50714BFDDEE3}","Shape_Length":"768.42","Shape_Area":"35,431.88"},"id":109},{"type":"Feature","geometry":{"type":"Polygon","coordinates":[[[-68.84725935769609,44.945033166468335],[-68.8471694782112,44.94482605027772],[-68.84713256923892,44.94473998931875],[-68.84710039947566,44.944691782768295],[-68.8470778759048,44.94466078927716],[-68.84705371541418,44.94463667202991],[-68.84701986947775,44.944612544504984],[-68.84697955746232,44.94459184797708],[-68.84693920687886,44.944583768609284],[-68.84680040098142,44.94455834984709],[-68.84655506637456,44.94451673814387],[-68.84645499509614,44.94449940259606],[-68.84638879572185,44.94449587120549],[-68.8463653721408,44.9444992820693],[-68.84631367857321,44.94450723781642],[-68.8462684279116,44.94452093829778],[-68.84622962321335,44.94453923486774],[-68.84620049728593,44.94456098592968],[-68.84616650168289,44.94459305033652],[-68.84614541639559,44.944627426739736],[-68.84613885094741,44.94466755338435],[-68.84614357252482,44.944714579976164],[-68.8461596220461,44.94475129831482],[-68.84619342356282,44.94479148203006],[-68.8462659165171,44.944856372544656],[-68.84631908275595,44.94490231657091],[-68.84633355911639,44.9449229785721],[-68.84634156698353,44.944949366152755],[-68.84633825946419,44.9449780304222],[-68.8463139652564,44.94500552139596],[-68.84629292759885,44.94502154997974],[-68.84623792290978,44.94505931951202],[-68.84621526853448,44.94507649006088],[-68.84619580485436,44.945109721797245],[-68.8461532709462,44.94531436853741],[-68.84612876819536,44.94541983914475],[-68.84611565164705,44.94549321760079],[-68.84611717590838,44.945527621754565],[-68.84612839444733,44.94555974705655],[-68.84615413667557,44.94559533429296],[-68.8461928134982,44.945625201959395],[-68.8462444223815,44.94564935274005],[-68.846362215467,44.94568276920382],[-68.84645581511721,44.9457058331128],[-68.84650101165762,44.94571277410675],[-68.84653653836013,44.945712821849995],[-68.84657207296219,44.94570942812261],[-68.84659792421871,44.94570372946527],[-68.84663024731431,44.94569345206659],[-68.84669733083899,44.94566773785807],[-68.8468896988117,44.945591161016836],[-68.84711601448075,44.94550086701896],[-68.84723079037354,44.945455148137235],[-68.84732293240988,44.94541742778166],[-68.84735365197204,44.94540370656373],[-68.84736659066682,44.94539684271602],[-68.84737954251123,44.94538310134491],[-68.84738765042627,44.94537049765577],[-68.84739254804069,44.945351008536036],[-68.8473925723511,44.945341832814506],[-68.84737972179339,44.94531543883802],[-68.84725935769609,44.945033166468335]]]},"properties":{"OBJECTID":"110","EGAD_SEQ":"","MAP_REFERENCE":"","FEATURE_NA":"APPROXIMATE SOLID WASTE AREA","POLYGON_TY":"LF WASTE AREA","EGAD_SITE_SEQ":"27,545","SITE_DESCR":"LANDFILL MUNICIPAL","LOCATION_A":"WITHIN 5M","LOCATION_M":"CAD","DATA_SOURC":"CES ENGINEERS & SURVEYORS","GlobalID":"{1170C340-65E6-4E11-8E98-23EB34EB74E2}","Shape_Length":"396.46","Shape_Area":"9,857.83"},"id":110},{"type":"Feature","geometry":{"type":"Polygon","coordinates":[[[-69.68456527202123,45.03998038637343],[-69.68457644227607,45.04007628739898],[-69.68461210452011,45.04012405715892],[-69.68475785990873,45.04015517142177],[-69.68493811187992,45.0401363189966],[-69.68505283670305,45.040087648219945],[-69.68511165473497,45.03997533287785],[-69.685130412763,45.039866812679726],[-69.68511667186507,45.039765596221926],[-69.6850380394269,45.03968787322033],[-69.68490704754785,45.039633565682465],[-69.68475638584636,45.03961136676756],[-69.68460355718148,45.039617613937665],[-69.68452350017935,45.03963053440636],[-69.68448135687693,45.03966988480941],[-69.6844594558919,45.039725108392226],[-69.68443995507583,45.03977143184393],[-69.6844354724699,45.039815888317],[-69.68446588905667,45.039844140211855],[-69.6845061620361,45.039858116374965],[-69.68453137439644,45.039870404930916],[-69.68455422895867,45.03989514819255],[-69.68456527202123,45.03998038637343]]]},"properties":{"OBJECTID":"111","EGAD_SEQ":"","MAP_REFERENCE":"","FEATURE_NA":"EST WASTE AREA","POLYGON_TY":"LF WASTE AREA","EGAD_SITE_SEQ":"29,450","SITE_DESCR":"LANDFILL MUNICIPAL","LOCATION_A":"WITHIN 3M","LOCATION_M":"DIGITIZED","DATA_SOURC":"MDEP GIS UNIT","GlobalID":"{1A36295B-4554-433A-9954-CA3CCF8F7D4C}","Shape_Length":"188.41","Shape_Area":"2,514.07"},"id":111},{"type":"Feature","geometry":{"type":"Polygon","coordinates":[[[-68.75626278981223,44.76287873855704],[-68.75634822950339,44.76284094644974],[-68.75850173057438,44.76024811495058],[-68.75847085703077,44.75998223582419],[-68.75799219230383,44.75973818812585],[-68.7569069889672,44.75924222562483],[-68.75665116224026,44.759241680810355],[-68.7564375919076,44.75933236312254],[-68.75622366838013,44.75950658390396],[-68.7558173298583,44.75980950685484],[-68.75546482553993,44.75998343342502],[-68.75505831801796,44.760324325020164],[-68.75467273956549,44.760756397659236],[-68.75417994744704,44.761332540710136],[-68.7540831045527,44.76154498378732],[-68.75414641990929,44.76169701419828],[-68.75472073716212,44.76200963429791],[-68.75522108215816,44.762170199795],[-68.7557205300596,44.76254341180074],[-68.75626278981223,44.76287873855704]]]},"properties":{"OBJECTID":"112","EGAD_SEQ":"","MAP_REFERENCE":"","FEATURE_NA":"BREWER LANDFILL","POLYGON_TY":"LF WASTE AREA","EGAD_SITE_SEQ":"27,370","SITE_DESCR":"LANDFILL MUNICIPAL","LOCATION_A":"WITHIN 5M","LOCATION_M":"CAD","DATA_SOURC":"CES ENGINEERS & SURVEYORS","GlobalID":"{B13E1566-BE64-4A68-B33B-2B13160705EC}","Shape_Length":"1,105.68","Shape_Area":"77,082.55"},"id":112},{"type":"Feature","geometry":{"type":"Polygon","coordinates":[[[-70.32633702136418,43.73600208248016],[-70.32627809760018,43.73602868202529],[-70.32618294688771,43.73623207504372],[-70.32612455570319,43.73645181913385],[-70.32611505351002,43.73649766879315],[-70.32610956731524,43.73660636351649],[-70.32610517455419,43.736764597158576],[-70.3261216982948,43.736798709960475],[-70.3262197681593,43.736835688663064],[-70.32637815077487,43.73686624896008],[-70.32654942093042,43.7368852245931],[-70.32668305976368,43.73686652097994],[-70.32678533331728,43.73685580489592],[-70.3269267903707,43.73671503821667],[-70.32705216657564,43.73667927783814],[-70.32711430748212,43.736636628147295],[-70.32715759169695,43.736573233822064],[-70.32713858301015,43.736426706750194],[-70.32710299183833,43.73636232229011],[-70.32705480933384,43.736259945660755],[-70.3269615777114,43.736178598300604],[-70.32687013548114,43.73606721315739],[-70.32683623366057,43.73602340973187],[-70.32681472595834,43.73599051008391],[-70.32677418278702,43.73597390414827],[-70.32668272611713,43.73597295715614],[-70.32633702136418,43.73600208248016]]]},"properties":{"OBJECTID":"113","EGAD_SEQ":"","MAP_REFERENCE":"","FEATURE_NA":"WASTE AREA","POLYGON_TY":"LF WASTE AREA","EGAD_SITE_SEQ":"56,098","SITE_DESCR":"LANDFILL MUNICIPAL","LOCATION_A":"WITHIN 3M","LOCATION_M":"DIGITIZED","DATA_SOURC":"MDEP TECH SERVICES","GlobalID":"{E1FAA6DA-63FB-4C05-BEA7-58DFEBD83E24}","Shape_Length":"304.41","Shape_Area":"6,622.52"},"id":113},{"type":"Feature","geometry":{"type":"Polygon","coordinates":[[[-69.18869074879278,44.14612010471517],[-69.1886401113772,44.14616983781999],[-69.18877732273016,44.14628696530741],[-69.18885478407341,44.1462662386824],[-69.18869074879278,44.14612010471517]]]},"properties":{"OBJECTID":"114","EGAD_SEQ":"","MAP_REFERENCE":"","FEATURE_NA":"AREA 4","POLYGON_TY":"LF WASTE AREA","EGAD_SITE_SEQ":"38,321","SITE_DESCR":"LANDFILL SPECIAL WASTE","LOCATION_A":"WITHIN 3M","LOCATION_M":"CAD","DATA_SOURC":"E-PRO","GlobalID":"{040A9EBF-4816-4CDF-99EE-76B257903ED2}","Shape_Length":"51.35","Shape_Area":"122.03"},"id":114},{"type":"Feature","geometry":{"type":"Polygon","coordinates":[[[-70.5014754986867,44.15166895122424],[-70.50134951630187,44.15156866161593],[-70.50130397580932,44.1514908407569],[-70.50131188207057,44.15137310764948],[-70.50136136847036,44.15132017754264],[-70.50136420220888,44.151288772330496],[-70.50132744605948,44.15127095741597],[-70.50128356098531,44.151258464335754],[-70.50117824413509,44.15125723494013],[-70.5010479839875,44.151274630404785],[-70.50103136082716,44.15133497026818],[-70.50103064676301,44.15144999521814],[-70.50105078099887,44.15152815007567],[-70.50103752168444,44.15157799034295],[-70.50091234821294,44.15165282658545],[-70.50080631489928,44.151766620922224],[-70.50070021498139,44.1518778033125],[-70.50052489180817,44.15197943694049],[-70.50038216577475,44.152078029384704],[-70.50032588231441,44.152149346396655],[-70.50032291555921,44.152175525182976],[-70.50033605492305,44.15226422832536],[-70.50051841248846,44.15258335234806],[-70.50061219504957,44.15270236395335],[-70.50066782892524,44.152748684504544],[-70.50071903911464,44.15276369519454],[-70.50088183443553,44.152740644443085],[-70.50112704661728,44.15267468697917],[-70.50126410385751,44.15263890313643],[-70.50134705067138,44.15261690120268],[-70.5015173045025,44.15260159327077],[-70.5016975834499,44.15255217170129],[-70.50183477136632,44.15252161359812],[-70.50189534639144,44.15247638013189],[-70.50192325467786,44.15243157438936],[-70.50194707002288,44.15236852621098],[-70.50194528024674,44.152297972065114],[-70.5018806633213,44.15218380619242],[-70.50179677286849,44.15202545673107],[-70.50173215653878,44.151911290760914],[-70.50169400686053,44.15183860103248],[-70.50164213450995,44.151797459665104],[-70.50158703095948,44.151772044283526],[-70.50151364923373,44.1517416410166],[-70.5014754986867,44.15166895122424]]]},"properties":{"OBJECTID":"115","EGAD_SEQ":"","MAP_REFERENCE":"","FEATURE_NA":"EST WASTE BOUNDARY","POLYGON_TY":"LF WASTE AREA","EGAD_SITE_SEQ":"29,510","SITE_DESCR":"LANDFILL MUNICIPAL","LOCATION_A":"WITHIN 3M","LOCATION_M":"DIGITIZED","DATA_SOURC":"MDEP GIS UNIT","GlobalID":"{60A200E4-04D6-4E9F-AC74-6ECFE5013ABA}","Shape_Length":"475.02","Shape_Area":"12,384.43"},"id":115},{"type":"Feature","geometry":{"type":"Polygon","coordinates":[[[-70.75101817454707,43.118907574220856],[-70.75085873781771,43.11879089069191],[-70.75073967005063,43.11872123886663],[-70.75068994719922,43.1185742862297],[-70.75058984170832,43.118485283955295],[-70.75043502316517,43.11853053761346],[-70.75009978813895,43.11863573166817],[-70.74924062889316,43.11884423529999],[-70.74887897571162,43.118935534912964],[-70.74882926915855,43.119017298617734],[-70.74894332595301,43.119139444049594],[-70.74942203851124,43.119503790654456],[-70.74998797963089,43.1197333811543],[-70.75009078648219,43.119688923845224],[-70.75010730445149,43.11958384204089],[-70.75003347711906,43.11950396774812],[-70.74995301203562,43.11941942970431],[-70.74997711731392,43.11935235110724],[-70.75022701999752,43.119219874280844],[-70.7504907382788,43.11911577516764],[-70.75091672817828,43.118999661296556],[-70.75106504541009,43.118954506507016],[-70.75101817454707,43.118907574220856]]]},"properties":{"OBJECTID":"116","EGAD_SEQ":"","MAP_REFERENCE":"","FEATURE_NA":"CONSTRUCTION & DEMO. WASTE","POLYGON_TY":"LF WASTE AREA","EGAD_SITE_SEQ":"27,816","SITE_DESCR":"LANDFILL MUNICIPAL","LOCATION_A":"WITHIN 3M","LOCATION_M":"DIGITIZED","DATA_SOURC":"MDEP TECH SERVICES","GlobalID":"{924FB07E-255B-416B-9423-C66C3752EFB1}","Shape_Length":"500.89","Shape_Area":"11,449.82"},"id":116},{"type":"Feature","geometry":{"type":"Polygon","coordinates":[[[-70.03678744884817,43.97067062856646],[-70.03683841918705,43.97082456618822],[-70.03686568449214,43.97095264567011],[-70.03687071290943,43.97101394089486],[-70.0368697619998,43.97110624352067],[-70.03685927487292,43.97115789724461],[-70.03684045478201,43.97118933539679],[-70.0367814819858,43.971265285682726],[-70.03679447252502,43.97130556561147],[-70.03685861518541,43.971243508524005],[-70.03692819725666,43.97118182699912],[-70.03699249589242,43.97112595472576],[-70.03705700995106,43.97106377080642],[-70.03712088052036,43.9710005797973],[-70.03718396480681,43.9709361281966],[-70.03724814729642,43.9708728955685],[-70.03731217659512,43.97081025222326],[-70.03734709675706,43.97077973022825],[-70.03737646680437,43.970751074621646],[-70.03740080977236,43.97072854921913],[-70.03744307752001,43.97069364960273],[-70.03750759860573,43.970631922739095],[-70.03757264728031,43.970572007954075],[-70.03763862326365,43.97051216033923],[-70.03770324449036,43.97045083761162],[-70.0377675131259,43.97038960628382],[-70.03783136930164,43.97032896569431],[-70.03789582839907,43.970267447152125],[-70.03796023366499,43.9702072831889],[-70.03802415990542,43.97014832550854],[-70.03808905851572,43.970087370083334],[-70.03815306025756,43.97002553322386],[-70.03821755433903,43.969963269589805],[-70.03828107190435,43.96990585687701],[-70.038305424658,43.96988414690745],[-70.03833165830382,43.969860274304345],[-70.03834073168169,43.969845121781646],[-70.03834224859509,43.96983702194944],[-70.03834013574607,43.96982186574594],[-70.03832138907671,43.969782821354656],[-70.03828052462717,43.96971115748532],[-70.03824602727458,43.969646958169],[-70.03820714078702,43.96957497107872],[-70.03817556619788,43.969513160820966],[-70.0381407047054,43.96944335919768],[-70.03809967182161,43.969373951267066],[-70.03808251942354,43.96934196460061],[-70.0380667247041,43.96932916286789],[-70.03804670058372,43.969316886648585],[-70.03801132168981,43.969300890124465],[-70.0379790775661,43.96928393234746],[-70.0378987006673,43.969246131133104],[-70.03783060012674,43.969213736597666],[-70.03775794699142,43.96917754968004],[-70.03768515480762,43.96914267939081],[-70.03761485788976,43.96910498360281],[-70.03754058977744,43.969070322901146],[-70.03746878855085,43.969034715090785],[-70.037447624044,43.96902573630044],[-70.03743995737912,43.96902209016847],[-70.03742429046167,43.96902198842989],[-70.03736608207507,43.96902767415371],[-70.03702537819211,43.96908656357697],[-70.03693935106756,43.969098622158974],[-70.03685398016002,43.96911400691815],[-70.03676799705248,43.96912695181686],[-70.03668304686795,43.96914302139864],[-70.03665859886645,43.96914737583345],[-70.03662798394119,43.96914808487501],[-70.03658847016304,43.96913450865288],[-70.036523617333,43.969112185803965],[-70.03650823160767,43.96909298765612],[-70.03649815529648,43.96905307469492],[-70.03648831654361,43.96901821864686],[-70.03647947055683,43.96899227606511],[-70.03647286441279,43.96898186761871],[-70.03645400625318,43.96896786627459],[-70.03643528132316,43.968959948287456],[-70.03646075617146,43.969058294768935],[-70.03646066253502,43.96909290869236],[-70.03645393376296,43.9691606787894],[-70.03642415133803,43.96929993785773],[-70.03640983819935,43.96935897582355],[-70.03639253615255,43.96942980217696],[-70.03638050626515,43.96949863054508],[-70.03639057200364,43.96956288188189],[-70.0363990102218,43.96962680764793],[-70.03641595422552,43.96968893658635],[-70.03643039814965,43.96975138981793],[-70.03644735800745,43.9698137094808],[-70.03646561511873,43.969876069592615],[-70.03648710842421,43.9699375612163],[-70.03650807373569,43.9699992989191],[-70.03653198645362,43.97006040754363],[-70.03655555895114,43.97012202164456],[-70.03657889698673,43.9701828392564],[-70.03660250375283,43.97024104250846],[-70.03667937990723,43.970420700469546],[-70.03673351952794,43.970534194466325],[-70.03678744884817,43.97067062856646]]]},"properties":{"OBJECTID":"117","EGAD_SEQ":"","MAP_REFERENCE":"","FEATURE_NA":"PHASE 3 LINER LIMIT","POLYGON_TY":"LF WASTE AREA","EGAD_SITE_SEQ":"28,232","SITE_DESCR":"LANDFILL MUNICIPAL","LOCATION_A":"WITHIN 3M","LOCATION_M":"CAD","DATA_SOURC":"WOODARD AND CURRAN","GlobalID":"{0531F608-C88C-43C3-A4D1-F40594C53C0D}","Shape_Length":"689.8","Shape_Area":"22,496.2"},"id":117},{"type":"Feature","geometry":{"type":"Polygon","coordinates":[[[-68.34626096796973,44.29442811431843],[-68.34630968674766,44.29442063071933],[-68.34634232170286,44.29440141054307],[-68.34638057785531,44.294362818291454],[-68.34637582138276,44.294304571178614],[-68.34633276324801,44.29428879996106],[-68.34626775179376,44.29430395273998],[-68.34621873294381,44.29433860304837],[-68.34620727628308,44.29439675827133],[-68.346223272723,44.29441625405827],[-68.34626096796973,44.29442811431843]]]},"properties":{"OBJECTID":"118","EGAD_SEQ":"","MAP_REFERENCE":"","FEATURE_NA":"DEMO DEBRIS PILE","POLYGON_TY":"LF WASTE AREA","EGAD_SITE_SEQ":"29,767","SITE_DESCR":"LANDFILL MUNICIPAL","LOCATION_A":"WITHIN 3M","LOCATION_M":"GPS MAPPING GRADE","DATA_SOURC":"MDEP GIS UNIT","GlobalID":"{2368F3F2-5BD4-4069-923A-C2759DBBF95A}","Shape_Length":"46.2","Shape_Area":"155.37"},"id":118},{"type":"Feature","geometry":{"type":"Polygon","coordinates":[[[-69.75768149125982,44.54552058910492],[-69.7574816001959,44.545517150859965],[-69.75733518184335,44.5455276502716],[-69.75718265905915,44.54558106411273],[-69.75697733986235,44.54567293855128],[-69.75674593356408,44.54580786142102],[-69.75652784783819,44.545942696482726],[-69.75628952998096,44.54605860833027],[-69.7561574196751,44.546145233178294],[-69.75597794001042,44.546175004713305],[-69.75582492113438,44.54619030917184],[-69.75567288701761,44.54628182950468],[-69.75556828272641,44.54643496587354],[-69.75545072328484,44.546616772097],[-69.7554127898262,44.546774232381],[-69.75550037071842,44.546849874742406],[-69.75565456367312,44.5469250781176],[-69.75583521581291,44.54698581269885],[-69.75608883225206,44.54702224480816],[-69.75634898847167,44.54704910645874],[-69.75664923400262,44.54708522850896],[-69.75700949333466,44.547125716185285],[-69.75752314485206,44.54717947707793],[-69.75783708578608,44.54724408941926],[-69.75810483154515,44.5473423541944],[-69.75835925623106,44.54744070679491],[-69.75856002007578,44.54751083189705],[-69.75874622471257,44.54748577582485],[-69.7589590743742,44.54746054148422],[-69.75908489329629,44.54740253858562],[-69.75928891466565,44.54721062636942],[-69.75935298748809,44.5470148810763],[-69.75930450118464,44.54687228576126],[-69.75920814851872,44.54663473106865],[-69.75915275373828,44.54647312663174],[-69.75907028250325,44.5462783554743],[-69.75886156237807,44.54610824145707],[-69.75850592687684,44.54591051951749],[-69.75816337055693,44.54569365556333],[-69.7578615848271,44.545538449155856],[-69.75768149125982,44.54552058910492]]]},"properties":{"OBJECTID":"119","EGAD_SEQ":"","MAP_REFERENCE":"","FEATURE_NA":"EST WASTE AREA","POLYGON_TY":"LF WASTE AREA","EGAD_SITE_SEQ":"27,589","SITE_DESCR":"LANDFILL MUNICIPAL","LOCATION_A":"WITHIN 3M","LOCATION_M":"DIGITIZED","DATA_SOURC":"MDEP GIS UNIT","GlobalID":"{763C8FF2-8C39-48D7-AF79-55EF7C7DE70C}","Shape_Length":"832.98","Shape_Area":"43,358.9"},"id":119},{"type":"Feature","geometry":{"type":"Polygon","coordinates":[[[-67.45651190694895,45.087267010673905],[-67.45643507590933,45.08721213051207],[-67.45639394264958,45.08720015206241],[-67.4562887807193,45.08717099400196],[-67.4562085937291,45.087155225226496],[-67.45613483100493,45.087157491939486],[-67.45598596951571,45.08712610979431],[-67.45590109007901,45.08711354140005],[-67.45577963704433,45.08709068886192],[-67.45570822008648,45.08709135409829],[-67.45564943025097,45.087136243067256],[-67.45560458621978,45.08717642635915],[-67.45560760962044,45.08723520397053],[-67.45564783674418,45.08736627500568],[-67.45574621214169,45.08756176436272],[-67.45583965970417,45.08768376474494],[-67.45589638420567,45.08771553224367],[-67.45595354703042,45.08773098898781],[-67.45606046641007,45.08769490900497],[-67.45607693513736,45.08768207908896],[-67.45609857861861,45.087648108211525],[-67.4561432469066,45.087614448653866],[-67.45621762666579,45.08758934912313],[-67.45629095051264,45.08760339307715],[-67.4563385975933,45.08763014245456],[-67.45637100634752,45.08762405429646],[-67.45644595591384,45.08757775229044],[-67.45652342805447,45.08752332510734],[-67.45657627771814,45.087442460736725],[-67.45657187419894,45.08734940096318],[-67.45651190694895,45.087267010673905]]]},"properties":{"OBJECTID":"120","EGAD_SEQ":"","MAP_REFERENCE":"","FEATURE_NA":"EST WASTE AREA","POLYGON_TY":"LF WASTE AREA","EGAD_SITE_SEQ":"29,680","SITE_DESCR":"LANDFILL MUNICIPAL","LOCATION_A":"WITHIN 3M","LOCATION_M":"DIGITIZED","DATA_SOURC":"MDEP GIS UNIT","GlobalID":"{9EE14A62-BCD8-431F-99CD-F0527CF1CDBA}","Shape_Length":"238.2","Shape_Area":"3,708.47"},"id":120},{"type":"Feature","geometry":{"type":"Polygon","coordinates":[[[-68.72581709428559,44.97867164504504],[-68.7265321113425,44.98115582817159],[-68.72776561254621,44.98114910071458],[-68.72789124324115,44.980347152729145],[-68.72779333037494,44.97958309947715],[-68.72665173573948,44.97856138499206],[-68.72581709428559,44.97867164504504]]]},"properties":{"OBJECTID":"121","EGAD_SEQ":"","MAP_REFERENCE":"","FEATURE_NA":"CELL 1","POLYGON_TY":"LF WASTE AREA","EGAD_SITE_SEQ":"31,339","SITE_DESCR":"LANDFILL COMMERCIAL","LOCATION_A":"WITHIN 10M","LOCATION_M":"CAD","DATA_SOURC":"SEVEE & MAHER ENGINEERS","GlobalID":"{0125FA37-E6CD-48F3-9C78-817DDD1988E7}","Shape_Length":"765.57","Shape_Area":"32,153.65"},"id":121},{"type":"Feature","geometry":{"type":"Polygon","coordinates":[[[-69.07201030052337,44.94875649841242],[-69.07192180451466,44.94879656991393],[-69.07179848808066,44.94888429557735],[-69.07167248983947,44.948975837840955],[-69.0715679436408,44.949055931269996],[-69.07150363832231,44.949132187062695],[-69.07148225805715,44.949200796657436],[-69.07148501630073,44.94925986251364],[-69.07152802075285,44.94931699924373],[-69.07160322053586,44.94937220824965],[-69.07172402915825,44.94942357982],[-69.07186628942307,44.94946159858817],[-69.07201658166754,44.949486274738085],[-69.0721883289175,44.94950141030431],[-69.07233318465676,44.9494708315439],[-69.07244310985557,44.94940026173427],[-69.07255301797952,44.949316352652005],[-69.07263600650332,44.949163864378065],[-69.0726868103411,44.94902283268199],[-69.07265175606629,44.94888756738797],[-69.07259266480963,44.94883996993081],[-69.07240745938644,44.94879054674774],[-69.07201030052337,44.94875649841242]]]},"properties":{"OBJECTID":"122","EGAD_SEQ":"","MAP_REFERENCE":"","FEATURE_NA":"WASTE AREA","POLYGON_TY":"LF WASTE AREA","EGAD_SITE_SEQ":"29,626","SITE_DESCR":"LANDFILL MUNICIPAL","LOCATION_A":"WITHIN 3M","LOCATION_M":"DIGITIZED","DATA_SOURC":"CES ENGINEERS & SURVEYORS","GlobalID":"{9A0C9A40-13B7-49BA-B677-E9D5BE985708}","Shape_Length":"277.46","Shape_Area":"5,776.2"},"id":122},{"type":"Feature","geometry":{"type":"Polygon","coordinates":[[[-68.86672958268966,44.696173630947555],[-68.8662018797956,44.69620636069186],[-68.86602155236106,44.69620614929742],[-68.8659212935059,44.696239378367224],[-68.86590782513477,44.69628699970397],[-68.86590764923407,44.696363221095126],[-68.86592078784841,44.6964585117152],[-68.86599392488026,44.696601510791126],[-68.86608703422415,44.69677311678294],[-68.8661869976924,44.69686850913442],[-68.86634718099484,44.696916334740095],[-68.8665074630657,44.69692128536701],[-68.86672794372777,44.696888197035264],[-68.86699512085639,44.696878981239266],[-68.86708205432005,44.69683144440019],[-68.86709567440722,44.69671712966314],[-68.86709595771342,44.69659327125407],[-68.86710958734997,44.69647419244691],[-68.8670967204487,44.69625980760883],[-68.86701020091452,44.69612632089841],[-68.86691668743501,44.69613097604678],[-68.86672958268966,44.696173630947555]]]},"properties":{"OBJECTID":"123","EGAD_SEQ":"","MAP_REFERENCE":"","FEATURE_NA":"EST WASTE AREA","POLYGON_TY":"LF WASTE AREA","EGAD_SITE_SEQ":"79,888","SITE_DESCR":"LANDFILL MUNICIPAL","LOCATION_A":"WITHIN 3M","LOCATION_M":"DIGITIZED","DATA_SOURC":"MDEP GIS UNIT","GlobalID":"{2BBE27E3-B28D-49EB-A92E-AE83FA910DE8}","Shape_Length":"317.22","Shape_Area":"6,891.11"},"id":123},{"type":"Feature","geometry":{"type":"Polygon","coordinates":[[[-68.03641064147526,46.60035602880167],[-68.036540764584,46.600161493493786],[-68.03672818517133,46.6001010924962],[-68.03690292082715,46.600092939693674],[-68.03898133749206,46.60017033197033],[-68.03916483117511,46.600224297903786],[-68.03923220902227,46.60034049073863],[-68.03930011659327,46.601326159570796],[-68.0393348631334,46.601879191226566],[-68.039348682169,46.602086995982965],[-68.039332508252,46.602282306893784],[-68.0396655808197,46.602279039609144],[-68.04022969127145,46.60228074907741],[-68.04027583561408,46.60227810969249],[-68.04031111269494,46.60226932878398],[-68.04035101666923,46.60224697049188],[-68.04037786150792,46.602218446900984],[-68.0403937080725,46.60219134835562],[-68.04039407652455,46.60204610551734],[-68.04039657038804,46.6014076550101],[-68.04040529166538,46.600540802552445],[-68.04040621528266,46.60023972868545],[-68.04040801207368,46.599889493544275],[-68.04041451558481,46.59952114233934],[-68.04041491624743,46.599498449045065],[-68.0404042885764,46.599478694262004],[-68.04038276762608,46.59945430336881],[-68.04034149798217,46.59942974950293],[-68.0403153490351,46.59941894046602],[-68.04023864394165,46.59941224480899],[-68.04008723599816,46.59940946161426],[-68.0394816174813,46.599398326042234],[-68.03921093904324,46.599476855603896],[-68.03912732567096,46.599453630355626],[-68.03881248340454,46.59943972706272],[-68.03820608248458,46.59941532464759],[-68.03725669150309,46.59938481475703],[-68.03672029987058,46.59936099453177],[-68.03658486294451,46.59936467950938],[-68.03654021017579,46.5993820008987],[-68.036532640155,46.59941411203872],[-68.03647236202377,46.60018098798782],[-68.03641216890138,46.600285048479456],[-68.03641064147526,46.60035602880167]]]},"properties":{"OBJECTID":"124","EGAD_SEQ":"","MAP_REFERENCE":"","FEATURE_NA":"APPROVED EXPANSION","POLYGON_TY":"LF WASTE AREA","EGAD_SITE_SEQ":"29,875","SITE_DESCR":"LANDFILL MUNICIPAL","LOCATION_A":"WITHIN 5M","LOCATION_M":"CAD","DATA_SOURC":"CES ENGINEERS & SURVEYORS","GlobalID":"{E258857D-C3B4-4077-A69B-9FAEFD0CA394}","Shape_Length":"1,256.69","Shape_Area":"44,493.33"},"id":124},{"type":"Feature","geometry":{"type":"Polygon","coordinates":[[[-70.86122133490596,43.57248214446421],[-70.86111803078202,43.57248633344695],[-70.86107737140613,43.57250955673138],[-70.86093796235728,43.57268479433169],[-70.86079204517361,43.57287267210975],[-70.86075017854104,43.5729686109672],[-70.86072410214794,43.573129469569956],[-70.8607153340734,43.57329255306812],[-70.86073058432301,43.5733399338349],[-70.86082198479058,43.573508905643806],[-70.8610134287326,43.573791561847294],[-70.86111401232297,43.573922783415355],[-70.86115644670654,43.5739571870543],[-70.8612158798079,43.57398379375876],[-70.86127821990944,43.57399280620867],[-70.86141192464542,43.57396806747022],[-70.86156599916438,43.57393296909887],[-70.86169517665813,43.57387320910788],[-70.86172863330076,43.57384007614883],[-70.86176805789606,43.57377676469381],[-70.86174169526234,43.57370449721605],[-70.86169020679657,43.573600051051805],[-70.86170864509653,43.57352705467701],[-70.86175763417963,43.57343851864631],[-70.86185658835376,43.57318121629857],[-70.86186867360459,43.57312587027271],[-70.86186267950187,43.57304324420109],[-70.86181746445338,43.57291864140175],[-70.86177670181792,43.57282655492218],[-70.86173586086673,43.57273196300455],[-70.86168193098209,43.57266014365999],[-70.86158312404817,43.57258655037615],[-70.86151985899923,43.57254747278007],[-70.86138736476144,43.57249949499193],[-70.86133168778692,43.572482853986486],[-70.86122133490596,43.57248214446421]]]},"properties":{"OBJECTID":"125","EGAD_SEQ":"","MAP_REFERENCE":"","FEATURE_NA":"EST WASTE AREA","POLYGON_TY":"LF WASTE AREA","EGAD_SITE_SEQ":"27,146","SITE_DESCR":"LANDFILL MUNICIPAL","LOCATION_A":"WITHIN 3M","LOCATION_M":"DIGITIZED","DATA_SOURC":"MDEP GIS UNIT","GlobalID":"{0BEE5FD8-C438-46B5-A89A-5B8FD0FF972B}","Shape_Length":"421.91","Shape_Area":"11,558.06"},"id":125},{"type":"Feature","geometry":{"type":"Polygon","coordinates":[[[-68.68114772972963,44.17518377317863],[-68.68107614744245,44.17523654207296],[-68.68095084353378,44.1754414523363],[-68.6808362859472,44.1755763167423],[-68.68083949382797,44.175616605251996],[-68.68085541890773,44.17564975641549],[-68.68090358469868,44.175674718264275],[-68.68096338324644,44.17567488527415],[-68.68102556261645,44.1756601621571],[-68.68108320462423,44.17563383738315],[-68.681124649823,44.17562567730421],[-68.6811798765372,44.175620866158816],[-68.68126720619215,44.17563435088725],[-68.6814349080716,44.17567123580679],[-68.6816027297093,44.175686600394926],[-68.68179213645963,44.175699532767],[-68.68204796516916,44.17566852127683],[-68.68226103557676,44.175594082065665],[-68.68244553838704,44.17550024032079],[-68.68252631544942,44.1754491518166],[-68.6826510546562,44.17534852356781],[-68.6826950561171,44.175292363897704],[-68.68270453454168,44.17524107631427],[-68.68268880506227,44.175171508784125],[-68.68264550375828,44.17509689938138],[-68.68258594551168,44.17505204188491],[-68.68251481634218,44.175020392352195],[-68.68237925035598,44.17499518462041],[-68.68216308174837,44.17498961813848],[-68.68192612990919,44.17499889012996],[-68.68177885185392,44.17501337943155],[-68.68160385949776,44.17504930902699],[-68.68152571537824,44.175072756202766],[-68.68147718146722,44.175082061682154],[-68.68138284539152,44.17508841959885],[-68.68132529319813,44.17509819053791],[-68.68124694090697,44.17512611244778],[-68.68114772972963,44.17518377317863]]]},"properties":{"OBJECTID":"126","EGAD_SEQ":"","MAP_REFERENCE":"","FEATURE_NA":"WASTE AREA","POLYGON_TY":"LF WASTE AREA","EGAD_SITE_SEQ":"29,805","SITE_DESCR":"LANDFILL MUNICIPAL","LOCATION_A":"WITHIN 3M","LOCATION_M":"DIGITIZED","DATA_SOURC":"MDEP GIS UNIT","GlobalID":"{76B209A4-3D5F-4C54-9102-46774CE9D1F6}","Shape_Length":"375.73","Shape_Area":"8,575.42"},"id":126},{"type":"Feature","geometry":{"type":"Polygon","coordinates":[[[-67.39736035809852,45.13265601424603],[-67.3973290716436,45.132532609671294],[-67.39732036416733,45.13243001715523],[-67.39735160178488,45.13234847775828],[-67.39738828282165,45.13227931201867],[-67.39747230340708,45.132173921599666],[-67.39752079067068,45.132096724540496],[-67.39751925052258,45.13194504536551],[-67.39748045215298,45.131883018113534],[-67.39740079349403,45.13183271461614],[-67.39734973229919,45.13179510792977],[-67.39738733114524,45.13169316536058],[-67.39742040460187,45.131546070488504],[-67.39740287608211,45.13134498142938],[-67.39734740231015,45.13125812734235],[-67.39723301555216,45.13120733536687],[-67.39710034481782,45.13118907811019],[-67.39657223528997,45.1312308485609],[-67.39628178821341,45.13126365944466],[-67.39613535848787,45.13132308539628],[-67.39603987479371,45.13142421532802],[-67.39598536860208,45.13150952508895],[-67.39600587891002,45.131604086552],[-67.39607223731998,45.13171568781745],[-67.39606403595688,45.13180164806339],[-67.39600826450541,45.13193202792646],[-67.39608539615911,45.13207247173591],[-67.39622321331132,45.132320337583515],[-67.39640396254981,45.132482730777376],[-67.396535877993,45.132734612731916],[-67.39680178036294,45.13316462706661],[-67.39697582613331,45.13335971580645],[-67.39710110657596,45.1334352545745],[-67.39714162628032,45.1334358233968],[-67.39717647154347,45.133432213161605],[-67.39718352231806,45.133387224278934],[-67.39726279012497,45.133244877329616],[-67.39736888489,45.13297174537116],[-67.3973739353142,45.13279146660772],[-67.39736035809852,45.13265601424603]]]},"properties":{"OBJECTID":"127","EGAD_SEQ":"","MAP_REFERENCE":"","FEATURE_NA":"EST WASTE BOUNDARY","POLYGON_TY":"LF WASTE AREA","EGAD_SITE_SEQ":"29,681","SITE_DESCR":"LANDFILL MUNICIPAL","LOCATION_A":"WITHIN 3M","LOCATION_M":"DIGITIZED","DATA_SOURC":"MDEP GIS UNIT","GlobalID":"{DF6D384D-CCA7-4641-94D6-E4CD556EBE6A}","Shape_Length":"622.24","Shape_Area":"19,565.79"},"id":127},{"type":"Feature","geometry":{"type":"Polygon","coordinates":[[[-70.18467143814125,44.049142834914136],[-70.18447200632374,44.048791616134054],[-70.18413064279957,44.04834093507518],[-70.18368283951071,44.04781565464121],[-70.18354242018822,44.04779187934556],[-70.18312668891868,44.04799807084247],[-70.1820848375328,44.04838739090069],[-70.18149093905669,44.048431398292536],[-70.18120959146697,44.04835860916495],[-70.18110490499095,44.048372310662465],[-70.18070539791695,44.04851523719555],[-70.18043207649019,44.04884611832972],[-70.18012452692854,44.04921520523775],[-70.18005757573037,44.049367303756384],[-70.18053162323963,44.050333935863804],[-70.18069781295854,44.05077382442208],[-70.18083824333553,44.050797605785654],[-70.18099590876531,44.050808589688906],[-70.18169376939946,44.05071303937906],[-70.18261599549461,44.0504637528059],[-70.18303501411886,44.050421553399694],[-70.18328013039022,44.050431628503745],[-70.18380585180773,44.05047664221757],[-70.18415515512619,44.05044778291821],[-70.18448520861935,44.0503307973331],[-70.18462261298396,44.050203198533595],[-70.18465130574657,44.04988746629692],[-70.18467143814125,44.049142834914136]]]},"properties":{"OBJECTID":"128","EGAD_SEQ":"","MAP_REFERENCE":"","FEATURE_NA":"EXISTING LANDFILL","POLYGON_TY":"LF WASTE AREA","EGAD_SITE_SEQ":"28,484","SITE_DESCR":"LANDFILL MUNICIPAL","LOCATION_A":"WITHIN 30M","LOCATION_M":"CAD","DATA_SOURC":"WOODARD AND CURRAN","GlobalID":"{6E0AD14D-7737-45DD-A756-05041515A79C}","Shape_Length":"1,152.09","Shape_Area":"86,291.47"},"id":128},{"type":"Feature","geometry":{"type":"Polygon","coordinates":[[[-68.72419132511915,44.97648362889447],[-68.72428074507609,44.9764170889304],[-68.72413773418873,44.97630431353005],[-68.72256512568923,44.97650779779892],[-68.72225346449451,44.976468392137896],[-68.72256729707037,44.97809984638653],[-68.72267896887041,44.978100117606175],[-68.72419132511915,44.97648362889447]]]},"properties":{"OBJECTID":"129","EGAD_SEQ":"","MAP_REFERENCE":"","FEATURE_NA":"CELL 6","POLYGON_TY":"LF WASTE AREA","EGAD_SITE_SEQ":"31,339","SITE_DESCR":"LANDFILL COMMERCIAL","LOCATION_A":"WITHIN 5M","LOCATION_M":"DIGITIZED","DATA_SOURC":"MDEP GIS UNIT","GlobalID":"{984A8D03-26AD-47A0-8FA6-E26879E7DFCA}","Shape_Length":"585.35","Shape_Area":"15,672.32"},"id":129},{"type":"Feature","geometry":{"type":"Polygon","coordinates":[[[-70.74811371622762,44.61575724415706],[-70.74811137581956,44.61586925636814],[-70.74816540842215,44.61596004546023],[-70.74825114677984,44.6160625654118],[-70.7483439897294,44.61621180377489],[-70.74838573039304,44.61636793098118],[-70.74850209993932,44.616541239853184],[-70.74856995100447,44.616617565309895],[-70.74861608632415,44.61663518238633],[-70.74869148640613,44.61658312941866],[-70.7487798699479,44.61658381118277],[-70.74881035524643,44.61655484241921],[-70.74879985219458,44.61648985239218],[-70.74894216350064,44.616387912553456],[-70.7490563488906,44.61629861795514],[-70.7490977412989,44.61625319295164],[-70.74919758301628,44.61625573522003],[-70.74929282540023,44.61629499513745],[-70.7493512749872,44.61634296234086],[-70.74943444894798,44.61636001069194],[-70.74947390946433,44.61634515424467],[-70.74949014827529,44.61631640359112],[-70.74942628317189,44.6161830103399],[-70.74934078578818,44.616088631220144],[-70.7492271048662,44.616004862920164],[-70.74902758340464,44.615910194946366],[-70.74878351635101,44.615850819828715],[-70.7485938280263,44.61579875503492],[-70.74842904784722,44.61572187668259],[-70.7482399086773,44.615688126526344],[-70.74816898718969,44.61569939153759],[-70.74812686154037,44.61572039561921],[-70.74811371622762,44.61575724415706]]]},"properties":{"OBJECTID":"130","EGAD_SEQ":"","MAP_REFERENCE":"","FEATURE_NA":"EST WASTE AREA","POLYGON_TY":"LF WASTE AREA","EGAD_SITE_SEQ":"27,102","SITE_DESCR":"LANDFILL MUNICIPAL","LOCATION_A":"WITHIN 3M","LOCATION_M":"DIGITIZED","DATA_SOURC":"MDEP GIS UNIT","GlobalID":"{F8C5B1DB-0C94-4A10-9ADF-2AFA83EC7C34}","Shape_Length":"349.56","Shape_Area":"5,772.15"},"id":130},{"type":"Feature","geometry":{"type":"Polygon","coordinates":[[[-67.51848916492347,45.54648983112062],[-67.51835991075447,45.54650720614308],[-67.51828311628584,45.54659194639882],[-67.51827396329882,45.54668232667636],[-67.51829203936637,45.546768296822975],[-67.51837800764685,45.54685038434965],[-67.51849120786451,45.546928062571624],[-67.51868082639146,45.54693528550706],[-67.51881735876856,45.54689895095081],[-67.5188935262203,45.54683801826212],[-67.51892325922255,45.54673837894104],[-67.51892551044936,45.54665267250143],[-67.5188524688689,45.54659456818184],[-67.51869133384486,45.54653532126838],[-67.51848916492347,45.54648983112062]]]},"properties":{"OBJECTID":"131","EGAD_SEQ":"","MAP_REFERENCE":"","FEATURE_NA":"EST WASTE AREA","POLYGON_TY":"LF WASTE AREA","EGAD_SITE_SEQ":"29,700","SITE_DESCR":"LANDFILL MUNICIPAL","LOCATION_A":"WITHIN 3M","LOCATION_M":"DIGITIZED","DATA_SOURC":"MDEP GIS UNIT","GlobalID":"{C6379D07-D6AD-4DE9-9153-7E3534EB6FA5}","Shape_Length":"160.3","Shape_Area":"1,940.67"},"id":131},{"type":"Feature","geometry":{"type":"Polygon","coordinates":[[[-69.62826879408632,43.81081500545497],[-69.62833916988255,43.81089212314776],[-69.62839085788048,43.81097321968279],[-69.62846048228032,43.81097864967669],[-69.62851342369775,43.81092410531439],[-69.62849933496634,43.810856365370164],[-69.62843716838087,43.81079664116956],[-69.62838337378831,43.810769810357726],[-69.62828184665548,43.8107839318581],[-69.62826879408632,43.81081500545497]]]},"properties":{"OBJECTID":"132","EGAD_SEQ":"","MAP_REFERENCE":"","FEATURE_NA":"EST WASTE BOUNDARY","POLYGON_TY":"LF WASTE AREA","EGAD_SITE_SEQ":"29,525","SITE_DESCR":"LANDFILL MUNICIPAL","LOCATION_A":"WITHIN 3M","LOCATION_M":"DIGITIZED","DATA_SOURC":"MDEP GIS UNIT","GlobalID":"{8289B275-1053-428D-B9F1-8027A679875B}","Shape_Length":"66.32","Shape_Area":"278.98"},"id":132},{"type":"Feature","geometry":{"type":"Polygon","coordinates":[[[-70.45923621362216,43.38352090630275],[-70.45903238745709,43.383466329945506],[-70.45888274879098,43.383492063795664],[-70.45866355576092,43.383613979262435],[-70.45858059614795,43.38369603948186],[-70.45835589836886,43.38386090853396],[-70.45823557985085,43.3840196809265],[-70.45827842085781,43.38417160733951],[-70.45848556112264,43.38436432298817],[-70.45882250585039,43.38479362019359],[-70.45906723740904,43.38491914668499],[-70.45915844225156,43.384908453555234],[-70.45928184442255,43.38487829000723],[-70.45938588458031,43.38485790271847],[-70.45966235757635,43.384944904835415],[-70.4598290624239,43.385085720083985],[-70.46020108886852,43.38534303397613],[-70.4603655086654,43.38538858225882],[-70.46043666333168,43.38535908385611],[-70.46048100839997,43.38530134005468],[-70.46050461655129,43.38519621388644],[-70.46052192194749,43.38510069658403],[-70.46051024342756,43.384886429624764],[-70.46061050716307,43.38470885161732],[-70.46055288396362,43.38448564227424],[-70.46035329500603,43.384335718795676],[-70.45986200328407,43.38400845727603],[-70.45966333326972,43.38389663791367],[-70.45923621362216,43.38352090630275]]]},"properties":{"OBJECTID":"133","EGAD_SEQ":"","MAP_REFERENCE":"","FEATURE_NA":"EST WASTE AREA","POLYGON_TY":"LF WASTE AREA","EGAD_SITE_SEQ":"27,815","SITE_DESCR":"LANDFILL MUNICIPAL","LOCATION_A":"WITHIN 3M","LOCATION_M":"DIGITIZED","DATA_SOURC":"MDEP GIS UNIT","GlobalID":"{139476E1-ACAE-4E6C-8001-323A08D142D2}","Shape_Length":"619.43","Shape_Area":"21,731.67"},"id":133},{"type":"Feature","geometry":{"type":"Polygon","coordinates":[[[-69.52868380197707,44.04843802827325],[-69.5284348651874,44.04854520059708],[-69.52830888849157,44.048704813314465],[-69.52826183939628,44.04892413901096],[-69.52830738160078,44.049086493293196],[-69.52841131141228,44.0492026348767],[-69.52856832092034,44.04922664640902],[-69.52880827769852,44.04921139977522],[-69.52898849626688,44.0490904094639],[-69.5291189623623,44.048884832562436],[-69.52916173812567,44.04873620676053],[-69.52917511485168,44.04858771620706],[-69.52917432827219,44.04849937017809],[-69.5290806071538,44.048429123759405],[-69.5289628913849,44.04841553344286],[-69.52886480334371,44.048405385094654],[-69.52868380197707,44.04843802827325]]]},"properties":{"OBJECTID":"134","EGAD_SEQ":"","MAP_REFERENCE":"","FEATURE_NA":"EST WASTE AREA","POLYGON_TY":"LF WASTE AREA","EGAD_SITE_SEQ":"102,635","SITE_DESCR":"LANDFILL MUNICIPAL","LOCATION_A":"WITHIN 5M","LOCATION_M":"DIGITIZED","DATA_SOURC":"MDEP GIS UNIT","GlobalID":"{3493A24E-7436-47DB-A344-6CCD4788C7F0}","Shape_Length":"265.48","Shape_Area":"5,143.64"},"id":134},{"type":"Feature","geometry":{"type":"Polygon","coordinates":[[[-70.28622432132903,43.616062505449555],[-70.28589255806666,43.615920285126464],[-70.28332604010875,43.61503359401562],[-70.28320701211067,43.61501834495626],[-70.2829742914934,43.61502427711983],[-70.28265596820677,43.61508423906119],[-70.28245261124971,43.615182717886974],[-70.28232790418711,43.615330072868254],[-70.28234111986849,43.615522317721606],[-70.28237040983925,43.6156115528725],[-70.28231466741705,43.61578135271746],[-70.28233609472936,43.61593038524793],[-70.28241152714173,43.61604232133863],[-70.28261603430823,43.61621252093037],[-70.2828296741119,43.61638261405156],[-70.28301550595704,43.616533118256775],[-70.28304606559428,43.6166820445227],[-70.28319074598382,43.616829693278454],[-70.28345537611973,43.6170357032905],[-70.28361368280811,43.61717987961825],[-70.28389473945397,43.61729945747495],[-70.2842117518505,43.61739209226944],[-70.28428935027684,43.617391220403775],[-70.28454250226902,43.61727227719674],[-70.2846488285889,43.61719028570715],[-70.28482425890053,43.61711326912432],[-70.28514023900212,43.616938191497184],[-70.28536407884664,43.61682489739571],[-70.28550546524512,43.61676613104168],[-70.28561319137656,43.616743479105025],[-70.28579429575727,43.61670213410424],[-70.28588136229189,43.616633257253646],[-70.28605381946404,43.616416908242904],[-70.28617793808901,43.61624041438913],[-70.28622951502001,43.616121906754834],[-70.28622432132903,43.616062505449555]]]},"properties":{"OBJECTID":"135","EGAD_SEQ":"","MAP_REFERENCE":"","FEATURE_NA":"ESTIMATED WASTE BOUNDARY","POLYGON_TY":"LF WASTE AREA","EGAD_SITE_SEQ":"95,126","SITE_DESCR":"LANDFILL MUNICIPAL","LOCATION_A":"WITHIN 3M","LOCATION_M":"DIGITIZED","DATA_SOURC":"RANSOM","GlobalID":"{A7487CF8-4920-4485-875E-5C840D8CC1CC}","Shape_Length":"883.36","Shape_Area":"49,963.49"},"id":135},{"type":"Feature","geometry":{"type":"Polygon","coordinates":[[[-68.35191515184377,45.45936641896099],[-68.35201982606561,45.459268788914486],[-68.35209737805278,45.45918051020762],[-68.35216182179789,45.459057302615],[-68.35212736522554,45.45892086036059],[-68.3520157565769,45.45883784548308],[-68.35179250523814,45.458674983630225],[-68.35161318479491,45.45860742710825],[-68.35143658683207,45.45869514315157],[-68.35118752019706,45.45882047022056],[-68.35105045954101,45.45899396044297],[-68.35103934755685,45.459177672322156],[-68.35107456361027,45.459247580468954],[-68.35120943730044,45.45944549203441],[-68.35131937219275,45.45949589130365],[-68.351479497842,45.45940969584733],[-68.35159884364599,45.45941037338944],[-68.35169331303696,45.459472890146756],[-68.35179740697471,45.459425952726214],[-68.35191515184377,45.45936641896099]]]},"properties":{"OBJECTID":"136","EGAD_SEQ":"","MAP_REFERENCE":"","FEATURE_NA":"EST WASTE AREA","POLYGON_TY":"LF WASTE AREA","EGAD_SITE_SEQ":"75,814","SITE_DESCR":"LANDFILL MUNICIPAL","LOCATION_A":"WITHIN 3M","LOCATION_M":"DIGITIZED","DATA_SOURC":"MDEP GIS UNIT","GlobalID":"{2FA059C3-8E47-4B72-8135-B8EECFB47C9A}","Shape_Length":"291.28","Shape_Area":"5,968.64"},"id":136},{"type":"Feature","geometry":{"type":"Polygon","coordinates":[[[-69.65331987084936,44.694176344511654],[-69.6527775810607,44.695938269501994],[-69.65341590246854,44.69598674934225],[-69.65347888616813,44.69598502419918],[-69.65354814884238,44.69597094510139],[-69.65361346477752,44.69593666915296],[-69.65368049585445,44.69588881762888],[-69.6537827393074,44.69581385360636],[-69.65410979000707,44.69557801650849],[-69.65435371327366,44.6954100539875],[-69.65455935094766,44.695295157193094],[-69.65474763084555,44.69518873988041],[-69.65485439988686,44.69514544280738],[-69.65495441458896,44.69513221008883],[-69.65506147861822,44.69512965421059],[-69.65564472675902,44.695194891175845],[-69.6559629767164,44.69523101418713],[-69.65599534603999,44.6952256347726],[-69.65600598883053,44.69521976618818],[-69.65601768044509,44.69519925456947],[-69.6560263743633,44.6949752824296],[-69.65602848808935,44.694883369242554],[-69.6560484338598,44.694726825282046],[-69.65604740922579,44.694682353887345],[-69.65363685957647,44.69423515918784],[-69.65331987084936,44.694176344511654]]]},"properties":{"OBJECTID":"137","EGAD_SEQ":"","MAP_REFERENCE":"","FEATURE_NA":"CELL 7","POLYGON_TY":"LF WASTE AREA","EGAD_SITE_SEQ":"30,714","SITE_DESCR":"LANDFILL SPECIAL WASTE","LOCATION_A":"WITHIN 3M","LOCATION_M":"DIGITIZED","DATA_SOURC":"MDEP GIS UNIT","GlobalID":"{6539A017-0FD4-4543-B45D-AB7A60B215A8}","Shape_Length":"776.51","Shape_Area":"27,846.18"},"id":137},{"type":"Feature","geometry":{"type":"Polygon","coordinates":[[[-68.72531529327195,44.981162451003705],[-68.7245550389177,44.978840259401366],[-68.72377550553549,44.97894131499318],[-68.72458470074199,44.98136226873231],[-68.72525721643166,44.981162563360414],[-68.72531529327195,44.981162451003705]]]},"properties":{"OBJECTID":"138","EGAD_SEQ":"","MAP_REFERENCE":"","FEATURE_NA":"CELL 3A","POLYGON_TY":"LF WASTE AREA","EGAD_SITE_SEQ":"31,339","SITE_DESCR":"LANDFILL COMMERCIAL","LOCATION_A":"WITHIN 1M","LOCATION_M":"GPS MAPPING GRADE","DATA_SOURC":"MDEP TECH SERVICES","GlobalID":"{02E66A45-1CF4-4F48-9B8B-4C64E12AF59A}","Shape_Length":"665.77","Shape_Area":"16,667.21"},"id":138},{"type":"Feature","geometry":{"type":"Polygon","coordinates":[[[-67.97577936586032,45.8239473170259],[-67.97561650699183,45.82391251670526],[-67.97555555637075,45.82389291850604],[-67.97549565150095,45.82381617633516],[-67.97545583235909,45.82375866505436],[-67.97532720474965,45.823714644974224],[-67.97523979549234,45.823651944546334],[-67.9750982441115,45.82356970667807],[-67.97494839694167,45.82356836238333],[-67.97485269072169,45.823586554496245],[-67.97476946999211,45.82366677593629],[-67.97475418567699,45.82375713326262],[-67.97481417686443,45.82382911434676],[-67.97496733897763,45.82402100291019],[-67.97514801117912,45.82419885037731],[-67.97540360728908,45.82437736857748],[-67.97563283403457,45.82450802097317],[-67.9759049384262,45.824529511974944],[-67.97623581217715,45.8243181480534],[-67.97620489882476,45.82414640841404],[-67.97605670897434,45.82405458595341],[-67.97577936586032,45.8239473170259]]]},"properties":{"OBJECTID":"139","EGAD_SEQ":"","MAP_REFERENCE":"","FEATURE_NA":"EST WASTE AREA","POLYGON_TY":"LF WASTE AREA","EGAD_SITE_SEQ":"29,822","SITE_DESCR":"LANDFILL MUNICIPAL","LOCATION_A":"WITHIN 3M","LOCATION_M":"DIGITIZED","DATA_SOURC":"MDEP GIS UNIT","GlobalID":"{CEA88861-03D7-4AB3-AC44-3BB4F96947EB}","Shape_Length":"335.15","Shape_Area":"6,230.27"},"id":139},{"type":"Feature","geometry":{"type":"Polygon","coordinates":[[[-68.96631640429827,45.303146520543635],[-68.96592666344532,45.30307039941798],[-68.96593686709066,45.30316088502571],[-68.96601883773776,45.3033129241059],[-68.96631640429827,45.303146520543635]]]},"properties":{"OBJECTID":"140","EGAD_SEQ":"","MAP_REFERENCE":"","FEATURE_NA":"CELL 4","POLYGON_TY":"LF WASTE AREA","EGAD_SITE_SEQ":"35,122","SITE_DESCR":"LANDFILL MUNICIPAL","LOCATION_A":"WITHIN 3M","LOCATION_M":"CAD","DATA_SOURC":"CES ENGINEERS & SURVEYORS","GlobalID":"{A58E2D2D-8E9F-4D68-AB9F-19C3C9220345}","Shape_Length":"89.62","Shape_Area":"406.61"},"id":140},{"type":"Feature","geometry":{"type":"Polygon","coordinates":[[[-69.12881474991086,44.3587614825407],[-69.12872396691313,44.358843762849055],[-69.12873431835239,44.35895493842912],[-69.12882212686944,44.35905393932486],[-69.12893671271789,44.35907072746637],[-69.12924662189208,44.359051041597326],[-69.12950252280328,44.35898549122123],[-69.12959326763054,44.35888628930819],[-69.12958962001034,44.358760606058944],[-69.12949506793903,44.35865919610321],[-69.12942420964038,44.35861093420829],[-69.12931978941289,44.35861830344739],[-69.1290099714556,44.358679080647384],[-69.12881474991086,44.3587614825407]]]},"properties":{"OBJECTID":"141","EGAD_SEQ":"","MAP_REFERENCE":"","FEATURE_NA":"WASTE AREA","POLYGON_TY":"LF WASTE AREA","EGAD_SITE_SEQ":"29,403","SITE_DESCR":"LANDFILL MUNICIPAL","LOCATION_A":"WITHIN 3M","LOCATION_M":"DIGITIZED","DATA_SOURC":"MDEP GIS UNIT","GlobalID":"{4015FE34-8853-4F13-92A1-A716326BEA70}","Shape_Length":"193.32","Shape_Area":"2,653.29"},"id":141},{"type":"Feature","geometry":{"type":"Polygon","coordinates":[[[-69.71071735513712,44.3239552669621],[-69.71071712604197,44.32393629280389],[-69.71101722166428,44.323611785308834],[-69.71114537628878,44.323278862988616],[-69.71124789620173,44.32301252503902],[-69.7111397506759,44.32281392816868],[-69.7110180423628,44.32258694908233],[-69.71089851338193,44.322540248242966],[-69.7107011782917,44.32261739299772],[-69.71051808815116,44.32277985200067],[-69.71017754566898,44.32303818390735],[-69.70983722277899,44.32331549261049],[-69.70952321965126,44.32358314495519],[-69.70926127580117,44.32378404918],[-69.70914541499748,44.324040979898875],[-69.70916195016024,44.324316064158864],[-69.70925619074794,44.32445781434482],[-69.70947007435038,44.324655753523565],[-69.70965568987859,44.324702042569186],[-69.70997210923579,44.32463365046192],[-69.71032886523481,44.324621936085265],[-69.71045874372338,44.32443133919526],[-69.71071735513712,44.3239552669621]]]},"properties":{"OBJECTID":"142","EGAD_SEQ":"","MAP_REFERENCE":"","FEATURE_NA":"INTERIM LANDFILL","POLYGON_TY":"LF WASTE AREA","EGAD_SITE_SEQ":"27,293","SITE_DESCR":"LANDFILL MUNICIPAL","LOCATION_A":"WITHIN 3M","LOCATION_M":"CAD","DATA_SOURC":"WOODARD AND CURRAN","GlobalID":"{E214427B-7932-4AE8-A23A-5069CF90461A}","Shape_Length":"623.79","Shape_Area":"22,103.08"},"id":142},{"type":"Feature","geometry":{"type":"Polygon","coordinates":[[[-68.96705003398863,45.302773940402524],[-68.96704497265152,45.30266173767413],[-68.96705529200729,45.302553159763384],[-68.96706558326488,45.30249525190341],[-68.96705021846762,45.30245543405935],[-68.96701433918382,45.302422848356805],[-68.96695794198389,45.302390260310176],[-68.96658361494643,45.30227071207609],[-68.9665169434303,45.30226707126915],[-68.96645149835561,45.302266629898895],[-68.96642401218908,45.30227980174648],[-68.96636818690988,45.30231407994889],[-68.96627581105945,45.302411776956816],[-68.96613724194188,45.30256736833088],[-68.96598841940626,45.30272295648006],[-68.96594221613975,45.30279533147026],[-68.96590624668345,45.30290752200581],[-68.96589595327757,45.30296904743893],[-68.96590103355874,45.303052293456574],[-68.96591124366519,45.30313192332146],[-68.96594709332318,45.30321156083064],[-68.96599321470238,45.30327672435604],[-68.96601883773776,45.3033129241059],[-68.96705003398863,45.302773940402524]]]},"properties":{"OBJECTID":"143","EGAD_SEQ":"","MAP_REFERENCE":"","FEATURE_NA":"PHASE I","POLYGON_TY":"LF WASTE AREA","EGAD_SITE_SEQ":"35,122","SITE_DESCR":"LANDFILL MUNICIPAL","LOCATION_A":"WITHIN 3M","LOCATION_M":"CAD","DATA_SOURC":"CES ENGINEERS & SURVEYORS","GlobalID":"{6D1805EF-E901-44C0-AFA1-DB49501135CD}","Shape_Length":"320.33","Shape_Area":"6,366.3"},"id":143},{"type":"Feature","geometry":{"type":"Polygon","coordinates":[[[-70.70088869500947,44.02726676985696],[-70.70064958492917,44.02721792353246],[-70.70059623792964,44.02719965953379],[-70.7005636440787,44.02721443847057],[-70.70055895125027,44.02728120768683],[-70.7004851934377,44.02747287647577],[-70.70040551779117,44.02768845520945],[-70.70032624884283,44.02791831970725],[-70.70021125423219,44.0280534310102],[-70.70004263786598,44.0281607547108],[-70.69991144649197,44.028191292744864],[-70.6998402022509,44.02823999588483],[-70.6998484367761,44.028297044463606],[-70.6999439740008,44.028405200364816],[-70.70004570402165,44.0284989721359],[-70.70011967164619,44.02854551413233],[-70.70018554065683,44.028539770066565],[-70.70034905490654,44.02848492866862],[-70.70061089351009,44.02840480220754],[-70.7008136022824,44.02833508382182],[-70.70100133662157,44.02820365329081],[-70.70108305555077,44.02805950853376],[-70.70116273045502,44.02784393025353],[-70.70121090078894,44.02768122679045],[-70.70131296462232,44.0275558361928],[-70.70123103534875,44.02746177063443],[-70.70088869500947,44.02726676985696]]]},"properties":{"OBJECTID":"144","EGAD_SEQ":"","MAP_REFERENCE":"","FEATURE_NA":"EST WASTE AREA","POLYGON_TY":"LF WASTE AREA","EGAD_SITE_SEQ":"27,220","SITE_DESCR":"LANDFILL MUNICIPAL","LOCATION_A":"WITHIN 3M","LOCATION_M":"DIGITIZED","DATA_SOURC":"MDEP GIS UNIT","GlobalID":"{6546A70C-B436-4B75-9D73-623BA2C0C423}","Shape_Length":"410.2","Shape_Area":"8,808.12"},"id":144},{"type":"Feature","geometry":{"type":"Polygon","coordinates":[[[-69.22565514860469,44.9772727747805],[-69.22566235995276,44.9772827635144],[-69.22583795008579,44.977241579909204],[-69.225863894156,44.977297142738934],[-69.22570053392931,44.9773383112164],[-69.2257941732954,44.977458599408166],[-69.22590773097538,44.977554496908866],[-69.22602772693251,44.977609724182614],[-69.22614345359798,44.977645158163675],[-69.2262669252921,44.97766528144585],[-69.22641832748405,44.97767895152785],[-69.22663044740575,44.9776817903984],[-69.22680819831582,44.977682517761146],[-69.2269327040198,44.977657633851585],[-69.22703618616062,44.97758706612653],[-69.22712454467279,44.97749362648804],[-69.22718209428649,44.977389446613834],[-69.22720791947059,44.97728866685674],[-69.22726022409348,44.97716707947267],[-69.22726307309615,44.97714342924274],[-69.22728077679717,44.97703804941847],[-69.22729667116546,44.97689749981235],[-69.22730983208712,44.97674405042364],[-69.22728855948135,44.976642007773535],[-69.22725451977509,44.97649963831202],[-69.22720569858093,44.97635566438826],[-69.22717797909523,44.97633890565987],[-69.22709057863933,44.976292550123674],[-69.2269441033343,44.976271160054885],[-69.22680508843222,44.97627077277281],[-69.22665577010746,44.976295811119435],[-69.22650469169501,44.97631933953107],[-69.2263447851304,44.97636875598992],[-69.22605948279643,44.97645259916974],[-69.22588579493126,44.97653088996246],[-69.22586701138133,44.97653885334391],[-69.22581504917365,44.97655860649107],[-69.22572965156391,44.97661362339148],[-69.2256682387397,44.97666620731508],[-69.22562384694798,44.97670090488153],[-69.22557663698804,44.976760509233614],[-69.22555872582286,44.97681051001884],[-69.22556110985559,44.976818513458504],[-69.22555122398666,44.9769237479522],[-69.22556836278241,44.97702869231734],[-69.22559001791875,44.977104826870736],[-69.22562702655922,44.97720284456948],[-69.22565514860469,44.9772727747805]]]},"properties":{"OBJECTID":"145","EGAD_SEQ":"","MAP_REFERENCE":"","FEATURE_NA":"WASTE AREA","POLYGON_TY":"LF WASTE AREA","EGAD_SITE_SEQ":"27,433","SITE_DESCR":"LANDFILL MUNICIPAL","LOCATION_A":"WITHIN 30M","LOCATION_M":"CAD","DATA_SOURC":"CES ENGINEERS & SURVEYORS","GlobalID":"{97610D9C-70D0-4A65-BF43-00FF023BAA31}","Shape_Length":"508.99","Shape_Area":"17,258.9"},"id":145},{"type":"Feature","geometry":{"type":"Polygon","coordinates":[[[-70.02531584695707,45.369988446905694],[-70.02597334846071,45.3698926582703],[-70.02601922128967,45.369882795642894],[-70.02603672482411,45.36987173504758],[-70.02609609999931,45.36981873988799],[-70.0261072628852,45.369805976482695],[-70.0261180810795,45.36977005657468],[-70.02611144133037,45.36974079520054],[-70.02609901766355,45.369699726499604],[-70.02608573058947,45.36967277338561],[-70.02603615253898,45.36958802992874],[-70.02600934385413,45.36955363353806],[-70.02598193185231,45.36951927496563],[-70.02595580668262,45.3694881408156],[-70.02595036841221,45.3694811100986],[-70.02589575902533,45.36944318374345],[-70.02583615489273,45.369363277574394],[-70.02580883337644,45.36934867703287],[-70.02577275246126,45.369341829718216],[-70.02574201143148,45.369332828114786],[-70.02570405234346,45.369329600891426],[-70.02558659998863,45.36929620926143],[-70.02551887750575,45.369272426399014],[-70.02545193757817,45.36925738849289],[-70.02540850236281,45.36926580319222],[-70.02534521215674,45.36925945567333],[-70.02526302700628,45.369248222578875],[-70.02520406896075,45.36924416294305],[-70.02516885304595,45.3692634863296],[-70.0251072346048,45.36927234317291],[-70.02508234624935,45.36927182124916],[-70.02503467737843,45.36927103120852],[-70.02501983964025,45.369257314884635],[-70.02482246868719,45.369304987652626],[-70.02466542050803,45.36936021771196],[-70.02466505535703,45.36936884969209],[-70.02470156129985,45.36945156960962],[-70.02472191304882,45.3694946943521],[-70.02477436731179,45.36958119664232],[-70.02477686050297,45.36958765525054],[-70.02484411371698,45.36971562180178],[-70.02485878349248,45.369750013077706],[-70.02488113995472,45.36979792022534],[-70.02489005438315,45.36982108083955],[-70.02489915547757,45.36985061634101],[-70.0249241037853,45.36989728773724],[-70.02495107409266,45.36993323566466],[-70.02496662948028,45.36995330321555],[-70.02498740982041,45.36996803017258],[-70.02500858477279,45.36998134307113],[-70.02504223535404,45.36999332611156],[-70.0250844616025,45.370002571369234],[-70.02511041902024,45.37000640789889],[-70.02517733308166,45.37000823674082],[-70.02523767426044,45.37000243378626],[-70.02531584695707,45.369988446905694]]]},"properties":{"OBJECTID":"146","EGAD_SEQ":"","MAP_REFERENCE":"","FEATURE_NA":"WASTE AREA","POLYGON_TY":"LF WASTE AREA","EGAD_SITE_SEQ":"34,479","SITE_DESCR":"LANDFILL MUNICIPAL","LOCATION_A":"WITHIN 3M","LOCATION_M":"GPS MAPPING GRADE","DATA_SOURC":"MDEP GIS UNIT","GlobalID":"{1E6D1B2C-914D-4BAB-8A28-F1706FB50E6B}","Shape_Length":"320.37","Shape_Area":"6,993.43"},"id":146},{"type":"Feature","geometry":{"type":"Polygon","coordinates":[[[-68.72573956221011,44.98318693767442],[-68.72597250278415,44.983486891944516],[-68.72640385132816,44.984470077078065],[-68.72892218483362,44.98409196441664],[-68.72867179985148,44.98335064583096],[-68.72845939978674,44.98287455782581],[-68.72573956221011,44.98318693767442]]]},"properties":{"OBJECTID":"147","EGAD_SEQ":"","MAP_REFERENCE":"","FEATURE_NA":"CELL 16","POLYGON_TY":"LF WASTE AREA","EGAD_SITE_SEQ":"31,339","SITE_DESCR":"LANDFILL COMMERCIAL","LOCATION_A":"WITHIN 5M","LOCATION_M":"DIGITIZED","DATA_SOURC":"SEVEE & MAHER ENGINEERS","GlobalID":"{A2EB5741-E7CF-4407-802A-DC7F80AC5852}","Shape_Length":"712.75","Shape_Area":"30,113.61"},"id":147},{"type":"Feature","geometry":{"type":"Polygon","coordinates":[[[-69.64586715301729,44.69338889035844],[-69.64586483871908,44.69337007311191],[-69.6458780879893,44.693298881866326],[-69.64609660181677,44.69252269879048],[-69.64629032882657,44.69180645847284],[-69.64635912696708,44.69161259563089],[-69.64488456856049,44.69138110476708],[-69.64434790749097,44.693120688673986],[-69.64586715301729,44.69338889035844]]]},"properties":{"OBJECTID":"148","EGAD_SEQ":"","MAP_REFERENCE":"","FEATURE_NA":"CELL 11","POLYGON_TY":"LF WASTE AREA","EGAD_SITE_SEQ":"30,714","SITE_DESCR":"LANDFILL SPECIAL WASTE","LOCATION_A":"WITHIN 3M","LOCATION_M":"CAD","DATA_SOURC":"SEVEE & MAHER ENGINEERS","GlobalID":"{42F88C62-E86A-4D95-9FB2-FC7945E46185}","Shape_Length":"642.78","Shape_Area":"24,109.33"},"id":148},{"type":"Feature","geometry":{"type":"Polygon","coordinates":[[[-67.90915879424928,46.8600001327328],[-67.90549893529119,46.85973854772666],[-67.9046812538191,46.86023018437787],[-67.9047362063347,46.8614394850596],[-67.90477502326307,46.86253950544154],[-67.90590420599466,46.86252931694024],[-67.90693864618204,46.862514017196396],[-67.90959240509075,46.86248464526005],[-67.90956892767727,46.86059583615778],[-67.90915879424928,46.8600001327328]]]},"properties":{"OBJECTID":"149","EGAD_SEQ":"","MAP_REFERENCE":"","FEATURE_NA":"NEW LICENSED LANDFILL","POLYGON_TY":"LF WASTE AREA","EGAD_SITE_SEQ":"29,884","SITE_DESCR":"LANDFILL MUNICIPAL","LOCATION_A":"WITHIN 10M","LOCATION_M":"DIGITIZED","DATA_SOURC":"CES ENGINEERS & SURVEYORS","GlobalID":"{2AB6C5E4-CDF3-4BAB-9008-21D2D929C0EF}","Shape_Length":"1,270.53","Shape_Area":"106,390.92"},"id":149},{"type":"Feature","geometry":{"type":"Polygon","coordinates":[[[-69.60099877482078,44.83213499411611],[-69.60111930463584,44.83217551056494],[-69.60136827547655,44.8321615382126],[-69.60141654722523,44.832097975204185],[-69.60141150680931,44.83204102328169],[-69.6013128554753,44.83196557236989],[-69.60119176652167,44.83187124576942],[-69.60111993684892,44.831808315070184],[-69.60100421623763,44.83180259378613],[-69.60092899161894,44.83184097438876],[-69.60090737617608,44.8319012317662],[-69.60091699548832,44.83197082120042],[-69.60089537997649,44.832031077674365],[-69.60099877482078,44.83213499411611]]]},"properties":{"OBJECTID":"150","EGAD_SEQ":"","MAP_REFERENCE":"","FEATURE_NA":"EST WASTE BOUNDARY","POLYGON_TY":"LF WASTE AREA","EGAD_SITE_SEQ":"29,452","SITE_DESCR":"LANDFILL MUNICIPAL","LOCATION_A":"WITHIN 3M","LOCATION_M":"DIGITIZED","DATA_SOURC":"MDEP GIS UNIT","GlobalID":"{5D9E1F8A-9E34-4CB2-A24B-3214913E521D}","Shape_Length":"131.51","Shape_Area":"1,179.32"},"id":150},{"type":"Feature","geometry":{"type":"Polygon","coordinates":[[[-68.60135826636183,45.21835285305996],[-68.60163220320065,45.21806056964984],[-68.60158209752461,45.21765110539701],[-68.60113583114094,45.21733883823235],[-68.60108417663658,45.217151483345916],[-68.60085492336347,45.216609123527896],[-68.60065773095108,45.216531068273476],[-68.60044248678773,45.21651035174921],[-68.60026558799917,45.216559645653334],[-68.59999291247847,45.216672244202925],[-68.59977001089949,45.21673634945203],[-68.59947982568717,45.21682767137352],[-68.59934814750153,45.21697445568139],[-68.5992302946198,45.21716371102338],[-68.59926442759189,45.21733104065417],[-68.59923488484813,45.217515614429345],[-68.59919829227212,45.21769767001217],[-68.59921699647123,45.21805087323509],[-68.59925831857475,45.21820075779352],[-68.59933853460807,45.21834329126358],[-68.59941493019086,45.21852698992084],[-68.59947425582925,45.21862702464976],[-68.59960021768998,45.218792179992214],[-68.59969819280879,45.21891980221851],[-68.59984920826007,45.21903762834532],[-68.60002713225839,45.219346463980756],[-68.6001458050607,45.21954403847798],[-68.60034450706976,45.219911595240156],[-68.6005152792092,45.220234134253374],[-68.60060591688615,45.220401661017995],[-68.60063053108307,45.22041672032],[-68.6006622950447,45.2204193257238],[-68.60069068565028,45.220399460379916],[-68.60082581032,45.220265165549826],[-68.60093257651272,45.22014699502364],[-68.60106587974477,45.219768120557546],[-68.60118111125253,45.21944907933858],[-68.60118214930326,45.219300592854026],[-68.60117086480825,45.21889375840159],[-68.60135251869677,45.21866978327634],[-68.60135826636183,45.21835285305996]]]},"properties":{"OBJECTID":"151","EGAD_SEQ":"","MAP_REFERENCE":"","FEATURE_NA":"ESTIMATED WASTE AREA","POLYGON_TY":"LF WASTE AREA","EGAD_SITE_SEQ":"54,208","SITE_DESCR":"LANDFILL SPECIAL WASTE","LOCATION_A":"WITHIN 5M","LOCATION_M":"CAD","DATA_SOURC":"CES ENGINEERS & SURVEYORS","GlobalID":"{78852877-6E28-4DFC-8854-1ECF4A1D58AE}","Shape_Length":"1,010.14","Shape_Area":"50,276.86"},"id":151},{"type":"Feature","geometry":{"type":"Polygon","coordinates":[[[-70.39386604287978,43.52225548350913],[-70.39332496493175,43.52217705548417],[-70.39304626827844,43.522173912300296],[-70.39290445882183,43.52226066354428],[-70.3927890786594,43.52232420232185],[-70.39277627814818,43.52235378916191],[-70.39280458841691,43.52241230690603],[-70.39280699556544,43.522516921717894],[-70.39283635909136,43.52262120809232],[-70.39282318118451,43.522634448944295],[-70.39275466256419,43.52258623198172],[-70.39265941338262,43.52254815152112],[-70.39246211041795,43.52256690469074],[-70.39226631123049,43.52265104246716],[-70.39211887878635,43.52268880944458],[-70.3920267874658,43.52278803531904],[-70.39199242390914,43.522857126416824],[-70.3919354476182,43.522919953147486],[-70.39192317157729,43.52297242468936],[-70.3919510302564,43.5230113272509],[-70.39201415360046,43.52302036951587],[-70.39208222226162,43.52304897151132],[-70.39209607585644,43.52306515339769],[-70.39206748459465,43.52318976658485],[-70.39207782264751,43.52324850245378],[-70.39210103821027,43.523280921822725],[-70.39227924494033,43.52321334828732],[-70.39233682274785,43.52317667554458],[-70.39239492814993,43.52316288753111],[-70.39246299716795,43.52319149019465],[-70.3925299355813,43.52317105302277],[-70.39265565872589,43.52316625207066],[-70.39276872912494,43.523197575710526],[-70.39284174144066,43.5232457379071],[-70.3930705174837,43.523422807608384],[-70.39316988509471,43.523444487839875],[-70.39314420752414,43.52350039312861],[-70.3933243913366,43.523714025956735],[-70.39336663338028,43.52379199372415],[-70.39345724143591,43.52382359046303],[-70.39361785374547,43.523772581700094],[-70.3936758828722,43.52375552276822],[-70.39371631754258,43.52375502980368],[-70.39381561063387,43.52377344008251],[-70.39393257471109,43.52377855451236],[-70.39409431466747,43.52377658218942],[-70.39418394539669,43.523765679105395],[-70.3942593427186,43.5237222465765],[-70.39429430660148,43.5236793089668],[-70.39432927041454,43.52363637044659],[-70.3943546457035,43.523567388291724],[-70.39437118555338,43.52350505359607],[-70.39437956783037,43.523478790773225],[-70.39442442121768,43.523474973362966],[-70.39445145326238,43.52347791392047],[-70.3945010996863,43.52348711920356],[-70.39452805517969,43.523486790379245],[-70.39452775388793,43.52347371286456],[-70.39449996990655,43.52343808032308],[-70.39452168044103,43.52340511430681],[-70.39456158763252,43.523381737195926],[-70.39456997102711,43.52335547344465],[-70.39453746567264,43.523310088516325],[-70.39447328725267,43.523255278150735],[-70.39446841895808,43.52323898784866],[-70.39448144473108,43.523219207168594],[-70.39450390836774,43.52321893314391],[-70.39454883687718,43.52321838506619],[-70.39462955483471,43.52321086065782],[-70.39466504419416,43.52319080680408],[-70.39471318383053,43.52313462712621],[-70.39474664044762,43.52302630451066],[-70.39477919299183,43.52287875204154],[-70.39477798767608,43.52282644378292],[-70.39478135066025,43.522777350983915],[-70.39473065019624,43.522722377211224],[-70.3946620534192,43.52267089205091],[-70.39448839330723,43.522545475263655],[-70.39438348073706,43.522478082337834],[-70.39433802564507,43.522455746486884],[-70.39425730741362,43.52246327069226],[-70.39413196363164,43.52248442026898],[-70.39407386055306,43.52249821003795],[-70.39403806898042,43.52250518620314],[-70.39400175161326,43.52248927758252],[-70.39400107404863,43.52245985586316],[-70.39402210690524,43.522397466417516],[-70.39405220083422,43.522338236768725],[-70.39405159850136,43.522312082628915],[-70.39403309985767,43.52228941792644],[-70.39397416877297,43.52226724536213],[-70.39386604287978,43.52225548350913]]]},"properties":{"OBJECTID":"152","EGAD_SEQ":"","MAP_REFERENCE":"","FEATURE_NA":"WASTE AREA","POLYGON_TY":"LF WASTE AREA","EGAD_SITE_SEQ":"27,940","SITE_DESCR":"LANDFILL MUNICIPAL","LOCATION_A":"WITHIN 3M","LOCATION_M":"DIGITIZED","DATA_SOURC":"MDEP GIS UNIT","GlobalID":"{C1C2F1A9-EC3B-434A-98E5-3F23E5FF519C}","Shape_Length":"751.32","Shape_Area":"25,897.63"},"id":152},{"type":"Feature","geometry":{"type":"Polygon","coordinates":[[[-69.07672198340082,45.075189998666836],[-69.0768699429779,45.07523276938968],[-69.07707833765726,45.07522310231423],[-69.07729331294836,45.075108633136125],[-69.07739399537937,45.07498947910555],[-69.0774811795143,45.074832224978785],[-69.07751463834055,45.0747178792821],[-69.07748087053429,45.07460357920286],[-69.0773395324737,45.07448458825143],[-69.07717814102224,45.07445135292563],[-69.07686883176042,45.07440392665433],[-69.0766939639589,45.074346882722224],[-69.07641163575451,45.07436612610638],[-69.07622348819042,45.0744329399544],[-69.07612950848053,45.07453779902245],[-69.07601539937221,45.07467125306015],[-69.07601567724718,45.07488084472638],[-69.07609649713527,45.07499035103322],[-69.0762108789483,45.07506172572675],[-69.07643951133869,45.07510444494482],[-69.07672198340082,45.075189998666836]]]},"properties":{"OBJECTID":"153","EGAD_SEQ":"","MAP_REFERENCE":"","FEATURE_NA":"EST WASTE AREA","POLYGON_TY":"LF WASTE AREA","EGAD_SITE_SEQ":"29,620","SITE_DESCR":"LANDFILL MUNICIPAL","LOCATION_A":"WITHIN 3M","LOCATION_M":"DIGITIZED","DATA_SOURC":"MDEP GIS UNIT","GlobalID":"{C9182738-FE1F-47EE-BFC9-8EE99606AC75}","Shape_Length":"342.72","Shape_Area":"8,731.26"},"id":153},{"type":"Feature","geometry":{"type":"Polygon","coordinates":[[[-69.17575092322477,44.70537321096554],[-69.17559734379346,44.70539250257277],[-69.17555067090112,44.70542115692763],[-69.17546407719855,44.70550227374132],[-69.17541091216503,44.70559286728371],[-69.175377670246,44.705645320372106],[-69.17536436846339,44.70566439526533],[-69.17542460237992,44.70570241349521],[-69.17552494442764,44.705749897291064],[-69.17562558912356,44.70589741873448],[-69.17566588587064,44.70596881415975],[-69.17573278495233,44.706002057906176],[-69.17587981544945,44.70602565010408],[-69.1760335985862,44.706073050237286],[-69.17622731696116,44.7060727514822],[-69.17634073046572,44.70602493935623],[-69.1764273815969,44.70596287626305],[-69.17648058880333,44.705886573488435],[-69.17649364544917,44.70578651420963],[-69.17641312388562,44.7056675441474],[-69.17629249587083,44.70553910870863],[-69.17612531132583,44.70547743738615],[-69.17590461670731,44.705392029713416],[-69.17575092322477,44.70537321096554]]]},"properties":{"OBJECTID":"154","EGAD_SEQ":"","MAP_REFERENCE":"","FEATURE_NA":"EST WASTE AREA","POLYGON_TY":"LF WASTE AREA","EGAD_SITE_SEQ":"29,623","SITE_DESCR":"LANDFILL MUNICIPAL","LOCATION_A":"WITHIN 3M","LOCATION_M":"DIGITIZED","DATA_SOURC":"MDEP GIS UNIT","GlobalID":"{AF55BBD1-CCC4-4094-ACFD-50FE1F8E2E13}","Shape_Length":"257.72","Shape_Area":"4,722.93"},"id":154},{"type":"Feature","geometry":{"type":"Polygon","coordinates":[[[-68.72665173573948,44.97856138499206],[-68.72642116958204,44.97835444311543],[-68.72639521996327,44.978202949931855],[-68.72570742083823,44.978144512122604],[-68.7250521531371,44.97797635874875],[-68.7226051509112,44.97832344807348],[-68.72273208423331,44.97907912535867],[-68.72377550553549,44.97894131499318],[-68.7245550389177,44.978840259401366],[-68.72581709428559,44.97867164504504],[-68.72665173573948,44.97856138499206]]]},"properties":{"OBJECTID":"155","EGAD_SEQ":"","MAP_REFERENCE":"","FEATURE_NA":"CELL 4","POLYGON_TY":"LF WASTE AREA","EGAD_SITE_SEQ":"31,339","SITE_DESCR":"LANDFILL COMMERCIAL","LOCATION_A":"WITHIN 5M","LOCATION_M":"DIGITIZED","DATA_SOURC":"MDEP GIS UNIT","GlobalID":"{48D283A2-BF77-4C00-ABF7-ACC04DB7AB62}","Shape_Length":"751.46","Shape_Area":"23,362.97"},"id":155},{"type":"Feature","geometry":{"type":"Polygon","coordinates":[[[-70.44472701117483,43.66379086606002],[-70.44471780052194,43.6640908125202],[-70.44479255901076,43.664221367699085],[-70.44535365470311,43.664143095493685],[-70.44540228184337,43.664132976897314],[-70.44589492682222,43.66338800379539],[-70.44589042519318,43.66338813097704],[-70.44602574923339,43.66287254347399],[-70.44611944467387,43.66251855790188],[-70.44603452136067,43.662480312362625],[-70.44597991580459,43.66212668870196],[-70.44587295009399,43.6619039302234],[-70.44563972930335,43.661866046849816],[-70.44564886140839,43.661550721629965],[-70.44551115094245,43.66155105704628],[-70.44521828229554,43.66235926087882],[-70.44493632063474,43.66323664793932],[-70.44494691196581,43.663236622981266],[-70.44472697673443,43.66378317355898],[-70.44472701117483,43.66379086606002]]]},"properties":{"OBJECTID":"156","EGAD_SEQ":"","MAP_REFERENCE":"","FEATURE_NA":"TRASH DUMP","POLYGON_TY":"LF WASTE AREA","EGAD_SITE_SEQ":"37,961","SITE_DESCR":"LANDFILL MUNICIPAL","LOCATION_A":"WITHIN 3M","LOCATION_M":"GPS MAPPING GRADE","DATA_SOURC":"TOWN OF GORHAM","GlobalID":"{C403F4F6-2706-4934-A552-DAE68630CE43}","Shape_Length":"686.75","Shape_Area":"18,322.49"},"id":156},{"type":"Feature","geometry":{"type":"Polygon","coordinates":[[[-68.49301481087059,46.71732672769257],[-68.49304146225877,46.71732596834085],[-68.49306239010193,46.71731923513509],[-68.49309267926193,46.717307691007804],[-68.49312308886039,46.71729264580455],[-68.49314564958183,46.71727823357174],[-68.49317324892174,46.717264128926416],[-68.49320611299206,46.71725580889937],[-68.4932332639435,46.71724906452594],[-68.49325958994508,46.71724210591095],[-68.49328609747083,46.71723252841704],[-68.49331113347445,46.71722163861271],[-68.49334197020627,46.71721239164817],[-68.49336524911969,46.717199663608376],[-68.49338518537563,46.717189960706214],[-68.49341161854572,46.71717965481607],[-68.49344127645875,46.7171698329547],[-68.4934735626388,46.717158937411966],[-68.49350989661416,46.71714712385585],[-68.49354576486053,46.71713823657732],[-68.4935767392116,46.717132172287215],[-68.49360277127069,46.71712557316156],[-68.4936333227526,46.71711771433762],[-68.49366269467973,46.717109642404004],[-68.49369510814876,46.717104294489054],[-68.49372865936776,46.71709775200077],[-68.49375888717802,46.7170893814548],[-68.49379780620286,46.71707942498583],[-68.49383298709972,46.71707141110195],[-68.4946716297174,46.71679947375708],[-68.49469676322596,46.716771078771],[-68.49469708252826,46.71673687319529],[-68.4939203593489,46.71558607889675],[-68.49387102800951,46.71554310175137],[-68.49382549254214,46.715537199325944],[-68.49322704839038,46.71571128751757],[-68.49313377970769,46.715601188155],[-68.49312174664392,46.71558031332468],[-68.49310403091593,46.71555890036456],[-68.49308609227674,46.71553614282831],[-68.49306743715776,46.71551612418218],[-68.49305078324318,46.7154904511797],[-68.49303409379712,46.715466897337194],[-68.49302639237328,46.7154480431165],[-68.4930145894723,46.71543012284311],[-68.4930139441697,46.71541114959565],[-68.49301440336895,46.715392574508165],[-68.4930102495114,46.71537381429668],[-68.4930048405364,46.7153507603884],[-68.49300066261438,46.71532870274986],[-68.49298115096997,46.71531129727177],[-68.49298012560729,46.715299655816985],[-68.49297025234995,46.715285960230176],[-68.49294684115523,46.715269725366944],[-68.49293025746192,46.71524942070103],[-68.49292287560662,46.715226070070635],[-68.49290972551573,46.71520028568321],[-68.49289978214728,46.71517773633112],[-68.49288512396426,46.715155391965006],[-68.4928731738663,46.71513168721479],[-68.49285605523148,46.71510829612874],[-68.49283835931008,46.71508605348381],[-68.4928226697552,46.715062354652865],[-68.49280916727626,46.71503774219169],[-68.49279119326252,46.71501516083522],[-68.49277591513221,46.71499014723289],[-68.4927605356319,46.71496603940216],[-68.49274265587191,46.71494345755565],[-68.49272290650867,46.714917374814725],[-68.49270144695764,46.71489353879745],[-68.4926747411314,46.7148697983072],[-68.4926543137001,46.714839985964105],[-68.49263740744274,46.71481042770896],[-68.49262038487988,46.7147787622142],[-68.49260120178073,46.714748254337806],[-68.49258251272333,46.71471724739122],[-68.49256596994229,46.714686329152066],[-68.49254817506544,46.714653733299734],[-68.49253084502084,46.71462152107345],[-68.49251271152593,46.71459015840885],[-68.4924879539559,46.714556807229464],[-68.49246810186291,46.71452440472288],[-68.49244477507213,46.71449377584927],[-68.49242636522051,46.71446440707536],[-68.4923816195013,46.714440673788545],[-68.49234532040131,46.71443121654907],[-68.49230679670401,46.71443560735366],[-68.49226039493244,46.71444155605525],[-68.49221453351285,46.71445113202849],[-68.4921701241248,46.714461155389856],[-68.49212336942055,46.714471387906315],[-68.49207854142779,46.714482793456895],[-68.4920365159221,46.71449588078859],[-68.49199513400352,46.714512188189204],[-68.49195045068721,46.71452350703923],[-68.49190758917945,46.71453532621909],[-68.49186320746165,46.71454545487518],[-68.49182089717614,46.71455750775061],[-68.49177507207074,46.71456514797303],[-68.49173425922118,46.71456486681331],[-68.4917057022522,46.71457112312911],[-68.49167538519599,46.714576852363244],[-68.49164201629783,46.71458097876656],[-68.49161714203031,46.71458254301956],[-68.49159567521966,46.71458949945009],[-68.4915849544799,46.71459936087886],[-68.49155565239023,46.71461501534947],[-68.49154096075105,46.71462486543002],[-68.4915266803611,46.71462909911246],[-68.49151040276843,46.714634509117865],[-68.49149151042734,46.714633850115376],[-68.49146361113561,46.714634158097944],[-68.49144222413135,46.71464264292468],[-68.49142008149703,46.71465161754732],[-68.49139904359176,46.714658734233666],[-68.49137903488793,46.7146689683267],[-68.49135458748427,46.71467731624482],[-68.49132873115377,46.71468661451364],[-68.49129645530978,46.714691091245626],[-68.49126712976293,46.71469962084213],[-68.49122875716508,46.71470753425672],[-68.49119092655093,46.71471805894703],[-68.49115716283688,46.71472923705518],[-68.49112248604274,46.71473955886518],[-68.49108727942283,46.71474861841525],[-68.49105211095495,46.71475403613306],[-68.49101152206661,46.714757612784574],[-68.491003831122,46.71478365116402],[-68.49101671755629,46.71480745116837],[-68.49103656220245,46.71483332764604],[-68.49106102100708,46.71485606770954],[-68.49108478093393,46.71487729908734],[-68.49109735904679,46.71490091682633],[-68.49111386057007,46.714923058138254],[-68.49112322293828,46.71495151576171],[-68.49112935834857,46.71497709637723],[-68.4911424574367,46.71500598368058],[-68.49115650733576,46.71503171377852],[-68.49116986955745,46.715057108745015],[-68.49118230802912,46.715079165385404],[-68.49119949766161,46.715101189154105],[-68.49120956876196,46.7151232964601],[-68.49123356976737,46.715147017166586],[-68.49125288140525,46.71516336284422],[-68.49126407939276,46.71518724710467],[-68.49127687837371,46.71521313541182],[-68.49129277564994,46.71523693976896],[-68.49130877376177,46.715259622367306],[-68.49132558040266,46.71528287100965],[-68.49134131117478,46.715305879987085],[-68.491356246776,46.71533177778215],[-68.49137652795338,46.715355236244186],[-68.49139526022553,46.71538020058979],[-68.49140872435605,46.71540465735942],[-68.49142685232698,46.715430440644035],[-68.49145131975821,46.71545272619851],[-68.49146868143279,46.7154767953161],[-68.4914831760597,46.71550159412733],[-68.49149532202968,46.71552570215766],[-68.49150739794216,46.715551001374074],[-68.49153160393668,46.71557480212029],[-68.49154411989646,46.71560396036017],[-68.49155304282517,46.7156303443684],[-68.4915742317765,46.71565245964196],[-68.49159311739798,46.71567880961746],[-68.49161035037822,46.71569848471415],[-68.49162578926612,46.71572487426649],[-68.49163886346302,46.71575241871257],[-68.49165628413068,46.71577760936716],[-68.49167580588671,46.715805196849296],[-68.49169825838054,46.715832662357634],[-68.49171084229904,46.71586421377634],[-68.49173101203786,46.715893725463516],[-68.49174672510831,46.71592855119921],[-68.49176405176979,46.71596195412068],[-68.49178742584643,46.71599314668718],[-68.49180751933187,46.716027166638064],[-68.49182789220468,46.71605860684545],[-68.4918514989264,46.716090392581066],[-68.49187229667983,46.71612117952262],[-68.49189453615978,46.71615184777242],[-68.49191583099793,46.71618502260988],[-68.49193550759338,46.716219841617956],[-68.49195372280937,46.716252556412826],[-68.49197243543709,46.7162851123266],[-68.49199447523327,46.71631671558988],[-68.49201736336974,46.71634645887326],[-68.4920387570664,46.71637594713928],[-68.49205168904928,46.71640822810043],[-68.49206629711443,46.71643368158135],[-68.4920838691846,46.71645951448501],[-68.49210466370361,46.716488304437824],[-68.49212542282231,46.71651417577809],[-68.49214162751059,46.71654392536982],[-68.49215805045557,46.71656784622406],[-68.4921782685641,46.71659267394203],[-68.49219590443475,46.716621340969546],[-68.49221306210993,46.71665049363073],[-68.49222347939119,46.716677477262195],[-68.49224069173037,46.71670540896549],[-68.49226525475929,46.71673308350572],[-68.49228137584483,46.71676450746289],[-68.49228881172364,46.71679213480389],[-68.49231155258086,46.71682032050494],[-68.49232835655657,46.71684994943784],[-68.4923386007059,46.716879498871066],[-68.49235841895637,46.71690512841338],[-68.49237704565874,46.71693015331753],[-68.49238941515543,46.716958686261194],[-68.49240243059013,46.71698336049767],[-68.49240925126902,46.71701241687882],[-68.49240989708706,46.71703773278624],[-68.49242131007739,46.71705817927197],[-68.49243311067355,46.71708012944769],[-68.49244839943313,46.71710531051935],[-68.49246052582367,46.71712656649637],[-68.49247212396541,46.71714596988689],[-68.49248490070252,46.717165269612565],[-68.4924970591276,46.717187717225976],[-68.4925123878745,46.71720961644573],[-68.49252689797676,46.717228677274626],[-68.4925375834868,46.7172498278616],[-68.49255736647208,46.717271566843024],[-68.49258126268543,46.717294905225046],[-68.49260941169223,46.717321845053235],[-68.49264034550207,46.71734469807091],[-68.49267294830517,46.71736329104341],[-68.49270286796887,46.717372476013175],[-68.49273987187395,46.71737787040442],[-68.49277823216174,46.71738066551803],[-68.49281208367655,46.71737897071642],[-68.49284455937526,46.71737147610143],[-68.4928770419327,46.717362969094],[-68.49290969219501,46.71735597379162],[-68.49294539714579,46.71734540762099],[-68.49298687510628,46.717333157163424],[-68.49301481087059,46.71732672769257]]]},"properties":{"OBJECTID":"157","EGAD_SEQ":"","MAP_REFERENCE":"","FEATURE_NA":"LANDFILL BOUNDARY","POLYGON_TY":"LF WASTE AREA","EGAD_SITE_SEQ":"37,746","SITE_DESCR":"LANDFILL COMMERCIAL","LOCATION_A":"WITHIN 3M","LOCATION_M":"GPS MAPPING GRADE","DATA_SOURC":"MDEP TECH SERVICES","GlobalID":"{3A2896A7-4F61-4A3B-AACA-262D9DEB6B97}","Shape_Length":"964.71","Shape_Area":"44,741.79"},"id":157},{"type":"Feature","geometry":{"type":"Polygon","coordinates":[[[-69.5592315935471,45.479210528550574],[-69.55893848825858,45.47901191112973],[-69.55883608692207,45.47892667685526],[-69.55876123580478,45.478888937450876],[-69.558639369932,45.47888953352549],[-69.55851078035288,45.47889492486921],[-69.55838929083819,45.47893362441994],[-69.55830809389651,45.47893878474618],[-69.55822026726707,45.47895826588286],[-69.55817320369496,45.4789918380342],[-69.55816713962486,45.47906331450867],[-69.5581069575919,45.47913981974008],[-69.55799985509076,45.47926418388554],[-69.55790558610248,45.47931703930851],[-69.55794681950192,45.47937875879857],[-69.55795424845732,45.47944540592507],[-69.55803591633806,45.47948787507447],[-69.55810451418772,45.47957803864976],[-69.55826112688315,45.479667773853954],[-69.55835008365129,45.47976260119749],[-69.55846659347088,45.47990492618257],[-69.55858954402458,45.480013876494795],[-69.55863820854485,45.480142242794095],[-69.55869317218344,45.48022294674211],[-69.55876792959336,45.48025116069744],[-69.55884931800533,45.48026505189614],[-69.55895045021661,45.480221688062244],[-69.55911280182677,45.48020660502683],[-69.55924139431565,45.480201212092645],[-69.5592817344705,45.48017243585038],[-69.55934835444276,45.480062558134556],[-69.5595909137546,45.47994229173716],[-69.55978617287636,45.479831782581904],[-69.55981955295329,45.479783987468345],[-69.55972391844628,45.47969871993611],[-69.55949846616922,45.47949500991324],[-69.5592315935471,45.479210528550574]]]},"properties":{"OBJECTID":"158","EGAD_SEQ":"","MAP_REFERENCE":"","FEATURE_NA":"EST WASTE AREA","POLYGON_TY":"LF WASTE AREA","EGAD_SITE_SEQ":"29,565","SITE_DESCR":"LANDFILL MUNICIPAL","LOCATION_A":"WITHIN 3M","LOCATION_M":"DIGITIZED","DATA_SOURC":"MDEP GIS UNIT","GlobalID":"{5D06359C-0CB2-4382-B89B-1F5538A3BAB2}","Shape_Length":"454.96","Shape_Area":"12,982.92"},"id":158},{"type":"Feature","geometry":{"type":"Polygon","coordinates":[[[-69.55980974426649,44.08315424657364],[-69.5596519425693,44.08325355071038],[-69.55940244353653,44.08344865738616],[-69.5592542055066,44.08362737603776],[-69.55924601648138,44.08369416256686],[-69.55932589221689,44.08374780523992],[-69.55940543863365,44.08376648670401],[-69.5595649797539,44.08385152278537],[-69.55975121840424,44.083961855144366],[-69.559844051979,44.08398682757716],[-69.55994963524488,44.08396088284531],[-69.5600410895687,44.083839653545965],[-69.56003902060414,44.083620352533586],[-69.56012825751121,44.08326393102002],[-69.56012729785289,44.08316222560784],[-69.56007840670972,44.08312114615144],[-69.56001205881952,44.08309922227122],[-69.55992399391016,44.08311236665664],[-69.55980974426649,44.08315424657364]]]},"properties":{"OBJECTID":"159","EGAD_SEQ":"","MAP_REFERENCE":"","FEATURE_NA":"CDD LANDFILL","POLYGON_TY":"LF WASTE AREA","EGAD_SITE_SEQ":"31,278","SITE_DESCR":"LANDFILL MUNICIPAL","LOCATION_A":"WITHIN 3M","LOCATION_M":"DIGITIZED","DATA_SOURC":"MDEP TECH SERVICES","GlobalID":"{D96F2046-4AAE-4984-B584-88991749E552}","Shape_Length":"264.84","Shape_Area":"4,316.31"},"id":159},{"type":"Feature","geometry":{"type":"Polygon","coordinates":[[[-70.19478459782563,44.59251841891573],[-70.19445692883939,44.59255919105925],[-70.19430862587517,44.59260875273032],[-70.19409237749821,44.59262168395547],[-70.1940396890407,44.5926008952545],[-70.19397087024846,44.59252159480632],[-70.19394013850257,44.592479235961555],[-70.19382533687036,44.59234173219719],[-70.19360406174529,44.59210931202135],[-70.1932598749824,44.591707461465184],[-70.19307734639116,44.59154398916529],[-70.19294113643711,44.59145472142355],[-70.19285881024516,44.5914449115936],[-70.19274673953318,44.591440747289596],[-70.192621263607,44.59151140888439],[-70.19246702450923,44.591635722475296],[-70.19234198410258,44.59172771884372],[-70.19229861558284,44.591797525453025],[-70.19233768267317,44.59188247337365],[-70.19246005852867,44.592025238062966],[-70.19275014052937,44.59233696271556],[-70.19287954251372,44.59245831032838],[-70.19301575860459,44.59254758166465],[-70.1931439609968,44.59261025753091],[-70.19331684544126,44.59266713503994],[-70.19339224972836,44.59270369140738],[-70.19360605673751,44.59293619002908],[-70.1938658542318,44.5932268887083],[-70.19402555964088,44.59336925871462],[-70.19433520999621,44.59354206980521],[-70.19447790823062,44.593583256531325],[-70.1945896590831,44.59357141776133],[-70.19465760196101,44.593608051339515],[-70.19489130096306,44.593717636583584],[-70.1950679036557,44.593955856612524],[-70.19541269652808,44.59402160157942],[-70.19559930978069,44.594019647941245],[-70.19579273132875,44.59398561327289],[-70.19590338861433,44.59392043561363],[-70.19596124227105,44.59382913903863],[-70.19592228169147,44.59374952347755],[-70.19583040867022,44.59363845526647],[-70.19571504829644,44.59347428385259],[-70.19564305798612,44.5932403044566],[-70.19554593670122,44.592873218151404],[-70.19547503768227,44.59269257626708],[-70.1952559465319,44.592566835482685],[-70.1950608895122,44.59252086276179],[-70.19478459782563,44.59251841891573]]]},"properties":{"OBJECTID":"160","EGAD_SEQ":"","MAP_REFERENCE":"","FEATURE_NA":"WASTE AREA","POLYGON_TY":"LF WASTE AREA","EGAD_SITE_SEQ":"29,522","SITE_DESCR":"LANDFILL MUNICIPAL","LOCATION_A":"WITHIN 5M","LOCATION_M":"DIGITIZED","DATA_SOURC":"MDEP GIS UNIT","GlobalID":"{E4416756-C0CC-464C-AC26-E2CED574D19D}","Shape_Length":"897.99","Shape_Area":"29,416.85"},"id":160},{"type":"Feature","geometry":{"type":"Polygon","coordinates":[[[-68.34563046747655,44.29461057246307],[-68.34554404270456,44.29461007733308],[-68.34552243369167,44.294609953524194],[-68.345465448407,44.29455272155664],[-68.3454658506422,44.29451651007397],[-68.34550964065612,44.2944650286758],[-68.34551758594634,44.294397824266],[-68.34546071706127,44.294330244878],[-68.34541830749423,44.294257576980456],[-68.34535394813433,44.294215821220014],[-68.34531828111955,44.29418457705631],[-68.34525328586085,44.29419972574964],[-68.34519544025028,44.29422008583156],[-68.34512324533611,44.29423519047791],[-68.34507928391469,44.29430219197142],[-68.34507876647916,44.29434874727516],[-68.34507830650541,44.29439013246778],[-68.34514220595689,44.29447327087409],[-68.34521342398584,44.29454610311348],[-68.34530613623842,44.29462940658596],[-68.34536266040784,44.294728023817115],[-68.34541953334875,44.294795600571675],[-68.34552025036024,44.29480652486768],[-68.34560696641746,44.294781155980694],[-68.34570140280215,44.294709272082635],[-68.34563046747655,44.29461057246307]]]},"properties":{"OBJECTID":"161","EGAD_SEQ":"","MAP_REFERENCE":"","FEATURE_NA":"DEMO DEBRIS SORTING AREA","POLYGON_TY":"LF WASTE AREA","EGAD_SITE_SEQ":"29,767","SITE_DESCR":"LANDFILL COMMERCIAL","LOCATION_A":"WITHIN 3M","LOCATION_M":"GPS MAPPING GRADE","DATA_SOURC":"MDEP GIS UNIT","GlobalID":"{BC56350C-29A6-4BD9-8A20-FEEB895A4BC3}","Shape_Length":"189.98","Shape_Area":"1,687.88"},"id":161},{"type":"Feature","geometry":{"type":"Polygon","coordinates":[[[-70.16361327091872,43.81691328153823],[-70.1636517608117,43.8168774248385],[-70.1637092851061,43.816812996358514],[-70.16368769855937,43.81671036307482],[-70.163618452013,43.816675603464866],[-70.16351947678169,43.81662341098284],[-70.16341615310299,43.816599636114816],[-70.16326896692678,43.81658694737106],[-70.16306294324441,43.816571312535324],[-70.16278373766269,43.81657060558064],[-70.16251957081002,43.816587480483335],[-70.16229926659943,43.81659326984528],[-70.16206516664943,43.81664530263364],[-70.16190928564501,43.8166894465146],[-70.16181685787667,43.816722306267934],[-70.16170415696152,43.816719906387114],[-70.16157234805544,43.81674252749089],[-70.16151937226056,43.81678917313362],[-70.16141390399443,43.81690728179214],[-70.16137637507575,43.8169927834961],[-70.1612942904582,43.81705391203276],[-70.16118772549473,43.81711528927177],[-70.16109135795288,43.81719784039184],[-70.16098264153378,43.81740110552775],[-70.16096408277268,43.81745449436466],[-70.16101939590132,43.817528410267364],[-70.16106374438316,43.817542147735814],[-70.16120576300409,43.817540704666044],[-70.16146138144052,43.817587758766116],[-70.161662787539,43.81761763418977],[-70.16186915709508,43.81765100085546],[-70.1620116573477,43.81767437784463],[-70.1620866253896,43.81775164262424],[-70.16225981673247,43.81784209462945],[-70.16241770061406,43.817900782997036],[-70.16263352293605,43.81791632019585],[-70.16287851898086,43.81792092131172],[-70.16316656117431,43.817871882567324],[-70.16336086603079,43.81778833268705],[-70.16343184573772,43.81765992739349],[-70.16361327091872,43.81691328153823]]]},"properties":{"OBJECTID":"162","EGAD_SEQ":"","MAP_REFERENCE":"","FEATURE_NA":"APPROXIMATE WASTE AREA","POLYGON_TY":"LF WASTE AREA","EGAD_SITE_SEQ":"28,327","SITE_DESCR":"LANDFILL MUNICIPAL","LOCATION_A":"WITHIN 3M","LOCATION_M":"DIGITIZED","DATA_SOURC":"MDEP GIS UNIT","GlobalID":"{691AA253-BDE6-4413-A093-AB6D2E7C1F66}","Shape_Length":"608.78","Shape_Area":"23,645.24"},"id":162},{"type":"Feature","geometry":{"type":"Polygon","coordinates":[[[-69.89296215348833,44.79371892421837],[-69.89329703016834,44.7936114614139],[-69.89347301685783,44.79343036470211],[-69.89360647986494,44.79321964279895],[-69.89361178702605,44.792882623773124],[-69.89340528957081,44.79244991344269],[-69.89314922538387,44.79221229100513],[-69.89268990662211,44.791751607712975],[-69.89254026627643,44.791595525184924],[-69.89246319797071,44.79137147638231],[-69.89236290282449,44.79100532756446],[-69.89227624477033,44.790841265323664],[-69.89212788055525,44.79076754104847],[-69.89196980473086,44.790746313438646],[-69.89177060308192,44.79078531224418],[-69.8916243148994,44.790846365394636],[-69.89148946792882,44.7909672327127],[-69.89135565772443,44.7911554889191],[-69.89127419205208,44.791328359399756],[-69.89110860398944,44.791501886275256],[-69.89098438415941,44.79163016172847],[-69.89096404516468,44.79167524883803],[-69.89103984069361,44.79181693529808],[-69.8911353994283,44.7918760978116],[-69.89132582585427,44.79194949146753],[-69.89160106719176,44.7920671546609],[-69.89169697279317,44.79214877730317],[-69.8916974339767,44.79217872508145],[-69.89170933347921,44.792268492603675],[-69.89168969051795,44.7923585091222],[-69.89165975837186,44.79246357941343],[-69.89167143110633,44.79253837436745],[-69.89174630699087,44.7926201584625],[-69.89192702934822,44.79274604696811],[-69.89207562913653,44.79283474667666],[-69.89210763717757,44.792864450711185],[-69.89209804406616,44.792924431104],[-69.89192390380776,44.793225329391404],[-69.89177113481801,44.79354852561542],[-69.89178269134264,44.79361583248332],[-69.89213050841012,44.79366552687479],[-69.8925624499451,44.79371456632354],[-69.89286774831125,44.793734642114806],[-69.89296215348833,44.79371892421837]]]},"properties":{"OBJECTID":"163","EGAD_SEQ":"","MAP_REFERENCE":"","FEATURE_NA":"WASTE AREA","POLYGON_TY":"LF WASTE AREA","EGAD_SITE_SEQ":"27,587","SITE_DESCR":"LANDFILL MUNICIPAL","LOCATION_A":"WITHIN 30M","LOCATION_M":"CAD","DATA_SOURC":"WOODARD AND CURRAN","GlobalID":"{4C6BF777-AA12-4331-9324-3BE97AA2F66D}","Shape_Length":"892.64","Shape_Area":"36,970.83"},"id":163},{"type":"Feature","geometry":{"type":"Polygon","coordinates":[[[-70.17993345636258,44.04871792234411],[-70.17961292742224,44.04819652878735],[-70.1792209141039,44.04833480984797],[-70.17952436295265,44.04884824540386],[-70.17993345636258,44.04871792234411]]]},"properties":{"OBJECTID":"164","EGAD_SEQ":"","MAP_REFERENCE":"","FEATURE_NA":"EQUALIZATION BASIN","POLYGON_TY":"LF WASTE AREA","EGAD_SITE_SEQ":"28,484","SITE_DESCR":"LANDFILL MUNICIPAL","LOCATION_A":"WITHIN 30M","LOCATION_M":"CAD","DATA_SOURC":"WOODARD AND CURRAN","GlobalID":"{3ABE7767-B156-453C-905F-6BD6DEB6A518}","Shape_Length":"196.15","Shape_Area":"2,217.34"},"id":164},{"type":"Feature","geometry":{"type":"Polygon","coordinates":[[[-69.65606766762137,44.694227004788864],[-69.65608600398883,44.69384736342455],[-69.65609360097953,44.69372881480664],[-69.65607730004815,44.693610342260804],[-69.65593799016571,44.693592772173396],[-69.65581502840051,44.69356863260695],[-69.65566018486007,44.69353326359978],[-69.65539765908846,44.69348317680605],[-69.65521036574833,44.69344234439819],[-69.65504678901598,44.69339060067132],[-69.6549509475622,44.69330040249448],[-69.65482563480319,44.69307886335853],[-69.6547799262608,44.693016125688224],[-69.65462483233938,44.692974476629594],[-69.654438160176,44.69293784171446],[-69.65405210265645,44.69288039349018],[-69.65363685957647,44.69423515918784],[-69.65604779540446,44.69468235166892],[-69.65604644715651,44.69457054234393],[-69.65606766762137,44.694227004788864]]]},"properties":{"OBJECTID":"165","EGAD_SEQ":"","MAP_REFERENCE":"","FEATURE_NA":"CELLS 3 - 4","POLYGON_TY":"LF WASTE AREA","EGAD_SITE_SEQ":"30,714","SITE_DESCR":"LANDFILL SPECIAL WASTE","LOCATION_A":"WITHIN 3M","LOCATION_M":"DIGITIZED","DATA_SOURC":"MDEP GIS UNIT","GlobalID":"{8FB9768F-0374-4359-BE2F-29054A70A6EF}","Shape_Length":"662.77","Shape_Area":"24,497.31"},"id":165},{"type":"Feature","geometry":{"type":"Polygon","coordinates":[[[-69.85120846954305,44.71682131166565],[-69.85147887201848,44.71668984633332],[-69.85174832001896,44.71649366226593],[-69.85186553782067,44.71623388799648],[-69.85197989799381,44.71577996376165],[-69.8520057112109,44.71547772645213],[-69.8520028583623,44.71528357566662],[-69.85197165120779,44.71521908416305],[-69.85185126576084,44.715263135970474],[-69.8507056909883,44.71555216039741],[-69.84970885538662,44.715667469728565],[-69.84952764114362,44.715690394792915],[-69.8494683957414,44.715777133995054],[-69.84971992574252,44.716422500481386],[-69.84981322617354,44.716594404090365],[-69.8500600181696,44.71691618256906],[-69.85018262731933,44.717023139788296],[-69.85036384547978,44.717000216360546],[-69.85120846954305,44.71682131166565]]]},"properties":{"OBJECTID":"166","EGAD_SEQ":"","MAP_REFERENCE":"","FEATURE_NA":"ASB","POLYGON_TY":"LF WASTE AREA","EGAD_SITE_SEQ":"30,710","SITE_DESCR":"LANDFILL COMMERCIAL","LOCATION_A":"WITHIN 30M","LOCATION_M":"CAD","DATA_SOURC":"SACKETT & BRAKE SURVEY","GlobalID":"{94045D31-DCE1-4494-800A-759862B33156}","Shape_Length":"648.36","Shape_Area":"26,274.04"},"id":166},{"type":"Feature","geometry":{"type":"Polygon","coordinates":[[[-70.52374828647721,44.244756608078376],[-70.52369551982326,44.2446029640291],[-70.52353724291486,44.24452088545183],[-70.52338944737076,44.24446672930944],[-70.52324310027365,44.244468681281944],[-70.52306802575052,44.24449206437045],[-70.5229122837053,44.24450817243858],[-70.52275762735623,44.24456636131209],[-70.52270866353868,44.244559998974395],[-70.52263079237065,44.244568052341705],[-70.52208804391763,44.24471560376296],[-70.52200113911215,44.24475184135547],[-70.52191586198259,44.244851199979685],[-70.52168984215872,44.24516992465888],[-70.5214701401738,44.245355263982496],[-70.52138956224175,44.24563697098077],[-70.52139715620304,44.24593153551944],[-70.52150105305192,44.24617570558232],[-70.52159952570261,44.24620947309802],[-70.52196937988653,44.24616946553304],[-70.52227996860795,44.246102183373814],[-70.52241638307719,44.24609334987323],[-70.52254521176677,44.246168806502496],[-70.52271162020415,44.24618763524318],[-70.52324933020056,44.24622256033952],[-70.52346216823537,44.24614956259934],[-70.52367392051244,44.24603448436482],[-70.52369162257203,44.24596409026038],[-70.5237019014181,44.24560614466049],[-70.52375317572292,44.24494597120539],[-70.52374828647721,44.244756608078376]]]},"properties":{"OBJECTID":"167","EGAD_SEQ":"","MAP_REFERENCE":"","FEATURE_NA":"EST WASTE AREA","POLYGON_TY":"LF WASTE AREA","EGAD_SITE_SEQ":"29,513","SITE_DESCR":"LANDFILL MUNICIPAL","LOCATION_A":"WITHIN 3M","LOCATION_M":"DIGITIZED","DATA_SOURC":"MDEP GIS UNIT","GlobalID":"{124DD713-7334-4573-9F74-67181851160F}","Shape_Length":"663.76","Shape_Area":"29,795.14"},"id":167},{"type":"Feature","geometry":{"type":"Polygon","coordinates":[[[-70.13503148123613,43.863705596105795],[-70.13535504994555,43.863809873486026],[-70.13538269953247,43.86380781693142],[-70.1354094325899,43.86380231837677],[-70.13543444463677,43.863793544280966],[-70.13544337905324,43.86378938224845],[-70.13547322627346,43.86377873685778],[-70.13546701217082,43.86371701463469],[-70.13547336053036,43.86369757208588],[-70.13555022895991,43.86365397962942],[-70.13558554257881,43.86360923346796],[-70.13574024773997,43.86329151186224],[-70.13571784180205,43.863257816895356],[-70.1354721897895,43.86319484037124],[-70.13543199203805,43.86319402702039],[-70.13540534269505,43.86320156137553],[-70.1352209730549,43.863279714495214],[-70.13515169636048,43.86324648146157],[-70.1350951705419,43.86326763705023],[-70.13485296445997,43.86329790642695],[-70.13470064664173,43.86330063098711],[-70.13454400266536,43.86333974065002],[-70.13450795449288,43.86338128668346],[-70.13442723566995,43.86345113981106],[-70.1343643589573,43.86349053016457],[-70.13433379023633,43.863556248778394],[-70.1344076786744,43.86356763057193],[-70.13448479666175,43.863572922594685],[-70.13484442341215,43.86364203619266],[-70.13503148123613,43.863705596105795]]]},"properties":{"OBJECTID":"168","EGAD_SEQ":"","MAP_REFERENCE":"","FEATURE_NA":"PHASE II DEMO DUMP","POLYGON_TY":"LF WASTE AREA","EGAD_SITE_SEQ":"28,612","SITE_DESCR":"LANDFILL MUNICIPAL","LOCATION_A":"WITHIN 3M","LOCATION_M":"CAD","DATA_SOURC":"WOODARD AND CURRAN","GlobalID":"{A37D7A6F-54D3-49F2-BD70-3E7F2BD5FA69}","Shape_Length":"292.45","Shape_Area":"4,507"},"id":168},{"type":"Feature","geometry":{"type":"Polygon","coordinates":[[[-69.60145652297376,44.5989947994528],[-69.60172443281641,44.598886603518636],[-69.60215057883622,44.598663670636085],[-69.60226844706172,44.59849931243065],[-69.60256513927179,44.59828417890308],[-69.6029511312375,44.598032978870066],[-69.60330619663415,44.59768227538165],[-69.60345247786964,44.59737538677356],[-69.60368997016266,44.59721751505477],[-69.60377727863234,44.596989247373365],[-69.60382370325226,44.59666153024629],[-69.60371123524362,44.59638448498019],[-69.60366931950652,44.59618537636226],[-69.60325973599205,44.59608075579996],[-69.60291140192057,44.596118190435035],[-69.60262431737408,44.59629767902464],[-69.6024679264431,44.59659038151269],[-69.60258046252957,44.59687454595847],[-69.60278104797572,44.597001628080996],[-69.602812849372,44.59718655283692],[-69.60263564832407,44.597393938273434],[-69.60202116923597,44.597710412219236],[-69.60160609382767,44.59804007197306],[-69.60132009715043,44.59832633622414],[-69.60117343782224,44.59859762883513],[-69.60107615303507,44.598825946069766],[-69.60110692253316,44.598911212079464],[-69.60132685203523,44.598981243828156],[-69.60145652297376,44.5989947994528]]]},"properties":{"OBJECTID":"169","EGAD_SEQ":"","MAP_REFERENCE":"","FEATURE_NA":"EST WASTE AREA","POLYGON_TY":"LF WASTE AREA","EGAD_SITE_SEQ":"29,454","SITE_DESCR":"LANDFILL MUNICIPAL","LOCATION_A":"WITHIN 5M","LOCATION_M":"DIGITIZED","DATA_SOURC":"MDEP GIS UNIT","GlobalID":"{06F24F12-1D1B-4B34-987A-CF383DFA0953}","Shape_Length":"864.86","Shape_Area":"27,094.98"},"id":169},{"type":"Feature","geometry":{"type":"Polygon","coordinates":[[[-69.19161563377199,44.14546638355393],[-69.19152614773127,44.14550578250705],[-69.19153284464188,44.145576952108414],[-69.19159405665384,44.14565002452251],[-69.19160825723715,44.14575643837486],[-69.19174769598314,44.145736247755806],[-69.19179832649654,44.14568028301242],[-69.19172970315316,44.14560056972297],[-69.19175259055476,44.14553600390507],[-69.1917071356231,44.14547886974985],[-69.19161563377199,44.14546638355393]]]},"properties":{"OBJECTID":"170","EGAD_SEQ":"","MAP_REFERENCE":"","FEATURE_NA":"AREA 10","POLYGON_TY":"LF WASTE AREA","EGAD_SITE_SEQ":"38,321","SITE_DESCR":"LANDFILL SPECIAL WASTE","LOCATION_A":"WITHIN 3M","LOCATION_M":"CAD","DATA_SOURC":"E-PRO","GlobalID":"{BE3944E8-0942-4BDF-8BAA-B6EEA158FF34}","Shape_Length":"89.04","Shape_Area":"447.21"},"id":170},{"type":"Feature","geometry":{"type":"Polygon","coordinates":[[[-69.65032064733343,44.694060264866685],[-69.64927561651682,44.69390213665252],[-69.64850997299841,44.69378533257256],[-69.64844357578495,44.69436864418009],[-69.64951348739253,44.69451886131459],[-69.65040420613606,44.69464540809364],[-69.65043792154329,44.69464401875526],[-69.65037811553266,44.69404269169668],[-69.65032064733343,44.694060264866685]]]},"properties":{"OBJECTID":"171","EGAD_SEQ":"","MAP_REFERENCE":"","FEATURE_NA":"CELL 10","POLYGON_TY":"LF WASTE AREA","EGAD_SITE_SEQ":"30,714","SITE_DESCR":"LANDFILL SPECIAL WASTE","LOCATION_A":"WITHIN 3M","LOCATION_M":"DIGITIZED","DATA_SOURC":"MDEP GIS UNIT","GlobalID":"{D8959A49-8655-4DBE-928D-B1EE4AEFCDC9}","Shape_Length":"444.66","Shape_Area":"9,908.46"},"id":171},{"type":"Feature","geometry":{"type":"Polygon","coordinates":[[[-68.89189039754967,44.36714814548917],[-68.89232626709999,44.36718764699702],[-68.89253651401057,44.36715433967947],[-68.89264573326108,44.36702600567486],[-68.8926928590296,44.36679709642968],[-68.89266195474181,44.366668629783334],[-68.89243641678239,44.36655114995256],[-68.89183719031435,44.366450068197786],[-68.89151797115473,44.36647768627692],[-68.89129987914963,44.366544489566934],[-68.89127605156845,44.36680134121382],[-68.89133016096643,44.3670080081562],[-68.89144667259107,44.367147724675334],[-68.89189039754967,44.36714814548917]]]},"properties":{"OBJECTID":"172","EGAD_SEQ":"","MAP_REFERENCE":"","FEATURE_NA":"EST WASTE AREA","POLYGON_TY":"LF WASTE AREA","EGAD_SITE_SEQ":"29,171","SITE_DESCR":"LANDFILL MUNICIPAL","LOCATION_A":"WITHIN 3M","LOCATION_M":"DIGITIZED","DATA_SOURC":"MDEP GIS UNIT","GlobalID":"{0A363F29-DFA7-4B1A-AD4F-4238488BB436}","Shape_Length":"330.2","Shape_Area":"7,659.22"},"id":172},{"type":"Feature","geometry":{"type":"Polygon","coordinates":[[[-69.35887594059095,44.768921020806815],[-69.3591625429887,44.76878085796049],[-69.35920787756518,44.76867422275261],[-69.3588378926889,44.76834773209134],[-69.35883667547753,44.76815113932143],[-69.35870943339683,44.768028665838365],[-69.3586632315837,44.76799604889631],[-69.3584674559851,44.76794751464099],[-69.3582258843003,44.76793189565973],[-69.35812250074564,44.76794860317126],[-69.35806506049317,44.767956975365315],[-69.3579964206009,44.76801453516515],[-69.35780059367038,44.7679578105405],[-69.35771985366287,44.76791710753003],[-69.35770810396869,44.76787618569339],[-69.35770729126463,44.76774512293217],[-69.35773028753016,44.767745050901965],[-69.35768363654365,44.767638707074944],[-69.35752169913857,44.76748357886362],[-69.35715258947953,44.76729633554208],[-69.3570601484308,44.76722290299761],[-69.3568641233269,44.76713340902267],[-69.35678332965873,44.76708451612333],[-69.3565301153538,44.76704435365668],[-69.35648417629146,44.767052690051585],[-69.35639264311742,44.76712670003143],[-69.35634704893262,44.76719237631681],[-69.35654423621766,44.767470269385754],[-69.35666123586455,44.76779756328263],[-69.35697295843038,44.76800137354251],[-69.35712334462306,44.7681483492527],[-69.35735437710038,44.76831964420286],[-69.35744682027847,44.76839307648825],[-69.35749271353805,44.76837655046487],[-69.35760820405802,44.76845809985842],[-69.35774689503774,44.76857234840969],[-69.35797803096239,44.76876002233369],[-69.35824346097871,44.76891482526895],[-69.35834735523363,44.76898003061082],[-69.3586914509361,44.768839685832674],[-69.35870295181215,44.768839649710465],[-69.35887594059095,44.768921020806815]]]},"properties":{"OBJECTID":"173","EGAD_SEQ":"","MAP_REFERENCE":"","FEATURE_NA":"WASTE AREA","POLYGON_TY":"LF WASTE AREA","EGAD_SITE_SEQ":"29,462","SITE_DESCR":"LANDFILL MUNICIPAL","LOCATION_A":"WITHIN 30M","LOCATION_M":"CAD","DATA_SOURC":"JW SEWELL/KELLEY CONST EN","GlobalID":"{ACA60920-444D-4692-97DF-DA6970872A5E}","Shape_Length":"695.24","Shape_Area":"18,480.85"},"id":173},{"type":"Feature","geometry":{"type":"Polygon","coordinates":[[[-70.56270834687948,44.32331032994144],[-70.56259114849104,44.32330027483223],[-70.56249392564919,44.32330860034025],[-70.56241974083643,44.323328269352366],[-70.56237583171854,44.32338716305636],[-70.56235752567805,44.32343171684539],[-70.56234283783796,44.3234902116622],[-70.56232864496648,44.323567352845025],[-70.56230984382267,44.32359325935841],[-70.56228442497539,44.323614592889946],[-70.56222029123249,44.323645783046175],[-70.56217127733522,44.32363479475063],[-70.56209891599254,44.32360080824495],[-70.56201724814726,44.323583271271254],[-70.56195561765217,44.32358644597982],[-70.56190041922223,44.3235872009303],[-70.56186207546826,44.32361104289339],[-70.56184370585939,44.323653265713084],[-70.56184469559683,44.32369056025706],[-70.56191535644987,44.32378286315464],[-70.56202328098587,44.32393295019791],[-70.56213058611851,44.324059728059424],[-70.5622070612552,44.3241263019348],[-70.56229253382831,44.32416477341453],[-70.56236415341846,44.32417078888421],[-70.56243871058024,44.32416510444428],[-70.56253231529497,44.32414283885948],[-70.56261249995758,44.32410443364168],[-70.56265971946333,44.3240478254104],[-70.56270687700967,44.32398888715241],[-70.56276021767624,44.32391820458814],[-70.56280418991346,44.32386164073221],[-70.56292627399044,44.32381100402951],[-70.56300865253392,44.323732928673046],[-70.56311239641671,44.323603263113064],[-70.56312751687814,44.32356108456235],[-70.56311641402108,44.323509938822646],[-70.56307302855845,44.323466229304685],[-70.56294067419405,44.32337477146777],[-70.56282554530465,44.32332038492975],[-70.56270834687948,44.32331032994144]]]},"properties":{"OBJECTID":"174","EGAD_SEQ":"","MAP_REFERENCE":"","FEATURE_NA":"EST WASTE AREA","POLYGON_TY":"LF WASTE AREA","EGAD_SITE_SEQ":"27,304","SITE_DESCR":"LANDFILL MUNICIPAL","LOCATION_A":"WITHIN 3M","LOCATION_M":"DIGITIZED","DATA_SOURC":"MDEP GIS UNIT","GlobalID":"{3AE9F668-CD7E-4671-BD14-7EB497BECAF0}","Shape_Length":"317.34","Shape_Area":"5,801.8"},"id":174},{"type":"Feature","geometry":{"type":"Polygon","coordinates":[[[-70.2274809799638,44.81796946426269],[-70.22740919229032,44.81787864213785],[-70.22732726915537,44.817829801741624],[-70.22723470700393,44.81779939330675],[-70.22714977680383,44.81778198927803],[-70.22704311919632,44.817780518503454],[-70.22689970392464,44.8177794416772],[-70.22673852332174,44.81780734276403],[-70.2266656686811,44.81783952870065],[-70.2266412726558,44.8179025955238],[-70.22669984975363,44.81806421742059],[-70.22676766665305,44.81831470966016],[-70.22678970837913,44.81848719086292],[-70.22685408594211,44.81857547514358],[-70.22698546060799,44.81870229089614],[-70.2270751238525,44.81876936693054],[-70.22715616136843,44.81877634778875],[-70.22724165196404,44.81881991788046],[-70.22744632779242,44.818935477513556],[-70.22757230620199,44.81898122907372],[-70.2276389190364,44.819001446654276],[-70.2276829158399,44.81899574155972],[-70.22772285167616,44.81897175793508],[-70.22779754676503,44.81885319524542],[-70.22790282970128,44.81861654041757],[-70.22791597715253,44.818543124735314],[-70.22788061803368,44.818436212243476],[-70.22782314794755,44.81832691965108],[-70.22774779444453,44.818241370865934],[-70.22763112153858,44.81811439612444],[-70.2274809799638,44.81796946426269]]]},"properties":{"OBJECTID":"175","EGAD_SEQ":"","MAP_REFERENCE":"","FEATURE_NA":"APPROXIMATE WASTE LIMIT","POLYGON_TY":"LF WASTE AREA","EGAD_SITE_SEQ":"28,634","SITE_DESCR":"LANDFILL MUNICIPAL","LOCATION_A":"WITHIN 30M","LOCATION_M":"DIGITIZED","DATA_SOURC":"MDEP GIS UNIT","GlobalID":"{F089AA49-3A0C-49BA-B779-23D6D2AA3D6D}","Shape_Length":"370.47","Shape_Area":"8,848.88"},"id":175},{"type":"Feature","geometry":{"type":"Polygon","coordinates":[[[-69.34583840124156,45.142018113809485],[-69.34582615916486,45.14198323956928],[-69.34580073821962,45.14195777150524],[-69.34576567602636,45.141929776140785],[-69.34572345240855,45.14191117231873],[-69.34567163258257,45.14189770239292],[-69.34556684766892,45.14188013851091],[-69.34527892954468,45.141821403636825],[-69.34515852091113,45.141806438596724],[-69.34504302029175,45.141807639166046],[-69.34471534794702,45.141840136424314],[-69.34459630167274,45.14185156597894],[-69.34446162879057,45.14186559632557],[-69.3443666495138,45.14187780371079],[-69.34427294004234,45.141901076585405],[-69.34395116508169,45.142014446790554],[-69.34386240123207,45.14205984592555],[-69.34366264668532,45.142129166193655],[-69.34352902430318,45.14217890473991],[-69.34345415125559,45.14223625564337],[-69.34341407519923,45.14228311840481],[-69.3434016587658,45.14235456265638],[-69.34341492479474,45.14242463343771],[-69.34342815458575,45.14248951034259],[-69.34344308074597,45.1425310110208],[-69.34348911531109,45.14255943768324],[-69.34354598560691,45.142559266626776],[-69.34363225236093,45.14256679717084],[-69.34378276475684,45.14257932826126],[-69.34399200252778,45.14259557552497],[-69.34419578240036,45.14261962982866],[-69.34441777454457,45.1426215575703],[-69.34459526315533,45.14261853050534],[-69.3447706026055,45.14257062895898],[-69.34504031704549,45.142556783558554],[-69.3451095940275,45.14254524739645],[-69.34514670484914,45.14250738390511],[-69.34514632900046,45.14244509415133],[-69.34513002326038,45.14239417668084],[-69.34511377953214,45.14235458676442],[-69.34512180575315,45.14230213658655],[-69.34514678210226,45.14225352392004],[-69.3451768903246,45.14220527290879],[-69.34521009493174,45.14217839787861],[-69.3452497605039,45.142171468187136],[-69.34530030526074,45.14217301670113],[-69.34537257250375,45.14218557070026],[-69.34546163361657,45.14218955914384],[-69.34554585995684,45.14219015500113],[-69.3456372928188,45.14218817700356],[-69.34569377275973,45.14217693486295],[-69.34572378540793,45.14216577641868],[-69.34576335181671,45.142142663585105],[-69.3458027959448,45.142099118139356],[-69.34583139936504,45.14205390058407],[-69.34583840124156,45.142018113809485]]]},"properties":{"OBJECTID":"176","EGAD_SEQ":"","MAP_REFERENCE":"","FEATURE_NA":"ESTIMATED WASTE AREA","POLYGON_TY":"LF WASTE AREA","EGAD_SITE_SEQ":"29,571","SITE_DESCR":"LANDFILL MUNICIPAL","LOCATION_A":"WITHIN 3M","LOCATION_M":"DIGITIZED","DATA_SOURC":"SW COLE","GlobalID":"{8A4F7B13-70A7-4471-8C99-C5A8ABAEADE1}","Shape_Length":"479.18","Shape_Area":"11,398.98"},"id":176},{"type":"Feature","geometry":{"type":"Polygon","coordinates":[[[-69.19204717485202,44.14650137993125],[-69.19221042199239,44.14652313551192],[-69.19243776236394,44.146488868057084],[-69.19252811429837,44.14653671950577],[-69.19251365820544,44.14659578016102],[-69.19246186047384,44.146663898902844],[-69.1921600011213,44.14669546834352],[-69.19214044788237,44.146712444499144],[-69.19198611655088,44.14684265456515],[-69.1918629879357,44.14695981939202],[-69.19175194449396,44.147074513108066],[-69.19167214906957,44.14717651189027],[-69.19166444483002,44.147186359095286],[-69.19156235405943,44.1473109457086],[-69.1915494595461,44.14736683536243],[-69.19159641834024,44.14747061661643],[-69.19171207924124,44.1474749071164],[-69.19184352826666,44.147359359884554],[-69.1919073273463,44.14728008241783],[-69.19193479416487,44.14722865817571],[-69.19197944403125,44.14723251308337],[-69.1920841443503,44.14720270460737],[-69.19216885786156,44.147161913247075],[-69.19220286763401,44.14713630653466],[-69.19224594644531,44.14714423706387],[-69.19227814664684,44.147138589137676],[-69.19233407554135,44.14712878135695],[-69.19240124793458,44.147126320194815],[-69.19244187763319,44.14711819833046],[-69.19254565424126,44.147107084491196],[-69.19263965411733,44.14707021786396],[-69.19270304631503,44.14702694924243],[-69.19273609665917,44.14699094250282],[-69.19275211743711,44.146955501982674],[-69.19278938626948,44.14694401753887],[-69.19282971104438,44.1469175662785],[-69.19288482809608,44.146873954092],[-69.19288557247565,44.14677194390008],[-69.19286289381489,44.1466127583206],[-69.19285751622452,44.14653334048089],[-69.19285148571154,44.14644232571908],[-69.19287501858595,44.146383499986875],[-69.19287328081617,44.14637051659215],[-69.19286581218908,44.14631477189843],[-69.19284066168589,44.146174753953126],[-69.19281293569912,44.14609008890199],[-69.19273993088903,44.145959767186184],[-69.19267479125448,44.14581641881653],[-69.19263833890909,44.14567967456013],[-69.19264261196099,44.145567984374374],[-69.19237191715737,44.145534555767924],[-69.19223364757646,44.145611583786064],[-69.19222513993556,44.145703969046814],[-69.19221993241689,44.14582847965548],[-69.19222412840634,44.145913185348384],[-69.19223382598476,44.14598402483618],[-69.19224074728669,44.14605470783534],[-69.19223750155868,44.14610061561322],[-69.19211955254067,44.14634262768012],[-69.19207284763804,44.146403906896914],[-69.19203762033118,44.146426029551186],[-69.19204717485202,44.14650137993125]]]},"properties":{"OBJECTID":"177","EGAD_SEQ":"","MAP_REFERENCE":"","FEATURE_NA":"AREA 12","POLYGON_TY":"LF WASTE AREA","EGAD_SITE_SEQ":"38,321","SITE_DESCR":"LANDFILL SPECIAL WASTE","LOCATION_A":"WITHIN 3M","LOCATION_M":"CAD","DATA_SOURC":"E-PRO","GlobalID":"{01167BD0-76AF-4DD5-B1A5-8317A98EC781}","Shape_Length":"602.84","Shape_Area":"9,821.92"},"id":177},{"type":"Feature","geometry":{"type":"Polygon","coordinates":[[[-69.82384808708049,43.78942050521961],[-69.82373141873295,43.78937929302967],[-69.82365402531643,43.78937985083552],[-69.82355121818985,43.78940862687078],[-69.82346169581373,43.7894653431361],[-69.8233273465637,43.78954574625155],[-69.82315558321318,43.789719870972164],[-69.82304173587147,43.789884231502285],[-69.82303688878237,43.79000108264843],[-69.82299392211705,43.79016026056879],[-69.82308129326691,43.79041662507891],[-69.82318130764017,43.79065420835102],[-69.82331828808161,43.790765364856554],[-69.82348706934022,43.790843582145015],[-69.82360316292362,43.790842745559615],[-69.82381510243054,43.79077580177274],[-69.82397364692739,43.790578409234236],[-69.82409310843931,43.79035326136135],[-69.8241559336345,43.790231320913556],[-69.82412763198752,43.79004929344697],[-69.8240138816266,43.78975106586341],[-69.82384808708049,43.78942050521961]]]},"properties":{"OBJECTID":"178","EGAD_SEQ":"","MAP_REFERENCE":"","FEATURE_NA":"WASTE AREA","POLYGON_TY":"LF WASTE AREA","EGAD_SITE_SEQ":"27,579","SITE_DESCR":"LANDFILL MUNICIPAL","LOCATION_A":"WITHIN 3M","LOCATION_M":"DIGITIZED","DATA_SOURC":"MDEP GIS UNIT","GlobalID":"{6A804733-E893-48A7-837A-BE7A0DCDD86E}","Shape_Length":"402.24","Shape_Area":"10,886.17"},"id":178},{"type":"Feature","geometry":{"type":"Polygon","coordinates":[[[-68.86335285566967,44.166654744380175],[-68.86334601570069,44.167036442346436],[-68.86330981480091,44.167231540800024],[-68.86338685370207,44.16741390816249],[-68.86352070482845,44.167506277581886],[-68.86377389244667,44.167525880018005],[-68.8638603535537,44.167498105430724],[-68.86405139211318,44.16733750253733],[-68.86418260052864,44.16728404786632],[-68.86431362066006,44.167312081200095],[-68.86446562688057,44.167282239407214],[-68.8647162964002,44.16710026129],[-68.86486264786198,44.16693745863039],[-68.86492561261561,44.16676169158069],[-68.86497054421102,44.166654523226676],[-68.86491127360256,44.16651721126111],[-68.86479824746647,44.166437733742],[-68.86445300467665,44.16628935988237],[-68.86423870866487,44.16620118421676],[-68.86416424087095,44.166196807454156],[-68.86383627905265,44.166307925869674],[-68.86354999371892,44.16643196146664],[-68.86341580975856,44.1664854109616],[-68.8633561518637,44.166517505525086],[-68.86335285566967,44.166654744380175]]]},"properties":{"OBJECTID":"179","EGAD_SEQ":"","MAP_REFERENCE":"","FEATURE_NA":"EST WASTE AREA","POLYGON_TY":"LF WASTE AREA","EGAD_SITE_SEQ":"37,946","SITE_DESCR":"LANDFILL MUNICIPAL","LOCATION_A":"WITHIN 3M","LOCATION_M":"DIGITIZED","DATA_SOURC":"MDEP GIS UNIT","GlobalID":"{69CC7C08-7142-410D-B151-2C5027908A01}","Shape_Length":"445.46","Shape_Area":"13,715.66"},"id":179},{"type":"Feature","geometry":{"type":"Polygon","coordinates":[[[-69.75546801206079,44.16347287163342],[-69.75533773989358,44.163222181056675],[-69.75504893238426,44.16299540827059],[-69.75471306475522,44.162814682966165],[-69.75423483467027,44.16268063129164],[-69.75372673529026,44.162695418917664],[-69.75337819191918,44.16276632265531],[-69.75320522732065,44.162904673322785],[-69.75303197099605,44.163020154744665],[-69.75301812443831,44.16318032343533],[-69.75313032197333,44.16325962521464],[-69.75332193499713,44.16333840051406],[-69.75351281958238,44.16336000889209],[-69.75373488761657,44.16333567660525],[-69.75413181298276,44.16332162290721],[-69.7543702029769,44.163331483037105],[-69.75452917533951,44.16334186724565],[-69.75502212634896,44.16338434487221],[-69.75515050019817,44.163486405048864],[-69.75529461643082,44.1635769241963],[-69.75546990895887,44.16362150239097],[-69.75546801206079,44.16347287163342]]]},"properties":{"OBJECTID":"180","EGAD_SEQ":"","MAP_REFERENCE":"","FEATURE_NA":"LANDFILL BOUNDARY","POLYGON_TY":"LF WASTE AREA","EGAD_SITE_SEQ":"27,591","SITE_DESCR":"LANDFILL COMMERCIAL","LOCATION_A":"WITHIN 30M","LOCATION_M":"DIGITIZED","DATA_SOURC":"MDEP TECH SERVICES","GlobalID":"{F31C096E-8B50-48BC-B227-DBB7013A4703}","Shape_Length":"494.38","Shape_Area":"11,234.7"},"id":180},{"type":"Feature","geometry":{"type":"Polygon","coordinates":[[[-67.38475246703483,45.01896158687884],[-67.38477124357807,45.01897607820289],[-67.38477962816395,45.01898789568076],[-67.38483470744819,45.0190341767372],[-67.38484860073933,45.019041063482106],[-67.38489695847457,45.0190642324777],[-67.38493226499672,45.01907083519028],[-67.38495305321659,45.01907206004034],[-67.38501121388678,45.01907015064064],[-67.38506977118448,45.019053367587965],[-67.38512622258871,45.019037631347],[-67.38517909873259,45.01901733096214],[-67.3852286570779,45.01899337567027],[-67.3852745376299,45.018969857147276],[-67.38531468391847,45.01894367306786],[-67.38535308391764,45.0189082274335],[-67.38538099771618,45.018869936529114],[-67.38540342509967,45.01882594274854],[-67.38541659432313,45.01878102047535],[-67.3854191531477,45.01873654408414],[-67.38540586152696,45.018691910163895],[-67.38538017100964,45.018650349689175],[-67.38534735290344,45.01861112972678],[-67.38531434016205,45.01857355254882],[-67.38528516335482,45.01853329843446],[-67.38525384862116,45.01849491797784],[-67.38522043329219,45.01845636107324],[-67.38518734069709,45.018419147305096],[-67.38514318564621,45.01838514557588],[-67.38507941200014,45.018370895565134],[-67.38502184828792,45.018372047382115],[-67.38496633583476,45.018385197106895],[-67.3849098654786,45.01839747627407],[-67.38485850594381,45.018416984218675],[-67.38481325652302,45.01843761199386],[-67.38477624982255,45.018470765472806],[-67.38475664118275,45.01850996859141],[-67.38474379283188,45.01854933215782],[-67.38473221448307,45.01859047175971],[-67.38472815143652,45.01863168797389],[-67.3847296223065,45.01867325793466],[-67.38473927046385,45.01871591758475],[-67.38475840009028,45.01875490356488],[-67.38477253483522,45.01879598653708],[-67.3847679398554,45.018877465207616],[-67.38476584843535,45.018911215235065],[-67.38475246703483,45.01896158687884]]]},"properties":{"OBJECTID":"181","EGAD_SEQ":"","MAP_REFERENCE":"","FEATURE_NA":"MEDDYBEMPS LANDFILL - CLOSED","POLYGON_TY":"LF WASTE AREA","EGAD_SITE_SEQ":"29,739","SITE_DESCR":"LANDFILL MUNICIPAL","LOCATION_A":"WITHIN 3M","LOCATION_M":"GPS MAPPING GRADE","DATA_SOURC":"MDEP GIS UNIT","GlobalID":"{15238C73-1101-4F33-897F-32D7399978BB}","Shape_Length":"211.7","Shape_Area":"3,207.37"},"id":181},{"type":"Feature","geometry":{"type":"Polygon","coordinates":[[[-70.14000067532656,44.21314633042348],[-70.13998261250612,44.21324327355276],[-70.14008418756036,44.21334260495952],[-70.14015704678205,44.213503150639056],[-70.14027065803423,44.213709877008256],[-70.14049222997434,44.21383234551429],[-70.14060003826654,44.21391779802438],[-70.1407688441653,44.21396293479139],[-70.14090508987032,44.21405117036233],[-70.14107563626722,44.214175185436666],[-70.14125264975432,44.214244806307995],[-70.14141411285406,44.21424413197934],[-70.14151641617943,44.214227837643726],[-70.1416403385251,44.214194343654626],[-70.14179387948333,44.2141462177946],[-70.14197156801377,44.21405843194753],[-70.14208919644645,44.21395690979259],[-70.14216724491283,44.2138701171663],[-70.1422336647338,44.21369743035464],[-70.14229974157779,44.21350682801679],[-70.1423913507184,44.21334822576462],[-70.14241231112206,44.21314373889601],[-70.14236636430037,44.21308685754073],[-70.1420439620668,44.21282937535663],[-70.14189075549729,44.212774916640015],[-70.14179213136369,44.2127664735686],[-70.14163368206643,44.21281822813446],[-70.14148962694438,44.21284117089074],[-70.14132162662628,44.21291452622914],[-70.14116829602128,44.212973399089144],[-70.14104042776746,44.21306068873244],[-70.14095698242595,44.21312602965151],[-70.14076248411652,44.21311721985904],[-70.14064776103173,44.21311119906508],[-70.14042821536862,44.21309547143962],[-70.14021904557623,44.2131011428745],[-70.14007415956856,44.21308108692459],[-70.14000067532656,44.21314633042348]]]},"properties":{"OBJECTID":"182","EGAD_SEQ":"","MAP_REFERENCE":"","FEATURE_NA":"WASTE AREA","POLYGON_TY":"LF WASTE AREA","EGAD_SITE_SEQ":"28,478","SITE_DESCR":"LANDFILL MUNICIPAL","LOCATION_A":"WITHIN 3M","LOCATION_M":"DIGITIZED","DATA_SOURC":"MDEP GIS UNIT","GlobalID":"{5CFAE3BD-F7CD-4DAA-B2C7-AB3517549E20}","Shape_Length":"566.72","Shape_Area":"20,468.14"},"id":182},{"type":"Feature","geometry":{"type":"Polygon","coordinates":[[[-67.27463947259277,45.16813032685408],[-67.27439358202356,45.16794879164869],[-67.27409529522423,45.167837592476374],[-67.27384403784414,45.16783379416367],[-67.273600897886,45.16789413349207],[-67.27342768103225,45.1679697523541],[-67.27323861133388,45.168237177557614],[-67.27283971861793,45.168793049736784],[-67.27236767203618,45.16944028153335],[-67.27222927549552,45.16969424458703],[-67.27234493773256,45.169859588584615],[-67.27255256353043,45.16997653379043],[-67.27285257639679,45.17003086256024],[-67.27307497794543,45.16999154875564],[-67.27326895103818,45.16989490407989],[-67.27359787492746,45.16965804614824],[-67.27394071095894,45.16929336579759],[-67.2742739235836,45.16891431448917],[-67.2744024741492,45.16865308789226],[-67.27449614965852,45.16854781209927],[-67.27458660041808,45.16854917900966],[-67.27470870938744,45.16850123413869],[-67.27472112054927,45.16842318357647],[-67.27478507438971,45.16830323036946],[-67.27474744703402,45.16821730877707],[-67.27463947259277,45.16813032685408]]]},"properties":{"OBJECTID":"183","EGAD_SEQ":"","MAP_REFERENCE":"","FEATURE_NA":"ESTIMATED WASTE AREA","POLYGON_TY":"LF WASTE AREA","EGAD_SITE_SEQ":"29,685","SITE_DESCR":"LANDFILL MUNICIPAL","LOCATION_A":"WITHIN 3M","LOCATION_M":"DIGITIZED","DATA_SOURC":"OLIVER ASSOCIATES","GlobalID":"{DC4E43CF-9156-4F61-8B0F-9F5912420911}","Shape_Length":"670.1","Shape_Area":"25,306.7"},"id":183},{"type":"Feature","geometry":{"type":"Polygon","coordinates":[[[-67.27253132503027,45.16768591148874],[-67.27206401502045,45.16817672949182],[-67.27185375999268,45.16847939561222],[-67.27161099034099,45.16885980903272],[-67.27156433647733,45.16907248489531],[-67.27157970534113,45.169229199144375],[-67.27174604650054,45.16938108288218],[-67.27196565061614,45.169434197738525],[-67.27218848422035,45.169380666844106],[-67.27265112735617,45.168711958638816],[-67.27311053502434,45.16814988747246],[-67.27313837117823,45.16789425117089],[-67.27305178961386,45.16776491072403],[-67.27280246692598,45.16769712662449],[-67.27253132503027,45.16768591148874]]]},"properties":{"OBJECTID":"184","EGAD_SEQ":"","MAP_REFERENCE":"","FEATURE_NA":"ESTIMATED WASTE AREA","POLYGON_TY":"LF WASTE AREA","EGAD_SITE_SEQ":"29,685","SITE_DESCR":"LANDFILL MUNICIPAL","LOCATION_A":"WITHIN 3M","LOCATION_M":"DIGITIZED","DATA_SOURC":"OLIVER ASSOCIATES","GlobalID":"{6C29CC84-E1A3-458B-BFCD-F0F02A659F2B}","Shape_Length":"490.66","Shape_Area":"12,761.36"},"id":184},{"type":"Feature","geometry":{"type":"Polygon","coordinates":[[[-70.79305093837358,44.47950085384855],[-70.79279547901132,44.479643646688395],[-70.79264647660052,44.479761146429915],[-70.7925206716745,44.47982808383879],[-70.79246988308154,44.47992041845687],[-70.79248881354025,44.47999984707906],[-70.79245827434752,44.48008005320268],[-70.7924133253412,44.4802283998277],[-70.79244167465103,44.48034606705867],[-70.7925225331569,44.48042747636434],[-70.79268334304413,44.48056078120332],[-70.79282173410779,44.480635382148655],[-70.79300116860288,44.480703431772554],[-70.7931455447303,44.48070411739258],[-70.79328131406838,44.48069312650982],[-70.79340299743926,44.48062625390717],[-70.79355453301763,44.48059139297193],[-70.79368975926117,44.48056269289067],[-70.79378077641645,44.48043724504306],[-70.79394214439819,44.48031954955338],[-70.79398889895955,44.480230230543164],[-70.79398269568016,44.48016241280443],[-70.79394745543654,44.48008914643329],[-70.79374424344488,44.47991812213334],[-70.7935931238465,44.47983191254656],[-70.79353134065639,44.47970000549932],[-70.79344328566944,44.47951831400649],[-70.79339953030373,44.47943632168137],[-70.79332057236452,44.479416892597726],[-70.79318104524137,44.47943975314025],[-70.79305093837358,44.47950085384855]]]},"properties":{"OBJECTID":"185","EGAD_SEQ":"","MAP_REFERENCE":"","FEATURE_NA":"EST WASTE AREA","POLYGON_TY":"LF WASTE AREA","EGAD_SITE_SEQ":"34,170","SITE_DESCR":"LANDFILL MUNICIPAL","LOCATION_A":"WITHIN 3M","LOCATION_M":"DIGITIZED","DATA_SOURC":"MDEP GIS UNIT","GlobalID":"{4416B33C-345C-45AB-85CD-F4482C3E63A2}","Shape_Length":"412.35","Shape_Area":"11,872.15"},"id":185},{"type":"Feature","geometry":{"type":"Polygon","coordinates":[[[-69.00633879037156,44.4886049761268],[-69.00629408470941,44.48855926719681],[-69.006249381803,44.48853869929598],[-69.00619829649956,44.488543272771416],[-69.00612486014828,44.48855927640171],[-69.00600672617092,44.48859356600659],[-69.00589817321155,44.488643855561],[-69.00578962016529,44.48870785798249],[-69.00557889843726,44.48882214923157],[-69.00548631135847,44.48890672093688],[-69.00544161803911,44.488989004497675],[-69.00549019691005,44.489208343966595],[-69.00557256213676,44.48934783828811],[-69.00570029291532,44.48947125410323],[-69.00583120891739,44.48952153137699],[-69.00601640561877,44.48956494826775],[-69.0061473175381,44.48957179867766],[-69.00634847210797,44.48954664572545],[-69.0064985350468,44.48948949691124],[-69.00662943775019,44.48940492217544],[-69.00669327683887,44.489238068923136],[-69.0067028402444,44.48909636077481],[-69.00662619174793,44.48895008696877],[-69.0065367853914,44.488911236307196],[-69.00640587014863,44.48886096073701],[-69.00636116150439,44.48879010898903],[-69.00635157301747,44.48869640002288],[-69.00633879037156,44.4886049761268]]]},"properties":{"OBJECTID":"186","EGAD_SEQ":"","MAP_REFERENCE":"","FEATURE_NA":"EST WASTE AREA","POLYGON_TY":"LF WASTE AREA","EGAD_SITE_SEQ":"29,213","SITE_DESCR":"LANDFILL MUNICIPAL","LOCATION_A":"WITHIN 3M","LOCATION_M":"DIGITIZED","DATA_SOURC":"MDEP GIS UNIT","GlobalID":"{F7D56AD4-5763-47E5-A1D4-8145655DC21E}","Shape_Length":"336.79","Shape_Area":"8,047.98"},"id":186},{"type":"Feature","geometry":{"type":"Polygon","coordinates":[[[-68.56748220983373,44.29318005113244],[-68.56741126366308,44.293155061933916],[-68.56728979070215,44.29313647423191],[-68.56721160854731,44.293159250140995],[-68.56711013231191,44.2932297312653],[-68.56704064458313,44.29331846206883],[-68.5670119369327,44.29347821214266],[-68.56699974970218,44.293575400581425],[-68.56702227025285,44.293633166622236],[-68.56709547557304,44.29366310909153],[-68.56720349760904,44.293638797868475],[-68.56732101191106,44.29357167342892],[-68.5674246988633,44.29351273698904],[-68.56747544374551,44.293476672097555],[-68.56752887064265,44.29338788022757],[-68.56753856840074,44.29331705130972],[-68.56753215617658,44.29325275342666],[-68.56748220983373,44.29318005113244]]]},"properties":{"OBJECTID":"187","EGAD_SEQ":"","MAP_REFERENCE":"","FEATURE_NA":"EST WASTE AREA","POLYGON_TY":"LF WASTE AREA","EGAD_SITE_SEQ":"29,754","SITE_DESCR":"LANDFILL MUNICIPAL","LOCATION_A":"WITHIN 3M","LOCATION_M":"DIGITIZED","DATA_SOURC":"MDEP GIS UNIT","GlobalID":"{C20FDB0B-EE46-4476-A6BA-A8936500B54F}","Shape_Length":"159.7","Shape_Area":"1,771.46"},"id":187},{"type":"Feature","geometry":{"type":"Polygon","coordinates":[[[-68.58928175720081,45.632120009230725],[-68.58907122997944,45.63212877784492],[-68.5888333738077,45.63216126238337],[-68.58868387939256,45.632179777417065],[-68.5884387815422,45.632274153376905],[-68.58835682508676,45.63234054060549],[-68.58828169395892,45.632402189079166],[-68.5883212419333,45.63256427367449],[-68.58841555471433,45.63266463635646],[-68.58851000853261,45.63274594809425],[-68.58857692162474,45.63287955319653],[-68.58869776599163,45.63306574505818],[-68.58882605980908,45.63316146733531],[-68.58910430758,45.633176757429176],[-68.58933516973674,45.63317282424739],[-68.58952606264002,45.633063961753564],[-68.58962907974445,45.63290238888945],[-68.58961041612783,45.63266893488389],[-68.58953750983126,45.632425760302205],[-68.58938324289792,45.63216800337933],[-68.58928175720081,45.632120009230725]]]},"properties":{"OBJECTID":"188","EGAD_SEQ":"","MAP_REFERENCE":"","FEATURE_NA":"EST WASTE AREA","POLYGON_TY":"LF WASTE AREA","EGAD_SITE_SEQ":"29,624","SITE_DESCR":"LANDFILL MUNICIPAL","LOCATION_A":"WITHIN 3M","LOCATION_M":"DIGITIZED","DATA_SOURC":"MDEP GIS UNIT","GlobalID":"{A5C03248-FD3C-4508-BFF5-7CFF284A1218}","Shape_Length":"356.84","Shape_Area":"9,178.31"},"id":188},{"type":"Feature","geometry":{"type":"Polygon","coordinates":[[[-69.85116040005478,44.71261035463107],[-69.85127601174119,44.71261407059477],[-69.85140645618193,44.71259968551777],[-69.85154261987437,44.71256000599192],[-69.85189183300162,44.71239068117992],[-69.85214930934981,44.71226857672954],[-69.85244067628145,44.71212112461186],[-69.85270800815478,44.711967411817625],[-69.85287970094663,44.711888041306324],[-69.85295468921474,44.711865414628576],[-69.8530358899678,44.71185189060828],[-69.85316081109843,44.71187881166133],[-69.85319283899082,44.711876500037285],[-69.85296000661296,44.7116931676142],[-69.85265142161336,44.711455777525515],[-69.85257365465974,44.71139204697343],[-69.85252205951547,44.711332924660056],[-69.85250633274705,44.71128088230708],[-69.8525151901435,44.711231949498725],[-69.85254169166181,44.711156272152344],[-69.85255299945852,44.71111077975917],[-69.85252825563059,44.71104915057696],[-69.85249838372987,44.71100153675641],[-69.85242473783951,44.71093055632989],[-69.8523091739454,44.710845665858194],[-69.85213291639354,44.71072126392377],[-69.85191502708744,44.71056686489306],[-69.85161663164041,44.7103591839073],[-69.85144341323685,44.71024287567605],[-69.85122681092504,44.710112639803334],[-69.8511166555233,44.710065001040896],[-69.85108056634684,44.7100582040383],[-69.85104171359184,44.710067077349514],[-69.8509997599614,44.7101004809229],[-69.85074535456054,44.71048307609317],[-69.85055233867722,44.71077885368183],[-69.85043440963265,44.710968186761214],[-69.8502267501233,44.71130364906119],[-69.84992382837058,44.71178099250682],[-69.84974576294809,44.712039999736234],[-69.84967504191991,44.712128216254214],[-69.84955956500698,44.712189295845484],[-69.84947385880409,44.712217775040386],[-69.84921987622317,44.7122468781771],[-69.84894912641033,44.712283672790214],[-69.84845247998173,44.71235643803114],[-69.84804884974295,44.71240999883156],[-69.84797999342415,44.712432547946136],[-69.84794496166161,44.71247541359357],[-69.84797501914245,44.71251008900634],[-69.84805064411879,44.71251505309452],[-69.84827289064772,44.71249864848203],[-69.84920188569725,44.71243661452643],[-69.8497512624528,44.71242115168243],[-69.85000921782654,44.712419422816424],[-69.85022797583298,44.7124269461639],[-69.85039518716049,44.7124379641691],[-69.85062534391776,44.712477003800906],[-69.85091952379037,44.71254253614739],[-69.8510400563403,44.71258043730126],[-69.85116040005478,44.71261035463107]]]},"properties":{"OBJECTID":"189","EGAD_SEQ":"","MAP_REFERENCE":"","FEATURE_NA":"PHASE 8A","POLYGON_TY":"LF WASTE AREA","EGAD_SITE_SEQ":"30,710","SITE_DESCR":"LANDFILL COMMERCIAL","LOCATION_A":"WITHIN 5M","LOCATION_M":"CAD","DATA_SOURC":"GOLDER ASSOCIATES","GlobalID":"{994D2C59-140A-4A1E-AC88-1EB4B3393962}","Shape_Length":"1,122.49","Shape_Area":"45,896.39"},"id":189},{"type":"Feature","geometry":{"type":"Polygon","coordinates":[[[-69.64877013560415,44.692040057056246],[-69.64864617861832,44.69201913467829],[-69.64849127341307,44.69199037035983],[-69.64836215873075,44.69196312035943],[-69.64826327275024,44.69193927348415],[-69.6482223516837,44.691929607611236],[-69.64807823032913,44.69190462285015],[-69.64785609303468,44.69186545518913],[-69.64738632433674,44.69179171748317],[-69.64716306071877,44.691758536058764],[-69.64697919014245,44.6917310897326],[-69.64659056166288,44.69166940510247],[-69.64654748485275,44.69166659986733],[-69.64644235743344,44.69168103978789],[-69.64637412744364,44.69171413353323],[-69.64632367402731,44.69175637841072],[-69.64629032882657,44.69180645847284],[-69.64617627123201,44.69225050313635],[-69.64615013504047,44.6923328682128],[-69.64609660181677,44.69252269879048],[-69.64598309834871,44.69294577526433],[-69.6458780879893,44.693298881866326],[-69.64586483871908,44.69337007311191],[-69.64586715301729,44.69338889035844],[-69.6458702426334,44.69341398870061],[-69.64663940468947,44.69353294484174],[-69.64763457254965,44.69365624897906],[-69.64877013560415,44.692040057056246]]]},"properties":{"OBJECTID":"190","EGAD_SEQ":"","MAP_REFERENCE":"","FEATURE_NA":"CELL 6","POLYGON_TY":"LF WASTE AREA","EGAD_SITE_SEQ":"30,714","SITE_DESCR":"LANDFILL SPECIAL WASTE","LOCATION_A":"WITHIN 3M","LOCATION_M":"DIGITIZED","DATA_SOURC":"MDEP GIS UNIT","GlobalID":"{21102FAC-A6EF-4FB0-87B9-35811875E176}","Shape_Length":"733.49","Shape_Area":"34,027.78"},"id":190},{"type":"Feature","geometry":{"type":"Polygon","coordinates":[[[-69.7114814263865,44.324832991370684],[-69.71149257334808,44.324662116499816],[-69.71156992429393,44.324500314754204],[-69.71167164258243,44.324167559282095],[-69.71173635105768,44.324053283690205],[-69.71194518817047,44.323833730140194],[-69.71217987701509,44.32356656480255],[-69.71240088830643,44.32326152770448],[-69.71251685200136,44.32301408395606],[-69.71256787967155,44.32286193933544],[-69.71258063869952,44.32282389956176],[-69.71254006691865,44.322748243109814],[-69.71244708819893,44.32271086650951],[-69.71219550432835,44.32267448426794],[-69.71208907791959,44.32261821293406],[-69.711967710629,44.322419698360775],[-69.71188760446873,44.322353775431665],[-69.711607292883,44.32212778532878],[-69.71136663333255,44.321901547587814],[-69.71116700465738,44.32178892362567],[-69.7110077115785,44.321732983117265],[-69.71078061913039,44.321535128911954],[-69.71052789478843,44.32140385862045],[-69.71046330130797,44.32152762111062],[-69.71026654140353,44.32165220547945],[-69.7099266833585,44.321967470905825],[-69.70973106861904,44.32218694138004],[-69.70946993590664,44.322454266004094],[-69.70912938810987,44.32271259213303],[-69.70872011592269,44.32275309785593],[-69.7083103876795,44.322755644761585],[-69.70812649525573,44.322851682695415],[-69.7080884438643,44.3229847666063],[-69.70810337452053,44.32312701300674],[-69.70802544508207,44.32324136581214],[-69.70781511215262,44.32333756622832],[-69.70756489945869,44.32341503321403],[-69.7074477700287,44.32356759041518],[-69.70741177669433,44.32387146320634],[-69.7074411766645,44.324118002424605],[-69.70761551675938,44.32432568093887],[-69.70798903324533,44.324608035227854],[-69.70845519031393,44.324899301065656],[-69.70876148176832,44.325087181030185],[-69.70910674020381,44.325217880720274],[-69.70938534053225,44.32530154856468],[-69.7095836064044,44.32530031075423],[-69.70999243286553,44.325221851760325],[-69.71019115512587,44.32525856661923],[-69.71049527401843,44.32526615996763],[-69.71080019758735,44.32534017327978],[-69.7109986928018,44.32535791346674],[-69.71127568739529,44.3253087360322],[-69.71137993530219,44.325184726202096],[-69.7114814263865,44.324832991370684]]]},"properties":{"OBJECTID":"191","EGAD_SEQ":"","MAP_REFERENCE":"","FEATURE_NA":"OLD LANDFILL","POLYGON_TY":"LF WASTE AREA","EGAD_SITE_SEQ":"27,293","SITE_DESCR":"LANDFILL MUNICIPAL","LOCATION_A":"WITHIN 3M","LOCATION_M":"CAD","DATA_SOURC":"WOODARD AND CURRAN","GlobalID":"{8EAD8511-77B2-4EED-B01D-3A093141483D}","Shape_Length":"1,331.44","Shape_Area":"108,767.44"},"id":191},{"type":"Feature","geometry":{"type":"Polygon","coordinates":[[[-69.82202137315018,43.94143593363986],[-69.8218077777968,43.94159719518004],[-69.8218365154283,43.94207520397872],[-69.82182945898408,43.94249905352886],[-69.82366914090194,43.942550039158135],[-69.82366927553964,43.94255004358975],[-69.82402832836158,43.9425631353689],[-69.823998314657,43.942200800697556],[-69.82429931997814,43.94177176688608],[-69.82430154734742,43.94145889214358],[-69.8240926594558,43.94144065046959],[-69.82365360454999,43.94141594477414],[-69.8233610880491,43.941405197696234],[-69.82300270930875,43.9413910455406],[-69.82273677899819,43.94136503879593],[-69.82250739014061,43.94132426094749],[-69.82216868904591,43.941264850344886],[-69.82202137315018,43.94143593363986]]]},"properties":{"OBJECTID":"192","EGAD_SEQ":"","MAP_REFERENCE":"","FEATURE_NA":"NEW SECURE LANDFILL","POLYGON_TY":"LF WASTE AREA","EGAD_SITE_SEQ":"27,522","SITE_DESCR":"LANDFILL MUNICIPAL","LOCATION_A":"WITHIN 3M","LOCATION_M":"CAD","DATA_SOURC":"SEVEE & MAHER ENGINEERS","GlobalID":"{86485055-29D2-4FD6-A855-8FB12EF68806}","Shape_Length":"625.53","Shape_Area":"23,617.74"},"id":192},{"type":"Feature","geometry":{"type":"Polygon","coordinates":[[[-70.12317348192914,43.73238471490241],[-70.12314768176837,43.73246410603999],[-70.12313322398019,43.73258904065301],[-70.12314984708374,43.73269236309675],[-70.1231898104309,43.73280915281801],[-70.12325449754829,43.73290135130707],[-70.12329921716034,43.732935913359384],[-70.12334796241763,43.73296130591672],[-70.12340723050133,43.73298811756864],[-70.12347256663888,43.73300269362679],[-70.12352714991611,43.73300367689335],[-70.12357325912929,43.73300018029102],[-70.12364840184826,43.732978136603265],[-70.1237670742445,43.73292674717267],[-70.12391644981767,43.73283396749211],[-70.12408445546924,43.73272730681349],[-70.12417536398746,43.732650321055516],[-70.12424942426308,43.73257045586001],[-70.1243151204155,43.7324921954514],[-70.12434350360544,43.7324386503174],[-70.1243593216876,43.732386752245304],[-70.1243588092662,43.73235936575856],[-70.12434315208492,43.73230777373784],[-70.12429990165006,43.73223971590125],[-70.1242463329446,43.73218089306042],[-70.12420144251136,43.73213719864331],[-70.12413548094526,43.73208914831409],[-70.12407601424657,43.732051688328006],[-70.1239828061844,43.7320054257426],[-70.12393006327073,43.73199072702828],[-70.12385846355635,43.73197773357378],[-70.12378501941471,43.731978455776485],[-70.12371174598243,43.73198830706362],[-70.12361567811831,43.73201360252862],[-70.12355321047735,43.73204008834483],[-70.12347849186514,43.732084955278594],[-70.12337919467515,43.73216202474693],[-70.12331304258137,43.732215940878],[-70.12322236115443,43.73230510053808],[-70.12317348192914,43.73238471490241]]]},"properties":{"OBJECTID":"193","EGAD_SEQ":"","MAP_REFERENCE":"","FEATURE_NA":"WASTE AREA","POLYGON_TY":"LF WASTE AREA","EGAD_SITE_SEQ":"28,472","SITE_DESCR":"LANDFILL MUNICIPAL","LOCATION_A":"WITHIN 3M","LOCATION_M":"DIGITIZED","DATA_SOURC":"SEVEE & MAHER ENGINEERS","GlobalID":"{EB50097E-2D6A-456F-B768-F01DDE1AA710}","Shape_Length":"324.73","Shape_Area":"7,902.7"},"id":193},{"type":"Feature","geometry":{"type":"Polygon","coordinates":[[[-69.06754759945962,44.42236757349144],[-69.06775471112152,44.42224294509984],[-69.06791921363128,44.42216858204258],[-69.06815070708089,44.4220417543375],[-69.06836702391831,44.42196735700355],[-69.0684370815284,44.42192799692857],[-69.06862285025376,44.42179791861461],[-69.0689060634872,44.42159242294307],[-69.06919842899379,44.42139565827791],[-69.06921970908117,44.421349774090004],[-69.06929258335008,44.42111710179613],[-69.06934414754298,44.42090519304419],[-69.06938048928917,44.420708582141295],[-69.06939863227468,44.42058624855479],[-69.0694045904314,44.42047266143018],[-69.06938930501379,44.42043117029841],[-69.06925206018494,44.42035261823643],[-69.06917560611096,44.4201364170989],[-69.0691359140244,44.420075281194094],[-69.06909621429915,44.420007589406545],[-69.06905961232941,44.41998358564634],[-69.0689132252694,44.41990503869837],[-69.06879428895728,44.41984394775636],[-69.06866008996826,44.41976320994992],[-69.06862658175751,44.41977633643284],[-69.0685108210258,44.41982445952458],[-69.06844989949565,44.41985507782175],[-69.06843778090128,44.41991624502363],[-69.06839213994178,44.41998180138295],[-69.0683678071499,44.42002550316444],[-69.06826426742963,44.42009764728577],[-69.06813626884413,44.42010646007764],[-69.0680021701396,44.42010872408642],[-69.06786197140453,44.42011099336285],[-69.06783457803382,44.42014377459487],[-69.06767626932567,44.42029676924754],[-69.06758188339374,44.4203787384306],[-69.0674478907718,44.42047710890749],[-69.06726214114707,44.42062356960831],[-69.06709772083674,44.42076564479316],[-69.06698201799536,44.420868376652884],[-69.06688458387681,44.42095143908421],[-69.06674751266581,44.42102360144993],[-69.06651905658049,44.421141684603136],[-69.06639721976418,44.42121274652784],[-69.0662845266558,44.42128052778074],[-69.06620229784365,44.421337365415766],[-69.06618708346747,44.421357032844725],[-69.06618102525913,44.42139198809848],[-69.06623291655406,44.42146185430265],[-69.06630615462699,44.42154044715287],[-69.06643432109811,44.42167798385],[-69.0664984305591,44.42176968822335],[-69.06655645498776,44.42186794837502],[-69.06661450808781,44.42199460434761],[-69.06665727752001,44.42207976700089],[-69.0667092035123,44.422180214718246],[-69.06679156108176,44.422236959222545],[-69.06687386528243,44.422245647422],[-69.06702933216765,44.42226521579865],[-69.06718175530334,44.42228697074403],[-69.06737077122537,44.4223283607149],[-69.06754759945962,44.42236757349144]]]},"properties":{"OBJECTID":"194","EGAD_SEQ":"","MAP_REFERENCE":"","FEATURE_NA":"WASTE BOUNDARY","POLYGON_TY":"LF WASTE AREA","EGAD_SITE_SEQ":"29,402","SITE_DESCR":"SLUDGE UTILIZATION SITE","LOCATION_A":"WITHIN 5M","LOCATION_M":"DIGITIZED","DATA_SOURC":"ROBERT G GERBER INC","GlobalID":"{CAF76E26-4044-4EFA-852D-2D0F2B984B6F}","Shape_Length":"827.99","Shape_Area":"42,766.3"},"id":194},{"type":"Feature","geometry":{"type":"Polygon","coordinates":[[[-70.91702611074611,43.37710845365119],[-70.91663882647757,43.37743425858564],[-70.91658509984958,43.377572005159664],[-70.91661029279923,43.3776628124933],[-70.916771581,43.377819766469564],[-70.91713705520586,43.37807755601956],[-70.9175064831066,43.37831898947069],[-70.91783845161751,43.37850565716825],[-70.91800985065592,43.378558172008425],[-70.91808980102584,43.378543798888145],[-70.91823102720736,43.3784892977556],[-70.91836305748511,43.3782850695286],[-70.91846415098054,43.378091134352225],[-70.91850211881795,43.377878710296066],[-70.9184467411405,43.3776808853355],[-70.91825255865312,43.377472357636755],[-70.91798402205016,43.377313950938834],[-70.91758267735189,43.37719361070294],[-70.91722203185604,43.37708887604191],[-70.91710564893313,43.377081054547524],[-70.91702611074611,43.37710845365119]]]},"properties":{"OBJECTID":"195","EGAD_SEQ":"","MAP_REFERENCE":"","FEATURE_NA":"EST WASTE BOUNDARY","POLYGON_TY":"LF WASTE AREA","EGAD_SITE_SEQ":"27,820","SITE_DESCR":"LANDFILL MUNICIPAL","LOCATION_A":"WITHIN 3M","LOCATION_M":"DIGITIZED","DATA_SOURC":"GZA","GlobalID":"{BC3B8E59-5741-41C5-A566-ED348A63E9DF}","Shape_Length":"479.5","Shape_Area":"15,948.05"},"id":195},{"type":"Feature","geometry":{"type":"Polygon","coordinates":[[[-70.87521066376922,43.64270181687406],[-70.87508783413475,43.64275811654109],[-70.87497469207436,43.642825565050835],[-70.8749238125676,43.64289199282155],[-70.87484872812443,43.64298143623425],[-70.8747953004959,43.64306599896882],[-70.87478106975091,43.64310920866572],[-70.87478566075308,43.64315663220455],[-70.87483226549247,43.64325312528401],[-70.87490045233695,43.643342480757674],[-70.87494876492534,43.64339370957505],[-70.87503082742879,43.64342855405748],[-70.87509620119597,43.64342748138683],[-70.87517402787172,43.64342620433667],[-70.87525864309048,43.64344290904932],[-70.87531653276402,43.64347640955674],[-70.87535222147021,43.64347794878812],[-70.87539984321741,43.64347006773968],[-70.87545007199937,43.643455043457855],[-70.87548465840239,43.64343530575776],[-70.87553483458474,43.64342170040662],[-70.87557092716376,43.64337956702075],[-70.87560802034268,43.643299072548615],[-70.87570604272129,43.64319681063799],[-70.8758063698694,43.643128574136846],[-70.87584769871076,43.643055514757535],[-70.87583596764057,43.642978806427124],[-70.87576431764623,43.642878199530934],[-70.87564838027652,43.64275570275518],[-70.87555634531105,43.64270066650357],[-70.87546473020845,43.64265919657604],[-70.87534035328686,43.64266576128296],[-70.87521066376922,43.64270181687406]]]},"properties":{"OBJECTID":"196","EGAD_SEQ":"","MAP_REFERENCE":"","FEATURE_NA":"SOLID WASTE BOUNDARY","POLYGON_TY":"LF WASTE AREA","EGAD_SITE_SEQ":"27,875","SITE_DESCR":"LANDFILL MUNICIPAL","LOCATION_A":"WITHIN 5M","LOCATION_M":"DIGITIZED","DATA_SOURC":"MDEP GIS UNIT","GlobalID":"{A1ABB500-6551-428E-B5A0-873917F81FF3}","Shape_Length":"271.03","Shape_Area":"5,443.74"},"id":196},{"type":"Feature","geometry":{"type":"Polygon","coordinates":[[[-69.68221565533896,44.43512551376057],[-69.68217215770987,44.43513069720265],[-69.68209872421743,44.43512456822457],[-69.68204361030334,44.4351166894925],[-69.68199541468992,44.43511205004761],[-69.68195883164996,44.435120479946264],[-69.68191556312517,44.43514536457068],[-69.68188375312653,44.43517018437105],[-69.68183597749925,44.43520166432263],[-69.68179251796428,44.43521013161747],[-69.6817397936532,44.43521044633554],[-69.68164101022303,44.43519297718599],[-69.6815423031734,44.43518207414417],[-69.68145043434167,44.435167844192584],[-69.68133115170237,44.43516198736409],[-69.68128322320528,44.43518033559875],[-69.68122904395602,44.435252900000656],[-69.68123509611983,44.43537928854832],[-69.681266500807,44.435517020660235],[-69.68134115566525,44.43562822096739],[-69.68140159755156,44.435700104327246],[-69.68146611032512,44.4357276299363],[-69.68144454278111,44.43584433237938],[-69.68138491736038,44.43584304779607],[-69.68138090753708,44.4358923287816],[-69.68141819710551,44.43594464400172],[-69.68149235292785,44.43601316126588],[-69.68158468110597,44.436066791029035],[-69.6816282558283,44.43606817489952],[-69.68175510750035,44.435936065921275],[-69.6818050049527,44.435889797932695],[-69.68191253898576,44.43587109362725],[-69.68202901450465,44.43583263588271],[-69.68217802092805,44.435831746004034],[-69.68223745405615,44.43581661200046],[-69.68225503864328,44.43574271724516],[-69.6823135231763,44.43565525490443],[-69.682370391884,44.435617152881264],[-69.6824101675184,44.43548884668557],[-69.6823955702449,44.43541669356246],[-69.68225155005884,44.43525500732566],[-69.68221565533896,44.43512551376057]]]},"properties":{"OBJECTID":"197","EGAD_SEQ":"","MAP_REFERENCE":"","FEATURE_NA":"LANDFILL AREA","POLYGON_TY":"LF WASTE AREA","EGAD_SITE_SEQ":"34,457","SITE_DESCR":"LANDFILL COMMERCIAL","LOCATION_A":"WITHIN 3M","LOCATION_M":"CAD","DATA_SOURC":"GZA","GlobalID":"{24D7FE55-2430-4FFC-8A1A-AEBA23B721C8}","Shape_Length":"343.53","Shape_Area":"6,620.97"},"id":197},{"type":"Feature","geometry":{"type":"Polygon","coordinates":[[[-67.63133139817924,44.66365529202303],[-67.63092966296796,44.66370764151248],[-67.6305938730039,44.66379412814414],[-67.63036485355045,44.66388189269565],[-67.6302411468332,44.664032850515134],[-67.63029862596343,44.66414310762641],[-67.6303845931654,44.664177484664954],[-67.63064417609344,44.66420918059766],[-67.63086282424554,44.66427849600359],[-67.63115100561971,44.66422954875522],[-67.63132473463574,44.664222103953335],[-67.63148556459934,44.664195447960935],[-67.63166686352344,44.66414998339021],[-67.63175563261841,44.664065298974535],[-67.63177155557858,44.66395592213569],[-67.63171996182425,44.66387908397338],[-67.63156260664067,44.66375810343155],[-67.63147075147855,44.66369030902196],[-67.63133139817924,44.66365529202303]]]},"properties":{"OBJECTID":"198","EGAD_SEQ":"","MAP_REFERENCE":"","FEATURE_NA":"EST WASTE AREA","POLYGON_TY":"LF WASTE AREA","EGAD_SITE_SEQ":"29,698","SITE_DESCR":"LANDFILL MUNICIPAL","LOCATION_A":"WITHIN 3M","LOCATION_M":"DIGITIZED","DATA_SOURC":"MDEP GIS UNIT","GlobalID":"{7CB8B139-A2FD-4A85-9C46-A1BC2EEC0871}","Shape_Length":"301.03","Shape_Area":"5,876.19"},"id":198},{"type":"Feature","geometry":{"type":"Polygon","coordinates":[[[-70.28072210081633,44.029440240490175],[-70.28081332832132,44.02943921501815],[-70.2808980271416,44.02942476209972],[-70.28097405173392,44.02940590198958],[-70.28109813066213,44.02937299427373],[-70.28125203634599,44.02933075392334],[-70.28132016379102,44.029307479559606],[-70.28141480872205,44.029265900944765],[-70.28144102897112,44.02925210085444],[-70.28146315409755,44.029229346010254],[-70.28148372475523,44.02918860092822],[-70.28149562242906,44.029143447838514],[-70.2814816001644,44.02899955546924],[-70.28134897175148,44.02872644258294],[-70.28123358706826,44.02860169381063],[-70.2810858449746,44.02844129243286],[-70.28103682715957,44.02837431670924],[-70.28096091111763,44.02827162902733],[-70.28080830367156,44.028084273474825],[-70.28073258108083,44.02799059045509],[-70.28069954462255,44.02795944716274],[-70.28064691698447,44.027924024489565],[-70.28058191323552,44.02789324221702],[-70.28051495555563,44.02788049038412],[-70.28047635985462,44.02788092299611],[-70.28043016196447,44.027890444189715],[-70.28035355195573,44.02791831478979],[-70.2802451668791,44.02795554212012],[-70.28012031140057,44.0280064625903],[-70.28003015165027,44.0280569941724],[-70.27992030300251,44.02811674696073],[-70.27986649571702,44.028153362440506],[-70.27979115036213,44.02820372786187],[-70.27976561116314,44.028231022325606],[-70.27977369840326,44.02826244268219],[-70.27986773504783,44.0284099441784],[-70.27999850739393,44.02861555330499],[-70.2801198289828,44.028834774154376],[-70.28017946460369,44.02892413614686],[-70.28028217901041,44.02905803406133],[-70.28045642189299,44.02927215974369],[-70.28051977129199,44.029334474271685],[-70.28055933701413,44.029379044094995],[-70.28058302382935,44.029392284555705],[-70.28068545442805,44.029422646350945],[-70.28072210081633,44.029440240490175]]]},"properties":{"OBJECTID":"199","EGAD_SEQ":"","MAP_REFERENCE":"","FEATURE_NA":"WASTE AREA","POLYGON_TY":"LF WASTE AREA","EGAD_SITE_SEQ":"28,328","SITE_DESCR":"LANDFILL SPECIAL WASTE","LOCATION_A":"WITHIN 3M","LOCATION_M":"DIGITIZED","DATA_SOURC":"MDEP GIS UNIT","GlobalID":"{0FA25205-1722-463A-990D-99F53B92EF79}","Shape_Length":"471.45","Shape_Area":"14,339.16"},"id":199},{"type":"Feature","geometry":{"type":"Polygon","coordinates":[[[-68.0791485852702,44.399812910440936],[-68.07913998365058,44.399780713510836],[-68.07913092060335,44.39974967422756],[-68.07912029706254,44.399719250760675],[-68.07910900357695,44.39968950880866],[-68.07910703226837,44.399665960357744],[-68.07910276758254,44.399638994838604],[-68.07909361200902,44.39961417667714],[-68.07908037360934,44.39958786443174],[-68.07906731984568,44.39955890863527],[-68.07905116476135,44.39953225236683],[-68.07903891201181,44.399505228735954],[-68.0790216257072,44.39947760093659],[-68.07900831205295,44.39945456871503],[-68.07899952357303,44.399426126255925],[-68.07898392502649,44.39940570173868],[-68.07897004155961,44.39939081700095],[-68.07894151107249,44.39937834124535],[-68.07891130061302,44.39937033535523],[-68.07887695473667,44.39937427260114],[-68.07886002084857,44.399389656949104],[-68.07884613985694,44.39939886565169],[-68.07883717346719,44.39940625580111],[-68.07883640512928,44.39940672495495],[-68.0788323332703,44.3994092543264],[-68.07883617543328,44.39940575799653],[-68.07883640512928,44.39940672495495],[-68.0788394552186,44.399403289758105],[-68.07883812523248,44.39940354011424],[-68.07883843426754,44.39940313207657],[-68.07883869752722,44.39940252020526],[-68.07883217570644,44.399406811481875],[-68.07881116397279,44.39942014359365],[-68.07880478839186,44.39944304404509],[-68.07877929959132,44.39947224268049],[-68.07876496826489,44.39949478276654],[-68.07876886964647,44.39952288332919],[-68.07877546486644,44.39954992617736],[-68.07878917540093,44.39957775114441],[-68.07881615549995,44.39959852496658],[-68.07883968842282,44.39960890689613],[-68.0788589311215,44.39962188935515],[-68.07887894597633,44.39963760140114],[-68.07889448420886,44.3996517072435],[-68.07890818135249,44.39966750517696],[-68.07891435513487,44.39968859913391],[-68.07891054073338,44.39971129427328],[-68.07890499646983,44.39973723539471],[-68.07890404062344,44.39976053967251],[-68.07891343321698,44.39978305322918],[-68.07893533527964,44.399804063358204],[-68.07895462983458,44.39981974887514],[-68.07896148988455,44.3998270379876],[-68.07896142914682,44.39982810793694],[-68.07896839359537,44.39982954333591],[-68.07899633030375,44.399855628409156],[-68.07903255552321,44.3998639879731],[-68.07907019533728,44.39986566441066],[-68.07911111768598,44.399860295561815],[-68.07914546223572,44.39984429171216],[-68.0791485852702,44.399812910440936]]]},"properties":{"OBJECTID":"200","EGAD_SEQ":"","MAP_REFERENCE":"","FEATURE_NA":"DUMP","POLYGON_TY":"LF WASTE AREA","EGAD_SITE_SEQ":"33,455","SITE_DESCR":"UNCONTROLLED SITE, NPL","LOCATION_A":"WITHIN 3M","LOCATION_M":"GPS MAPPING GRADE","DATA_SOURC":"MDEP GIS UNIT","GlobalID":"{E8D500F2-E1B7-46A2-BBCE-1586840BDEB4}","Shape_Length":"139.12","Shape_Area":"941.39"},"id":200},{"type":"Feature","geometry":{"type":"Polygon","coordinates":[[[-70.53250934443483,43.48186005527121],[-70.53252721470808,43.48177200538975],[-70.53254564468354,43.48170589923079],[-70.53255328519012,43.48161067060514],[-70.53256185162464,43.48155201614899],[-70.5325304178165,43.48150121560683],[-70.53240635475984,43.48136384372477],[-70.53234423108485,43.48129150418008],[-70.5322832181547,43.48126305037482],[-70.53215317919182,43.48128674451302],[-70.53201198619175,43.48126668551779],[-70.53198092273098,43.481230514312706],[-70.53190783056088,43.481121729525285],[-70.53182617164734,43.481071601801894],[-70.5317244198115,43.481021743238955],[-70.53152147105862,43.48094396963812],[-70.53123815941005,43.48086727121332],[-70.53085383925526,43.48076997440069],[-70.53044998137723,43.48069488908878],[-70.53005727812946,43.48066355732419],[-70.52972540176604,43.48065336512984],[-70.52965489856184,43.48064698814056],[-70.52955554754476,43.480692226237764],[-70.52945749440275,43.48078866433137],[-70.52928856352737,43.48086409747988],[-70.52901972678512,43.48096282329568],[-70.52871052584456,43.48105476876706],[-70.52850997857563,43.48107208391624],[-70.52846140899058,43.48113859241044],[-70.5282307272455,43.48115631086649],[-70.52785083480315,43.48123456454223],[-70.52782309252083,43.48133006242281],[-70.52761324041985,43.48137677106575],[-70.52745250706649,43.48137891877781],[-70.52728301909114,43.48143240517027],[-70.52690348965854,43.481525285303384],[-70.52656432620296,43.48162494463578],[-70.52639539424948,43.48170037352005],[-70.52608967968469,43.481931299428275],[-70.52591253796957,43.48208001306805],[-70.52585391983834,43.48214665457403],[-70.52585723438868,43.48227832492672],[-70.52586128557901,43.48243925705365],[-70.52591464578171,43.482562942633685],[-70.52609878868232,43.482692200062395],[-70.5262617359381,43.48277783411236],[-70.52638339221095,43.48282011499088],[-70.52667491099834,43.482823539056774],[-70.52707638304611,43.482803543348275],[-70.52734743817912,43.48279260459734],[-70.52756789829684,43.48276770502686],[-70.52774817221948,43.4827433456831],[-70.5278983109785,43.482719385219426],[-70.52821904570898,43.482685826483795],[-70.52849940714515,43.482645490788656],[-70.52888060281191,43.482618442168906],[-70.52918142733989,43.48259246468229],[-70.52953303503652,43.48258776089193],[-70.5298543232141,43.482576144992734],[-70.53013542654925,43.48256506606183],[-70.53060721608553,43.482544115846004],[-70.53101909902323,43.48253860044885],[-70.53135080104157,43.48254147442601],[-70.53148195189698,43.48256166876033],[-70.53165291792968,43.482566698655596],[-70.53176360812667,43.48257253234574],[-70.53189346507615,43.48254152161362],[-70.53203170283341,43.482444542037165],[-70.53217943522989,43.48232548111086],[-70.53227693652677,43.48220709327539],[-70.53237425253724,43.482081391062685],[-70.53247119457691,43.48194105932554],[-70.53250934443483,43.48186005527121]]]},"properties":{"OBJECTID":"201","EGAD_SEQ":"","MAP_REFERENCE":"","FEATURE_NA":"WASTE AREA","POLYGON_TY":"LF WASTE AREA","EGAD_SITE_SEQ":"34,136","SITE_DESCR":"LANDFILL MUNICIPAL","LOCATION_A":"WITHIN 3M","LOCATION_M":"DIGITIZED","DATA_SOURC":"MDEP GIS UNIT","GlobalID":"{2790D83F-53B6-4735-9C5E-2D4A1BEA7CAB}","Shape_Length":"1,309.1","Shape_Area":"88,237.73"},"id":201},{"type":"Feature","geometry":{"type":"Polygon","coordinates":[[[-70.18166750436667,44.04632915259106],[-70.18168066421372,44.046312807700076],[-70.18169818540851,44.0462899325658],[-70.18176685964232,44.046127122784405],[-70.18184245903812,44.04586050086441],[-70.18190111567705,44.045645923496664],[-70.1818767109957,44.04554891794912],[-70.18181212364664,44.04546529654613],[-70.18172050709434,44.04537871168707],[-70.18155628532392,44.0452572207512],[-70.1813966237947,44.045138922731525],[-70.18132683502073,44.045019694276306],[-70.18130892747863,44.0450231197649],[-70.1810986920068,44.045073927935434],[-70.180947065394,44.045133853516695],[-70.18079576791081,44.04520998426679],[-70.18065736363069,44.04525680343675],[-70.1806897226062,44.045301855011],[-70.18085060677336,44.045481739752965],[-70.18092443953552,44.0455782318862],[-70.181020031479,44.04563884116993],[-70.18115221568988,44.04573148688666],[-70.18123953000222,44.04582784212401],[-70.18135881791036,44.045949801772444],[-70.18151951250837,44.04611995846678],[-70.18161138396911,44.0462195092952],[-70.18166750436667,44.04632915259106]]]},"properties":{"OBJECTID":"202","EGAD_SEQ":"","MAP_REFERENCE":"","FEATURE_NA":"SLUDGE BED 2","POLYGON_TY":"LF WASTE AREA","EGAD_SITE_SEQ":"32,844","SITE_DESCR":"LANDFILL SPECIAL WASTE","LOCATION_A":"WITHIN 30M","LOCATION_M":"CAD","DATA_SOURC":"WOODARD AND CURRAN","GlobalID":"{3436308E-3E2E-4EDE-B864-D39BCD092540}","Shape_Length":"368.93","Shape_Area":"6,779.95"},"id":202},{"type":"Feature","geometry":{"type":"Polygon","coordinates":[[[-69.60441078294792,44.595626175963794],[-69.60399654827339,44.59603414794237],[-69.60387957331751,44.59628392946876],[-69.60405218830138,44.596596250787975],[-69.6042129974648,44.596730660897556],[-69.60467100026779,44.59669976003292],[-69.60499763835728,44.59649158079365],[-69.6051804322201,44.595864143978744],[-69.60551377301259,44.59534269440677],[-69.60599595556194,44.59476350123703],[-69.60636994770593,44.594320140355414],[-69.60681478188432,44.5939831866437],[-69.60702117944392,44.593711569080206],[-69.60698943957098,44.59353376428709],[-69.60667860330277,44.59334320484055],[-69.60649839190195,44.593258733955984],[-69.60622040595753,44.5933527562187],[-69.60593349316122,44.59354649075325],[-69.60564805596066,44.593882595881915],[-69.60554201755501,44.594224867554466],[-69.60522690870083,44.594582486589566],[-69.60501998265835,44.59480427088818],[-69.6049034588705,44.595096764680065],[-69.60470686206325,44.5953540880097],[-69.60459897017172,44.5955183951065],[-69.60441078294792,44.595626175963794]]]},"properties":{"OBJECTID":"203","EGAD_SEQ":"","MAP_REFERENCE":"","FEATURE_NA":"EST WASTE AREA","POLYGON_TY":"LF WASTE AREA","EGAD_SITE_SEQ":"29,454","SITE_DESCR":"LANDFILL MUNICIPAL","LOCATION_A":"WITHIN 5M","LOCATION_M":"DIGITIZED","DATA_SOURC":"MDEP GIS UNIT","GlobalID":"{1C8C5D95-05A9-4738-9806-8228E6FDEF16}","Shape_Length":"956.55","Shape_Area":"28,876.52"},"id":203},{"type":"Feature","geometry":{"type":"Polygon","coordinates":[[[-70.28474932801615,43.61733629506744],[-70.28486128119957,43.617447821710066],[-70.28547672791392,43.61783232386301],[-70.28568960536539,43.61796593322912],[-70.28596147095028,43.61808229318589],[-70.28609020420221,43.61812396495427],[-70.28615874493798,43.61812651350794],[-70.28622208585927,43.61809926326221],[-70.28639165755753,43.61791491046958],[-70.28657337316245,43.6177382587147],[-70.28676119349363,43.61756559604668],[-70.28694159197796,43.61733467519155],[-70.28710279425272,43.617072551636134],[-70.28722334418417,43.61693206514755],[-70.28742834934131,43.616696376093515],[-70.28757360248854,43.61655560738176],[-70.28767643454297,43.61650060682054],[-70.28778085638496,43.616472892898514],[-70.28789975046166,43.61648150544371],[-70.28800544526649,43.616513485227216],[-70.28819479143075,43.61661418436215],[-70.28850844355642,43.616763238089796],[-70.28890005531426,43.61692799725635],[-70.28929707923483,43.61713249892292],[-70.28941675565652,43.617177588884175],[-70.28946703579946,43.61718034054741],[-70.28952138924829,43.61715982311004],[-70.28965556340049,43.617028941598114],[-70.2898430253142,43.61682779643703],[-70.29008041605812,43.616612819146496],[-70.29023691523427,43.61645846364051],[-70.29057294782272,43.61615944492745],[-70.2907964967645,43.61593798916696],[-70.29103794835042,43.6156997426759],[-70.29111862108147,43.615629172866115],[-70.29114929368276,43.615569117234536],[-70.29113382737933,43.61548636415183],[-70.29102271429859,43.61541464084715],[-70.29087901551597,43.61531343176648],[-70.2907355275652,43.615222171349174],[-70.28915139525044,43.61437427315145],[-70.28868599057296,43.614173856208225],[-70.2885394315503,43.614152289840334],[-70.28841739768262,43.61421005847431],[-70.28741685406602,43.615034032132336],[-70.28649901478212,43.615883606325724],[-70.28641939692378,43.616003920740724],[-70.28639186190075,43.61612365435518],[-70.28624952319056,43.61636825177757],[-70.28612048567491,43.616544803753875],[-70.2859567964289,43.61671102436778],[-70.28587941668471,43.61677264582224],[-70.28577668197734,43.61679881645119],[-70.28564452085108,43.61682888986251],[-70.28555654025872,43.616854894341216],[-70.28536636219444,43.61693207429294],[-70.2851235335404,43.617077743296484],[-70.28491452283885,43.617194445713906],[-70.28479802654826,43.6172672245178],[-70.28474932801615,43.61733629506744]]]},"properties":{"OBJECTID":"204","EGAD_SEQ":"","MAP_REFERENCE":"","FEATURE_NA":"ESTIMATED WASTE BOUNDARY","POLYGON_TY":"LF WASTE AREA","EGAD_SITE_SEQ":"27,703","SITE_DESCR":"LANDFILL MUNICIPAL","LOCATION_A":"WITHIN 3M","LOCATION_M":"DIGITIZED","DATA_SOURC":"RANSOM","GlobalID":"{0184B517-CE44-4D91-BD45-D384765AC43C}","Shape_Length":"1,505.28","Shape_Area":"95,008.74"},"id":204},{"type":"Feature","geometry":{"type":"Polygon","coordinates":[[[-70.3701168787365,44.099905160916705],[-70.37026366727642,44.099869672125855],[-70.37034950937242,44.09984529327555],[-70.37040565249796,44.09978235043451],[-70.37046012156532,44.09964679017942],[-70.3703977394937,44.09943998893641],[-70.37026139536795,44.09930412664224],[-70.37010279333155,44.099295651913316],[-70.3697639952521,44.099278963439524],[-70.36941824376535,44.09927273448863],[-70.36929959489089,44.09927934811731],[-70.36910979464369,44.09932313542986],[-70.36904938980243,44.09935758475192],[-70.36899059987651,44.09946206732412],[-70.36897752426482,44.099519299353254],[-70.3690489595974,44.09965075525351],[-70.36916598892954,44.09972977878127],[-70.3693695220425,44.09981295110127],[-70.36963021663398,44.09987727719971],[-70.3698215105744,44.099898329757764],[-70.3701168787365,44.099905160916705]]]},"properties":{"OBJECTID":"205","EGAD_SEQ":"","MAP_REFERENCE":"","FEATURE_NA":"DEMOLITION DEBRIS-STUMP AREA","POLYGON_TY":"LF WASTE AREA","EGAD_SITE_SEQ":"28,564","SITE_DESCR":"LANDFILL MUNICIPAL","LOCATION_A":"WITHIN 3M","LOCATION_M":"CAD","DATA_SOURC":"HARDING LAWSON","GlobalID":"{B3036978-210E-41F3-B984-06359DBD9182}","Shape_Length":"312.58","Shape_Area":"6,746.4"},"id":205},{"type":"Feature","geometry":{"type":"Polygon","coordinates":[[[-70.0871251603073,44.11800415293131],[-70.08717240383507,44.11790043579317],[-70.08723532661652,44.11775821546642],[-70.08732157180641,44.117547913647485],[-70.08730652850555,44.11739758423274],[-70.08726314454356,44.11726522679145],[-70.08714535203025,44.117095220835886],[-70.08699453122078,44.11691077897294],[-70.0868561084384,44.1167321178929],[-70.08672128825427,44.11652686811018],[-70.08666298883864,44.116474315984355],[-70.08657225432484,44.11643977458478],[-70.08646913288572,44.11639944927673],[-70.08638739739122,44.11640907773783],[-70.08632624690308,44.11642441203438],[-70.08623654074022,44.11644591677681],[-70.0861174155351,44.11642639773852],[-70.08602302149428,44.11641549097964],[-70.0859739939786,44.11642185961606],[-70.08592625814256,44.11649902400617],[-70.08588553820441,44.11673544902815],[-70.08584196710603,44.117039757901566],[-70.08585312929137,44.11720192770399],[-70.08593309342366,44.11731918519086],[-70.08606617842908,44.117430035049864],[-70.0863555720076,44.11757775863509],[-70.08668165852801,44.117716278621536],[-70.08685521019004,44.117800190147335],[-70.08694217297763,44.1178524694348],[-70.0870881994277,44.11799860302135],[-70.08711718592251,44.11801602940856],[-70.0871251603073,44.11800415293131]]]},"properties":{"OBJECTID":"206","EGAD_SEQ":"","MAP_REFERENCE":"","FEATURE_NA":"WASTE BOUNDARY","POLYGON_TY":"LF WASTE AREA","EGAD_SITE_SEQ":"28,631","SITE_DESCR":"LANDFILL MUNICIPAL","LOCATION_A":"WITHIN 5M","LOCATION_M":"DIGITIZED","DATA_SOURC":"MDEP GIS UNIT","GlobalID":"{A4630788-3C48-4EA8-9A8B-CE4E3A3DD1D3}","Shape_Length":"471.22","Shape_Area":"12,973.82"},"id":206},{"type":"Feature","geometry":{"type":"Polygon","coordinates":[[[-69.19090495023069,44.14541663098238],[-69.19020001052452,44.14546261430749],[-69.18953536487611,44.14554502483538],[-69.18979576803821,44.1457947207264],[-69.18999967377867,44.145999274814095],[-69.19019918211372,44.14598497334814],[-69.1906686345786,44.145881744302066],[-69.1909516962986,44.14570698065071],[-69.19115004756223,44.145620833287936],[-69.19136983903637,44.14559385523335],[-69.19138885887595,44.14547607758066],[-69.19116601280939,44.14541458375326],[-69.19090495023069,44.14541663098238]]]},"properties":{"OBJECTID":"207","EGAD_SEQ":"","MAP_REFERENCE":"","FEATURE_NA":"AREA 8","POLYGON_TY":"LF WASTE AREA","EGAD_SITE_SEQ":"38,321","SITE_DESCR":"LANDFILL SPECIAL WASTE","LOCATION_A":"WITHIN 3M","LOCATION_M":"DIGITIZED","DATA_SOURC":"MDEP GIS UNIT","GlobalID":"{145DADA2-74D7-4482-9BA4-9F0DD992173A}","Shape_Length":"347.81","Shape_Area":"5,695.39"},"id":207},{"type":"Feature","geometry":{"type":"Polygon","coordinates":[[[-69.65262329576039,45.44010619749073],[-69.65266262028149,45.44003051179821],[-69.65266717889503,45.439970658106375],[-69.65266937710916,45.43984182069276],[-69.6525509417707,45.439641269248575],[-69.6524875846932,45.43956931432563],[-69.65229482376019,45.4395075308448],[-69.65209752368068,45.43943948558571],[-69.65192262704139,45.43937759948479],[-69.65170761050314,45.43932223120182],[-69.6515821659638,45.4392883605117],[-69.65145557945392,45.43928590332828],[-69.65132652087232,45.43932207002581],[-69.6511897407534,45.43934090550321],[-69.65106599599572,45.439454802433],[-69.6510220230594,45.439514792510195],[-69.65110677698316,45.43958519417979],[-69.65154964541827,45.439700770458636],[-69.65191987992532,45.439838402185984],[-69.65209809204124,45.43987652588595],[-69.65223729942706,45.439941759649315],[-69.65228941818883,45.44011684938741],[-69.65235301405608,45.44014791581712],[-69.65239042936985,45.44016603404468],[-69.65241652451398,45.440171121916215],[-69.65250952128646,45.44016105387628],[-69.65257028341277,45.440156807406254],[-69.65262329576039,45.44010619749073]]]},"properties":{"OBJECTID":"208","EGAD_SEQ":"","MAP_REFERENCE":"","FEATURE_NA":"ACTIVE AREA","POLYGON_TY":"LF WASTE AREA","EGAD_SITE_SEQ":"29,567","SITE_DESCR":"LANDFILL MUNICIPAL","LOCATION_A":"WITHIN 30M","LOCATION_M":"CAD","DATA_SOURC":"CES ENGINEERS & SURVEYORS","GlobalID":"{5E5BF9C9-781E-4385-A6F2-9E2C1731BF08}","Shape_Length":"354.34","Shape_Area":"5,932.07"},"id":208},{"type":"Feature","geometry":{"type":"Polygon","coordinates":[[[-70.54621686702072,43.98900094360953],[-70.54615725160185,43.98899222219758],[-70.54605879606414,43.989012611338055],[-70.54594129381225,43.98906184487165],[-70.54582589319949,43.98919204270006],[-70.54572929169349,43.98928387191561],[-70.54569342202177,43.98942728635498],[-70.54566340500726,43.98954203577351],[-70.54551563678739,43.98969649333698],[-70.54531097082649,43.98994700614917],[-70.5450919966416,43.99015483428956],[-70.544961173437,43.99019948147634],[-70.54490155697881,43.990190759425545],[-70.5447550693861,43.99014033336646],[-70.54458108283906,43.99004739931006],[-70.54452818474262,43.9900433499275],[-70.54444976538,43.99007299688465],[-70.54432677424423,43.990165181683544],[-70.54427622416233,43.990251622490696],[-70.54421359123667,43.99038110532965],[-70.54413042794047,43.99048227982881],[-70.54408696603889,43.990587682246264],[-70.54414782039007,43.990644031311234],[-70.54426705655239,43.990661477023224],[-70.54442537935515,43.99065933667293],[-70.5445052819831,43.990686842206856],[-70.54449967308227,43.99072503215769],[-70.5445073821419,43.99076780664806],[-70.5445677416645,43.9908051055692],[-70.54474210111509,43.990912327495515],[-70.54492206982374,43.990981358278646],[-70.5451535759444,43.99100204837617],[-70.54527194787268,43.99098615431328],[-70.54550894003269,43.99096389166403],[-70.54584438828594,43.99092123784708],[-70.54609444945957,43.99089403252981],[-70.54631028868647,43.99081964568272],[-70.54647310612931,43.990736448820094],[-70.54663555196304,43.99063896294945],[-70.54681617916654,43.990479295335625],[-70.54696880948589,43.99025807033689],[-70.54706244078051,43.99005193615443],[-70.54711636513875,43.98984157685083],[-70.54709797498136,43.989641724297314],[-70.54700776351918,43.98947143109252],[-70.54686440883526,43.98928756452332],[-70.54657654782582,43.989129475461084],[-70.54621686702072,43.98900094360953]]]},"properties":{"OBJECTID":"209","EGAD_SEQ":"","MAP_REFERENCE":"","FEATURE_NA":"EST WASTE AREA","POLYGON_TY":"LF WASTE AREA","EGAD_SITE_SEQ":"28,460","SITE_DESCR":"LANDFILL MUNICIPAL","LOCATION_A":"WITHIN 3M","LOCATION_M":"DIGITIZED","DATA_SOURC":"MDEP GIS UNIT","GlobalID":"{A5E7D3F4-3271-4964-A71F-6C20E92C4B16}","Shape_Length":"748.94","Shape_Area":"30,593.14"},"id":209},{"type":"Feature","geometry":{"type":"Polygon","coordinates":[[[-70.03036806422313,43.893063094988776],[-70.03047822661047,43.89333843801209],[-70.03046109330364,43.89349105444641],[-70.03050851981736,43.89356685769312],[-70.0306009083663,43.8935755529696],[-70.03093678287595,43.893567758359374],[-70.03112658360418,43.893494580405424],[-70.03125018212457,43.89340293987201],[-70.0313408439312,43.89331159829318],[-70.0314839571084,43.89320548901646],[-70.03163217593433,43.89301357396586],[-70.03167557352157,43.892855955496124],[-70.03171847741973,43.892669755863075],[-70.0317675574773,43.89245967775481],[-70.03193635793897,43.89231522091186],[-70.03208556168921,43.89218046935827],[-70.03228597958206,43.891959494529175],[-70.0324342763484,43.89177234241504],[-70.03245856790876,43.89165301218823],[-70.03239088522687,43.89154880623923],[-70.03211883621337,43.891436917876064],[-70.03159647743547,43.8913272889656],[-70.03126670870121,43.89130644389527],[-70.03101038445982,43.89134210732177],[-70.03068909308968,43.8914307663048],[-70.03031584305359,43.89156277176261],[-70.02997552559546,43.891694479151454],[-70.02979873889966,43.89175801029036],[-70.02958152459333,43.8917694971414],[-70.02954973805771,43.89183648509634],[-70.0295839868133,43.89191240658344],[-70.0297761671154,43.89197737722264],[-70.02997277908509,43.89229958612601],[-70.03007635050764,43.8925749898857],[-70.03005995537629,43.89277047847699],[-70.03016798055235,43.89292196654826],[-70.0302742814865,43.89297341731103],[-70.03036806422313,43.893063094988776]]]},"properties":{"OBJECTID":"210","EGAD_SEQ":"","MAP_REFERENCE":"","FEATURE_NA":"EST WASTE AREA","POLYGON_TY":"LF WASTE AREA","EGAD_SITE_SEQ":"28,380","SITE_DESCR":"LANDFILL MUNICIPAL","LOCATION_A":"WITHIN 3M","LOCATION_M":"DIGITIZED","DATA_SOURC":"MDEP GIS UNIT","GlobalID":"{630C8C3B-7D7A-4070-B6F1-FCD462FC377E}","Shape_Length":"769.38","Shape_Area":"34,076.01"},"id":210},{"type":"Feature","geometry":{"type":"Polygon","coordinates":[[[-69.22946078403702,43.97144017724189],[-69.22931784217484,43.97140215948231],[-69.22915456152903,43.971378917550986],[-69.22889334317922,43.97134997518855],[-69.22851795875918,43.97133893998611],[-69.2283711217615,43.97134807324139],[-69.22823250188269,43.971371923311196],[-69.22806946604557,43.97141349772641],[-69.22801248604812,43.971448970200385],[-69.2279760293628,43.97151681089266],[-69.22799263771466,43.97159338269165],[-69.22801762483002,43.97172592186342],[-69.22807114611072,43.97185251125043],[-69.22810821562788,43.971943778301316],[-69.22814926290465,43.97200851743096],[-69.22823518741482,43.97207316781503],[-69.22834966759903,43.972137760170256],[-69.22853766735696,43.972222828926455],[-69.22867256412964,43.9722903269825],[-69.2288523033685,43.97234889538738],[-69.22894615106671,43.97235165425018],[-69.22903582899569,43.9723308509939],[-69.22910499265505,43.97228062377489],[-69.2291944878654,43.972212676357735],[-69.22923502400918,43.972144827101054],[-69.22925927737289,43.97208585018832],[-69.22936529664791,43.9720709049089],[-69.22950390634743,43.97204410752547],[-69.22954460340529,43.97201750941282],[-69.22954860437433,43.97199687513561],[-69.2294912124988,43.97192627561095],[-69.22942558429999,43.97183506995533],[-69.22943345018447,43.97175844652741],[-69.22946588542675,43.97170534596381],[-69.22951059082895,43.97166105773325],[-69.22957149536951,43.971584327748104],[-69.22957952630863,43.97155190242066],[-69.2295507781742,43.97150187160732],[-69.22946078403702,43.97144017724189]]]},"properties":{"OBJECTID":"211","EGAD_SEQ":"","MAP_REFERENCE":"","FEATURE_NA":"WASTE BOUNDARY","POLYGON_TY":"LF WASTE AREA","EGAD_SITE_SEQ":"29,578","SITE_DESCR":"LANDFILL MUNICIPAL","LOCATION_A":"WITHIN 5M","LOCATION_M":"DIGITIZED","DATA_SOURC":"MDEP GIS UNIT","GlobalID":"{BCD49C27-01C1-4EE3-B6A4-F510B90C4292}","Shape_Length":"399.49","Shape_Area":"10,637.19"},"id":211},{"type":"Feature","geometry":{"type":"Polygon","coordinates":[[[-69.84522975232993,44.710174599411545],[-69.84368561664871,44.7095664920621],[-69.84239882093772,44.71085713662154],[-69.84355283081531,44.71152302568895],[-69.84522975232993,44.710174599411545]]]},"properties":{"OBJECTID":"212","EGAD_SEQ":"","MAP_REFERENCE":"","FEATURE_NA":"PHASE 11B","POLYGON_TY":"LF WASTE AREA","EGAD_SITE_SEQ":"30,710","SITE_DESCR":"LANDFILL COMMERCIAL","LOCATION_A":"WITHIN 5M","LOCATION_M":"CAD","DATA_SOURC":"GOLDER ASSOCIATES","GlobalID":"{A09F2D27-BC4B-4480-B138-CF490D8FDD58}","Shape_Length":"633.46","Shape_Area":"23,971.67"},"id":212},{"type":"Feature","geometry":{"type":"Polygon","coordinates":[[[-69.66647820721562,44.03505987380362],[-69.66643681370336,44.034924422697216],[-69.66612596591924,44.034823626904476],[-69.6658572574792,44.034806014115865],[-69.66545255458233,44.03487070365599],[-69.66523946730325,44.034834546991675],[-69.66509702366761,44.03493414936458],[-69.6649424177851,44.03513499033396],[-69.66483834317786,44.035337937372326],[-69.6648399402755,44.035361902423006],[-69.66488803674864,44.03538367735041],[-69.66498414369427,44.03541908133772],[-69.66512144021263,44.03550075270427],[-69.66532614410347,44.035619428954725],[-69.66545673020013,44.03569490501421],[-69.66566643093513,44.03578478557711],[-69.66599567769104,44.0358662971399],[-69.66615348854818,44.03595168313841],[-69.666230608969,44.03597712373191],[-69.66653336781906,44.036067419785795],[-69.66665080112186,44.036107967658396],[-69.66672961939572,44.036142989364244],[-69.66675232498027,44.03615244821886],[-69.66677088076686,44.03614754380153],[-69.66678266214582,44.03613117253007],[-69.66678780640665,44.03611579975816],[-69.66678068665563,44.03607364762204],[-69.66677230646471,44.03603773411692],[-69.666723033889,44.03579252955091],[-69.66667984666059,44.03561585239177],[-69.66655402256832,44.03530109089704],[-69.66653892996598,44.035258982552286],[-69.66647820721562,44.03505987380362]]]},"properties":{"OBJECTID":"213","EGAD_SEQ":"","MAP_REFERENCE":"","FEATURE_NA":"APPROXIMATE WASTE LIMIT","POLYGON_TY":"LF WASTE AREA","EGAD_SITE_SEQ":"29,560","SITE_DESCR":"LANDFILL MUNICIPAL","LOCATION_A":"WITHIN 5M","LOCATION_M":"CAD","DATA_SOURC":"WOODARD AND CURRAN","GlobalID":"{A73FEC57-DA86-476E-8325-D0C29C6EE6B0}","Shape_Length":"486.81","Shape_Area":"13,945.13"},"id":213},{"type":"Feature","geometry":{"type":"Polygon","coordinates":[[[-67.4393126854244,45.186481648433336],[-67.43885870115149,45.18603834921392],[-67.43837531764449,45.18555881860826],[-67.43820763438839,45.18539171662962],[-67.43814744589658,45.185369397415194],[-67.43803524850911,45.18539652393339],[-67.43780869275264,45.18552956913734],[-67.43718142913744,45.18586492966081],[-67.43663636288623,45.18615841758484],[-67.4358442780628,45.186591829218706],[-67.43523823042133,45.18689164036824],[-67.43467465413282,45.18712037469786],[-67.43448977869785,45.18721099188326],[-67.43444808507364,45.18725341211281],[-67.43443658142476,45.1873034151778],[-67.43449539067335,45.18737587462133],[-67.43490204400551,45.1876967293458],[-67.43553578556238,45.18823565989463],[-67.43570425404025,45.188374112532365],[-67.43579483053533,45.18839684931496],[-67.43587645280299,45.1883764714989],[-67.43609191320957,45.188279104782005],[-67.43655361221786,45.18807046543234],[-67.43779433862595,45.187535704678304],[-67.43901556634786,45.18697200347859],[-67.43937516970196,45.18679061814742],[-67.43945894439334,45.186691445135224],[-67.4394400571718,45.18664102980871],[-67.4393126854244,45.186481648433336]]]},"properties":{"OBJECTID":"214","EGAD_SEQ":"","MAP_REFERENCE":"","FEATURE_NA":"PHASE I","POLYGON_TY":"LF WASTE AREA","EGAD_SITE_SEQ":"30,709","SITE_DESCR":"LANDFILL SPECIAL WASTE","LOCATION_A":"WITHIN 5M","LOCATION_M":"DIGITIZED","DATA_SOURC":"MDEP GIS UNIT","GlobalID":"{6F028B89-3C33-46FD-8444-EC4DF98EB3EE}","Shape_Length":"1,054.6","Shape_Area":"62,872"},"id":214},{"type":"Feature","geometry":{"type":"Polygon","coordinates":[[[-68.0364792799776,46.60025121239399],[-68.03641064147526,46.60035602880167],[-68.03640268178744,46.60053588447651],[-68.03635799321212,46.60091252984745],[-68.03633783040482,46.60117309159936],[-68.03632840502891,46.601412314263946],[-68.03632839529236,46.60170519094456],[-68.03632522547623,46.60212421706703],[-68.0364499052611,46.60233799210901],[-68.03652813905691,46.602397863002885],[-68.03666467712219,46.60243089436946],[-68.03682252169764,46.60247321602361],[-68.03694475657281,46.60247424513028],[-68.03708877479382,46.6024665632963],[-68.03753225510478,46.60244582130401],[-68.03805001908138,46.60242058336572],[-68.03877627139639,46.60238504122654],[-68.03924052139841,46.60235861747724],[-68.039332508252,46.602282306893784],[-68.039348682169,46.602086995982965],[-68.0393348631334,46.601879191226566],[-68.03930011659327,46.601326159570796],[-68.03927223908359,46.60092443324581],[-68.03923220902227,46.60034049073863],[-68.03916483117511,46.600224297903786],[-68.03898133749206,46.60017033197033],[-68.03843417554093,46.600150756256774],[-68.03778692166026,46.60012668318901],[-68.03725035321878,46.60010755359381],[-68.03690292082715,46.600092939693674],[-68.03672818517133,46.6001010924962],[-68.036540764584,46.600161493493786],[-68.0364792799776,46.60025121239399]]]},"properties":{"OBJECTID":"215","EGAD_SEQ":"","MAP_REFERENCE":"","FEATURE_NA":"SECURE MUNICIPAL WASTE","POLYGON_TY":"LF WASTE AREA","EGAD_SITE_SEQ":"29,875","SITE_DESCR":"LANDFILL MUNICIPAL","LOCATION_A":"WITHIN 3M","LOCATION_M":"DIGITIZED","DATA_SOURC":"CES ENGINEERS & SURVEYORS","GlobalID":"{A0A01E38-5563-4935-985D-E5FB56B3EC7A}","Shape_Length":"909.72","Shape_Area":"56,702.13"},"id":215},{"type":"Feature","geometry":{"type":"Polygon","coordinates":[[[-69.71542172625612,44.319663128618785],[-69.71539765373785,44.319461475616535],[-69.71466891439785,44.318922716139106],[-69.71430982144743,44.318909439380725],[-69.71425375615455,44.318922208700975],[-69.71424583114015,44.31933828636172],[-69.71487770345188,44.31973483860006],[-69.71542172625612,44.319663128618785]]]},"properties":{"OBJECTID":"216","EGAD_SEQ":"","MAP_REFERENCE":"","FEATURE_NA":"MINOR RESIDUALS LANDFILL AREA","POLYGON_TY":"LF WASTE AREA","EGAD_SITE_SEQ":"94,974","SITE_DESCR":"LANDFILL MUNICIPAL","LOCATION_A":"WITHIN 3M","LOCATION_M":"DIGITIZED","DATA_SOURC":"WOODARD AND CURRAN","GlobalID":"{B1861F55-35D4-45D0-BB22-FEDC58BA27D9}","Shape_Length":"296.52","Shape_Area":"5,311.3"},"id":216},{"type":"Feature","geometry":{"type":"Polygon","coordinates":[[[-68.04065151706496,46.60069603140341],[-68.0405707344572,46.60073005405412],[-68.0405119164867,46.60078739759997],[-68.04048272551293,46.60085655843174],[-68.04049266802907,46.601032725348716],[-68.04050234048616,46.60143903058612],[-68.04051396270827,46.6019390212593],[-68.0405565448767,46.60248433276022],[-68.04055936756201,46.60272367372656],[-68.04070328454551,46.602833871341126],[-68.0409429211785,46.60288600850916],[-68.04118905385603,46.60290774904309],[-68.04126161699087,46.602896388820014],[-68.0413496089103,46.602876562460104],[-68.0414173216209,46.602843713974785],[-68.04147218438173,46.602799188972924],[-68.04152218208964,46.602713495642895],[-68.04152688395332,46.602658267543255],[-68.04151412162713,46.602536060414906],[-68.04150358632178,46.60239330457125],[-68.04154527954904,46.602249704799895],[-68.04152747119207,46.601779146477035],[-68.04151949122232,46.601385786866686],[-68.04151567620444,46.6010734312057],[-68.04151073054162,46.60082533393129],[-68.04147446099971,46.60076719047607],[-68.04141909475132,46.600734595761004],[-68.04136536742182,46.60071486688858],[-68.04065151706496,46.60069603140341]]]},"properties":{"OBJECTID":"217","EGAD_SEQ":"","MAP_REFERENCE":"","FEATURE_NA":"CONSTRUCTION/DEMOLITION DEBRIS","POLYGON_TY":"LF WASTE AREA","EGAD_SITE_SEQ":"29,875","SITE_DESCR":"LANDFILL MUNICIPAL","LOCATION_A":"WITHIN 3M","LOCATION_M":"DIGITIZED","DATA_SOURC":"CES ENGINEERS & SURVEYORS","GlobalID":"{F287D82B-259B-4C20-BD2A-F8E0A12C3C93}","Shape_Length":"603.5","Shape_Area":"18,255.91"},"id":217},{"type":"Feature","geometry":{"type":"Polygon","coordinates":[[[-68.16288173276084,46.93101074919738],[-68.16238715420224,46.93082228456413],[-68.16219197022988,46.930901727116776],[-68.1620056663038,46.93095235134446],[-68.16178554606002,46.931008505001685],[-68.16155681362366,46.931076147099944],[-68.16147984857851,46.931144901329496],[-68.16142808635742,46.931219615631775],[-68.1614521200089,46.93130066152187],[-68.16150987847861,46.93138195531187],[-68.1616184065839,46.93145206803676],[-68.16174406975011,46.931504975968295],[-68.1619041788831,46.93151192458889],[-68.16212403213117,46.93147309890576],[-68.16247995880491,46.9313601731016],[-68.16287231130154,46.93107422090604],[-68.16288962423789,46.93104546540864],[-68.16288173276084,46.93101074919738]]]},"properties":{"OBJECTID":"218","EGAD_SEQ":"","MAP_REFERENCE":"","FEATURE_NA":"WASTE AREA","POLYGON_TY":"LF WASTE AREA","EGAD_SITE_SEQ":"29,833","SITE_DESCR":"LANDFILL MUNICIPAL","LOCATION_A":"WITHIN 3M","LOCATION_M":"DIGITIZED","DATA_SOURC":"MDEP GIS UNIT","GlobalID":"{994A21C9-2B5D-4454-94C3-DF7F55DB5CCB}","Shape_Length":"283.45","Shape_Area":"5,193.36"},"id":218},{"type":"Feature","geometry":{"type":"Polygon","coordinates":[[[-68.25889179947613,44.59516672221168],[-68.25877556954181,44.59479880669311],[-68.25874610109281,44.59473922195552],[-68.25863406441918,44.59463590607802],[-68.25840154314811,44.59449941118211],[-68.25818317547362,44.59443859952929],[-68.25790360345323,44.594436783260896],[-68.25775976370198,44.59445744566288],[-68.25765301745744,44.59453234364419],[-68.25757553185916,44.594683023525405],[-68.25755842653524,44.59483949562349],[-68.25754111486873,44.59501216467569],[-68.25756227074194,44.59513108915721],[-68.25753795242602,44.59526051748025],[-68.25761914465966,44.59541222883113],[-68.25773104226379,44.59552634425406],[-68.25786533648828,44.59566220223818],[-68.2579926918225,44.59574942097879],[-68.25812801509065,44.59580429383458],[-68.25834645774214,44.595859706333094],[-68.25857273079068,44.5958935730155],[-68.25876246018663,44.59583001137552],[-68.25886934467945,44.595744313804204],[-68.25893130347596,44.595625928924065],[-68.2590301504698,44.59557797538035],[-68.25903914789464,44.595464645648015],[-68.25901805876951,44.59534032214546],[-68.25889179947613,44.59516672221168]]]},"properties":{"OBJECTID":"219","EGAD_SEQ":"","MAP_REFERENCE":"","FEATURE_NA":"EST WASTE BOUNDARY","POLYGON_TY":"LF WASTE AREA","EGAD_SITE_SEQ":"29,760","SITE_DESCR":"LANDFILL MUNICIPAL","LOCATION_A":"WITHIN 3M","LOCATION_M":"DIGITIZED","DATA_SOURC":"MDEP GIS UNIT","GlobalID":"{D491763C-FD0A-457A-9E8A-EDA2B733DDFC}","Shape_Length":"450.21","Shape_Area":"14,389.26"},"id":219},{"type":"Feature","geometry":{"type":"Polygon","coordinates":[[[-67.01088702909287,44.90688824733477],[-67.0109499214273,44.90684069426192],[-67.01103855018455,44.906778224850264],[-67.0110457700004,44.90672011546861],[-67.01106096319937,44.90668233120111],[-67.01107423392708,44.90664537853469],[-67.01109511059629,44.90660863129453],[-67.01111349368665,44.906572342922],[-67.01112716242115,44.90653927346616],[-67.01112982908109,44.906504456779196],[-67.01112023309902,44.906468889932675],[-67.0111124423601,44.90643618298053],[-67.01110815505177,44.90640403667815],[-67.01110132743543,44.906368784520474],[-67.01109582929695,44.90633534873311],[-67.01107339599892,44.90630364876098],[-67.01104172697747,44.906273199396786],[-67.01106476898175,44.90601820992903],[-67.01098362621514,44.90596814641429],[-67.01084135794568,44.90591445760636],[-67.01065764761461,44.905808836487836],[-67.01053294291465,44.90576825517234],[-67.01044361007607,44.90585119520051],[-67.01014969445905,44.90612004728699],[-67.01004666175156,44.90618226403631],[-67.00994153126041,44.90620091560157],[-67.00979679136684,44.90621887654873],[-67.00963018023484,44.90624413744229],[-67.00951846590029,44.906244749843275],[-67.00943774526405,44.90628687090086],[-67.00942340751214,44.90638904174143],[-67.00940794766275,44.90641705661756],[-67.00939975885504,44.90644290545372],[-67.00940064405148,44.906471566316924],[-67.00951548622999,44.90664413782057],[-67.00981986109063,44.90680307526991],[-67.01010817605552,44.906905399835594],[-67.0102290162237,44.90695359570126],[-67.01032131549344,44.906993612557535],[-67.01044195587674,44.90703164049955],[-67.0104848589904,44.90704728029003],[-67.0105284185289,44.90705692983663],[-67.01057268147532,44.9070680742624],[-67.01062025118561,44.90707086928027],[-67.01066634884315,44.90706643518565],[-67.01070252721986,44.90704241710251],[-67.01073728226754,44.90701871448352],[-67.01077532440712,44.906998317971144],[-67.01080374698749,44.906976010132134],[-67.01088702909287,44.90688824733477]]]},"properties":{"OBJECTID":"220","EGAD_SEQ":"","MAP_REFERENCE":"","FEATURE_NA":"MTC LANDFILL BOUNDARY","POLYGON_TY":"LF WASTE AREA","EGAD_SITE_SEQ":"29,694","SITE_DESCR":"LANDFILL MUNICIPAL","LOCATION_A":"WITHIN 3M","LOCATION_M":"GPS MAPPING GRADE","DATA_SOURC":"MDEP GIS UNIT","GlobalID":"{CC72D584-8360-4DCC-A141-AA1BE74948A6}","Shape_Length":"437.7","Shape_Area":"12,120.18"},"id":220},{"type":"Feature","geometry":{"type":"Polygon","coordinates":[[[-69.5020125191817,44.07753812244963],[-69.50195912888844,44.077529486906315],[-69.50189348727487,44.077526818576054],[-69.50173784501486,44.07755115496958],[-69.50160720866391,44.07762268691006],[-69.50151328253274,44.0776704047912],[-69.5014401872712,44.07775646658581],[-69.50131525023886,44.078017193537704],[-69.50124270211687,44.07816829769108],[-69.5013091694266,44.07826853055674],[-69.5014284274184,44.07830644172177],[-69.5016167300321,44.078264223909734],[-69.50185804840845,44.078186292416234],[-69.5020413252996,44.07803470135791],[-69.50211824630352,44.07791610037299],[-69.50211692117657,44.077759406929424],[-69.50207073450925,44.07763247772396],[-69.5020125191817,44.07753812244963]]]},"properties":{"OBJECTID":"221","EGAD_SEQ":"","MAP_REFERENCE":"","FEATURE_NA":"WASTE BOUNDARY","POLYGON_TY":"LF WASTE AREA","EGAD_SITE_SEQ":"29,399","SITE_DESCR":"LANDFILL MUNICIPAL","LOCATION_A":"WITHIN 3M","LOCATION_M":"DIGITIZED","DATA_SOURC":"MDEP TECH SERVICES","GlobalID":"{F6550D91-638E-4789-A314-3A5A57AC26AB}","Shape_Length":"244.41","Shape_Area":"4,062.45"},"id":221},{"type":"Feature","geometry":{"type":"Polygon","coordinates":[[[-69.81452841370027,44.72061170322208],[-69.81434147934846,44.720650383563715],[-69.81413527435757,44.72069116709689],[-69.81404234503943,44.72074883340028],[-69.81402941499609,44.720809860744296],[-69.81412805126544,44.72096247861054],[-69.81429626992123,44.72116177622289],[-69.81450628097527,44.721392225256146],[-69.81466239794545,44.7215149481362],[-69.81480936295763,44.72157483571599],[-69.81493380472654,44.72160146617731],[-69.81501364101712,44.721593033776365],[-69.8151697845373,44.721521156274754],[-69.81533356247,44.7214040133043],[-69.8154511376195,44.72133437598359],[-69.81549463882092,44.72129082161916],[-69.81557113853222,44.72124113323467],[-69.81557072431065,44.7212116507644],[-69.81550315326996,44.72111188483144],[-69.81545763794125,44.72101196226815],[-69.81535684804336,44.720902604665945],[-69.81521376923241,44.72072671713541],[-69.8150242134573,44.720578681342964],[-69.8149411520974,44.720553720004126],[-69.81481946994961,44.72052706895555],[-69.81467107546925,44.72056154351755],[-69.81452841370027,44.72061170322208]]]},"properties":{"OBJECTID":"222","EGAD_SEQ":"","MAP_REFERENCE":"","FEATURE_NA":"EST WASTE AREA","POLYGON_TY":"LF WASTE AREA","EGAD_SITE_SEQ":"29,035","SITE_DESCR":"LANDFILL MUNICIPAL","LOCATION_A":"WITHIN 3M","LOCATION_M":"DIGITIZED","DATA_SOURC":"MDEP GIS UNIT","GlobalID":"{8D1D6E37-126B-4C05-A508-E5498F65DB9D}","Shape_Length":"360.67","Shape_Area":"9,118.15"},"id":222},{"type":"Feature","geometry":{"type":"Polygon","coordinates":[[[-70.37956097766595,43.65142911160361],[-70.37936461323052,43.65145054116406],[-70.37909783298991,43.65154905279121],[-70.37889254271298,43.65165211357488],[-70.37873444793966,43.651771069266736],[-70.37857410357263,43.651876548670934],[-70.37854271794247,43.65194445674572],[-70.37856006757532,43.65202528199553],[-70.37870614197857,43.65210905918396],[-70.3790701628175,43.6522847434328],[-70.37936149079508,43.65246067086736],[-70.37975344507304,43.65267034689945],[-70.38008516289445,43.65282833885337],[-70.3803053523683,43.65278305882998],[-70.38052860438943,43.65278486437592],[-70.38071597846053,43.65289515011503],[-70.38107197342678,43.6532104885646],[-70.38139375044939,43.65350373143418],[-70.38157766568467,43.653632063610395],[-70.38186866556245,43.65379962030745],[-70.38230685658326,43.65401491867229],[-70.38255999577373,43.65411990397589],[-70.38267356045135,43.654154544084],[-70.3827976647535,43.654108023885705],[-70.38291812288952,43.65402102998089],[-70.38314127836391,43.653815739365356],[-70.38345572691755,43.65345177718128],[-70.38353997991679,43.65337422298577],[-70.3837980223519,43.65318652021568],[-70.38403852313517,43.65299452641648],[-70.38423385284395,43.652843594193214],[-70.38444837712751,43.652701435761095],[-70.3846605201169,43.65259081863839],[-70.38486630462617,43.652507289064246],[-70.38478675420882,43.65241821450791],[-70.38406054144218,43.65208035877334],[-70.38360058468157,43.651878837351084],[-70.38332139716887,43.65183719801967],[-70.3831654021594,43.65179406630033],[-70.3830884101597,43.65173197048778],[-70.38305369890179,43.65163785012125],[-70.38295457425563,43.651540003600964],[-70.38277543732362,43.6514341238189],[-70.38257019549262,43.65135557224634],[-70.38243561316678,43.651316680665964],[-70.38210441261684,43.651317384500615],[-70.38159720896857,43.651518867097295],[-70.38143878431605,43.651477899019426],[-70.38106421064802,43.651453840124915],[-70.38055657589733,43.65135038793703],[-70.38032763062458,43.651381738859186],[-70.38013191996149,43.65143174843716],[-70.3799292146616,43.651462782600234],[-70.37956097766595,43.65142911160361]]]},"properties":{"OBJECTID":"223","EGAD_SEQ":"","MAP_REFERENCE":"","FEATURE_NA":"SANDY HILL","POLYGON_TY":"LF WASTE AREA","EGAD_SITE_SEQ":"28,191","SITE_DESCR":"LANDFILL MUNICIPAL","LOCATION_A":"WITHIN 30M","LOCATION_M":"DIGITIZED","DATA_SOURC":"SEVEE & MAHER ENGINEERS","GlobalID":"{8269C680-A2DA-4B86-B3F0-9D3A634BF4CB}","Shape_Length":"1,277.92","Shape_Area":"84,677.55"},"id":223},{"type":"Feature","geometry":{"type":"Polygon","coordinates":[[[-69.18912578553413,44.14686951238062],[-69.18905816601387,44.14697471955971],[-69.18922291750789,44.14696475387021],[-69.18928908347745,44.14695452547612],[-69.18937571710508,44.146867733458215],[-69.1895175965113,44.14683552394395],[-69.18967658545199,44.14677116845558],[-69.18984801161831,44.14672519027606],[-69.18997972609164,44.14668165204822],[-69.19008756274708,44.14663754477896],[-69.19024607661046,44.14655643778739],[-69.19047154095715,44.146410033437164],[-69.1903255473676,44.14624237731308],[-69.19011491209051,44.14634576694952],[-69.19013464814591,44.14635755450879],[-69.19033021735943,44.14626491374227],[-69.1904454183638,44.14642131667937],[-69.19017722777738,44.14657751294984],[-69.18997013652269,44.146650313179286],[-69.18993813692128,44.14663583959655],[-69.18989508162421,44.14666272293245],[-69.18986288376573,44.1466413963631],[-69.18987016320222,44.14661207499421],[-69.1898306736849,44.14656904102614],[-69.18975521550652,44.14654882617924],[-69.18967581435791,44.14648429649149],[-69.1895331024525,44.14648581360957],[-69.18937622037173,44.14654332741933],[-69.18928977828439,44.14660969879051],[-69.1892462340348,44.14667891610464],[-69.1892579664336,44.146722800252945],[-69.18919642721622,44.14675224926744],[-69.18915859978806,44.14679964393782],[-69.18912578553413,44.14686951238062]],[[-69.18974781132532,44.1466801269767],[-69.18984244623852,44.14666121683042],[-69.18989363391202,44.146686581324055],[-69.18973597960766,44.14672869590254],[-69.18964385278143,44.14675931686197],[-69.1895826802717,44.14677632564687],[-69.18950232073833,44.146809741388545],[-69.18948607408875,44.14673569567026],[-69.18962940704357,44.1466877836897],[-69.18974781132532,44.1466801269767]]]},"properties":{"OBJECTID":"224","EGAD_SEQ":"","MAP_REFERENCE":"","FEATURE_NA":"AREA 5","POLYGON_TY":"LF WASTE AREA","EGAD_SITE_SEQ":"38,321","SITE_DESCR":"LANDFILL SPECIAL WASTE","LOCATION_A":"WITHIN 3M","LOCATION_M":"CAD","DATA_SOURC":"E-PRO","GlobalID":"{43956000-0FD0-446D-BDD4-8B9FEF2F5D25}","Shape_Length":"457.5","Shape_Area":"1,821.88"},"id":224},{"type":"Feature","geometry":{"type":"Polygon","coordinates":[[[-68.72281466148499,44.98188786601546],[-68.71942288017249,44.978060584862625],[-68.71944273192547,44.97857577005172],[-68.72139102423819,44.982445215714684],[-68.72281466148499,44.98188786601546]]]},"properties":{"OBJECTID":"225","EGAD_SEQ":"","MAP_REFERENCE":"","FEATURE_NA":"CELL 11","POLYGON_TY":"LF WASTE AREA","EGAD_SITE_SEQ":"31,339","SITE_DESCR":"LANDFILL COMMERCIAL","LOCATION_A":"WITHIN 5M","LOCATION_M":"DIGITIZED","DATA_SOURC":"SEVEE & MAHER ENGINEERS","GlobalID":"{93C3E98C-6E8E-4F8A-9915-3D84EE18A669}","Shape_Length":"1,144.18","Shape_Area":"36,197.68"},"id":225},{"type":"Feature","geometry":{"type":"Polygon","coordinates":[[[-69.42590318325625,44.51936779736996],[-69.42577410297956,44.51933877503991],[-69.4256294780371,44.51929874529371],[-69.42547967130149,44.51925504806835],[-69.42540761394133,44.51927006828111],[-69.42530981006907,44.51928887182641],[-69.42514010955756,44.51934482423341],[-69.42497040871322,44.51940077548872],[-69.42486288501951,44.519500753313956],[-69.42473509100061,44.51964874841512],[-69.42465309760212,44.519715438196684],[-69.42458688977993,44.51982632463239],[-69.4245882021886,44.52000703243214],[-69.42464669943902,44.52025391251529],[-69.4247041778391,44.52036065067523],[-69.42476632940533,44.520400988338764],[-69.4248594101274,44.52044121001946],[-69.42499354042606,44.520455462789386],[-69.42515357746115,44.52048806006439],[-69.42524139601262,44.52051354922455],[-69.4253032261482,44.52050963060128],[-69.42562282024093,44.52050844006169],[-69.42584976257093,44.52052603431774],[-69.42600947902903,44.52051437439807],[-69.42612766134083,44.520462301334746],[-69.42617894012349,44.52042522961089],[-69.42628643636446,44.52032156406652],[-69.42638381127567,44.52024375230018],[-69.42639363634817,44.5201773316322],[-69.42639814602865,44.52008880221019],[-69.42633005978671,44.519941535700134],[-69.42629298077156,44.519805216816316],[-69.42626640055789,44.51969467573228],[-69.42621394073328,44.519569479419694],[-69.42615680858172,44.51951068451078],[-69.42608936870035,44.519451927127335],[-69.42590318325625,44.51936779736996]]]},"properties":{"OBJECTID":"226","EGAD_SEQ":"","MAP_REFERENCE":"","FEATURE_NA":"EST WASTE AREA","POLYGON_TY":"LF WASTE AREA","EGAD_SITE_SEQ":"27,275","SITE_DESCR":"LANDFILL MUNICIPAL","LOCATION_A":"WITHIN 3M","LOCATION_M":"DIGITIZED","DATA_SOURC":"MDEP GIS UNIT","GlobalID":"{5BD16776-FD8E-4081-A36B-9DD0F4725DD7}","Shape_Length":"458.47","Shape_Area":"15,933.36"},"id":226},{"type":"Feature","geometry":{"type":"Polygon","coordinates":[[[-69.65051226945502,44.693188853279075],[-69.65050167694412,44.692959551179],[-69.6504385190331,44.692786678476374],[-69.65034488338257,44.69266945213489],[-69.65002889160252,44.692395547892396],[-69.64996726278967,44.692345546385724],[-69.64986255853684,44.69226548606117],[-69.6497403062187,44.69219946120597],[-69.64959808652048,44.69215696056083],[-69.64949341398307,44.692139280106815],[-69.64935390509415,44.692119670369806],[-69.64907160070503,44.69208334173228],[-69.64885104614478,44.69205267068824],[-69.64877013560415,44.692040057056246],[-69.64763457254965,44.69365624897906],[-69.64850997299841,44.69378533257256],[-69.65016089509115,44.69403448861558],[-69.65032064733343,44.694060264866685],[-69.65036671729058,44.69404570849683],[-69.65037811553266,44.69404269169668],[-69.65041879430764,44.69401070314088],[-69.6504596899435,44.69395806721735],[-69.65047120160992,44.69391659328374],[-69.65049709456751,44.69377623512607],[-69.65051917643277,44.69360447036626],[-69.65052463625165,44.69353131271732],[-69.65051772959528,44.69333330270933],[-69.65051226945502,44.693188853279075]]]},"properties":{"OBJECTID":"227","EGAD_SEQ":"","MAP_REFERENCE":"","FEATURE_NA":"CELL 5","POLYGON_TY":"LF WASTE AREA","EGAD_SITE_SEQ":"30,714","SITE_DESCR":"LANDFILL SPECIAL WASTE","LOCATION_A":"WITHIN 3M","LOCATION_M":"DIGITIZED","DATA_SOURC":"MDEP GIS UNIT","GlobalID":"{E2C87D84-263E-487F-9133-1302E0C7AEE5}","Shape_Length":"731.09","Shape_Area":"34,430.27"},"id":227},{"type":"Feature","geometry":{"type":"Polygon","coordinates":[[[-70.75815281051602,43.434216947653304],[-70.75802573171002,43.43427164206317],[-70.75784510227386,43.4344209228634],[-70.75773850842651,43.4346276650814],[-70.75767997119492,43.43482780931937],[-70.75759613361578,43.434987320417505],[-70.75743927485604,43.43512451528067],[-70.75724120977617,43.435227182056344],[-70.75671884252745,43.435516495050514],[-70.75633091258233,43.435727558785125],[-70.75602149751731,43.43587295527004],[-70.75584584668724,43.435916673512416],[-70.75584940438674,43.4360396806042],[-70.75591523384652,43.43609141050526],[-70.75610248115326,43.43617057665194],[-70.75630461827922,43.43620849166073],[-70.7565498283789,43.43634536747742],[-70.75695579979264,43.43647977037056],[-70.75720888073157,43.43661066388632],[-70.75745324654025,43.43671824847427],[-70.75757585313875,43.4367866851827],[-70.75771555458942,43.43689001927884],[-70.75793360121658,43.43692182776876],[-70.7581648423162,43.43685380995081],[-70.75825977360476,43.436799608938344],[-70.75839828733693,43.43686194019548],[-70.75853595413632,43.43689498206154],[-70.75867056666192,43.436822590571005],[-70.75897845245206,43.436624470376486],[-70.75916831142254,43.43651606697583],[-70.75926171230982,43.436409147688984],[-70.75930671636348,43.43629711322034],[-70.75935738023709,43.43610295018311],[-70.75940838454575,43.43592050169974],[-70.7593393270998,43.43575748158894],[-70.75932670617813,43.43559945372664],[-70.7593535959407,43.435417376361904],[-70.75941178860842,43.435205515874294],[-70.75933571289565,43.43507776502272],[-70.75919635247465,43.43498614745045],[-70.75905953826992,43.434982392801295],[-70.75891265001736,43.43490847224751],[-70.75877023743115,43.434711419098655],[-70.75853873027299,43.4344922966552],[-70.75815281051602,43.434216947653304]]]},"properties":{"OBJECTID":"228","EGAD_SEQ":"","MAP_REFERENCE":"","FEATURE_NA":"EST WASTE AREA","POLYGON_TY":"LF WASTE AREA","EGAD_SITE_SEQ":"27,094","SITE_DESCR":"LANDFILL MUNICIPAL","LOCATION_A":"WITHIN 3M","LOCATION_M":"DIGITIZED","DATA_SOURC":"MDEP GIS UNIT","GlobalID":"{50A19848-7D00-4D60-B88A-2043489CC060}","Shape_Length":"915.93","Shape_Area":"48,033.77"},"id":228},{"type":"Feature","geometry":{"type":"Polygon","coordinates":[[[-69.95458933432789,43.921618993125236],[-69.95504626919129,43.92098515422999],[-69.95389436804602,43.92047640477798],[-69.95342220634967,43.921078466473304],[-69.95458933432789,43.921618993125236]]]},"properties":{"OBJECTID":"229","EGAD_SEQ":"","MAP_REFERENCE":"","FEATURE_NA":"EST WASTE AREA","POLYGON_TY":"LF WASTE AREA","EGAD_SITE_SEQ":"37,960","SITE_DESCR":"LANDFILL MUNICIPAL","LOCATION_A":"WITHIN 5M","LOCATION_M":"DIGITIZED","DATA_SOURC":"MDEP GIS UNIT","GlobalID":"{05FE0DC2-A6BD-48D3-84E1-13AEE297CE20}","Shape_Length":"375.93","Shape_Area":"8,563.17"},"id":229},{"type":"Feature","geometry":{"type":"Polygon","coordinates":[[[-70.23680003495771,44.126795883560455],[-70.23668787679483,44.12685543979067],[-70.2366245537354,44.12692613904883],[-70.23662094157781,44.12701174947768],[-70.23675813732441,44.127375880441555],[-70.23705032109515,44.12792114550788],[-70.23728823518961,44.1281947260982],[-70.23760173805618,44.1284674908522],[-70.2379647243884,44.128782500061945],[-70.23828602690033,44.12891126158662],[-70.23864430538885,44.12900072816637],[-70.23877412485878,44.12901098859997],[-70.23887049142445,44.12897104680614],[-70.23916288120934,44.128750059951564],[-70.23924593013416,44.1285896891133],[-70.23935057324249,44.12842908122279],[-70.23944514919353,44.128303587966975],[-70.23956656158074,44.12817002551754],[-70.23963471042548,44.12807204737344],[-70.23964355676407,44.12797860396581],[-70.23953894441507,44.12788249968278],[-70.23942467628144,44.12784095437649],[-70.23928471009364,44.1278619208645],[-70.23915530333481,44.127871102631964],[-70.2391013133865,44.1278716882977],[-70.2390521554549,44.1278449957226],[-70.2390020219315,44.12777163730199],[-70.23895025886908,44.127620505821916],[-70.23884991132348,44.127469901235],[-70.23874948428421,44.127315408917426],[-70.23863955352245,44.12722325087333],[-70.23855252636807,44.12719307750288],[-70.2384394754404,44.12720986262036],[-70.2383476961507,44.12721085762167],[-70.23823915240014,44.12718480576863],[-70.23807564459487,44.12711267584017],[-70.23792776427497,44.12701315141368],[-70.23784950180415,44.12688564299446],[-70.23771765931549,44.126778164794246],[-70.23758622080992,44.12669012906863],[-70.23752062535345,44.12665194300882],[-70.23746614932621,44.126629196759474],[-70.2373957238601,44.12661829056073],[-70.23725044494358,44.1266432015093],[-70.23680003495771,44.126795883560455]]]},"properties":{"OBJECTID":"230","EGAD_SEQ":"","MAP_REFERENCE":"","FEATURE_NA":"BRUSH/DEMO DEBRIS","POLYGON_TY":"LF WASTE AREA","EGAD_SITE_SEQ":"95,099","SITE_DESCR":"LANDFILL MUNICIPAL","LOCATION_A":"WITHIN 3M","LOCATION_M":"DIGITIZED","DATA_SOURC":"SUMMIT ENVIRONMENTAL","GlobalID":"{23484E01-28CD-4FA7-950D-3ABDD924E27A}","Shape_Length":"777.8","Shape_Area":"34,931.4"},"id":230},{"type":"Feature","geometry":{"type":"Polygon","coordinates":[[[-69.00307219685119,44.96842403073222],[-69.00288868556953,44.968389866716024],[-69.00259386803505,44.96838987380115],[-69.00230507117978,44.96844754037795],[-69.00218774786909,44.96853296516471],[-69.00215766780522,44.96861198240432],[-69.00216970432842,44.96870594752643],[-69.00225394345256,44.968816995195475],[-69.00255177974066,44.969011326320604],[-69.00290076147044,44.969216332618714],[-69.0031685148975,44.96936795120169],[-69.00342123126207,44.96954306026365],[-69.00380632460231,44.96981426592315],[-69.00393869750809,44.969848431133094],[-69.00419139760034,44.9697565929685],[-69.00426961048119,44.96967330198049],[-69.00423048231492,44.969410627551014],[-69.0041793307048,44.969293173437194],[-69.00384537512696,44.96894081536876],[-69.00352647388156,44.96869950694335],[-69.00307219685119,44.96842403073222]]]},"properties":{"OBJECTID":"231","EGAD_SEQ":"","MAP_REFERENCE":"","FEATURE_NA":"WASTE AREA","POLYGON_TY":"LF WASTE AREA","EGAD_SITE_SEQ":"29,622","SITE_DESCR":"LANDFILL MUNICIPAL","LOCATION_A":"WITHIN 3M","LOCATION_M":"DIGITIZED","DATA_SOURC":"MDEP GIS UNIT","GlobalID":"{A89ED899-1E3A-497B-9E74-E933886B39BC}","Shape_Length":"492.62","Shape_Area":"13,322.33"},"id":231},{"type":"Feature","geometry":{"type":"Polygon","coordinates":[[[-68.72273024605947,44.979039199896825],[-68.7226051509112,44.97832344807348],[-68.72256729707037,44.97809984638653],[-68.72225346449451,44.976468392137896],[-68.72180827270545,44.976404066172066],[-68.7210231590254,44.976514581100005],[-68.72104236284052,44.9766375993584],[-68.72114120989613,44.976669461059494],[-68.72127174437765,44.977312739651246],[-68.7214417208569,44.97828530431771],[-68.72177285157026,44.979654533001515],[-68.72171309438714,44.979756912537106],[-68.72173819054265,44.97985404902685],[-68.7225709214065,44.979063648491966],[-68.72273024605947,44.979039199896825]]]},"properties":{"OBJECTID":"232","EGAD_SEQ":"","MAP_REFERENCE":"","FEATURE_NA":"CELL 8","POLYGON_TY":"LF WASTE AREA","EGAD_SITE_SEQ":"31,339","SITE_DESCR":"LANDFILL COMMERCIAL","LOCATION_A":"WITHIN 3M","LOCATION_M":"CAD","DATA_SOURC":"SEVEE & MAHER ENGINEERS","GlobalID":"{5DBCAB83-2CCD-4070-AA96-C5846DACFBD1}","Shape_Length":"890.46","Shape_Area":"29,410.43"},"id":232},{"type":"Feature","geometry":{"type":"Polygon","coordinates":[[[-70.86080907408912,43.92240450620489],[-70.86082846279866,43.9223940110692],[-70.86081561681614,43.92234332383393],[-70.86073313562824,43.92213701006169],[-70.86067564867031,43.92200968692173],[-70.8606236438298,43.92196778111261],[-70.86051865778573,43.92194302454099],[-70.86044290078732,43.92195240199757],[-70.86032267187406,43.9219808256736],[-70.86020396631231,43.92205808613352],[-70.86009107933441,43.92214135876282],[-70.8600369951415,43.92221349541692],[-70.86001425948439,43.92229733478853],[-70.8600458361865,43.92240675723835],[-70.8600907280216,43.92249153290642],[-70.86012539798502,43.92251947057363],[-70.86015687244873,43.922535244387014],[-70.86021842733122,43.922522027035825],[-70.86043718972834,43.92249199785687],[-70.86065813246888,43.92244157504786],[-70.86080907408912,43.92240450620489]]]},"properties":{"OBJECTID":"233","EGAD_SEQ":"","MAP_REFERENCE":"","FEATURE_NA":"EST WASTE AREA","POLYGON_TY":"LF WASTE AREA","EGAD_SITE_SEQ":"27,108","SITE_DESCR":"LANDFILL MUNICIPAL","LOCATION_A":"WITHIN 3M","LOCATION_M":"DIGITIZED","DATA_SOURC":"MDEP GIS UNIT","GlobalID":"{32490F0B-D3AB-41E9-8AE5-3748F44801CD}","Shape_Length":"206.44","Shape_Area":"3,025.15"},"id":233},{"type":"Feature","geometry":{"type":"Polygon","coordinates":[[[-70.1234204302119,44.95860606041067],[-70.1230361279639,44.9585098059488],[-70.1229889865674,44.95850074275515],[-70.12291408420202,44.95844431671001],[-70.12291315515492,44.958396690019214],[-70.12284431225828,44.9583068591714],[-70.12268304504155,44.958294154141946],[-70.1225492585842,44.9583145239097],[-70.12247714291836,44.958400976763734],[-70.12241117942972,44.95845878778426],[-70.1222455248054,44.95856521437682],[-70.12205331604324,44.958686192310765],[-70.12190172651636,44.958825824461066],[-70.12178376708077,44.95896989079157],[-70.12166608671903,44.95912824401156],[-70.12168349408695,44.95933290605974],[-70.12175960172736,44.959451247538055],[-70.12185536960669,44.95954557835715],[-70.12197657907194,44.959568204947274],[-70.12219812893106,44.959575554717105],[-70.12265362392532,44.95953773323643],[-70.12288654664864,44.95944017141958],[-70.12299928121236,44.959372372475514],[-70.12310493672094,44.95928559033669],[-70.12317816637604,44.95925628786585],[-70.12340623764136,44.959254044343346],[-70.12370735356257,44.95921297347139],[-70.12402738391457,44.95910978914755],[-70.12415381095495,44.95905614493516],[-70.12423831840778,44.95891716935772],[-70.12424260708804,44.958793275074726],[-70.12420627632831,44.95865072618236],[-70.1241112501937,44.958594499039826],[-70.12393721622195,44.95861526572683],[-70.12368250274167,44.95862729928708],[-70.1234204302119,44.95860606041067]]]},"properties":{"OBJECTID":"234","EGAD_SEQ":"","MAP_REFERENCE":"","FEATURE_NA":"EST WASTE AREA","POLYGON_TY":"LF WASTE AREA","EGAD_SITE_SEQ":"29,351","SITE_DESCR":"LANDFILL MUNICIPAL","LOCATION_A":"WITHIN 3M","LOCATION_M":"DIGITIZED","DATA_SOURC":"MDEP GIS UNIT","GlobalID":"{E773B43D-5859-4286-9D7E-91AADF73AD08}","Shape_Length":"559.04","Shape_Area":"17,595.66"},"id":234},{"type":"Feature","geometry":{"type":"Polygon","coordinates":[[[-69.95740610037107,44.261617918338324],[-69.95740275445036,44.26163167695456],[-69.9572972740286,44.26179504470034],[-69.95747715391637,44.261839655191906],[-69.95758972990141,44.26184878049635],[-69.95766236846723,44.26182129286732],[-69.9576805337354,44.26180899993656],[-69.95771023740551,44.26177626423826],[-69.95775841727361,44.261744603430174],[-69.95783450896802,44.261674486944706],[-69.9578650900254,44.26163337730166],[-69.95786798678805,44.26158694942279],[-69.95782687075392,44.26153129245728],[-69.95777519467896,44.26144089477349],[-69.95762203492143,44.261384139780255],[-69.95757018312558,44.26138707823233],[-69.95750154783263,44.26137914570617],[-69.95745706255971,44.26142608604803],[-69.95744372184112,44.2614907867488],[-69.95741711795691,44.26155295441956],[-69.95740610037107,44.261617918338324]]]},"properties":{"OBJECTID":"235","EGAD_SEQ":"","MAP_REFERENCE":"","FEATURE_NA":"STUMP DUMP AREA","POLYGON_TY":"LF WASTE AREA","EGAD_SITE_SEQ":"81,213","SITE_DESCR":"LANDFILL MUNICIPAL","LOCATION_A":"WITHIN 1M","LOCATION_M":"GPS MAPPING GRADE","DATA_SOURC":"MDEP SOLID WASTE","GlobalID":"{D14D12DB-E12D-4EF3-852E-9813E4FA06ED}","Shape_Length":"153.49","Shape_Area":"1,544.57"},"id":235},{"type":"Feature","geometry":{"type":"Polygon","coordinates":[[[-69.29210220014431,44.58681510189846],[-69.29193803201116,44.586898872947046],[-69.2917854323042,44.58696409229463],[-69.29164558760047,44.586988526885875],[-69.2913064076973,44.58706163191027],[-69.2908327501205,44.58719620326706],[-69.29074231848827,44.58725385286868],[-69.29075026245066,44.58728717190098],[-69.29080739390209,44.58730925561611],[-69.29101744130953,44.587329094332055],[-69.29140643551786,44.58736885446287],[-69.29224293193589,44.58748525946744],[-69.29276948400027,44.58756170760349],[-69.29303402339318,44.587592516595706],[-69.2932570051322,44.58760676341328],[-69.29348382627352,44.58735427329526],[-69.29342259288055,44.58703213645375],[-69.2931755030658,44.586862362043604],[-69.29291336792109,44.5867926497575],[-69.29244387604507,44.58672346620647],[-69.29223917323661,44.586735102963424],[-69.29210220014431,44.58681510189846]]]},"properties":{"OBJECTID":"236","EGAD_SEQ":"","MAP_REFERENCE":"","FEATURE_NA":"WASTE BOUNDARY","POLYGON_TY":"LF WASTE AREA","EGAD_SITE_SEQ":"29,410","SITE_DESCR":"LANDFILL MUNICIPAL","LOCATION_A":"WITHIN 5M","LOCATION_M":"DIGITIZED","DATA_SOURC":"MDEP GIS UNIT","GlobalID":"{1B36FDD0-5803-428F-9708-0D955C700A82}","Shape_Length":"513.27","Shape_Area":"12,730.52"},"id":236},{"type":"Feature","geometry":{"type":"Polygon","coordinates":[[[-70.91279294509022,43.55706078738412],[-70.91268985399236,43.557114659094296],[-70.91264585070681,43.55720564660834],[-70.91259972583917,43.55731672681006],[-70.91256367489864,43.55739755350945],[-70.91257384613957,43.55745755130172],[-70.91263518280675,43.55747858632899],[-70.91281684603733,43.55746752352805],[-70.91296990379156,43.55751109079959],[-70.91306609227894,43.557587698981756],[-70.91329326096552,43.557794483321516],[-70.91346130683074,43.55787590463383],[-70.91353671575845,43.55799297200463],[-70.91357397960331,43.55812471786082],[-70.91359146991958,43.55815450901159],[-70.91363294227659,43.55815782587524],[-70.91371179722447,43.55812241026288],[-70.91374154584358,43.55810386191654],[-70.91380186809722,43.55809282412278],[-70.91396243375408,43.55811219587595],[-70.91409562841366,43.558138043150294],[-70.91416947812452,43.558118756987625],[-70.91424224856682,43.55806539269754],[-70.91435233872622,43.55797129156375],[-70.9143746074471,43.557890694266796],[-70.9143651586049,43.5577665061873],[-70.91432475541735,43.55762278028897],[-70.91423268024103,43.55750198041759],[-70.91415423473903,43.557463182575304],[-70.91410129179495,43.55744601904832],[-70.91406694710827,43.55740648254324],[-70.91404061705117,43.5573587892842],[-70.9139955008591,43.55732745476992],[-70.91396210713359,43.55731798630707],[-70.91393127997507,43.55730245751348],[-70.91390571170851,43.557278819025704],[-70.91387424989782,43.557243244543905],[-70.91380483377702,43.557228362814904],[-70.91369305873981,43.55718210023903],[-70.91351858628558,43.55715894877776],[-70.91326367388892,43.55712109954251],[-70.91299760946342,43.557079424241834],[-70.9128424313994,43.557055948791685],[-70.91279294509022,43.55706078738412]]]},"properties":{"OBJECTID":"237","EGAD_SEQ":"","MAP_REFERENCE":"","FEATURE_NA":"EST WASTE AREA","POLYGON_TY":"LF WASTE AREA","EGAD_SITE_SEQ":"27,640","SITE_DESCR":"LANDFILL MUNICIPAL","LOCATION_A":"WITHIN 3M","LOCATION_M":"DIGITIZED","DATA_SOURC":"MDEP GIS UNIT","GlobalID":"{4AA23BDD-A850-42D1-8343-108ECDB4B881}","Shape_Length":"432.66","Shape_Area":"10,070.84"},"id":237},{"type":"Feature","geometry":{"type":"Polygon","coordinates":[[[-69.85535811657005,44.714007532020965],[-69.85529374079753,44.71316160140912],[-69.85469702737488,44.7128412003367],[-69.85448788275174,44.712970879981576],[-69.85402208367834,44.71314438851271],[-69.85342375411277,44.713353133346736],[-69.85460184427282,44.71419249691192],[-69.85484013450971,44.71459825699614],[-69.85535811657005,44.714007532020965]]]},"properties":{"OBJECTID":"238","EGAD_SEQ":"","MAP_REFERENCE":"","FEATURE_NA":"PHASE 9A","POLYGON_TY":"LF WASTE AREA","EGAD_SITE_SEQ":"30,710","SITE_DESCR":"LANDFILL COMMERCIAL","LOCATION_A":"WITHIN 5M","LOCATION_M":"CAD","DATA_SOURC":"GOLDER ASSOCIATES","GlobalID":"{66C0E2B1-F9E0-405C-A03E-0A9360993BBC}","Shape_Length":"527.81","Shape_Area":"15,164.3"},"id":238},{"type":"Feature","geometry":{"type":"Polygon","coordinates":[[[-68.72564668963359,44.98300375076924],[-68.72534408098541,44.98257056497364],[-68.725040840872,44.98227044014561],[-68.72423128605553,44.981469183749574],[-68.72281466148499,44.98188786601546],[-68.72139102423819,44.982445215714684],[-68.72198503372618,44.9836248481779],[-68.72206756425267,44.98383034942166],[-68.72564668963359,44.98300375076924]]]},"properties":{"OBJECTID":"239","EGAD_SEQ":"","MAP_REFERENCE":"","FEATURE_NA":"CELL 12","POLYGON_TY":"LF WASTE AREA","EGAD_SITE_SEQ":"31,339","SITE_DESCR":"LANDFILL COMMERCIAL","LOCATION_A":"WITHIN 5M","LOCATION_M":"DIGITIZED","DATA_SOURC":"SEVEE & MAHER ENGINEERS","GlobalID":"{256C3B09-5AA5-4E5E-B4DF-8CC74BA281D5}","Shape_Length":"913.07","Shape_Area":"50,685.08"},"id":239},{"type":"Feature","geometry":{"type":"Polygon","coordinates":[[[-68.36020539461353,44.11794915694529],[-68.36019985310519,44.1179393186097],[-68.36020125947498,44.11796846838841],[-68.36026120012171,44.11800175165478],[-68.36033315134424,44.11800442697294],[-68.3604106000513,44.11800330031547],[-68.36048883205574,44.11800417132226],[-68.36056366782826,44.11800266710128],[-68.3606403817426,44.11800072227641],[-68.36071931049358,44.117995739473415],[-68.36080216914054,44.117993130267266],[-68.36088105513397,44.11798782209388],[-68.36095428569352,44.117974535913284],[-68.36101291481653,44.117937169705066],[-68.3610618622768,44.11789826737594],[-68.36109204762455,44.11785119133762],[-68.36112582963403,44.117812359024455],[-68.36114685086446,44.11776210937661],[-68.36116821672326,44.11772058405534],[-68.36115630401886,44.1176755819363],[-68.36110410494106,44.117642228089345],[-68.36106161054288,44.11763726190172],[-68.36100658451005,44.11763105247626],[-68.3609427151118,44.117612562564396],[-68.36088880884718,44.11758606769222],[-68.36083152992977,44.11757113037795],[-68.36077172643111,44.11755191404265],[-68.36070940700351,44.117543381327074],[-68.36064711713333,44.11754926213745],[-68.36058870417015,44.11755837069007],[-68.36052850820556,44.11757033768639],[-68.36048680507837,44.11759942982292],[-68.36044711073593,44.117636704590936],[-68.36041374989105,44.117678633498905],[-68.36038797150565,44.11772552245447],[-68.36035671811666,44.11777192698341],[-68.36032059663748,44.11781731028108],[-68.36027476055797,44.1178577278657],[-68.3602285309888,44.11790622999814],[-68.36020539461353,44.11794915694529]]]},"properties":{"OBJECTID":"240","EGAD_SEQ":"","MAP_REFERENCE":"","FEATURE_NA":"FRENCHBORO LANDFILL","POLYGON_TY":"LF WASTE AREA","EGAD_SITE_SEQ":"37,950","SITE_DESCR":"LANDFILL MUNICIPAL","LOCATION_A":"WITHIN 1M","LOCATION_M":"GPS MAPPING GRADE","DATA_SOURC":"MDEP TECH SERVICES","GlobalID":"{A8CF00FB-4386-4C34-903A-BEAC284B8B15}","Shape_Length":"209","Shape_Area":"2,798.4"},"id":240},{"type":"Feature","geometry":{"type":"Polygon","coordinates":[[[-70.25063560803979,43.78836796354278],[-70.25067160444702,43.78833026704231],[-70.25064820795349,43.788266574854326],[-70.25060285819042,43.788208452237654],[-70.25049700990174,43.78807105453715],[-70.25031561757928,43.787838565436864],[-70.25011138750462,43.78756901972474],[-70.24994604004837,43.787400300047786],[-70.24978416393104,43.78726953079847],[-70.24968468514746,43.78723484861174],[-70.24956752614946,43.78721336379059],[-70.24946684969517,43.78722910112521],[-70.24936390015709,43.7872432335434],[-70.24924772325788,43.78726889301659],[-70.24915625860315,43.78729591011844],[-70.24910556431324,43.787340364758904],[-70.2490488112419,43.78741740985988],[-70.24899756656984,43.78748951379141],[-70.24895387382719,43.787546901360805],[-70.24889178589865,43.7875833536426],[-70.24881603277758,43.787610196059454],[-70.24872688290313,43.78764043967593],[-70.24859452014105,43.787643512064164],[-70.24845760277269,43.78764338190296],[-70.24828478270432,43.78764364376919],[-70.24818506172201,43.78765123734693],[-70.24811179319785,43.78762817946822],[-70.24801248409679,43.78760921902908],[-70.2478834932593,43.78755859499876],[-70.24775858275096,43.7875420739051],[-70.24761697455581,43.78753223838797],[-70.24750021774952,43.787530260891785],[-70.24734106402033,43.787540128605194],[-70.24724470915973,43.78754768371944],[-70.24713074098422,43.787571690854904],[-70.24704832250697,43.78760185969927],[-70.24700863896823,43.787636436783266],[-70.24698014452201,43.78766926928035],[-70.2469742923672,43.78771161026416],[-70.2469978123028,43.787763386300455],[-70.24716160762725,43.787920989538854],[-70.24754399014037,43.78826853016637],[-70.24769407193116,43.788410774273515],[-70.24779869884475,43.78848956987828],[-70.24799168641805,43.78857272344922],[-70.24815425844476,43.78860825402602],[-70.24832462904187,43.78866501106071],[-70.24843649862697,43.78873839403582],[-70.24859216256438,43.7887953113378],[-70.24871852192452,43.78885787977441],[-70.2488515657911,43.788888400896745],[-70.24896210369562,43.78889784966356],[-70.24909514903023,43.788928371386106],[-70.2492882545174,43.789016851689134],[-70.24940637088228,43.789036875815185],[-70.24950230907461,43.789051813002715],[-70.2496344706029,43.78903971189897],[-70.24971514636698,43.78902817010687],[-70.24978200057403,43.789059413982656],[-70.24982801770408,43.78914950553875],[-70.24988740855572,43.78917549895811],[-70.25063560803979,43.78836796354278]]]},"properties":{"OBJECTID":"241","EGAD_SEQ":"","MAP_REFERENCE":"","FEATURE_NA":"WASTE BOUNDARY","POLYGON_TY":"LF WASTE AREA","EGAD_SITE_SEQ":"28,471","SITE_DESCR":"LANDFILL MUNICIPAL","LOCATION_A":"WITHIN 3M","LOCATION_M":"DIGITIZED","DATA_SOURC":"SEVEE & MAHER ENGINEERS","GlobalID":"{4D8B6585-505E-44BB-8809-AB5D31EB447F}","Shape_Length":"813.24","Shape_Area":"36,540.19"},"id":241},{"type":"Feature","geometry":{"type":"Polygon","coordinates":[[[-69.65635475953506,44.83149373102027],[-69.65616079547411,44.83150913661726],[-69.65596051640699,44.83155792407351],[-69.65572676618514,44.83160690246988],[-69.65568028589861,44.83164051525948],[-69.65567418560217,44.831692951136105],[-69.6557013941301,44.83173090389129],[-69.65574215234234,44.831783069815714],[-69.65581011930571,44.83187318935242],[-69.65586415730326,44.83191575195264],[-69.65594535143316,44.831991504464355],[-69.65595263900673,44.83204386345478],[-69.6559138255296,44.83216317815977],[-69.65594141267655,44.832234474591814],[-69.65602935462312,44.83231495134019],[-69.65613036027275,44.832366771912255],[-69.65621052705661,44.83235202031725],[-69.6563437065764,44.83228932711206],[-69.65647661415696,44.83220281732013],[-69.65655499584463,44.83203087410048],[-69.65665874718871,44.83173493011041],[-69.65673043331822,44.8315630261562],[-69.65667585409066,44.831472830181376],[-69.65658208477045,44.83146860537416],[-69.65635475953506,44.83149373102027]]]},"properties":{"OBJECTID":"242","EGAD_SEQ":"","MAP_REFERENCE":"","FEATURE_NA":"EST WASTE AREA","POLYGON_TY":"LF WASTE AREA","EGAD_SITE_SEQ":"29,453","SITE_DESCR":"LANDFILL MUNICIPAL","LOCATION_A":"WITHIN 3M","LOCATION_M":"DIGITIZED","DATA_SOURC":"MDEP GIS UNIT","GlobalID":"{6904C433-BA0D-4EC4-B29F-56E7224E7D33}","Shape_Length":"294.83","Shape_Area":"5,255.67"},"id":242},{"type":"Feature","geometry":{"type":"Polygon","coordinates":[[[-69.75559194961498,43.797494961533864],[-69.75543873702428,43.79747924444297],[-69.75529457930058,43.79749483563449],[-69.75519703367104,43.79754357674964],[-69.75513762226964,43.79764016409975],[-69.75505501110042,43.79772853926855],[-69.7550186133146,43.79781869975847],[-69.75501076858781,43.79788357802287],[-69.75501780728294,43.797983907650824],[-69.75495524444125,43.798059602600496],[-69.75486412811836,43.7981605806003],[-69.75488515246535,43.79822526816394],[-69.75497826865731,43.79828320565037],[-69.75508203816644,43.79826997239499],[-69.75516501998477,43.798210871510044],[-69.75541629615157,43.797989638866646],[-69.75558047750218,43.79795927766675],[-69.75576124266246,43.79787025307122],[-69.75578837091962,43.79773205626428],[-69.75575765817725,43.797585877435395],[-69.75559194961498,43.797494961533864]]]},"properties":{"OBJECTID":"243","EGAD_SEQ":"","MAP_REFERENCE":"","FEATURE_NA":"EST WASTE BOUNDARY","POLYGON_TY":"LF WASTE AREA","EGAD_SITE_SEQ":"27,574","SITE_DESCR":"LANDFILL MUNICIPAL","LOCATION_A":"WITHIN 3M","LOCATION_M":"DIGITIZED","DATA_SOURC":"MDEP GIS UNIT","GlobalID":"{13EB9C93-2662-48E3-864E-118A84733413}","Shape_Length":"256.11","Shape_Area":"3,668.09"},"id":243},{"type":"Feature","geometry":{"type":"Polygon","coordinates":[[[-70.61476245361689,44.1547991709872],[-70.61464696770311,44.15469583137536],[-70.61466209854743,44.154643131774044],[-70.61469769038459,44.15461161363231],[-70.6147134716041,44.1545827613909],[-70.61469885649312,44.15453286815111],[-70.61465079018237,44.154471518632036],[-70.6145902553147,44.15443897358928],[-70.6145527135791,44.15439894687373],[-70.61444710030686,44.15429308165414],[-70.61434551533958,44.15421340269771],[-70.61419580136067,44.15406998898392],[-70.61402705917862,44.153957858943556],[-70.61400302720953,44.15392718357487],[-70.61389300227971,44.15390249501736],[-70.61382636336782,44.153889122510236],[-70.61375316435972,44.15387822848937],[-70.61368353794272,44.15387682639209],[-70.61363073435403,44.15388472902573],[-70.6135648767556,44.15389997446593],[-70.6133389190619,44.15399859541531],[-70.61319174398166,44.15406986080036],[-70.61299540210408,44.154160906155134],[-70.61292044963291,44.15420729283842],[-70.61287505050238,44.154243720595154],[-70.61280659434665,44.15428524469316],[-70.61279470704868,44.15433551241534],[-70.61278645970786,44.15439765881964],[-70.61278496619695,44.15446447972657],[-70.61286433589538,44.15458026042645],[-70.61290285246676,44.15465605967463],[-70.61294455182387,44.15472704318914],[-70.61302301248271,44.15480943580384],[-70.61315408418774,44.15487677028548],[-70.61325170498354,44.15493264882563],[-70.61337972459678,44.15500957040124],[-70.61345656257626,44.15503234243304],[-70.61350404189818,44.15507222911785],[-70.61353508935727,44.155117119592695],[-70.61363634858053,44.15518487558044],[-70.61373851939321,44.15528601850131],[-70.61387232048223,44.15533184196417],[-70.61395617320893,44.15536882865359],[-70.61415200097319,44.15538037627392],[-70.61424845427615,44.15539332810908],[-70.61428398174338,44.15535942517336],[-70.61432840534914,44.155287224911845],[-70.61436399776888,44.155255707769],[-70.61444648489704,44.1552426126451],[-70.61458164657265,44.15521684546574],[-70.61466718606461,44.15519416458912],[-70.61476558572647,44.15515698681567],[-70.61481066036013,44.15510863462077],[-70.61481916589047,44.1550560286734],[-70.61483384253052,44.154986634621544],[-70.61483864507277,44.15491976601],[-70.61476245361689,44.1547991709872]]]},"properties":{"OBJECTID":"244","EGAD_SEQ":"","MAP_REFERENCE":"","FEATURE_NA":"EST WASTE AREA","POLYGON_TY":"LF WASTE AREA","EGAD_SITE_SEQ":"27,704","SITE_DESCR":"LANDFILL MUNICIPAL","LOCATION_A":"WITHIN 3M","LOCATION_M":"DIGITIZED","DATA_SOURC":"MDEP GIS UNIT","GlobalID":"{422B77EE-C013-4E25-84C9-7D3FC5A0D83B}","Shape_Length":"512.82","Shape_Area":"17,823.34"},"id":244},{"type":"Feature","geometry":{"type":"Polygon","coordinates":[[[-67.7117017828193,45.42708864759108],[-67.71185502226561,45.427045542509404],[-67.7119833077388,45.42700410457142],[-67.71209221861392,45.426962448002456],[-67.71224826989416,45.426917424423394],[-67.71242061571806,45.42688622938504],[-67.712562118238,45.42687222989751],[-67.71265327157643,45.42688105433828],[-67.71272795285539,45.426883845809236],[-67.7127670534703,45.42686869270093],[-67.71279245017364,45.42684753519025],[-67.71278244211155,45.426800639118866],[-67.71271447066825,45.426624435272885],[-67.71265967565017,45.42647761967873],[-67.71260529701028,45.42643412188763],[-67.7125027643443,45.426438814170496],[-67.71240826758554,45.42645529232907],[-67.71230515747942,45.426485319239276],[-67.71222762000436,45.42648639374148],[-67.71214151479995,45.42649906784478],[-67.71204679619672,45.42652529069286],[-67.71193533838435,45.426557171905664],[-67.71180723124247,45.42659081399179],[-67.71164221361508,45.42666497649184],[-67.71154928714918,45.42673410215954],[-67.71150086326912,45.426793985058254],[-67.71151029253416,45.42686621512568],[-67.71154146396073,45.42695623578739],[-67.71162504390234,45.42705464369041],[-67.7117017828193,45.42708864759108]]]},"properties":{"OBJECTID":"245","EGAD_SEQ":"","MAP_REFERENCE":"","FEATURE_NA":"EST WASTE AREA","POLYGON_TY":"LF WASTE AREA","EGAD_SITE_SEQ":"29,748","SITE_DESCR":"LANDFILL MUNICIPAL","LOCATION_A":"WITHIN 3M","LOCATION_M":"DIGITIZED","DATA_SOURC":"MDEP GIS UNIT","GlobalID":"{A624015B-811D-4C42-81B8-A2B3F6DA925A}","Shape_Length":"277.57","Shape_Area":"4,500.6"},"id":245},{"type":"Feature","geometry":{"type":"Polygon","coordinates":[[[-69.9572056526002,44.26311523192954],[-69.95720732915919,44.263146516119775],[-69.9572172702892,44.26316596585176],[-69.9572098063258,44.263216636405005],[-69.95720574414992,44.263275126417824],[-69.95719675189764,44.26330982754377],[-69.9571922213187,44.26332810481003],[-69.95717893068564,44.26338512542905],[-69.9571623319816,44.26344535454791],[-69.95714178353676,44.26350785312098],[-69.95712182623642,44.26356648172264],[-69.95710606206055,44.26362263355531],[-69.9570760675112,44.26368052697344],[-69.957049271452,44.26373556572286],[-69.95703863632927,44.263795656622804],[-69.95701969724222,44.263852885699876],[-69.95703027623887,44.26389929066333],[-69.95709136233123,44.2638892382905],[-69.95715830027414,44.26388373020934],[-69.95720407885004,44.263854751072046],[-69.95722651369269,44.26380326543091],[-69.95731026245599,44.26379684661823],[-69.9573557176831,44.26384127747646],[-69.95741976777745,44.263872434998184],[-69.95750093980791,44.263894513420624],[-69.95759812903677,44.263901202721534],[-69.95766300371541,44.2638744869294],[-69.95768896111846,44.263768366307204],[-69.95773745771862,44.26370680730234],[-69.95782065961264,44.2636320036581],[-69.95785324567079,44.26356648072684],[-69.95785347876601,44.26350916169116],[-69.95784065601448,44.2634614080517],[-69.95779344612698,44.26343491628936],[-69.95769952129551,44.26342051117034],[-69.9576955296011,44.263375823737455],[-69.95766236046026,44.26325179838258],[-69.95763373856745,44.263186457354564],[-69.95762566259111,44.263128952290366],[-69.95756563780178,44.263050903805],[-69.95752722228713,44.26300691188025],[-69.95750565294918,44.262953077928366],[-69.9574389111784,44.26288685898322],[-69.95744591842069,44.26283021690894],[-69.95744399183842,44.26277898223217],[-69.95741269435274,44.262764890988926],[-69.95733504415237,44.2627509829697],[-69.9572924388294,44.26278167226049],[-69.95727258377121,44.26283878032199],[-69.95725983729751,44.26290114331259],[-69.95725034791732,44.26295808797222],[-69.95723503982015,44.26301229584662],[-69.9572182450454,44.26306421589515],[-69.9572056526002,44.26311523192954]]]},"properties":{"OBJECTID":"246","EGAD_SEQ":"","MAP_REFERENCE":"","FEATURE_NA":"DUMP AREA 3","POLYGON_TY":"LF WASTE AREA","EGAD_SITE_SEQ":"81,213","SITE_DESCR":"LANDFILL MUNICIPAL","LOCATION_A":"WITHIN 1M","LOCATION_M":"GPS MAPPING GRADE","DATA_SOURC":"MDEP SOLID WASTE","GlobalID":"{37EBCB19-55DF-4100-BA96-AB7839520F8A}","Shape_Length":"340.47","Shape_Area":"4,728.12"},"id":246},{"type":"Feature","geometry":{"type":"Polygon","coordinates":[[[-68.725040840872,44.98227044014561],[-68.72534408098541,44.98257056497364],[-68.72564668963359,44.98300375076924],[-68.72573956221011,44.98318693767442],[-68.72845939978674,44.98287455782581],[-68.72809958630017,44.98206803207822],[-68.72802151365039,44.98191253271403],[-68.725040840872,44.98227044014561]]]},"properties":{"OBJECTID":"247","EGAD_SEQ":"","MAP_REFERENCE":"","FEATURE_NA":"CELL 15","POLYGON_TY":"LF WASTE AREA","EGAD_SITE_SEQ":"31,339","SITE_DESCR":"LANDFILL COMMERCIAL","LOCATION_A":"WITHIN 5M","LOCATION_M":"DIGITIZED","DATA_SOURC":"SEVEE & MAHER ENGINEERS","GlobalID":"{A719C8A9-C9D5-4969-9AFA-DAE92C30EF3A}","Shape_Length":"684.24","Shape_Area":"24,780.12"},"id":247},{"type":"Feature","geometry":{"type":"Polygon","coordinates":[[[-70.71225866538842,43.45836533623282],[-70.71219261200461,43.45834250240308],[-70.71204863936609,43.45833989367738],[-70.71191922097744,43.458389479047995],[-70.71187654646491,43.45849970574772],[-70.71191752236608,43.45856103344895],[-70.71200560970705,43.45866930284004],[-70.71211304165212,43.458767752454044],[-70.71221232468392,43.45880914769997],[-70.71241312490604,43.458739434585226],[-70.71257321565815,43.458617918763544],[-70.71254970204906,43.45848009431006],[-70.71240984756625,43.458391659866024],[-70.71225866538842,43.45836533623282]]]},"properties":{"OBJECTID":"248","EGAD_SEQ":"","MAP_REFERENCE":"","FEATURE_NA":"EST WASTE AREA","POLYGON_TY":"LF WASTE AREA","EGAD_SITE_SEQ":"72,549","SITE_DESCR":"LANDFILL MUNICIPAL","LOCATION_A":"WITHIN 3M","LOCATION_M":"DIGITIZED","DATA_SOURC":"MDEP GIS UNIT","GlobalID":"{6EC47055-817E-429D-8CA6-3797D61E5899}","Shape_Length":"166.61","Shape_Area":"2,029.29"},"id":248},{"type":"Feature","geometry":{"type":"Polygon","coordinates":[[[-69.48765203265403,44.03749882853379],[-69.48743201197094,44.03744696221513],[-69.48730948978404,44.03738294638776],[-69.48717840309594,44.037266161766134],[-69.48701608228653,44.037307923877144],[-69.48687022015704,44.037373084892934],[-69.4867813824506,44.03744973606806],[-69.48669259379012,44.037532254506516],[-69.48671824017028,44.03768469234993],[-69.48663859289434,44.037890382078444],[-69.48644527469452,44.03812002502673],[-69.48629108451759,44.03816175148551],[-69.48625161913638,44.03830859898597],[-69.48626999615703,44.03856667548595],[-69.48658848056338,44.03872373327225],[-69.48688155821587,44.03875768728011],[-69.48723132703671,44.038762063790465],[-69.48749100757865,44.03869055011478],[-69.4876122803932,44.03860202490105],[-69.48788605914592,44.03826642700441],[-69.48798880163375,44.03790222495961],[-69.48796300745728,44.03773218721421],[-69.48784779917506,44.0375683979172],[-69.48765203265403,44.03749882853379]]]},"properties":{"OBJECTID":"249","EGAD_SEQ":"","MAP_REFERENCE":"","FEATURE_NA":"EST WASTE AREA","POLYGON_TY":"LF WASTE AREA","EGAD_SITE_SEQ":"29,524","SITE_DESCR":"LANDFILL MUNICIPAL","LOCATION_A":"WITHIN 3M","LOCATION_M":"DIGITIZED","DATA_SOURC":"MDEP GIS UNIT","GlobalID":"{0B2C22BF-4B1F-44C8-AEAC-6B8D2457BA76}","Shape_Length":"486.98","Shape_Area":"15,909.62"},"id":249},{"type":"Feature","geometry":{"type":"Polygon","coordinates":[[[-69.6527775810607,44.695938269501994],[-69.65331987084936,44.694176344511654],[-69.65228658066347,44.69414105953065],[-69.65180089939506,44.694124471046266],[-69.65174681543557,44.694423249062474],[-69.65159158195586,44.69503545125526],[-69.65154220730791,44.695453845104396],[-69.65150817046549,44.695809979007976],[-69.6514760746736,44.69585310176555],[-69.6527775810607,44.695938269501994]]]},"properties":{"OBJECTID":"250","EGAD_SEQ":"","MAP_REFERENCE":"","FEATURE_NA":"CELL 8","POLYGON_TY":"LF WASTE AREA","EGAD_SITE_SEQ":"30,714","SITE_DESCR":"LANDFILL SPECIAL WASTE","LOCATION_A":"WITHIN 3M","LOCATION_M":"DIGITIZED","DATA_SOURC":"MDEP GIS UNIT","GlobalID":"{12F380A8-D2A6-445D-8443-F67211AA0EA6}","Shape_Length":"618.73","Shape_Area":"22,077.91"},"id":250},{"type":"Feature","geometry":{"type":"Polygon","coordinates":[[[-70.03687602755896,43.97082378732069],[-70.03680133135282,43.97062331613418],[-70.03657344487148,43.97008031991219],[-70.03643906031611,43.96967815867206],[-70.03643499933943,43.969669160494384],[-70.0364290470991,43.969660729586835],[-70.03642134802932,43.96965307081917],[-70.03641208990773,43.969646372461625],[-70.0364014999752,43.96964079811693],[-70.03638983616378,43.969636484099055],[-70.0363773845255,43.96963353495466],[-70.03636444924521,43.96963202265333],[-70.03635134514649,43.96963198575544],[-70.03565705024106,43.96966929298266],[-70.03489177643974,43.96974577662442],[-70.0348730599571,43.96979326676944],[-70.0348817282968,43.96990800993851],[-70.03489895724479,43.970029131976375],[-70.03493797929413,43.970173241525764],[-70.03505521948983,43.97028111646418],[-70.03522345643529,43.97049997008052],[-70.03524822054237,43.97057183044088],[-70.03526191003296,43.970728480788914],[-70.03527520553514,43.970926530102986],[-70.03528712453837,43.97108839690387],[-70.03532295473164,43.97174831879387],[-70.03540208483918,43.97207344470963],[-70.03556993647817,43.972090623732896],[-70.03578005691108,43.97206868626615],[-70.03585167023581,43.97206313641938],[-70.03620094382856,43.97198499083527],[-70.03659767751093,43.97157786145022],[-70.03658096323545,43.971435812697706],[-70.03674974447932,43.97135609848077],[-70.03689821969742,43.971129809425044],[-70.03687602755896,43.97082378732069]]]},"properties":{"OBJECTID":"251","EGAD_SEQ":"","MAP_REFERENCE":"","FEATURE_NA":"PHASE 1 LINER LIMIT","POLYGON_TY":"LF WASTE AREA","EGAD_SITE_SEQ":"28,232","SITE_DESCR":"LANDFILL MUNICIPAL","LOCATION_A":"WITHIN 3M","LOCATION_M":"CAD","DATA_SOURC":"WOODARD AND CURRAN","GlobalID":"{DCCC3B41-1D5C-44C5-B47F-DA14021E9CF0}","Shape_Length":"741.08","Shape_Area":"30,715.53"},"id":251},{"type":"Feature","geometry":{"type":"Polygon","coordinates":[[[-67.70898896465403,44.647256540030845],[-67.70904946697877,44.64718025574089],[-67.70905542339096,44.647059040197405],[-67.70900424013529,44.64686254111036],[-67.70892542554608,44.64673337044608],[-67.70875515467567,44.6466031638],[-67.70845993438336,44.646508862534006],[-67.70821282988892,44.64645475524086],[-67.70813049902563,44.646484144120095],[-67.70807295223372,44.646574455688025],[-67.70808026595958,44.64668649297848],[-67.70813963557535,44.64680844843685],[-67.70812144039087,44.64689220759729],[-67.70800483930815,44.64699351279381],[-67.70790819859006,44.64707871777218],[-67.70792080399163,44.64724679130614],[-67.70812523970127,44.64730974665607],[-67.70822810885419,44.64738554614656],[-67.70846215079199,44.64743950565909],[-67.70867104452755,44.64744886482209],[-67.70875420559643,44.647382167068756],[-67.70883057457459,44.64732705333593],[-67.70898896465403,44.647256540030845]]]},"properties":{"OBJECTID":"252","EGAD_SEQ":"","MAP_REFERENCE":"","FEATURE_NA":"EST WASTE BOUNDARY","POLYGON_TY":"LF WASTE AREA","EGAD_SITE_SEQ":"29,688","SITE_DESCR":"LANDFILL MUNICIPAL","LOCATION_A":"WITHIN 3M","LOCATION_M":"DIGITIZED","DATA_SOURC":"MDEP GIS UNIT","GlobalID":"{78D7BEB8-58C1-4D15-9D72-DA2698F4BA4B}","Shape_Length":"325.82","Shape_Area":"7,033.78"},"id":252},{"type":"Feature","geometry":{"type":"Polygon","coordinates":[[[-68.72788269600193,44.98121106476429],[-68.72798437704611,44.98101111963998],[-68.728006078562,44.980682291962616],[-68.72804826412872,44.98028201857731],[-68.7279698425073,44.979824258580834],[-68.72791149919786,44.97938084954649],[-68.72787323245116,44.97895178610293],[-68.72777365215387,44.978708461603375],[-68.72773410371231,44.97855107694082],[-68.72753352061409,44.97836471075433],[-68.72713209211376,44.97804917425395],[-68.72689176352523,44.9777483177026],[-68.72624906389512,44.97733210530588],[-68.72616725652638,44.97758929154526],[-68.72588208118191,44.97824636739262],[-68.72565856410966,44.97864620558076],[-68.72510367102296,44.97875662436007],[-68.7244866211474,44.978866083034745],[-68.72518037171788,44.98085755685303],[-68.72515765731583,44.98107296497209],[-68.72500428620756,44.981403482554704],[-68.72645163209684,44.981336338944274],[-68.72671354658138,44.9813369659807],[-68.72715678630273,44.98133802575045],[-68.72753964990946,44.981324641068255],[-68.72788269600193,44.98121106476429]]]},"properties":{"OBJECTID":"253","EGAD_SEQ":"","MAP_REFERENCE":"","FEATURE_NA":"ACTIVE LANDFILL","POLYGON_TY":"LF WASTE AREA","EGAD_SITE_SEQ":"31,339","SITE_DESCR":"LANDFILL COMMERCIAL","LOCATION_A":"WITHIN 3M","LOCATION_M":"DIGITIZED","DATA_SOURC":"MDEP TECH SERVICES","GlobalID":"{B2C04FF6-7FAC-4FE8-9E95-B70797417AC0}","Shape_Length":"1,249.03","Shape_Area":"84,552.74"},"id":253},{"type":"Feature","geometry":{"type":"Polygon","coordinates":[[[-70.04812087394563,43.952782625871045],[-70.047726161393,43.95283865380446],[-70.0473513122192,43.952899263861326],[-70.04712845756154,43.952977535762656],[-70.04693823695916,43.95303645133628],[-70.04676754814176,43.95308089545125],[-70.04669601756754,43.95313872316772],[-70.04662641116725,43.953306113350756],[-70.04665070819145,43.953563167481754],[-70.04679160684906,43.953700043910366],[-70.04699143522797,43.953812557737606],[-70.0472296559384,43.95385801849951],[-70.04744725816916,43.953856023823846],[-70.04787511596876,43.95380922131078],[-70.04820247209696,43.95367281599776],[-70.04852356737766,43.95355552406629],[-70.04862138791619,43.953492690162],[-70.04875810294746,43.95339138273251],[-70.04893563687743,43.95336116680421],[-70.04927042066538,43.95327233420064],[-70.04954518607408,43.953145936420974],[-70.04959558928037,43.95301207083816],[-70.04958089262993,43.95292644724127],[-70.04938782441195,43.952823404273616],[-70.04901563275699,43.95266006952779],[-70.04884310327795,43.95259971636526],[-70.04868552070747,43.95263927746672],[-70.04812087394563,43.952782625871045]]]},"properties":{"OBJECTID":"254","EGAD_SEQ":"","MAP_REFERENCE":"","FEATURE_NA":"EST WASTE AREA","POLYGON_TY":"LF WASTE AREA","EGAD_SITE_SEQ":"32,298","SITE_DESCR":"LANDFILL MUNICIPAL","LOCATION_A":"WITHIN 3M","LOCATION_M":"DIGITIZED","DATA_SOURC":"MDEP GIS UNIT","GlobalID":"{6D050476-DD18-4C7F-989B-4E37853FDA88}","Shape_Length":"592.84","Shape_Area":"20,400.89"},"id":254},{"type":"Feature","geometry":{"type":"Polygon","coordinates":[[[-69.82183987001605,43.94056063197925],[-69.8214829160408,43.940700863416104],[-69.82141755225264,43.940758039607616],[-69.82134803645855,43.94085593813857],[-69.82143508360255,43.9409322100706],[-69.82139088225283,43.941029650226106],[-69.82134858499049,43.94113063938805],[-69.82131370810407,43.9411990660101],[-69.82117451512408,43.941271999551404],[-69.82140267502757,43.941407674818244],[-69.8215264617575,43.94146421864151],[-69.82164611850598,43.94150197817219],[-69.82179763212442,43.941579266416355],[-69.82182900727956,43.94195034068681],[-69.82411362052096,43.94199564306384],[-69.8246672405295,43.94189223676006],[-69.8248568981227,43.9418637769478],[-69.82529693515009,43.94184255903037],[-69.82580561349211,43.94171393318789],[-69.8261404887575,43.94161045731437],[-69.82631511822628,43.94100443210657],[-69.82639669926432,43.94085213467343],[-69.82640983794929,43.940614873936845],[-69.82651227964502,43.94036888024763],[-69.82643674902911,43.940223357158885],[-69.82632053413865,43.94015209797251],[-69.82612650032681,43.94016534611507],[-69.82581416387431,43.94023929843391],[-69.8254461252724,43.94028146094854],[-69.82531572449507,43.94027768953783],[-69.82513024415532,43.94013652870924],[-69.8248813363718,43.94010292295464],[-69.82449816925659,43.940009977815286],[-69.82410721218167,43.93981403720719],[-69.82264138543657,43.93959595246275],[-69.8219799867235,43.93983685529593],[-69.82172137085318,43.94018160290792],[-69.82183987001605,43.94056063197925]]]},"properties":{"OBJECTID":"255","EGAD_SEQ":"","MAP_REFERENCE":"","FEATURE_NA":"OLD CLOSED LANDFILL","POLYGON_TY":"LF WASTE AREA","EGAD_SITE_SEQ":"27,522","SITE_DESCR":"LANDFILL MUNICIPAL","LOCATION_A":"WITHIN 3M","LOCATION_M":"CAD","DATA_SOURC":"SEVEE & MAHER ENGINEERS","GlobalID":"{66514260-2801-44B8-A4C4-07781F6C6D53}","Shape_Length":"1,196.47","Shape_Area":"83,022.8"},"id":255},{"type":"Feature","geometry":{"type":"Polygon","coordinates":[[[-69.81658655755231,44.29788734009877],[-69.81651433641683,44.2978721164139],[-69.81643951513213,44.297895137174756],[-69.8163900180572,44.29793821296856],[-69.81635927395284,44.297978906660845],[-69.81636634367628,44.298037318117295],[-69.81639814959195,44.29807306774441],[-69.81645868771518,44.29814908594833],[-69.81653472583398,44.298213750351366],[-69.81664494972101,44.29826018137018],[-69.81672321419882,44.29825962178809],[-69.81683225379246,44.2982206170746],[-69.8169223842784,44.29817275258284],[-69.81693403461163,44.29810971027033],[-69.81692401899123,44.29806481093823],[-69.8167818357622,44.29797138790602],[-69.81658655755231,44.29788734009877]]]},"properties":{"OBJECTID":"256","EGAD_SEQ":"","MAP_REFERENCE":"","FEATURE_NA":"EST WASTE BOUNDARY","POLYGON_TY":"LF WASTE AREA","EGAD_SITE_SEQ":"27,528","SITE_DESCR":"LANDFILL MUNICIPAL","LOCATION_A":"WITHIN 3M","LOCATION_M":"DIGITIZED","DATA_SOURC":"MDEP GIS UNIT","GlobalID":"{9B374162-EF0F-41CE-9BBE-E1F04ED890F7}","Shape_Length":"134.95","Shape_Area":"1,306.93"},"id":256},{"type":"Feature","geometry":{"type":"Polygon","coordinates":[[[-68.28991967183825,44.85805643769556],[-68.28961191915556,44.85805452373105],[-68.2895020608054,44.85807981330282],[-68.28943365702865,44.858127621223105],[-68.28938607300965,44.858179269340326],[-68.2893853884934,44.85823491996448],[-68.28935345318781,44.85828666544011],[-68.28933565936622,44.85846093982844],[-68.28937574519973,44.858594759545525],[-68.28950977062124,44.85872545483559],[-68.28962347707599,44.858811498952754],[-68.28980595445199,44.8588200543615],[-68.28999437690767,44.85876928177742],[-68.29009389530307,44.8587365078892],[-68.29025302481396,44.858522298826344],[-68.29028088342682,44.85837776963013],[-68.290194532863,44.8581880077972],[-68.29005991569566,44.85810554403357],[-68.28991967183825,44.85805643769556]]]},"properties":{"OBJECTID":"257","EGAD_SEQ":"","MAP_REFERENCE":"","FEATURE_NA":"EST WASTE AREA","POLYGON_TY":"LF WASTE AREA","EGAD_SITE_SEQ":"29,752","SITE_DESCR":"LANDFILL MUNICIPAL","LOCATION_A":"WITHIN 3M","LOCATION_M":"DIGITIZED","DATA_SOURC":"MDEP GIS UNIT","GlobalID":"{F05638EE-DC92-48A0-A173-2C9FB37CB72F}","Shape_Length":"256.74","Shape_Area":"5,035.67"},"id":257},{"type":"Feature","geometry":{"type":"Polygon","coordinates":[[[-67.62889551102211,44.54600643762074],[-67.62904640266022,44.54600355980105],[-67.6294240941416,44.5458369279853],[-67.62976054500349,44.545611180514456],[-67.62996637744084,44.54536276292259],[-67.63009304515094,44.54513449829027],[-67.63009356067352,44.544972717779366],[-67.63012652398336,44.54482539398429],[-67.6301741401266,44.54461259355348],[-67.63014826845206,44.544457531128856],[-67.63009846245544,44.544344384885214],[-67.62998938369027,44.54424225341475],[-67.62988647585911,44.54415660762799],[-67.6298051368949,44.544129840116085],[-67.62968909578566,44.5441847211777],[-67.62940379896749,44.54432667045312],[-67.62923140692642,44.54454735175394],[-67.62919648236281,44.544638378273305],[-67.62916902571321,44.5448303172951],[-67.62914528871262,44.54500354313182],[-67.62894465865182,44.54516995488479],[-67.62874686425646,44.54535515995619],[-67.62861512142024,44.54552005402983],[-67.6285098755825,44.54567354299558],[-67.62845762611379,44.54580422111732],[-67.62854780872676,44.54587330089587],[-67.62874899863895,44.545962473271686],[-67.62889551102211,44.54600643762074]]]},"properties":{"OBJECTID":"258","EGAD_SEQ":"","MAP_REFERENCE":"","FEATURE_NA":"EST WASTE AREA","POLYGON_TY":"LF WASTE AREA","EGAD_SITE_SEQ":"29,699","SITE_DESCR":"LANDFILL MUNICIPAL","LOCATION_A":"WITHIN 5M","LOCATION_M":"DIGITIZED","DATA_SOURC":"MDEP GIS UNIT","GlobalID":"{4FEDC2FC-220B-47E0-A9E4-A372C1009041}","Shape_Length":"531.64","Shape_Area":"15,319.81"},"id":258},{"type":"Feature","geometry":{"type":"Polygon","coordinates":[[[-69.1360492028472,44.106777948062415],[-69.1362760204731,44.10672277175667],[-69.13629254302258,44.10670484710133],[-69.13636187628194,44.106599729581504],[-69.13649213416838,44.10633579231638],[-69.13653499367584,44.106245027927],[-69.13661909618772,44.10607901919041],[-69.13671802806644,44.105880764275184],[-69.13678241510206,44.105786393392535],[-69.13685507136742,44.10568723719343],[-69.13687487834986,44.10565737638519],[-69.1369062403471,44.105608402034285],[-69.13697383447203,44.105468670151204],[-69.13701999801032,44.10537432097501],[-69.13703627855722,44.105251361686456],[-69.13704278229898,44.10520003122243],[-69.13705742622159,44.10508423425001],[-69.13706726411992,44.10504125218581],[-69.13706364132574,44.1049063810293],[-69.13687782048105,44.104778891364006],[-69.13669558585251,44.10476717381634],[-69.13663615398306,44.10485556952322],[-69.13658167690511,44.104935604170805],[-69.13651727273934,44.10502281371469],[-69.13645285865093,44.1051052487593],[-69.13632736505062,44.10527727601694],[-69.13621172324923,44.10541348328723],[-69.136096077938,44.10554730275467],[-69.13603661553198,44.10562256769794],[-69.1359558023474,44.10577783021604],[-69.13593106662066,44.10582560527862],[-69.13588232088419,44.1059249170204],[-69.13584366145516,44.10599657918553],[-69.13578955755234,44.10610518600443],[-69.13584399972683,44.106144284924255],[-69.13595289192025,44.10622472090687],[-69.13590035522851,44.10633892148617],[-69.13581224320193,44.10651806402648],[-69.1357631168799,44.106639773771505],[-69.13569629519061,44.106746476133736],[-69.13585631084591,44.10677314203235],[-69.13596036893016,44.106775254675114],[-69.1360492028472,44.106777948062415]]]},"properties":{"OBJECTID":"259","EGAD_SEQ":"","MAP_REFERENCE":"","FEATURE_NA":"CLOSED LANDFILL AREA","POLYGON_TY":"LF WASTE AREA","EGAD_SITE_SEQ":"27,560","SITE_DESCR":"LANDFILL MUNICIPAL","LOCATION_A":"WITHIN 3M","LOCATION_M":"CAD","DATA_SOURC":"MUNICIPAL GOVERNMENT","GlobalID":"{C4A02601-59DA-4C00-A691-5A496980BDC8}","Shape_Length":"542.63","Shape_Area":"11,861.06"},"id":259},{"type":"Feature","geometry":{"type":"Polygon","coordinates":[[[-69.41401245569301,44.90601557917996],[-69.41406241768091,44.90597252745718],[-69.41409849798914,44.90586283416382],[-69.41408461261658,44.90579619262635],[-69.41404879679763,44.90566198809275],[-69.41404209680759,44.90556912265207],[-69.41402062146376,44.90537913155104],[-69.41397503029985,44.90519066009019],[-69.413955583873,44.905096408610056],[-69.41394449107307,44.905045003743524],[-69.41390108698396,44.90497465768506],[-69.41385533088906,44.904950055190106],[-69.4137935155267,44.904929318744585],[-69.41372648750085,44.90492956158822],[-69.41362208839574,44.904952804127525],[-69.41351240812872,44.90498750103335],[-69.41340554708196,44.90504124052621],[-69.4133041692376,44.905112107232604],[-69.41327512668649,44.90517509274769],[-69.41325705722231,44.905272334662854],[-69.4132574121874,44.90532187721195],[-69.41356319047232,44.90608675702608],[-69.41361441984736,44.906126586626904],[-69.41367620782916,44.90614351178514],[-69.41374591758228,44.90614325925543],[-69.41379944466505,44.90612972514334],[-69.41401245569301,44.90601557917996]]]},"properties":{"OBJECTID":"260","EGAD_SEQ":"","MAP_REFERENCE":"","FEATURE_NA":"WASTE BOUNDARY","POLYGON_TY":"LF WASTE AREA","EGAD_SITE_SEQ":"28,767","SITE_DESCR":"LANDFILL MUNICIPAL","LOCATION_A":"WITHIN 5M","LOCATION_M":"CAD","DATA_SOURC":"ACHERON ENGINEERING","GlobalID":"{A375E7FB-98FD-4FB2-9A0A-AE17F58F81C2}","Shape_Length":"328.27","Shape_Area":"6,377.79"},"id":260},{"type":"Feature","geometry":{"type":"Polygon","coordinates":[[[-69.70889988515633,44.320864941397204],[-69.70903048314278,44.31978820362385],[-69.7088578912377,44.319615327208645],[-69.70870426113382,44.31952608768014],[-69.70819038458383,44.31932956069918],[-69.70760441543966,44.31910770877292],[-69.70693715262699,44.318841261017255],[-69.70664885024053,44.31874641048765],[-69.70662239868672,44.318785228464],[-69.7064553140794,44.31906974540645],[-69.70618218015234,44.31949021379788],[-69.7058217838907,44.32011738467699],[-69.70584901268823,44.32014298566974],[-69.70642740508734,44.32048086089636],[-69.70727686581105,44.3209716759118],[-69.707964043176,44.32139906335801],[-69.70809013796972,44.321436933361],[-69.70889988515633,44.320864941397204]]]},"properties":{"OBJECTID":"261","EGAD_SEQ":"","MAP_REFERENCE":"","FEATURE_NA":"EXPANSION II LANDFILL","POLYGON_TY":"LF WASTE AREA","EGAD_SITE_SEQ":"27,293","SITE_DESCR":"LANDFILL MUNICIPAL","LOCATION_A":"WITHIN 3M","LOCATION_M":"CAD","DATA_SOURC":"WOODARD AND CURRAN","GlobalID":"{E5B08D82-D0C7-411D-8EF8-36513D3137EB}","Shape_Length":"834.86","Shape_Area":"45,613.36"},"id":261},{"type":"Feature","geometry":{"type":"Polygon","coordinates":[[[-70.24014848490386,44.12399055617824],[-70.2401030995085,44.12388602962012],[-70.24001452581282,44.12378197187643],[-70.2399100869051,44.123693646584854],[-70.23976294422928,44.12362912109501],[-70.2395185512574,44.12356176312175],[-70.23933427221112,44.123528754365296],[-70.23893478609511,44.123533087867116],[-70.23839437228523,44.12351172206253],[-70.2379895691158,44.123519998403715],[-70.23767138610545,44.12353900663494],[-70.23756431091807,44.123582951967435],[-70.23747359261232,44.123634497009675],[-70.23732487232114,44.123752795517895],[-70.23719668674752,44.12382030648585],[-70.23705149826868,44.12384910741231],[-70.23702702166084,44.123969948473174],[-70.23694210509078,44.12404087817713],[-70.2368025576471,44.12408128591122],[-70.23663028950058,44.12410648829376],[-70.23650170171123,44.12415455401793],[-70.2364115494712,44.124233320606244],[-70.23638699031761,44.12435027391422],[-70.23644897014451,44.12447407113972],[-70.23653720914446,44.124562574952385],[-70.2369635710471,44.12481077897421],[-70.2374975054551,44.12503837175876],[-70.23764440189481,44.12509123371266],[-70.23780063847963,44.12507398142634],[-70.23834248232913,44.124904746609644],[-70.23994550948478,44.12435448757249],[-70.240110747556,44.12425156665755],[-70.24017390093783,44.12417309027692],[-70.24017178536597,44.12407198247193],[-70.24014848490386,44.12399055617824]]]},"properties":{"OBJECTID":"262","EGAD_SEQ":"","MAP_REFERENCE":"","FEATURE_NA":"WASTE AREA","POLYGON_TY":"LF WASTE AREA","EGAD_SITE_SEQ":"28,331","SITE_DESCR":"LANDFILL MUNICIPAL","LOCATION_A":"WITHIN 3M","LOCATION_M":"DIGITIZED","DATA_SOURC":"SUMMIT ENVIRONMENTAL","GlobalID":"{4872BDF4-5C37-40FF-B7FD-45218641611B}","Shape_Length":"752.87","Shape_Area":"35,329.6"},"id":262},{"type":"Feature","geometry":{"type":"Polygon","coordinates":[[[-70.6139728575376,43.29911736600009],[-70.61398440558088,43.29907813381487],[-70.61396685590277,43.29900943840337],[-70.61392305217797,43.298899747299146],[-70.6138887419146,43.29879221921831],[-70.61387439823098,43.298725777366876],[-70.61391001482434,43.29864484108452],[-70.61392312892276,43.29854583718706],[-70.61392844778479,43.29850899444324],[-70.61386111806698,43.298461682871526],[-70.61377226340973,43.298433060210044],[-70.61372132981893,43.29841079973489],[-70.61367287766758,43.29836322165866],[-70.61365212161965,43.298292274411985],[-70.61362556176238,43.29823979334617],[-70.61359930571653,43.29819879670476],[-70.61357655801221,43.29817153899623],[-70.61349072744608,43.29813828029676],[-70.61338602460877,43.298105285093264],[-70.61329112129023,43.298085939987914],[-70.61319719125774,43.29810335235592],[-70.61310343848042,43.298127656818075],[-70.61295259264053,43.29813438131115],[-70.61284342090127,43.29817039085789],[-70.61273394175552,43.298194916817856],[-70.61260789360847,43.29818750179183],[-70.61253802759875,43.298163209842265],[-70.61247094713806,43.298125086527044],[-70.61235130806219,43.29812217669361],[-70.61223336767621,43.29818359005507],[-70.61210889430721,43.29823590459818],[-70.61194298470794,43.2982681199809],[-70.61182340481862,43.298267506684866],[-70.61171023754565,43.298271400533594],[-70.61161291767203,43.29827966317902],[-70.61153785426183,43.29829680829429],[-70.61145747549136,43.298350799545645],[-70.61142735687476,43.29840178098829],[-70.61142724596766,43.298516688643126],[-70.61143959371752,43.29862682488741],[-70.61143664117833,43.29875326039826],[-70.61140695083525,43.298820323063765],[-70.61138294126012,43.29886432733759],[-70.61129342864946,43.29892993499236],[-70.61125338798712,43.298962673701006],[-70.61121177976439,43.29905518409577],[-70.61116079949043,43.299150125342535],[-70.61110037893638,43.29924519596426],[-70.61110165306314,43.29929343980898],[-70.61113190357594,43.29936655257014],[-70.61120322545912,43.2994459813253],[-70.61125476220688,43.29949121905696],[-70.61137785363815,43.29950557190289],[-70.61150711375905,43.29951523823767],[-70.61160116917566,43.29950242493925],[-70.61169467697701,43.29946893256867],[-70.61175304415254,43.29941525139828],[-70.6117860652168,43.299355036374976],[-70.61191756086339,43.299330200986226],[-70.61216826917561,43.29929219703971],[-70.6123028488404,43.29926501980625],[-70.6123907386769,43.29925688593301],[-70.61251255469352,43.29922299644875],[-70.61268554243446,43.299220557026686],[-70.61276435524432,43.299226337514106],[-70.61292240993241,43.29925398494095],[-70.6130677011284,43.299274916618046],[-70.61322429800029,43.299247427727714],[-70.613418757831,43.299224001172476],[-70.61361932529947,43.29919359523458],[-70.61380441294321,43.299172598193934],[-70.61389532096594,43.299159824724065],[-70.6139728575376,43.29911736600009]]]},"properties":{"OBJECTID":"263","EGAD_SEQ":"","MAP_REFERENCE":"","FEATURE_NA":"APPARENT METAL WASTE LIMITS","POLYGON_TY":"LF WASTE AREA","EGAD_SITE_SEQ":"36,574","SITE_DESCR":"LANDFILL MUNICIPAL","LOCATION_A":"WITHIN 3M","LOCATION_M":"CAD","DATA_SOURC":"NORTHEAST GEOPHYSICAL","GlobalID":"{27E1BAF8-4B9E-44A0-A51A-317AB9740E76}","Shape_Length":"676.55","Shape_Area":"25,286.17"},"id":263},{"type":"Feature","geometry":{"type":"Polygon","coordinates":[[[-70.29269787247478,44.45460654217336],[-70.29257192562015,44.45459109842382],[-70.29240884455959,44.45467166503316],[-70.29232387484288,44.45473447816244],[-70.2923501491441,44.454857883942374],[-70.29244829776307,44.45503670564684],[-70.29258606443852,44.45523194818916],[-70.29280631755684,44.45525194657784],[-70.29307205080723,44.45519833180834],[-70.29323426376997,44.4550784140925],[-70.29324747832332,44.45496580666942],[-70.29314197372031,44.45480956140297],[-70.29295885442747,44.45469355390175],[-70.29269787247478,44.45460654217336]]]},"properties":{"OBJECTID":"264","EGAD_SEQ":"","MAP_REFERENCE":"","FEATURE_NA":"EST WASTE BOUNDARY","POLYGON_TY":"LF WASTE AREA","EGAD_SITE_SEQ":"27,111","SITE_DESCR":"LANDFILL MUNICIPAL","LOCATION_A":"WITHIN 3M","LOCATION_M":"DIGITIZED","DATA_SOURC":"MDEP GIS UNIT","GlobalID":"{DB1967FB-C19F-426C-AFA7-A7A7EB197217}","Shape_Length":"227.54","Shape_Area":"3,786.64"},"id":264},{"type":"Feature","geometry":{"type":"Polygon","coordinates":[[[-70.34782258274916,43.896321068088916],[-70.34740377717294,43.89674051078646],[-70.34716532141236,43.89697677811638],[-70.34706293606493,43.89711138854048],[-70.34701185123372,43.89718345668702],[-70.34695503794595,43.89729370717292],[-70.34687187584628,43.89740426913931],[-70.34667347346257,43.89766388580861],[-70.3465608120708,43.89792725544055],[-70.34645559362356,43.89822865296335],[-70.34645330023815,43.89841925590921],[-70.34657723872219,43.89865601538797],[-70.34683302826781,43.89889598433266],[-70.34700569295984,43.898955886207034],[-70.34712361852128,43.89892590952623],[-70.34732481481227,43.898790133923214],[-70.34744091474286,43.89867918411143],[-70.3474509730807,43.89854089757498],[-70.3476450425001,43.89838138289885],[-70.34784526859464,43.89820273829922],[-70.34792291712367,43.89813988489119],[-70.34804893288839,43.8981765138757],[-70.34815042714675,43.898294426401264],[-70.34849349678264,43.89831419949183],[-70.34891787101131,43.89843306477701],[-70.34929409343825,43.89846197252783],[-70.34938491591093,43.898398963451584],[-70.34940209396278,43.8982844143065],[-70.34937058206536,43.89805609573399],[-70.34928010806031,43.897842765736115],[-70.34921576830243,43.897619599466005],[-70.34922031190898,43.89752902208502],[-70.34931793442178,43.897475460334164],[-70.34948790753616,43.897416280185446],[-70.34961609716412,43.8972575411388],[-70.3496270123842,43.89715735999106],[-70.34919476645143,43.89698141756674],[-70.3486424532874,43.8967401896271],[-70.34782258274916,43.896321068088916]]]},"properties":{"OBJECTID":"265","EGAD_SEQ":"","MAP_REFERENCE":"","FEATURE_NA":"EST WASTE AREA","POLYGON_TY":"LF WASTE AREA","EGAD_SITE_SEQ":"28,830","SITE_DESCR":"LANDFILL MUNICIPAL","LOCATION_A":"WITHIN 3M","LOCATION_M":"DIGITIZED","DATA_SOURC":"MDEP GIS UNIT","GlobalID":"{B0C8E08A-D9B3-4D3A-A8A7-4F21F51541CC}","Shape_Length":"919.39","Shape_Area":"42,190.1"},"id":265},{"type":"Feature","geometry":{"type":"Polygon","coordinates":[[[-68.43632731083743,44.70241337536744],[-68.43650815878577,44.70256460870139],[-68.43674660571826,44.702651113243064],[-68.43699142173067,44.702668574214236],[-68.4372710129629,44.70262525440442],[-68.43746023478107,44.70250022510262],[-68.43751284482094,44.702362333483286],[-68.43748558146257,44.702236238595525],[-68.43732752106973,44.70208511907318],[-68.43704408806097,44.70193744597853],[-68.43682795616729,44.70189980816282],[-68.4366167733979,44.70193939979494],[-68.43642809967511,44.7020075460817],[-68.43631895396832,44.70210046129182],[-68.43628394040356,44.702185618572436],[-68.43627128599945,44.70231557859831],[-68.43632731083743,44.70241337536744]]]},"properties":{"OBJECTID":"266","EGAD_SEQ":"","MAP_REFERENCE":"","FEATURE_NA":"ESTIMATED WASTE BOUNDARY","POLYGON_TY":"LF WASTE AREA","EGAD_SITE_SEQ":"29,763","SITE_DESCR":"LANDFILL MUNICIPAL","LOCATION_A":"WITHIN 3M","LOCATION_M":"DIGITIZED","DATA_SOURC":"MDEP GIS UNIT","GlobalID":"{0362C300-8873-45A2-B578-A1BC998B4001}","Shape_Length":"285.88","Shape_Area":"6,284.68"},"id":266},{"type":"Feature","geometry":{"type":"MultiPolygon","coordinates":[[[[-68.31406374782753,44.54649762494829],[-68.31404363513664,44.54648030731739],[-68.3140241520913,44.54646597513753],[-68.31399880349801,44.54645103065421],[-68.31398316094645,44.54643319700337],[-68.31396109538647,44.5464119451793],[-68.31394611081444,44.54639715026405],[-68.31392506811011,44.54637863327595],[-68.3139088959185,44.54635830810465],[-68.31389790861746,44.54633824004478],[-68.3138783637453,44.54632221227204],[-68.31385815787773,44.54630404870071],[-68.31383045172817,44.54629133437314],[-68.31380452677537,44.54627831114701],[-68.31377674625858,44.54626817831545],[-68.31374934213743,44.54626061889147],[-68.3137177086254,44.54625216169142],[-68.31369083256955,44.54624112500756],[-68.31367478262334,44.54622519112267],[-68.31367371814208,44.54622460945743],[-68.31367473607425,44.54624768662898],[-68.31367035299444,44.54629307858633],[-68.31359243911842,44.54637243491578],[-68.31353004837638,44.54644087427218],[-68.31349679941786,44.54648609541748],[-68.31346566928187,44.546514810353884],[-68.31347289778874,44.5465547660883],[-68.3134186535245,44.54658471857097],[-68.31338779832613,44.54659003819008],[-68.31338005217192,44.54659412022966],[-68.31336352440887,44.54669036166378],[-68.31339949786482,44.54674291204972],[-68.31341710786528,44.54673612459747],[-68.31344845862859,44.54672677927046],[-68.3134832295095,44.54672174424875],[-68.3135185610537,44.54672491758789],[-68.31355392091461,44.546730823386],[-68.31358938202656,44.54672929270498],[-68.3136284673014,44.546727887323534],[-68.31365598319633,44.546722524165226],[-68.31369133324866,44.5467168380691],[-68.3137247808464,44.54670988736364],[-68.31375823940624,44.54669643141019],[-68.31380054668223,44.54668876869239],[-68.3138278334057,44.54667879926791],[-68.31384877224926,44.54666179935364],[-68.31386094784008,44.54663837292326],[-68.3138733925853,44.546618181854974],[-68.31388839550017,44.546595517825025],[-68.31390782833596,44.54657329362585],[-68.31393690695754,44.54655813231662],[-68.31396858700036,44.546550426403854],[-68.31399954035875,44.54654371000835],[-68.31402854829372,44.54653252741593],[-68.31405499071616,44.54651865382448],[-68.31406374782753,44.54649762494829]]],[[[-68.31220784770386,44.54621447045955],[-68.31220527675661,44.54621609885811],[-68.31220546346731,44.546216279134974],[-68.31220543812171,44.54621629338656],[-68.31220690351762,44.54621661010159],[-68.31220784770386,44.54621447045955]]],[[[-68.3122073581013,44.54621670646657],[-68.31220690351762,44.54621661010159],[-68.31220600194244,44.546218659073595],[-68.3122073581013,44.54621670646657]]],[[[-68.31220600194244,44.546218659073595],[-68.31220500818331,44.5462200908099],[-68.31220572778332,44.54621927680388],[-68.31220600194244,44.546218659073595]]]]},"properties":{"OBJECTID":"267","EGAD_SEQ":"","MAP_REFERENCE":"","FEATURE_NA":"LANDFILL COVER - NOT SEEDED","POLYGON_TY":"LF WASTE AREA","EGAD_SITE_SEQ":"29,761","SITE_DESCR":"LANDFILL MUNICIPAL","LOCATION_A":"WITHIN 1M","LOCATION_M":"GPS MAPPING GRADE","DATA_SOURC":"MDEP GIS UNIT","GlobalID":"{8A86EDD9-610D-49AD-AF47-D6A495B596FE}","Shape_Length":"178.79","Shape_Area":"1,693.89"},"id":267},{"type":"Feature","geometry":{"type":"Polygon","coordinates":[[[-70.12874926357799,44.322975871353385],[-70.12853813006747,44.323039890868415],[-70.12840007380636,44.32310795240139],[-70.12856923703391,44.323277787308974],[-70.12846490062192,44.32337409920579],[-70.12822777240255,44.32346695935818],[-70.12815807345393,44.32363915503404],[-70.12814045048418,44.323758430998495],[-70.12807656363245,44.32388769173526],[-70.12794042046671,44.32405577914254],[-70.12777064469533,44.32420037666459],[-70.12777192243527,44.32426706153495],[-70.12788018385744,44.32437556564653],[-70.12800880901717,44.3245076903538],[-70.12823687179537,44.32463406742333],[-70.12848447597021,44.3247411953073],[-70.12864445231197,44.32477772676511],[-70.12887151256157,44.3248517080764],[-70.12910292463724,44.32480654404412],[-70.12922071403825,44.32471962640543],[-70.12925933737182,44.32465731141721],[-70.12930894709376,44.32447578591048],[-70.12935526506324,44.32412278664712],[-70.12940213215424,44.32379836629606],[-70.12935948819403,44.32365110169632],[-70.12916895179542,44.32340525395489],[-70.12874926357799,44.322975871353385]]]},"properties":{"OBJECTID":"268","EGAD_SEQ":"","MAP_REFERENCE":"","FEATURE_NA":"EST WASTE AREA","POLYGON_TY":"LF WASTE AREA","EGAD_SITE_SEQ":"28,473","SITE_DESCR":"LANDFILL MUNICIPAL","LOCATION_A":"WITHIN 3M","LOCATION_M":"DIGITIZED","DATA_SOURC":"MDEP GIS UNIT","GlobalID":"{A603244D-5CB9-470A-9D26-2183BD421CFA}","Shape_Length":"543.01","Shape_Area":"17,070.48"},"id":268},{"type":"Feature","geometry":{"type":"Polygon","coordinates":[[[-70.4524290428911,43.72548868976335],[-70.45226388613965,43.72562578017762],[-70.45205279326827,43.7259582470039],[-70.45223803797329,43.726311306816235],[-70.45231496504763,43.726325708613246],[-70.45246625335241,43.726346000046824],[-70.4527421819568,43.726356160455786],[-70.45310992891926,43.72636344738771],[-70.45355445949923,43.726427850899704],[-70.4536793013371,43.726426262906706],[-70.45374873039812,43.72637411831254],[-70.45358876255031,43.726189901252724],[-70.45333990962965,43.725642856030554],[-70.4531599050523,43.72540934248212],[-70.4530834134507,43.725364178691095],[-70.45289658478085,43.72533579620689],[-70.4524290428911,43.72548868976335]]]},"properties":{"OBJECTID":"269","EGAD_SEQ":"","MAP_REFERENCE":"","FEATURE_NA":"WASTE AREA","POLYGON_TY":"LF WASTE AREA","EGAD_SITE_SEQ":"28,743","SITE_DESCR":"LANDFILL MUNICIPAL","LOCATION_A":"WITHIN 3M","LOCATION_M":"DIGITIZED","DATA_SOURC":"SEBAGO TECHNICS","GlobalID":"{8D8D8654-33C2-4ADE-8760-4EC9220106A5}","Shape_Length":"410.68","Shape_Area":"10,806.13"},"id":269},{"type":"Feature","geometry":{"type":"Polygon","coordinates":[[[-69.13339699430401,44.35861592747583],[-69.13317487884294,44.35867246045674],[-69.13298763481804,44.358735206755256],[-69.1328440098343,44.358813534735226],[-69.13282233203532,44.35886358389752],[-69.13283116970112,44.35891672249425],[-69.13289688807137,44.35907296774806],[-69.13299737662561,44.35918852779608],[-69.13307595347995,44.35924783859185],[-69.133154363866,44.35923524032554],[-69.13325884874759,44.3591913488709],[-69.13338505014652,44.359113040722306],[-69.13348526289683,44.35910667291153],[-69.13378139843884,44.359021911262914],[-69.1338335123706,44.358943689365454],[-69.13380709546928,44.358824918379554],[-69.13374590966033,44.35874682918791],[-69.13365420775926,44.35866252222921],[-69.13354521432235,44.35864076625707],[-69.13339699430401,44.35861592747583]]]},"properties":{"OBJECTID":"270","EGAD_SEQ":"","MAP_REFERENCE":"","FEATURE_NA":"WASTE AREA","POLYGON_TY":"LF WASTE AREA","EGAD_SITE_SEQ":"29,409","SITE_DESCR":"LANDFILL MUNICIPAL","LOCATION_A":"WITHIN 3M","LOCATION_M":"DIGITIZED","DATA_SOURC":"MDEP GIS UNIT","GlobalID":"{ABA90AB1-CE5D-43BF-8AF5-594654CB6A8A}","Shape_Length":"232.47","Shape_Area":"3,764.03"},"id":270},{"type":"Feature","geometry":{"type":"Polygon","coordinates":[[[-70.0357244622488,43.96964575268176],[-70.03587642081654,43.96963386526971],[-70.03598133714233,43.96962512507288],[-70.03611873119995,43.96961718778524],[-70.03624766240108,43.9696072076633],[-70.03636056600007,43.96959467622868],[-70.03636588307371,43.96957160153745],[-70.03636069078331,43.969506005887176],[-70.03636698677067,43.96943556388369],[-70.03638230145168,43.96937310991308],[-70.03641012586058,43.96925214843403],[-70.0364322140084,43.96912306379898],[-70.036439564791,43.96905084483065],[-70.03643320777917,43.96900565898466],[-70.03641717280404,43.96898016335988],[-70.03638729122706,43.9689601693276],[-70.03635905985553,43.968941158807716],[-70.03632387014217,43.9689250339944],[-70.03624933795943,43.96888889557077],[-70.03613261849414,43.968838542305626],[-70.03600915853126,43.96878136506039],[-70.03583167326036,43.9686963938771],[-70.03566969975671,43.968624022670085],[-70.03551854041181,43.96855455498965],[-70.03538035665737,43.96849142683741],[-70.0352970030418,43.96845714051946],[-70.03524044684413,43.968440008810546],[-70.03517630859777,43.968422293915594],[-70.0351241225088,43.96841273591906],[-70.03507637612813,43.96841225012597],[-70.0350435187935,43.96841510658608],[-70.03498838317181,43.968434186589036],[-70.03494241076677,43.96846493133757],[-70.03491128283642,43.96850535542895],[-70.03489084739161,43.96854794884413],[-70.03487848086603,43.96859539948966],[-70.0348700557373,43.96865704177348],[-70.03487077995146,43.96881275354305],[-70.03486604484466,43.96892221153027],[-70.03486247259657,43.969027492160464],[-70.03486349701262,43.969148945566175],[-70.03486387301703,43.96928338339442],[-70.03486481101463,43.96939619781465],[-70.03485887695889,43.969494117855284],[-70.034858009389,43.96957474489159],[-70.03486442984966,43.96967864119704],[-70.03487899913033,43.96971667598776],[-70.0349134476318,43.96971416260143],[-70.03496869713065,43.969696617604164],[-70.03501094991661,43.969690317746995],[-70.03512655200126,43.969679814985284],[-70.03525244091915,43.96967136893511],[-70.03538125597184,43.969664303476975],[-70.03546019346504,43.96966717690673],[-70.03557447892578,43.969657891193236],[-70.0357244622488,43.96964575268176]]]},"properties":{"OBJECTID":"271","EGAD_SEQ":"","MAP_REFERENCE":"","FEATURE_NA":"PHASE 2 LINER LIMIT","POLYGON_TY":"LF WASTE AREA","EGAD_SITE_SEQ":"28,232","SITE_DESCR":"LANDFILL MUNICIPAL","LOCATION_A":"WITHIN 3M","LOCATION_M":"CAD","DATA_SOURC":"WOODARD AND CURRAN","GlobalID":"{3C482945-2115-408C-95B4-CA6E7859A6A6}","Shape_Length":"467.59","Shape_Area":"13,903.49"},"id":271},{"type":"Feature","geometry":{"type":"Polygon","coordinates":[[[-70.2387219635129,44.12574043323595],[-70.23863298308018,44.125616933655444],[-70.23855561367142,44.12553220122793],[-70.23841812956411,44.125413115874494],[-70.23834713786955,44.125374988783534],[-70.2382820259388,44.1253601379236],[-70.23819098190555,44.12539613034524],[-70.23803080956097,44.125483436857316],[-70.23776168895475,44.12552525000198],[-70.23729830372321,44.12557305538215],[-70.23668094628347,44.12574699038524],[-70.23647210243509,44.12583093402544],[-70.23645197017531,44.125901162075486],[-70.23647526646002,44.12598259274699],[-70.23646714924568,44.12611103356641],[-70.23641044076876,44.12624000303904],[-70.23627855506521,44.12638923493483],[-70.23628638585808,44.12650583762809],[-70.23633797511155,44.1266491925278],[-70.23640929655963,44.12670287399493],[-70.23648536511375,44.12672538792196],[-70.23660912911916,44.126704599361645],[-70.23741463854354,44.126489730021845],[-70.2377297514428,44.12632295491678],[-70.23799445199703,44.12632786617203],[-70.23821588095056,44.12632935466993],[-70.23867431353803,44.1260443358803],[-70.23869404178595,44.125954662114054],[-70.2387219635129,44.12574043323595]]]},"properties":{"OBJECTID":"272","EGAD_SEQ":"","MAP_REFERENCE":"","FEATURE_NA":"INTERIM LANDFILL","POLYGON_TY":"LF WASTE AREA","EGAD_SITE_SEQ":"95,097","SITE_DESCR":"LANDFILL MUNICIPAL","LOCATION_A":"WITHIN 3M","LOCATION_M":"DIGITIZED","DATA_SOURC":"SUMMIT ENVIRONMENTAL","GlobalID":"{970587AD-4EAF-4335-B73E-9209C227B892}","Shape_Length":"554.47","Shape_Area":"17,634.41"},"id":272},{"type":"Feature","geometry":{"type":"Polygon","coordinates":[[[-69.85109633429134,44.70981892129789],[-69.85118165655196,44.70974404368719],[-69.85144175492044,44.709505873397156],[-69.85171935247878,44.70917011946052],[-69.85177077892322,44.70893036718525],[-69.85174441436406,44.70882877754002],[-69.85140799317156,44.708664556755124],[-69.85088666384628,44.70841834272068],[-69.8504493579721,44.708207231042834],[-69.84987248815847,44.70792299659821],[-69.84964984517,44.70794067211787],[-69.84922644665109,44.70852002228832],[-69.84902755813636,44.70873619973234],[-69.8490410765094,44.70907929327747],[-69.84975499730834,44.7092604297018],[-69.85048480481375,44.70948723123298],[-69.85109633429134,44.70981892129789]]]},"properties":{"OBJECTID":"273","EGAD_SEQ":"","MAP_REFERENCE":"","FEATURE_NA":"PHASE 10","POLYGON_TY":"LF WASTE AREA","EGAD_SITE_SEQ":"30,710","SITE_DESCR":"LANDFILL COMMERCIAL","LOCATION_A":"WITHIN 30M","LOCATION_M":"CAD","DATA_SOURC":"SACKETT & BRAKE SURVEY","GlobalID":"{4D64AFA5-20FB-4ACC-8047-606645A99278}","Shape_Length":"646.31","Shape_Area":"25,721.04"},"id":273},{"type":"Feature","geometry":{"type":"Polygon","coordinates":[[[-69.84618115701784,44.711015055417214],[-69.84522975232993,44.710174599411545],[-69.84355283081531,44.71152302568895],[-69.8438678144303,44.71170477282392],[-69.84453912569695,44.71215381525775],[-69.84618115701784,44.711015055417214]]]},"properties":{"OBJECTID":"274","EGAD_SEQ":"","MAP_REFERENCE":"","FEATURE_NA":"PHASE 11C","POLYGON_TY":"LF WASTE AREA","EGAD_SITE_SEQ":"30,710","SITE_DESCR":"LANDFILL COMMERCIAL","LOCATION_A":"WITHIN 5M","LOCATION_M":"CAD","DATA_SOURC":"GOLDER ASSOCIATES","GlobalID":"{9D461695-F535-4F5A-91C9-9F33D65ED266}","Shape_Length":"606.65","Shape_Area":"21,259.22"},"id":274},{"type":"Feature","geometry":{"type":"Polygon","coordinates":[[[-69.71033173967993,44.321402980942686],[-69.70960452861024,44.320944752045285],[-69.7090327011165,44.32083981256792],[-69.70830738734603,44.321307060668],[-69.70799833870946,44.32151046079583],[-69.70715741612659,44.32211126340946],[-69.70720646745987,44.32234343928006],[-69.70729345967442,44.322652874270034],[-69.7073347474057,44.322752255518246],[-69.70745422771319,44.32294192685985],[-69.70779706252328,44.32349554447024],[-69.70827166812062,44.323977489628234],[-69.70899831156989,44.32413018171985],[-69.70935279034529,44.32411248313981],[-69.7095403313104,44.32406260858216],[-69.70968099796283,44.32396210139818],[-69.71037208367359,44.32346848625631],[-69.71062503964008,44.323216720825506],[-69.710767276428,44.32306709305206],[-69.71098344064619,44.32275838590322],[-69.7108600132075,44.32173181010908],[-69.71033173967993,44.321402980942686]]]},"properties":{"OBJECTID":"275","EGAD_SEQ":"","MAP_REFERENCE":"","FEATURE_NA":"EXPANSION III LANDFILL","POLYGON_TY":"LF WASTE AREA","EGAD_SITE_SEQ":"27,293","SITE_DESCR":"LANDFILL MUNICIPAL","LOCATION_A":"WITHIN 10M","LOCATION_M":"DIGITIZED","DATA_SOURC":"MDEP GIS UNIT","GlobalID":"{FEDB4C73-7B07-4802-94FB-3C8041AE7646}","Shape_Length":"1,020.04","Shape_Area":"76,854.49"},"id":275},{"type":"Feature","geometry":{"type":"Polygon","coordinates":[[[-69.44939669897806,45.18969485306974],[-69.44922685494073,45.18971401420708],[-69.44913802480556,45.18972545988507],[-69.44901268229651,45.1897499933923],[-69.44897625845955,45.18977417813994],[-69.44895046896332,45.18982051279067],[-69.44890649053588,45.189881714008024],[-69.44886267063406,45.189963257367054],[-69.44880857959157,45.19006888262277],[-69.44876215926116,45.19015228509411],[-69.44874947569882,45.19020226696754],[-69.4487605896464,45.19028544335764],[-69.44881867769683,45.19035548991323],[-69.44895769367918,45.19040672539091],[-69.44910962591689,45.190437566227516],[-69.44923512864513,45.19043337476734],[-69.44936560132489,45.19039587379134],[-69.44943587840797,45.19035306276107],[-69.44951651476691,45.19029726567194],[-69.4496333273022,45.190185845467084],[-69.44971617012999,45.19007825767672],[-69.44974929464725,45.189967166854416],[-69.44973515559815,45.18983222059424],[-69.44967962338032,45.18975476779599],[-69.4495694354325,45.18971081725595],[-69.44939669897806,45.18969485306974]]]},"properties":{"OBJECTID":"276","EGAD_SEQ":"","MAP_REFERENCE":"","FEATURE_NA":"EST WASTE AREA","POLYGON_TY":"LF WASTE AREA","EGAD_SITE_SEQ":"29,561","SITE_DESCR":"LANDFILL MUNICIPAL","LOCATION_A":"WITHIN 3M","LOCATION_M":"DIGITIZED","DATA_SOURC":"MDEP GIS UNIT","GlobalID":"{0DAA5C7C-F6D5-4467-9108-4358C24DD43E}","Shape_Length":"255.72","Shape_Area":"4,859.63"},"id":276},{"type":"Feature","geometry":{"type":"Polygon","coordinates":[[[-69.83468306600733,44.056700155903016],[-69.83425882075575,44.056598439867216],[-69.83378206652785,44.056520927544504],[-69.83348534038424,44.05656120672285],[-69.83330791793475,44.056629201665494],[-69.83313790288092,44.05675431293251],[-69.83299544751927,44.05696021658759],[-69.83290610358178,44.057184790340116],[-69.83289416109264,44.05727539926779],[-69.83300059025473,44.057327030241176],[-69.83315926510247,44.05733540238688],[-69.8334567972359,44.05735228879086],[-69.8338869174001,44.05740155709079],[-69.83417878013131,44.05748518459069],[-69.83431763782664,44.05749369891995],[-69.83444848546921,44.05740222144161],[-69.83457118736868,44.05720122488477],[-69.83472077947395,44.057033381176076],[-69.83479817556064,44.05689941607261],[-69.83486343106894,44.05684176772044],[-69.83494209974437,44.05679831328418],[-69.8349414303038,44.05675067494569],[-69.83483520131439,44.056713336292134],[-69.83468306600733,44.056700155903016]]]},"properties":{"OBJECTID":"277","EGAD_SEQ":"","MAP_REFERENCE":"","FEATURE_NA":"EST WASTE AREA","POLYGON_TY":"LF WASTE AREA","EGAD_SITE_SEQ":"27,572","SITE_DESCR":"LANDFILL MUNICIPAL","LOCATION_A":"WITHIN 3M","LOCATION_M":"DIGITIZED","DATA_SOURC":"MDEP GIS UNIT","GlobalID":"{F46BB58B-BA57-4F7E-92C6-2D397C398632}","Shape_Length":"434.95","Shape_Area":"11,903.16"},"id":277},{"type":"Feature","geometry":{"type":"Polygon","coordinates":[[[-70.37249633552796,44.229504825450384],[-70.37239531648085,44.22943457741861],[-70.37226835508338,44.229388461325065],[-70.37220862932122,44.22938441447104],[-70.37211644852096,44.22940934224821],[-70.37207725721788,44.22943363429776],[-70.37205197977248,44.22948634395203],[-70.37203994842287,44.22953889357895],[-70.37204194039153,44.22962462393507],[-70.37208356529736,44.229705113754946],[-70.37204526037986,44.229767508759],[-70.37202715919891,44.229843952531525],[-70.37202363342945,44.22997738983239],[-70.37207265765369,44.23009113995218],[-70.37224013910605,44.23017011862202],[-70.37241335981989,44.230210914470376],[-70.37259265037322,44.23022781677901],[-70.37276332478217,44.23015906718845],[-70.37279445117575,44.23007293879713],[-70.37275315720746,44.23000673764441],[-70.37271649346317,44.22985472564673],[-70.37271990693856,44.229716525245586],[-70.37265796650301,44.22961722210729],[-70.37249633552796,44.229504825450384]]]},"properties":{"OBJECTID":"278","EGAD_SEQ":"","MAP_REFERENCE":"","FEATURE_NA":"EST WASTE AREA","POLYGON_TY":"LF WASTE AREA","EGAD_SITE_SEQ":"27,170","SITE_DESCR":"LANDFILL MUNICIPAL","LOCATION_A":"WITHIN 3M","LOCATION_M":"DIGITIZED","DATA_SOURC":"MDEP GIS UNIT","GlobalID":"{00929DA3-1A4B-4D58-BFB3-D4B348DBBE12}","Shape_Length":"255.92","Shape_Area":"4,313.54"},"id":278},{"type":"Feature","geometry":{"type":"Polygon","coordinates":[[[-69.18997645916342,44.14615856431523],[-69.1899084036567,44.14618166193489],[-69.18987218504586,44.14621420956614],[-69.18980224213968,44.14620164197059],[-69.1897565141906,44.14625166722199],[-69.18970374320052,44.146281492690214],[-69.18971653753175,44.146399976195234],[-69.18980374209704,44.146463711406795],[-69.18990534316991,44.14645400178821],[-69.18996779525143,44.1464208910398],[-69.18999446924008,44.14638735538763],[-69.19006773061724,44.146368280724616],[-69.1901157524658,44.14631931752053],[-69.19018563949274,44.14628521112136],[-69.1903152561918,44.14621180311757],[-69.19036202884769,44.146182758942594],[-69.1904306408943,44.14622742870317],[-69.19056944698197,44.14609057339266],[-69.19059913249589,44.146027864651494],[-69.1906371361974,44.14598796533378],[-69.1905520775544,44.14601106289872],[-69.19040257501327,44.14609819740452],[-69.19023832053476,44.146175675053826],[-69.19014928225914,44.14622118810527],[-69.19005223535791,44.146274518451946],[-69.18997923174543,44.146302584250826],[-69.1899057500111,44.146328960882364],[-69.1899050400063,44.14630094386023],[-69.18994696231675,44.14627292438829],[-69.18991897765038,44.14623460524292],[-69.1899669119792,44.14622930454544],[-69.18999505211477,44.14618900499183],[-69.18997645916342,44.14615856431523]]]},"properties":{"OBJECTID":"279","EGAD_SEQ":"","MAP_REFERENCE":"","FEATURE_NA":"AREA 6","POLYGON_TY":"LF WASTE AREA","EGAD_SITE_SEQ":"38,321","SITE_DESCR":"LANDFILL SPECIAL WASTE","LOCATION_A":"WITHIN 3M","LOCATION_M":"CAD","DATA_SOURC":"E-PRO","GlobalID":"{4100396F-15BC-4B29-8174-40FB76649A69}","Shape_Length":"242.1","Shape_Area":"1,029"},"id":279},{"type":"Feature","geometry":{"type":"Polygon","coordinates":[[[-69.13506092939139,44.10666106703664],[-69.13500964075335,44.10664434092662],[-69.13498950954339,44.10667010256798],[-69.13504235519781,44.10668906327667],[-69.13506092939139,44.10666106703664]]]},"properties":{"OBJECTID":"280","EGAD_SEQ":"","MAP_REFERENCE":"","FEATURE_NA":"WASTE LAY-DOWN AREA","POLYGON_TY":"LF WASTE AREA","EGAD_SITE_SEQ":"27,560","SITE_DESCR":"LANDFILL MUNICIPAL","LOCATION_A":"WITHIN 3M","LOCATION_M":"CAD","DATA_SOURC":"MUNICIPAL GOVERNMENT","GlobalID":"{555E51D1-D3B3-4B7D-9BD4-06A572084625}","Shape_Length":"15.96","Shape_Area":"15.51"},"id":280},{"type":"Feature","geometry":{"type":"Polygon","coordinates":[[[-69.85484013450971,44.71459825699614],[-69.85460184427282,44.71419249691192],[-69.85342375411277,44.713353133346736],[-69.8531569041882,44.713479371645946],[-69.85293979473859,44.71351148803944],[-69.85370456945454,44.71452999561213],[-69.85312461847955,44.71480017764171],[-69.85371301472838,44.71546431258902],[-69.85397743510924,44.715677433641666],[-69.85451319092186,44.71559397564455],[-69.85437703755142,44.71526980002353],[-69.85441180713151,44.715086727004795],[-69.85484013450971,44.71459825699614]]]},"properties":{"OBJECTID":"281","EGAD_SEQ":"","MAP_REFERENCE":"","FEATURE_NA":"PHASE 9B","POLYGON_TY":"LF WASTE AREA","EGAD_SITE_SEQ":"30,710","SITE_DESCR":"LANDFILL COMMERCIAL","LOCATION_A":"WITHIN 5M","LOCATION_M":"CAD","DATA_SOURC":"GOLDER ASSOCIATES","GlobalID":"{227B3BA5-33E1-4F18-A0D2-46D273F7BCAA}","Shape_Length":"691.36","Shape_Area":"19,654.86"},"id":281},{"type":"Feature","geometry":{"type":"Polygon","coordinates":[[[-70.64370807320425,43.198950168180126],[-70.64371253794077,43.198873866187405],[-70.64363249320029,43.19880354205401],[-70.64348836600159,43.19877225940285],[-70.64328692272974,43.19878944758064],[-70.64300339870744,43.19890311404939],[-70.64276404193133,43.19896373093933],[-70.64261072697393,43.19907552620288],[-70.64255622274216,43.19922878550645],[-70.64250197262942,43.19939157153525],[-70.6424355947508,43.199587886299604],[-70.64238108843048,43.199741145538766],[-70.64237968901563,43.19993176288962],[-70.64241671590786,43.20009800334391],[-70.64234816584738,43.200213345310566],[-70.64227233772178,43.200300202330354],[-70.64219153162912,43.20044431048373],[-70.64222957935799,43.200648654334145],[-70.64231154182748,43.200790425401536],[-70.64250725452193,43.201044919659594],[-70.64265189794388,43.20109525691506],[-70.64272874904643,43.201046503864475],[-70.64276985218143,43.20087914139766],[-70.64287836144192,43.2007965798367],[-70.64317057781888,43.20076379182788],[-70.64335096095712,43.2006897276331],[-70.64347210769708,43.20059268833099],[-70.64357347394538,43.2003682371058],[-70.64354395910985,43.20011516459595],[-70.64356232796715,43.199829005675056],[-70.64357495421864,43.19957151956778],[-70.6436501413996,43.1994608466826],[-70.64371307241014,43.1993789383899],[-70.64374881192268,43.19925453672904],[-70.64370807320425,43.198950168180126]]]},"properties":{"OBJECTID":"282","EGAD_SEQ":"","MAP_REFERENCE":"","FEATURE_NA":"EST WASTE AREA","POLYGON_TY":"LF WASTE AREA","EGAD_SITE_SEQ":"27,210","SITE_DESCR":"LANDFILL MUNICIPAL","LOCATION_A":"WITHIN 3M","LOCATION_M":"DIGITIZED","DATA_SOURC":"MDEP GIS UNIT","GlobalID":"{1BD34217-73F6-491F-994C-4C78BF9688DD}","Shape_Length":"638.57","Shape_Area":"21,280.9"},"id":282},{"type":"Feature","geometry":{"type":"Polygon","coordinates":[[[-70.6108057483906,44.153568124710084],[-70.61061557687229,44.15358208215321],[-70.61057167983782,44.153599615397255],[-70.61057219089588,44.15361840138204],[-70.61060160687624,44.15364429650346],[-70.61065051735287,44.153715021627505],[-70.61073871954316,44.15379082949323],[-70.61076327586571,44.15382994851995],[-70.61076440036621,44.15387127876077],[-70.61073907395134,44.153899824820385],[-70.6106742501293,44.15391577336672],[-70.6106432460937,44.153927487040676],[-70.61066979915442,44.15394402592048],[-70.61074930514287,44.15398800870655],[-70.61080824241607,44.154043557079945],[-70.6108824798777,44.15408573421686],[-70.61092929396034,44.15407943616536],[-70.61093568855483,44.15412257012962],[-70.6109583008987,44.15418614839739],[-70.6110281888213,44.15426033538877],[-70.61111071328925,44.154319308814614],[-70.6111475498652,44.154330065646064],[-70.61121754178531,44.154312164967095],[-70.61128477015464,44.15428866365479],[-70.61133966897775,44.15429164797379],[-70.61163503376062,44.15430627467731],[-70.61170512773857,44.15429212927663],[-70.6117117280386,44.1542469330249],[-70.61166097417576,44.15420442505904],[-70.61155425026242,44.1541194817581],[-70.61144527331255,44.154047726457094],[-70.61133946909139,44.153996597538736],[-70.61130201793017,44.1539632992314],[-70.61127387966096,44.153888522531986],[-70.61109517178791,44.15374821560916],[-70.61090566801549,44.15359490525649],[-70.6108057483906,44.153568124710084]]]},"properties":{"OBJECTID":"283","EGAD_SEQ":"","MAP_REFERENCE":"","FEATURE_NA":"EST WASTE AREA","POLYGON_TY":"LF WASTE AREA","EGAD_SITE_SEQ":"32,303","SITE_DESCR":"LANDFILL MUNICIPAL","LOCATION_A":"WITHIN 3M","LOCATION_M":"DIGITIZED","DATA_SOURC":"MDEP GIS UNIT","GlobalID":"{76AE1500-F29F-45F9-977B-91DAA635032F}","Shape_Length":"288.46","Shape_Area":"3,432.98"},"id":283},{"type":"Feature","geometry":{"type":"Polygon","coordinates":[[[-69.70315276892399,44.523553795039795],[-69.7033644795403,44.523627900478694],[-69.70389179168569,44.52364978905099],[-69.7043657965652,44.523621729450326],[-69.70476680573334,44.52336788843927],[-69.70589484104003,44.52221719557415],[-69.70611804349437,44.52178849134445],[-69.70598901039041,44.521286552737955],[-69.70636817679778,44.5206809228749],[-69.70652338837351,44.520441165057626],[-69.7066230087019,44.519962949602565],[-69.70670552220005,44.51952254308574],[-69.70666568085703,44.51913316815369],[-69.7062070023086,44.518972615678265],[-69.70488564365984,44.51865400023068],[-69.7044633166394,44.51859376548798],[-69.70420074224783,44.51867079391326],[-69.7037499406175,44.5191637404847],[-69.70328307720949,44.51978246960852],[-69.70244882908322,44.52052913879943],[-69.7014747823927,44.52133950549571],[-69.70077800665617,44.521833950619516],[-69.70058808979202,44.522111619366044],[-69.70073449608878,44.522600888791274],[-69.70086228298783,44.52300229454279],[-69.7009537353611,44.52330337499864],[-69.70111605574093,44.52365429395262],[-69.70136425598804,44.52384129583956],[-69.70157536208015,44.52386513649462],[-69.70180268018355,44.5237757594904],[-69.70213418743324,44.52358519612665],[-69.70239693636206,44.52352074006781],[-69.70274812644652,44.52350601106115],[-69.703064932644,44.5235543357853],[-69.70315276892399,44.523553795039795]]]},"properties":{"OBJECTID":"284","EGAD_SEQ":"","MAP_REFERENCE":"","FEATURE_NA":"APPROXIMATE WASTE AREA","POLYGON_TY":"LF WASTE AREA","EGAD_SITE_SEQ":"27,715","SITE_DESCR":"LANDFILL MUNICIPAL","LOCATION_A":"WITHIN 5M","LOCATION_M":"DIGITIZED","DATA_SOURC":"MDEP TECH SERVICES","GlobalID":"{E3F78325-0349-4C58-8852-25932F6369B9}","Shape_Length":"1,702.54","Shape_Area":"175,066.35"},"id":284},{"type":"Feature","geometry":{"type":"Polygon","coordinates":[[[-69.84934357772353,44.7155191686967],[-69.85063853345981,44.7150995921844],[-69.85165895331,44.71453103123623],[-69.85198795136517,44.71426967717908],[-69.85210452687521,44.71396676350004],[-69.85203704010146,44.7134926215625],[-69.85169663122787,44.7129773723488],[-69.85126895940432,44.71270009671716],[-69.85078205275502,44.712509559322434],[-69.84987317979581,44.7124300426224],[-69.84833151138629,44.71252782453695],[-69.84772801977769,44.71264018769778],[-69.84754839229979,44.7127709705752],[-69.84751971424002,44.712879059731115],[-69.84801703562675,44.713781496092615],[-69.84857329937485,44.714575622196804],[-69.84873089191878,44.715005942715614],[-69.84885759842366,44.71539334151837],[-69.84907128296831,44.715521199826014],[-69.84919325251404,44.715585014542334],[-69.8493445282561,44.71558388684937],[-69.84934357772353,44.7155191686967]]]},"properties":{"OBJECTID":"285","EGAD_SEQ":"","MAP_REFERENCE":"","FEATURE_NA":"MSW","POLYGON_TY":"LF WASTE AREA","EGAD_SITE_SEQ":"30,710","SITE_DESCR":"LANDFILL COMMERCIAL","LOCATION_A":"WITHIN 30M","LOCATION_M":"CAD","DATA_SOURC":"SACKETT & BRAKE SURVEY","GlobalID":"{C4AF0028-5229-4131-A767-15BB15EDA7D5}","Shape_Length":"1,125.42","Shape_Area":"85,935.57"},"id":285},{"type":"Feature","geometry":{"type":"Polygon","coordinates":[[[-69.49640280982469,43.90352303876856],[-69.4963170692973,43.9035138826334],[-69.49620513070697,43.90352389732387],[-69.49612010240885,43.903600497719346],[-69.49601550496533,43.90370100485312],[-69.49589772643259,43.903801569991614],[-69.49583254445541,43.90388761170486],[-69.49576101101458,43.90400226932423],[-69.49564433953176,43.904236232868136],[-69.49553429524498,43.9044749322765],[-69.49540412742198,43.904670838935495],[-69.49507714258127,43.904972415182215],[-69.49490719718564,43.905139907003814],[-69.49482287531437,43.90530226310067],[-69.49485641567888,43.905373584312784],[-69.494923061201,43.905463821058326],[-69.4950621111031,43.90554421374674],[-69.49524701454688,43.90559105713738],[-69.49536550761192,43.9055762502442],[-69.49543100819105,43.90552832168101],[-69.49548964209295,43.90544707154321],[-69.49554105354896,43.90528962241048],[-69.49570330068435,43.90498875869175],[-69.49587935868932,43.90476406688921],[-69.49615267252805,43.90434837323689],[-69.49628260096476,43.904123881067875],[-69.49636616382499,43.90387100266223],[-69.49640280982469,43.90352303876856]]]},"properties":{"OBJECTID":"286","EGAD_SEQ":"","MAP_REFERENCE":"","FEATURE_NA":"EST WASTE AREA","POLYGON_TY":"LF WASTE AREA","EGAD_SITE_SEQ":"29,358","SITE_DESCR":"LANDFILL MUNICIPAL","LOCATION_A":"WITHIN 3M","LOCATION_M":"DIGITIZED","DATA_SOURC":"MDEP GIS UNIT","GlobalID":"{DC436554-ECC1-4645-A39F-AAE24983DFAE}","Shape_Length":"550.39","Shape_Area":"10,073.11"},"id":286},{"type":"Feature","geometry":{"type":"Polygon","coordinates":[[[-70.44491067920302,43.66462239573569],[-70.44490899492912,43.66425795880503],[-70.44480038283739,43.66424344811035],[-70.44475289353755,43.664243564035814],[-70.4447258517233,43.66426332909815],[-70.4447123264914,43.66427321258193],[-70.44469215669051,43.664312660639894],[-70.44467216785685,43.664391507491],[-70.44467244056655,43.664450604769556],[-70.44469322500582,43.664544125803246],[-70.44472056610714,43.66458838462667],[-70.4447410301491,43.6646129587054],[-70.4448090089126,43.66464234076446],[-70.44490393791337,43.6646322601032],[-70.44491067920302,43.66462239573569]]]},"properties":{"OBJECTID":"287","EGAD_SEQ":"","MAP_REFERENCE":"","FEATURE_NA":"ASPHALT DUMP","POLYGON_TY":"LF WASTE AREA","EGAD_SITE_SEQ":"37,961","SITE_DESCR":"LANDFILL MUNICIPAL","LOCATION_A":"WITHIN 3M","LOCATION_M":"GPS MAPPING GRADE","DATA_SOURC":"TOWN OF GORHAM","GlobalID":"{3AF736D5-22A9-47B3-A1FF-0EDAAE17BD7D}","Shape_Length":"112.44","Shape_Area":"740.39"},"id":287},{"type":"Feature","geometry":{"type":"Polygon","coordinates":[[[-68.4692941692032,45.33677286224578],[-68.46940543290195,45.33679123885364],[-68.46951166460738,45.33680602472707],[-68.46962349535576,45.33676367401408],[-68.46973533105152,45.33672132231409],[-68.47003683303896,45.336436926331686],[-68.47045179359431,45.33593513892069],[-68.470549994467,45.335724820967066],[-68.47055082670423,45.33563551292183],[-68.4705568214936,45.33553551353767],[-68.47052203686204,45.335463903665946],[-68.46808090317062,45.33435225038159],[-68.46792456140493,45.33428007353327],[-68.46764173309714,45.33419301456251],[-68.4674595656991,45.33417430565708],[-68.46732721127334,45.33424513711142],[-68.46725526476732,45.33435554671754],[-68.46715749348223,45.33451942205446],[-68.46712076544478,45.334655004464146],[-68.46710479804469,45.33473709387168],[-68.46708893620023,45.334808468498615],[-68.46694983760678,45.335057891870164],[-68.46683391856453,45.33553605616952],[-68.46683344924372,45.33558606846576],[-68.4670097836264,45.33568691863719],[-68.46754878972253,45.3360038092634],[-68.4685927954521,45.33648380582528],[-68.4692941692032,45.33677286224578]]]},"properties":{"OBJECTID":"288","EGAD_SEQ":"","MAP_REFERENCE":"","FEATURE_NA":"LANDFILL","POLYGON_TY":"LF WASTE AREA","EGAD_SITE_SEQ":"27,662","SITE_DESCR":"LANDFILL MUNICIPAL","LOCATION_A":"WITHIN 10M","LOCATION_M":"DIGITIZED","DATA_SOURC":"MDEP GIS UNIT","GlobalID":"{C4DF5C23-132A-40B0-A6F1-9CEDAD0A007C}","Shape_Length":"878.43","Shape_Area":"49,904.79"},"id":288},{"type":"Feature","geometry":{"type":"Polygon","coordinates":[[[-70.17798970488961,44.05205425537478],[-70.17563278176291,44.05105012348466],[-70.17525471523571,44.051461115024004],[-70.17589315453601,44.05269724434778],[-70.1775280549448,44.05224471541797],[-70.17798970488961,44.05205425537478]]]},"properties":{"OBJECTID":"289","EGAD_SEQ":"","MAP_REFERENCE":"","FEATURE_NA":"WASTE AREA","POLYGON_TY":"LF WASTE AREA","EGAD_SITE_SEQ":"28,484","SITE_DESCR":"LANDFILL MUNICIPAL","LOCATION_A":"WITHIN 30M","LOCATION_M":"CAD","DATA_SOURC":"WOODARD AND CURRAN","GlobalID":"{6328E7A8-B734-478A-AE46-71912081FB4E}","Shape_Length":"603.52","Shape_Area":"19,813.11"},"id":289},{"type":"Feature","geometry":{"type":"Polygon","coordinates":[[[-70.7205283357655,43.46534175494643],[-70.7204886260976,43.46516539617086],[-70.72046796773621,43.465110092154994],[-70.720418180932,43.46506786651635],[-70.72037413520162,43.46504451355971],[-70.72034584438646,43.46502598021111],[-70.7202881359037,43.46501041701406],[-70.72020367762659,43.465030647064744],[-70.7201313981047,43.46505195797756],[-70.72003190153706,43.46509263836906],[-70.71999272191356,43.465118506977475],[-70.71996459535285,43.465166961815825],[-70.71996812180406,43.46523010696859],[-70.72002570677586,43.46530255129437],[-70.72009203804852,43.46537739234635],[-70.72016664727272,43.46543820371361],[-70.72022634191109,43.465462585443944],[-70.72030837030078,43.4654790468682],[-70.7203619509754,43.46553259127793],[-70.72049836209878,43.46556972159499],[-70.72055152604456,43.46554743397917],[-70.72054923201001,43.46546657357717],[-70.7205283357655,43.46534175494643]]]},"properties":{"OBJECTID":"290","EGAD_SEQ":"","MAP_REFERENCE":"","FEATURE_NA":"EST WASTE AREA","POLYGON_TY":"LF WASTE AREA","EGAD_SITE_SEQ":"27,687","SITE_DESCR":"LANDFILL MUNICIPAL","LOCATION_A":"WITHIN 3M","LOCATION_M":"DIGITIZED","DATA_SOURC":"MDEP GIS UNIT","GlobalID":"{44C3BFEA-C2F0-4874-8C73-79909CFA83CF}","Shape_Length":"172.48","Shape_Area":"1,932.03"},"id":290},{"type":"Feature","geometry":{"type":"Polygon","coordinates":[[[-70.23365821755667,44.52750328655286],[-70.23376082403219,44.52729863380207],[-70.23378979364654,44.52721145795427],[-70.23379786747941,44.52716469834155],[-70.2337943590487,44.52708435528034],[-70.23377652052045,44.52701194621985],[-70.23371528332372,44.526858329563744],[-70.23365903806597,44.52676948065277],[-70.23355703091092,44.52665908667487],[-70.23337266862931,44.526510688886944],[-70.23303495661331,44.5263522774474],[-70.23287282414502,44.526312541063454],[-70.23272554146415,44.526289498895835],[-70.23248999667777,44.52629204127268],[-70.23234699620458,44.5263000673275],[-70.23225126687421,44.52631536141628],[-70.23216119140754,44.526340965463554],[-70.23203188416863,44.526396812147325],[-70.23188467626123,44.526463222826884],[-70.23177710851883,44.526518834709265],[-70.2316537561288,44.52659924975685],[-70.23158278110527,44.526671320630456],[-70.23141886395457,44.5268908936709],[-70.23137498696566,44.526958783065126],[-70.2313329669756,44.52711481166788],[-70.23130516805375,44.527257722216746],[-70.23131375469018,44.527321155857756],[-70.23132887722738,44.527350811343176],[-70.2313566849069,44.527380330047684],[-70.23140423126672,44.527400561243255],[-70.2315482192131,44.52743919900273],[-70.23165929311368,44.52746393049242],[-70.23175570622399,44.52748104082789],[-70.23181184861166,44.52747913887413],[-70.23197942323561,44.52747603480453],[-70.2320319979082,44.52747676399136],[-70.23210628564476,44.52747596250912],[-70.2321698131237,44.52748046259981],[-70.23223174494181,44.527495351813215],[-70.23231017686582,44.527519137601516],[-70.23249649709182,44.52758843316883],[-70.23278545983517,44.527712367473505],[-70.23302811400367,44.52778883140171],[-70.2331374034444,44.52781487709856],[-70.23319181758899,44.52781688226794],[-70.23323876189423,44.52780859704002],[-70.2333018247699,44.52779106125824],[-70.23335393217357,44.52776975552329],[-70.2334451644936,44.52771302222572],[-70.23355572588257,44.527627558805975],[-70.23362123427032,44.527554248490965],[-70.23365821755667,44.52750328655286]]]},"properties":{"OBJECTID":"291","EGAD_SEQ":"","MAP_REFERENCE":"","FEATURE_NA":"WASTE AREA","POLYGON_TY":"LF WASTE AREA","EGAD_SITE_SEQ":"29,517","SITE_DESCR":"LANDFILL MUNICIPAL","LOCATION_A":"WITHIN 3M","LOCATION_M":"DIGITIZED","DATA_SOURC":"WRIGHT-PIERCE","GlobalID":"{E30383D7-8C15-4356-BAEE-3962B9606CB7}","Shape_Length":"577.97","Shape_Area":"23,787.17"},"id":291},{"type":"Feature","geometry":{"type":"Polygon","coordinates":[[[-69.43401899347245,44.139828422376674],[-69.43391181778145,44.140292538112675],[-69.43503772132621,44.140381936279375],[-69.43515139183401,44.139917793857734],[-69.43401899347245,44.139828422376674]]]},"properties":{"OBJECTID":"292","EGAD_SEQ":"","MAP_REFERENCE":"","FEATURE_NA":"PHASE 3","POLYGON_TY":"LF WASTE AREA","EGAD_SITE_SEQ":"29,667","SITE_DESCR":"LANDFILL MUNICIPAL","LOCATION_A":"WITHIN 3M","LOCATION_M":"DIGITIZED","DATA_SOURC":"PINE TREE ENGINEERING","GlobalID":"{22059274-CE87-4714-9BF3-E2B6BAB9FAF9}","Shape_Length":"286.33","Shape_Area":"4,743.68"},"id":292},{"type":"Feature","geometry":{"type":"Polygon","coordinates":[[[-69.1531242297485,44.084048168989725],[-69.15265300829559,44.08366598045661],[-69.15229822467117,44.0833833247075],[-69.15206538445359,44.083192223922964],[-69.15183262733318,44.0830330260206],[-69.15163317748454,44.08291764610178],[-69.15143941041335,44.08286207495161],[-69.15125130769157,44.08285833563116],[-69.1510356303457,44.082886536832035],[-69.15086433612886,44.0829665150828],[-69.15065984099961,44.08304255196645],[-69.1505217387125,44.08312248952835],[-69.1503948236708,44.083250263353555],[-69.15031238717107,44.08346571014607],[-69.150285416304,44.08373690936972],[-69.15033039936539,44.084023967004214],[-69.15046424430349,44.08444648856481],[-69.15055905927576,44.0847494308167],[-69.15072569774404,44.08501240139016],[-69.1509585801263,44.085219455167994],[-69.15134074575232,44.08539042245935],[-69.15168945687854,44.08545775002177],[-69.15202143704606,44.08547325914929],[-69.1527567528017,44.085284855105265],[-69.15337049239957,44.08514845012983],[-69.15359152449693,44.085048462421895],[-69.15369058885634,44.08484894043815],[-69.15371804407351,44.08476915159555],[-69.15364565085254,44.08458581418374],[-69.15345695493625,44.08435477914491],[-69.1531242297485,44.084048168989725]]]},"properties":{"OBJECTID":"293","EGAD_SEQ":"","MAP_REFERENCE":"","FEATURE_NA":"WASTE CLINKER STORAGE PILE","POLYGON_TY":"LF WASTE AREA","EGAD_SITE_SEQ":"32,755","SITE_DESCR":"LANDFILL SPECIAL WASTE","LOCATION_A":"WITHIN 5M","LOCATION_M":"DIGITIZED","DATA_SOURC":"SEVEE & MAHER ENGINEERS","GlobalID":"{B5C3BC22-CB32-4F67-93DA-9ABC7CBC50CD}","Shape_Length":"873.89","Shape_Area":"53,822.84"},"id":293},{"type":"Feature","geometry":{"type":"Polygon","coordinates":[[[-69.08990304470822,44.06409646810219],[-69.08982399972166,44.06387571174464],[-69.0897398722167,44.063714485363384],[-69.08965035342943,44.063686329050434],[-69.08951614045871,44.06368643428583],[-69.08929811433568,44.06373096110353],[-69.08901304214102,44.06381989325963],[-69.08882855736972,44.06385632778851],[-69.08876712098834,44.06390879699246],[-69.08880075240799,44.06396119141125],[-69.08886802270837,44.06407001373934],[-69.08889611829586,44.06416273690527],[-69.08889069463032,44.06427564478039],[-69.08899144753411,44.06433605215131],[-69.08906990869153,44.06444889736269],[-69.0892433481473,44.06450118346658],[-69.08934951730265,44.06444464731099],[-69.089651345386,44.064343600596004],[-69.08986933578161,44.064270846548325],[-69.08992512400282,44.06418209025778],[-69.08990304470822,44.06409646810219]]]},"properties":{"OBJECTID":"294","EGAD_SEQ":"","MAP_REFERENCE":"","FEATURE_NA":"WASTE AREA","POLYGON_TY":"LF WASTE AREA","EGAD_SITE_SEQ":"95,118","SITE_DESCR":"LANDFILL MUNICIPAL","LOCATION_A":"WITHIN 3M","LOCATION_M":"DIGITIZED","DATA_SOURC":"MDEP TECH SERVICES","GlobalID":"{864C0673-A721-4D68-ACF8-B72F55582918}","Shape_Length":"288.26","Shape_Area":"5,715.24"},"id":294},{"type":"Feature","geometry":{"type":"Polygon","coordinates":[[[-70.67586774765425,43.57532947559526],[-70.67570660893313,43.575242663610176],[-70.67561183325405,43.575207333933946],[-70.67549556743617,43.57517756583269],[-70.67538753061834,43.57518439434308],[-70.67533085118527,43.57522194430786],[-70.67529034235454,43.575322203188],[-70.67528589267742,43.57542193532432],[-70.67525936969254,43.575506252928164],[-70.6751685206513,43.5756124953183],[-70.67505545263582,43.57569808127922],[-70.6750138353933,43.57601867029893],[-70.67505367623477,43.5761544715751],[-70.67514313076181,43.57625807136973],[-70.67544115891678,43.576337632757514],[-70.6756358888762,43.5763347780818],[-70.67571405978673,43.576291667161115],[-70.67585597764254,43.57620565665036],[-70.67593975936363,43.5761047630748],[-70.67609982107315,43.57589259340259],[-70.67612445183656,43.57574011078137],[-70.6760309221344,43.575489695802325],[-70.67586774765425,43.57532947559526]]]},"properties":{"OBJECTID":"295","EGAD_SEQ":"","MAP_REFERENCE":"","FEATURE_NA":"EST WASTE AREA","POLYGON_TY":"LF WASTE AREA","EGAD_SITE_SEQ":"27,155","SITE_DESCR":"LANDFILL MUNICIPAL","LOCATION_A":"WITHIN 3M","LOCATION_M":"DIGITIZED","DATA_SOURC":"MDEP GIS UNIT","GlobalID":"{B1E05619-6BCE-48C4-8340-E37DBEE674A5}","Shape_Length":"346.08","Shape_Area":"8,289.22"},"id":295},{"type":"Feature","geometry":{"type":"Polygon","coordinates":[[[-70.07836217685275,45.05406417378845],[-70.07829532563551,45.05404360482083],[-70.07821037714521,45.05403262891849],[-70.07815057025269,45.05403319359576],[-70.07811745385546,45.054039395262684],[-70.07808943189374,45.054051437830275],[-70.07806486690761,45.054070514202095],[-70.07803549383989,45.05409905818859],[-70.07800299817521,45.05413823131584],[-70.07798381392872,45.05417845711654],[-70.07796611477417,45.054209246665266],[-70.07795636839238,45.05422111668062],[-70.07794664412495,45.05423416392746],[-70.077942123655,45.05425894006369],[-70.07794114867457,45.054295460743475],[-70.07794836985374,45.05432601414851],[-70.07795880213745,45.05435064913539],[-70.07797911358377,45.054370479298505],[-70.07800600464248,45.05438671502241],[-70.07806091784363,45.05439090728503],[-70.0781092957545,45.05440105112738],[-70.07815922387196,45.05440529040705],[-70.07819590562872,45.05441201141779],[-70.07823128061324,45.05443758831352],[-70.07828497439718,45.054465348005046],[-70.07832699542264,45.05449086211485],[-70.07835548107823,45.0545035485748],[-70.07842372937495,45.054509971418476],[-70.07846854095507,45.05450719243555],[-70.07853818445491,45.05449946734043],[-70.07855621545507,45.05448634158729],[-70.07857238508723,45.05446263374197],[-70.07856992726569,45.05442025647523],[-70.07855431164505,45.054385070830676],[-70.07853371094531,45.05434993226682],[-70.07852296850736,45.05430881158556],[-70.07853386775355,45.054269841386464],[-70.0785450756465,45.054247357847636],[-70.07853451031518,45.054215657723454],[-70.07852175160218,45.054155711625256],[-70.07849951229052,45.05412176597116],[-70.07845592041882,45.0541009774232],[-70.07836217685275,45.05406417378845]]]},"properties":{"OBJECTID":"296","EGAD_SEQ":"","MAP_REFERENCE":"","FEATURE_NA":"EST WASTE AREA","POLYGON_TY":"LF WASTE AREA","EGAD_SITE_SEQ":"29,456","SITE_DESCR":"LANDFILL MUNICIPAL","LOCATION_A":"WITHIN 3M","LOCATION_M":"DIGITIZED","DATA_SOURC":"MDEP GIS UNIT","GlobalID":"{69F0D3E2-030F-4A81-8914-302E98EDF239}","Shape_Length":"167.38","Shape_Area":"1,900.21"},"id":296},{"type":"Feature","geometry":{"type":"Polygon","coordinates":[[[-70.54826507066953,43.76196814844037],[-70.54771597941529,43.76239214679205],[-70.5471889138612,43.76290841620691],[-70.54663360444377,43.76366360779183],[-70.54655970597838,43.76384618637936],[-70.5464998100083,43.76400009208158],[-70.54657039931637,43.76407034277017],[-70.54669472728678,43.76412918580641],[-70.54698158133878,43.76420363251104],[-70.54721767506152,43.7642146754068],[-70.54728124085906,43.76420313536173],[-70.54750048858813,43.764132519488236],[-70.54766544068492,43.764051956559406],[-70.54786330252429,43.76391398455868],[-70.54810926127514,43.76373619434582],[-70.5482870149292,43.76358069003878],[-70.54843493871222,43.76341135026421],[-70.54847739224107,43.76334312898744],[-70.54843320424112,43.76317129177987],[-70.54838481142968,43.763062018184044],[-70.54839587525416,43.7628493449075],[-70.54844066788444,43.76230044260661],[-70.54842033213701,43.76208353625401],[-70.54835392262505,43.76198474401505],[-70.54826507066953,43.76196814844037]]]},"properties":{"OBJECTID":"297","EGAD_SEQ":"","MAP_REFERENCE":"","FEATURE_NA":"ESTIMATED WASTE BOUNDARY","POLYGON_TY":"LF WASTE AREA","EGAD_SITE_SEQ":"28,182","SITE_DESCR":"LANDFILL MUNICIPAL","LOCATION_A":"WITHIN 3M","LOCATION_M":"DIGITIZED","DATA_SOURC":"MDEP GIS UNIT","GlobalID":"{BD0E0622-6412-4D96-9B71-C86669C11B60}","Shape_Length":"639.4","Shape_Area":"21,878.06"},"id":297},{"type":"Feature","geometry":{"type":"Polygon","coordinates":[[[-68.72458470074199,44.98136226873231],[-68.72377550553549,44.97894131499318],[-68.72273208423331,44.97907912535867],[-68.72277048277918,44.979237855640825],[-68.72352838068738,44.98167593815628],[-68.72458470074199,44.98136226873231]]]},"properties":{"OBJECTID":"298","EGAD_SEQ":"","MAP_REFERENCE":"","FEATURE_NA":"CELL 3B","POLYGON_TY":"LF WASTE AREA","EGAD_SITE_SEQ":"31,339","SITE_DESCR":"LANDFILL COMMERCIAL","LOCATION_A":"WITHIN 5M","LOCATION_M":"DIGITIZED","DATA_SOURC":"MDEP GIS UNIT","GlobalID":"{997FE67E-7D74-434E-8E88-A16D40D33118}","Shape_Length":"745.6","Shape_Area":"24,773.77"},"id":298},{"type":"Feature","geometry":{"type":"Polygon","coordinates":[[[-69.1928791208178,44.14546186880908],[-69.19281254261651,44.14543233159378],[-69.19267949663833,44.14543827854659],[-69.19258115829564,44.14539941874188],[-69.19250246790195,44.14540132410933],[-69.19232450189334,44.14539679898864],[-69.19228100674717,44.14544318507372],[-69.19224559397061,44.145451109935856],[-69.19218629802246,44.145470106685515],[-69.19211872132468,44.14549961155279],[-69.19210051707914,44.14553763510428],[-69.19205289180832,44.145565140066005],[-69.19201702662907,44.14563950801951],[-69.19201156808842,44.14571062869567],[-69.1920320566554,44.14578864098509],[-69.19199873842825,44.14584415178236],[-69.19197043898349,44.14590272605492],[-69.19198014002332,44.14596315416689],[-69.19202279175201,44.146027449626594],[-69.19204650124084,44.14608305543752],[-69.19205956994551,44.14616672614566],[-69.19207471657315,44.146165500544],[-69.19206148450955,44.14608081454237],[-69.19203702785275,44.14602345255049],[-69.19199498551565,44.14596007710734],[-69.19198597612387,44.145903959504615],[-69.19201294659428,44.14584813616298],[-69.19204789521103,44.1457899081322],[-69.19202688126269,44.14570990160201],[-69.19203212152782,44.145641651537524],[-69.19206584548122,44.14557172129432],[-69.19211349072755,44.14554420729034],[-69.19213133106474,44.14550693882368],[-69.19219337657663,44.145479849830956],[-69.19225097132592,44.14546139613724],[-69.19229063968778,44.145452518766305],[-69.19233240410017,44.14540797856277],[-69.19250245481723,44.145412302730755],[-69.19257748950842,44.145410485455535],[-69.19267603569251,44.14544942774298],[-69.19280866663989,44.145443498600855],[-69.19287112651985,44.145471208803094],[-69.1928791208178,44.14546186880908]]]},"properties":{"OBJECTID":"299","EGAD_SEQ":"","MAP_REFERENCE":"","FEATURE_NA":"AREA 11","POLYGON_TY":"LF WASTE AREA","EGAD_SITE_SEQ":"38,321","SITE_DESCR":"LANDFILL SPECIAL WASTE","LOCATION_A":"WITHIN 3M","LOCATION_M":"CAD","DATA_SOURC":"E-PRO","GlobalID":"{81F9783F-1DAA-4F5C-B471-6930B748DE1B}","Shape_Length":"291.64","Shape_Area":"176.22"},"id":299},{"type":"Feature","geometry":{"type":"Polygon","coordinates":[[[-70.2412123009704,43.587272888878736],[-70.24112997320988,43.587261847923266],[-70.24103094138569,43.58723706168898],[-70.24095723069952,43.587245818816],[-70.24088188507979,43.58730830464136],[-70.24079069703029,43.587398812829996],[-70.24070551126923,43.58751511544549],[-70.2405991301383,43.587665466366445],[-70.24053362734199,43.587807415775536],[-70.24050977939407,43.587978753440964],[-70.24054216400275,43.58808980106276],[-70.24062686363914,43.58821619646058],[-70.24078605202111,43.588371621799205],[-70.24097260264887,43.58852674985986],[-70.24107727157775,43.58855943091602],[-70.2411623381333,43.58857044306756],[-70.24121391649655,43.58854999035913],[-70.24122984309679,43.58852594587001],[-70.24128309437506,43.58845375387419],[-70.24130645278723,43.588391832350716],[-70.2413352009122,43.588325873400436],[-70.2415099454447,43.58817279033728],[-70.24174965930239,43.58798518381988],[-70.24194138879089,43.587859765122666],[-70.24198896142794,43.58777768770871],[-70.24199210288947,43.587664264602886],[-70.24196820932896,43.58756704990394],[-70.24187893609783,43.58748446939211],[-70.24174780333095,43.587362558219624],[-70.24165669453471,43.58732376258677],[-70.24155251807284,43.58731494825776],[-70.24134710654386,43.5873072323525],[-70.2412123009704,43.587272888878736]]]},"properties":{"OBJECTID":"300","EGAD_SEQ":"","MAP_REFERENCE":"","FEATURE_NA":"EST WASTE AREA","POLYGON_TY":"LF WASTE AREA","EGAD_SITE_SEQ":"28,391","SITE_DESCR":"LANDFILL MUNICIPAL","LOCATION_A":"WITHIN 3M","LOCATION_M":"DIGITIZED","DATA_SOURC":"MDEP GIS UNIT","GlobalID":"{05D4BE0A-AA83-44F6-AA78-62D173BBD9DA}","Shape_Length":"411.34","Shape_Area":"11,480.03"},"id":300},{"type":"Feature","geometry":{"type":"Polygon","coordinates":[[[-68.72698677687879,44.90103322192893],[-68.72690333484402,44.900961568379536],[-68.7269117402875,44.90095563449975],[-68.7267694834508,44.90091956677489],[-68.72659354468206,44.90091914571953],[-68.7265262957797,44.90096662104155],[-68.7264922747918,44.90107372109471],[-68.72641594111633,44.90127003666532],[-68.72638987470438,44.90146647351705],[-68.72625514659977,44.901609058747745],[-68.7260789242638,44.90166818140406],[-68.72593629844505,44.9017095206799],[-68.7258520361237,44.90181054507392],[-68.72580091894822,44.90198905880258],[-68.72581645807388,44.90224513965982],[-68.72584074396761,44.902423833492776],[-68.72593165898822,44.90268605011133],[-68.72610556626786,44.9031151923657],[-68.72622948912245,44.90348466934912],[-68.72632796723369,44.90391958434069],[-68.7263604931371,44.90412807033501],[-68.72648597267307,44.90417005234608],[-68.72672897642661,44.90416468008277],[-68.72695536562445,44.904129494102406],[-68.72706482015195,44.90401662029165],[-68.72743634187289,44.903410147085474],[-68.72759010541324,44.902785290577214],[-68.72761681502617,44.902451900948364],[-68.72746089108131,44.90176080542252],[-68.72727919030466,44.901206602164756],[-68.72698677687879,44.90103322192893]]]},"properties":{"OBJECTID":"301","EGAD_SEQ":"","MAP_REFERENCE":"","FEATURE_NA":"WASTE AREA","POLYGON_TY":"LF WASTE AREA","EGAD_SITE_SEQ":"31,243","SITE_DESCR":"LANDFILL MUNICIPAL","LOCATION_A":"WITHIN 3M","LOCATION_M":"DIGITIZED","DATA_SOURC":"MDEP GIS UNIT","GlobalID":"{5D95F541-1696-4193-8413-7F7F196586D6}","Shape_Length":"839.41","Shape_Area":"35,723.35"},"id":301},{"type":"Feature","geometry":{"type":"Polygon","coordinates":[[[-70.5019898444036,44.151907902430324],[-70.50200411186808,44.15204102841596],[-70.50206392387874,44.15225197490768],[-70.50214887487068,44.15245213356159],[-70.5022084050779,44.1525088584063],[-70.50226674193675,44.15251854652921],[-70.50247235867812,44.152466176856045],[-70.5025842748695,44.15244117842516],[-70.50266332545091,44.152408771405455],[-70.50279232734833,44.15234172374593],[-70.50307112963041,44.15231191625176],[-70.50322197318867,44.15224719519887],[-70.50326484285343,44.15207672218757],[-70.50323361852462,44.151990871922614],[-70.50310418169241,44.15175470249498],[-70.50302345441504,44.15157801424655],[-70.5029686628151,44.15142189633437],[-70.50294120080711,44.15134122461628],[-70.50287910347289,44.15132635727099],[-70.50264458778304,44.15138433602001],[-70.50258434852846,44.15144263628298],[-70.50256060053829,44.151508298238966],[-70.50248214665673,44.151564224439],[-70.5023743263097,44.15160746604998],[-70.5022125954903,44.151672328279076],[-70.5020899915755,44.151705309567745],[-70.50203238598104,44.15172436517546],[-70.5020045443312,44.15177178189421],[-70.50198415932412,44.15182694411664],[-70.5019898444036,44.151907902430324]]]},"properties":{"OBJECTID":"302","EGAD_SEQ":"","MAP_REFERENCE":"","FEATURE_NA":"EST WASTE BOUNDARY","POLYGON_TY":"LF WASTE AREA","EGAD_SITE_SEQ":"95,119","SITE_DESCR":"LANDFILL MUNICIPAL","LOCATION_A":"WITHIN 3M","LOCATION_M":"DIGITIZED","DATA_SOURC":"MDEP GIS UNIT","GlobalID":"{115C3BB4-2B9E-46BC-9D6E-4AA14482D5A9}","Shape_Length":"373.97","Shape_Area":"8,906.65"},"id":302},{"type":"Feature","geometry":{"type":"Polygon","coordinates":[[[-70.17798984647135,44.05206139718297],[-70.17832392001309,44.0519293892645],[-70.17871978616317,44.05141821620104],[-70.17624194925408,44.050308216831105],[-70.17563278176291,44.05105012348466],[-70.17617207874478,44.051280248941886],[-70.17798984647135,44.05206139718297]]]},"properties":{"OBJECTID":"303","EGAD_SEQ":"","MAP_REFERENCE":"","FEATURE_NA":"WASTE AREA","POLYGON_TY":"LF WASTE AREA","EGAD_SITE_SEQ":"28,484","SITE_DESCR":"LANDFILL MUNICIPAL","LOCATION_A":"WITHIN 30M","LOCATION_M":"CAD","DATA_SOURC":"WOODARD AND CURRAN","GlobalID":"{D70BCC0F-4BAC-40A5-A95D-1E2C0450611C}","Shape_Length":"644.74","Shape_Area":"21,732.62"},"id":303},{"type":"Feature","geometry":{"type":"Polygon","coordinates":[[[-70.18465319480704,44.0491051712418],[-70.18549170871334,44.04904598923149],[-70.18601540145896,44.04899007259994],[-70.18638092953168,44.048897952360136],[-70.18643163304901,44.0488091009654],[-70.18639489260092,44.04872116129485],[-70.1860735213887,44.04839645612092],[-70.18596682085938,44.04830924262883],[-70.18528069027478,44.04811449540472],[-70.18399639627916,44.047749313339104],[-70.18376777444678,44.04768860046018],[-70.18368057828309,44.04770212308164],[-70.183542168986,44.04777926552738],[-70.18366509975337,44.04780322202674],[-70.18373556133179,44.04782772478143],[-70.18414888930351,44.04837859880341],[-70.18447175489753,44.04877900142218],[-70.18465319480704,44.0491051712418]]]},"properties":{"OBJECTID":"304","EGAD_SEQ":"","MAP_REFERENCE":"","FEATURE_NA":"WASTE AREA","POLYGON_TY":"LF WASTE AREA","EGAD_SITE_SEQ":"28,484","SITE_DESCR":"LANDFILL MUNICIPAL","LOCATION_A":"WITHIN 30M","LOCATION_M":"CAD","DATA_SOURC":"WOODARD AND CURRAN","GlobalID":"{11513B3F-DD59-4FAE-8612-C12F8D6B2C61}","Shape_Length":"605.94","Shape_Area":"17,875.56"},"id":304},{"type":"Feature","geometry":{"type":"Polygon","coordinates":[[[-68.72206756425267,44.98383034942166],[-68.72255645016928,44.985047626370886],[-68.72640385132816,44.984470077078065],[-68.72597250278415,44.983486891944516],[-68.72573956221011,44.98318693767442],[-68.72564668963359,44.98300375076924],[-68.72206756425267,44.98383034942166]]]},"properties":{"OBJECTID":"305","EGAD_SEQ":"","MAP_REFERENCE":"","FEATURE_NA":"CELL 13","POLYGON_TY":"LF WASTE AREA","EGAD_SITE_SEQ":"31,339","SITE_DESCR":"LANDFILL COMMERCIAL","LOCATION_A":"WITHIN 5M","LOCATION_M":"DIGITIZED","DATA_SOURC":"SEVEE & MAHER ENGINEERS","GlobalID":"{C37089EA-76C8-44C7-9F78-EA27899131F9}","Shape_Length":"921.44","Shape_Area":"47,891.9"},"id":305},{"type":"Feature","geometry":{"type":"Polygon","coordinates":[[[-69.52348714824096,44.423070633961956],[-69.52335298850403,44.42319240440036],[-69.52294992615013,44.423493100491214],[-69.52254072067466,44.42373728455969],[-69.52237852448097,44.4238753358839],[-69.5222835899938,44.423972694522675],[-69.5222724990223,44.42399293769031],[-69.52235275831832,44.424146033847826],[-69.52254546931388,44.424270346644235],[-69.5227098253751,44.42437459642883],[-69.52290813730045,44.424494844305464],[-69.52313433908621,44.42458265563834],[-69.52334908925482,44.42465032654354],[-69.523502609406,44.424803087069265],[-69.52363279661957,44.42486710631924],[-69.52394349309253,44.424950489976425],[-69.5241349483667,44.424933458689786],[-69.52431957555251,44.42478318501916],[-69.52452609228445,44.42456011896377],[-69.5246369550166,44.42435364571399],[-69.52482631119908,44.42410238722841],[-69.52487547333571,44.42392850478951],[-69.52481196930869,44.42375917873117],[-69.52472104883796,44.42367478797361],[-69.52459104368081,44.42363096156817],[-69.5243600769845,44.42364009947963],[-69.52418614426041,44.423725706333585],[-69.52401763118624,44.42378705693309],[-69.52389904126825,44.42375933115125],[-69.52383618938677,44.42366269582772],[-69.52390301751066,44.42357354215892],[-69.52399079824296,44.42330659710755],[-69.52397306390506,44.4232137917308],[-69.52379173090198,44.4231015451562],[-69.52359392655876,44.42303783605421],[-69.52348714824096,44.423070633961956]]]},"properties":{"OBJECTID":"306","EGAD_SEQ":"","MAP_REFERENCE":"","FEATURE_NA":"WASTE AREA","POLYGON_TY":"LF WASTE AREA","EGAD_SITE_SEQ":"27,414","SITE_DESCR":"LANDFILL MUNICIPAL","LOCATION_A":"WITHIN 3M","LOCATION_M":"DIGITIZED","DATA_SOURC":"MDEP TECH SERVICES","GlobalID":"{2126925E-6CBA-4449-AB73-78A4BCD05097}","Shape_Length":"673.4","Shape_Area":"24,528.53"},"id":306},{"type":"Feature","geometry":{"type":"Polygon","coordinates":[[[-70.36142071723592,43.638975491941345],[-70.36253427853507,43.63955457565223],[-70.3645521914114,43.6405006547511],[-70.3647185425292,43.6403206460002],[-70.3639933145051,43.639089299035724],[-70.36353880943307,43.63871831983281],[-70.36279376908705,43.63809697364309],[-70.36233407724731,43.638566992325366],[-70.36215440090459,43.638709460498596],[-70.36163137165305,43.63891134506681],[-70.36142071723592,43.638975491941345]]]},"properties":{"OBJECTID":"307","EGAD_SEQ":"","MAP_REFERENCE":"","FEATURE_NA":"ACTIVE CELL","POLYGON_TY":"LF WASTE AREA","EGAD_SITE_SEQ":"31,344","SITE_DESCR":"LANDFILL COMMERCIAL","LOCATION_A":"WITHIN 3M","LOCATION_M":"DIGITIZED","DATA_SOURC":"MDEP GIS UNIT","GlobalID":"{7325842F-9B84-46F2-BD24-5841BFEB1FAD}","Shape_Length":"775.47","Shape_Area":"27,423.01"},"id":307},{"type":"Feature","geometry":{"type":"Polygon","coordinates":[[[-69.13540633565515,44.10844913034779],[-69.13548883332467,44.108247925853945],[-69.13557114327145,44.10802879856787],[-69.13567331951637,44.10780597966306],[-69.13574194040555,44.10770522640423],[-69.135780321583,44.10756879099362],[-69.1358688839542,44.1074715189531],[-69.13594303906731,44.107424509830174],[-69.1359616305535,44.10729893611981],[-69.13602991148636,44.10716592501311],[-69.13612800988396,44.10702916355963],[-69.13619655142391,44.10692124434924],[-69.1360025110402,44.10692588354001],[-69.13575411000325,44.1069666696995],[-69.13568538041008,44.107056665915636],[-69.13541662192044,44.107054540382556],[-69.13528829160582,44.10715561537249],[-69.13518476129596,44.107249386174786],[-69.13510147772851,44.10737530998058],[-69.13503723383916,44.1074186793974],[-69.13494407351114,44.107551827334476],[-69.13483669298186,44.10775316346764],[-69.13477843628795,44.1078932935681],[-69.13472523374399,44.108040563626176],[-69.13458125624571,44.10807360901488],[-69.13452255118602,44.10817071884828],[-69.13456314718701,44.108245782300024],[-69.1346141128004,44.10836022222736],[-69.13460004384103,44.10844275260595],[-69.13488882457563,44.108455524477336],[-69.1350922578871,44.10839706131413],[-69.13524652824823,44.10839622424917],[-69.13540633565515,44.10844913034779]]]},"properties":{"OBJECTID":"308","EGAD_SEQ":"","MAP_REFERENCE":"","FEATURE_NA":"ACTIVE LANDFILL AREA","POLYGON_TY":"LF WASTE AREA","EGAD_SITE_SEQ":"27,560","SITE_DESCR":"LANDFILL MUNICIPAL","LOCATION_A":"WITHIN 3M","LOCATION_M":"CAD","DATA_SOURC":"MUNICIPAL GOVERNMENT","GlobalID":"{DBD45CBB-30F5-44DC-87EC-F01793E0D1F5}","Shape_Length":"499.46","Shape_Area":"10,894.58"},"id":308},{"type":"Feature","geometry":{"type":"Polygon","coordinates":[[[-68.72256729707037,44.97809984638653],[-68.7226051509112,44.97832344807348],[-68.7250521531371,44.97797635874875],[-68.72570742083823,44.978144512122604],[-68.72639521996327,44.978202949931855],[-68.7264043058394,44.97768586471399],[-68.72605947279725,44.97732482541465],[-68.72504248807704,44.97714502030909],[-68.72428074507609,44.9764170889304],[-68.72419132511915,44.97648362889447],[-68.72267896887041,44.978100117606175],[-68.72256729707037,44.97809984638653]]]},"properties":{"OBJECTID":"309","EGAD_SEQ":"","MAP_REFERENCE":"","FEATURE_NA":"CELL 5","POLYGON_TY":"LF WASTE AREA","EGAD_SITE_SEQ":"31,339","SITE_DESCR":"LANDFILL COMMERCIAL","LOCATION_A":"WITHIN 5M","LOCATION_M":"DIGITIZED","DATA_SOURC":"MDEP GIS UNIT","GlobalID":"{837AB491-7E54-478B-B9BC-E0C1A7827211}","Shape_Length":"855.17","Shape_Area":"31,610.03"},"id":309},{"type":"Feature","geometry":{"type":"Polygon","coordinates":[[[-68.34574243888623,44.294828818880056],[-68.34568053402249,44.29482422656659],[-68.34560961526716,44.29483441417163],[-68.34555047272221,44.29484678851636],[-68.34550034409776,44.29484438198774],[-68.34546177860366,44.29486323392683],[-68.34546140205128,44.29489713267622],[-68.34545515035788,44.29492888204803],[-68.3454547737708,44.294962783497716],[-68.34545151723779,44.294990309605005],[-68.34546305811598,44.295013686379335],[-68.34547743067036,44.295047672341965],[-68.34548581420776,44.29509009943773],[-68.34549114927546,44.295140984516735],[-68.34550563957032,44.29516437458468],[-68.34551725110853,44.29518139471901],[-68.34553178848931,44.29520054732758],[-68.34555234721881,44.29520914056867],[-68.34557292694393,44.29521561821458],[-68.34559945244459,44.295217888592944],[-68.34562001119014,44.29522648182194],[-68.345646607279,44.29522239645535],[-68.34567028131256,44.29521617593151],[-68.34568819286208,44.29519720561625],[-68.34570338906065,44.295157032916606],[-68.34572172403934,44.29509992638981],[-68.34573706510184,44.295047041337334],[-68.3457554000425,44.29498993210291],[-68.34578263116974,44.29492863969191],[-68.3457828193588,44.294911689866126],[-68.34578598041497,44.29489263595308],[-68.34578614508439,44.294877804405296],[-68.34577462886594,44.294852310291766],[-68.34574243888623,44.294828818880056]]]},"properties":{"OBJECTID":"310","EGAD_SEQ":"","MAP_REFERENCE":"","FEATURE_NA":"WOOD DEBRIS PILE","POLYGON_TY":"LF WASTE AREA","EGAD_SITE_SEQ":"29,767","SITE_DESCR":"LANDFILL COMMERCIAL","LOCATION_A":"WITHIN 3M","LOCATION_M":"GPS MAPPING GRADE","DATA_SOURC":"MDEP GIS UNIT","GlobalID":"{4EBCCA77-D76F-464E-9E35-1E4A0B269AC4}","Shape_Length":"119.58","Shape_Area":"890.58"},"id":310},{"type":"Feature","geometry":{"type":"Polygon","coordinates":[[[-69.8676591913466,45.018379530123035],[-69.86752189148393,45.01829853622276],[-69.86736816453093,45.01825627246973],[-69.86719706584142,45.01819001083849],[-69.86711100746969,45.01812310416559],[-69.86694674922414,45.018059203626784],[-69.86675578888509,45.018029285148344],[-69.86654130885637,45.01801884849453],[-69.8664289855113,45.01801487483886],[-69.86638165453331,45.01803453760598],[-69.86636164474245,45.01806123061139],[-69.866322572337,45.01817734546026],[-69.86629461499653,45.01835369769934],[-69.86631315085445,45.0184548977601],[-69.86636230143584,45.01855586556147],[-69.86653565531272,45.01877170937105],[-69.86671161206205,45.01893444986413],[-69.86689024401478,45.01904891150112],[-69.86709177654316,45.01910287906269],[-69.86731302645272,45.01911084895567],[-69.86754682676253,45.01904875222745],[-69.86783439679195,45.018942813158816],[-69.86784559814514,45.01878347816014],[-69.86781638120368,45.01865099240834],[-69.86775966055109,45.018499411971995],[-69.8676591913466,45.018379530123035]]]},"properties":{"OBJECTID":"311","EGAD_SEQ":"","MAP_REFERENCE":"","FEATURE_NA":"EST WASTE AREA","POLYGON_TY":"LF WASTE AREA","EGAD_SITE_SEQ":"29,449","SITE_DESCR":"LANDFILL MUNICIPAL","LOCATION_A":"WITHIN 3M","LOCATION_M":"DIGITIZED","DATA_SOURC":"MDEP GIS UNIT","GlobalID":"{D4855E2A-FE0A-4F53-AD25-6667CACC8AB8}","Shape_Length":"386.84","Shape_Area":"10,518.22"},"id":311},{"type":"Feature","geometry":{"type":"Polygon","coordinates":[[[-70.22312448319707,43.88913555595701],[-70.22324140234281,43.88921529982625],[-70.22344236076442,43.88937751982145],[-70.22351278853745,43.88943870237989],[-70.22360946288114,43.88949484091663],[-70.22368913487499,43.889524956475164],[-70.22377863859076,43.889552586123244],[-70.22389758587683,43.88957036820479],[-70.22399977577737,43.889574039156955],[-70.2241277241881,43.889548846715876],[-70.2242122744889,43.88949552997804],[-70.22426723617727,43.88944491707106],[-70.22427623701624,43.88940194006819],[-70.22431536805837,43.88938246195149],[-70.22444936356106,43.88933100116726],[-70.22458602275832,43.88924854108227],[-70.22469294303224,43.88916163578621],[-70.2247870784849,43.889093923561326],[-70.22484582207474,43.88906708886749],[-70.2249050976304,43.88906645342911],[-70.22497327965105,43.88901808170639],[-70.22505390034152,43.8889338385758],[-70.225128179352,43.888861575152845],[-70.22520846160435,43.888760662666094],[-70.22523009818872,43.888691345100256],[-70.225238317027,43.888610264145385],[-70.2252041158681,43.8885486905914],[-70.22514385934326,43.888501692329164],[-70.22506099479142,43.88847637851748],[-70.22496849044926,43.88846307796111],[-70.22482325040932,43.88844795939391],[-70.22470474180643,43.88845160935107],[-70.22460692090809,43.88850030218406],[-70.22448870876701,43.88851824466313],[-70.22437664174599,43.888514682687905],[-70.22431387689795,43.888505825824865],[-70.22421900871352,43.88853781111076],[-70.22414448505968,43.888598165699705],[-70.22401048718177,43.88864962615681],[-70.22390888419582,43.88867453626987],[-70.22382316295209,43.88867069154331],[-70.22367196855004,43.88868660318656],[-70.2235347766774,43.888742862899335],[-70.22344329615686,43.88877957687185],[-70.2233090047379,43.88881674642675],[-70.223213356777,43.88881062426727],[-70.22312109971328,43.88880922863581],[-70.22305857473833,43.88881228118462],[-70.22301993480357,43.88885557625248],[-70.22303200717442,43.88896264484292],[-70.22308035613823,43.88907170837211],[-70.22312448319707,43.88913555595701]]]},"properties":{"OBJECTID":"312","EGAD_SEQ":"","MAP_REFERENCE":"","FEATURE_NA":"APPROXIMATE WASTE AREA","POLYGON_TY":"LF WASTE AREA","EGAD_SITE_SEQ":"79,889","SITE_DESCR":"LANDFILL MUNICIPAL","LOCATION_A":"WITHIN 3M","LOCATION_M":"DIGITIZED","DATA_SOURC":"MDEP GIS UNIT","GlobalID":"{98E6F18F-AED1-471A-828E-B7933F246064}","Shape_Length":"476.18","Shape_Area":"13,262.49"},"id":312},{"type":"Feature","geometry":{"type":"Polygon","coordinates":[[[-69.85312461847955,44.71480017764171],[-69.85370456945454,44.71452999561213],[-69.85293979473859,44.71351148803944],[-69.85276512030677,44.71336022214357],[-69.85235392445027,44.712841918701],[-69.85209440874452,44.71242144515832],[-69.85209360127071,44.71235067543191],[-69.85153382178568,44.71259402584227],[-69.85202162479058,44.71300357383907],[-69.85275073388907,44.71439230095629],[-69.85312461847955,44.71480017764171]]]},"properties":{"OBJECTID":"313","EGAD_SEQ":"","MAP_REFERENCE":"","FEATURE_NA":"PHASE 9C","POLYGON_TY":"LF WASTE AREA","EGAD_SITE_SEQ":"30,710","SITE_DESCR":"LANDFILL COMMERCIAL","LOCATION_A":"WITHIN 5M","LOCATION_M":"CAD","DATA_SOURC":"GOLDER ASSOCIATES","GlobalID":"{50D1A3BC-B324-48F7-835B-C7725B6CC99A}","Shape_Length":"660.51","Shape_Area":"12,902.79"},"id":313},{"type":"Feature","geometry":{"type":"Polygon","coordinates":[[[-68.09731384017876,44.416310506049555],[-68.09732059055591,44.41630796838701],[-68.09735251083256,44.41628851707295],[-68.09738250966447,44.41628006192393],[-68.09741082139173,44.41626737110807],[-68.09744174999518,44.41624746629207],[-68.0974709192871,44.41623006025467],[-68.09750285245977,44.41621915538496],[-68.09753614257058,44.41622349761461],[-68.0975713432031,44.41623510850869],[-68.09760579267014,44.41624500652078],[-68.09764247678235,44.41625367708642],[-68.09768129836392,44.41625959795782],[-68.09771961333091,44.416264483989984],[-68.09776005528342,44.41626542286639],[-68.09779479907176,44.416260758371116],[-68.0978282986249,44.416251482691656],[-68.09786303246895,44.416241010372644],[-68.09789598503164,44.41622817693651],[-68.09793133518149,44.41621331968547],[-68.09796266271961,44.4161967840364],[-68.0979941604902,44.41617840684416],[-68.09802021930993,44.416160195555875],[-68.09804321704803,44.41613863174231],[-68.0980639108798,44.41611863422804],[-68.0980768242519,44.416106085428815],[-68.09809107033207,44.41608332263989],[-68.09810635067186,44.416059954923554],[-68.09811363013779,44.41603786544801],[-68.09810725495375,44.416013874784745],[-68.09809778510152,44.415986675383174],[-68.09808317133803,44.415959327326654],[-68.0980613346412,44.41593993294616],[-68.0980394731601,44.415914716236436],[-68.09801699265378,44.41589095669313],[-68.09799868602146,44.41586908469127],[-68.09797366580027,44.415844585755835],[-68.0979556245329,44.41582204063052],[-68.09794302180694,44.41579992557754],[-68.09792040017393,44.415778896358454],[-68.09790253543855,44.41575639133095],[-68.09788323727517,44.41574231693134],[-68.09786600650689,44.41571983671161],[-68.09783592485628,44.415704374419],[-68.09781022494697,44.41568994154309],[-68.09777882782633,44.41567540243767],[-68.09774782676567,44.41565879670192],[-68.0977169274747,44.41563933156287],[-68.0976848890557,44.415624105851116],[-68.09765043828479,44.41561064003049],[-68.09761307730943,44.41560394474117],[-68.09758338881126,44.41559755583838],[-68.09754790054384,44.41559560541067],[-68.09751673677911,44.41559758736799],[-68.0974791560049,44.415609184046815],[-68.09744486935158,44.415620654596786],[-68.09741018668308,44.41563206528904],[-68.09737488723336,44.415642579816236],[-68.09734183735401,44.41564493394157],[-68.09730478647921,44.41564690352432],[-68.09727113921849,44.41565248942478],[-68.097231210208,44.41565701824661],[-68.09719525078242,44.4156660132258],[-68.09716270027063,44.41567713640081],[-68.09713542167613,44.41569086254628],[-68.09710733736038,44.41570421680086],[-68.09708326510936,44.41571870471225],[-68.09705406373037,44.41573281806401],[-68.09702825349065,44.415750867246935],[-68.09700576484542,44.4157704335536],[-68.09698788432215,44.415789049579224],[-68.09696899313586,44.415806898672734],[-68.09694653904685,44.41582976657804],[-68.09693147828511,44.41585092027997],[-68.09691591076911,44.41587357794676],[-68.09690355243518,44.415897875193785],[-68.09689638212707,44.415924840487406],[-68.0968987046984,44.41595217433442],[-68.09689400214097,44.41597859826417],[-68.0968963404368,44.41600197279137],[-68.09690473664857,44.416028952236495],[-68.09690721628,44.416056201797886],[-68.09691270982916,44.41608366064845],[-68.09692244629078,44.41611104951456],[-68.09693024589589,44.41613557997212],[-68.09694166271814,44.416161764940306],[-68.09695511213052,44.41618711971238],[-68.09697246418996,44.41621476324833],[-68.09699361375273,44.41623593946471],[-68.09702032580516,44.41625349370305],[-68.09705067589938,44.41627355427508],[-68.0970822324347,44.41629153752098],[-68.09711828424703,44.41630162390254],[-68.0971498214517,44.41631645778763],[-68.09718460160798,44.416325597801745],[-68.09721430793938,44.41633003243456],[-68.09724500223805,44.41632936216262],[-68.09728159592562,44.41632072419257],[-68.09731384017876,44.416310506049555]]]},"properties":{"OBJECTID":"314","EGAD_SEQ":"","MAP_REFERENCE":"","FEATURE_NA":"LANDFILL","POLYGON_TY":"LF WASTE AREA","EGAD_SITE_SEQ":"27,503","SITE_DESCR":"LANDFILL MUNICIPAL","LOCATION_A":"WITHIN 3M","LOCATION_M":"GPS MAPPING GRADE","DATA_SOURC":"MDEP GIS UNIT","GlobalID":"{3B379FDC-8345-4AFD-BC97-23D6D94013BC}","Shape_Length":"283.12","Shape_Area":"5,701.12"},"id":314},{"type":"Feature","geometry":{"type":"Polygon","coordinates":[[[-69.63307389663132,44.96680383765216],[-69.6329511468081,44.9667630801367],[-69.63284548583104,44.96675971923803],[-69.63278731346738,44.96677780069111],[-69.6327155476906,44.96682358270313],[-69.63260256770016,44.966913004124414],[-69.63245097774212,44.96703026453725],[-69.63233228759724,44.96710590467392],[-69.6322216944715,44.967159794289024],[-69.63218606038218,44.96720537593317],[-69.63217027366207,44.96728636590903],[-69.63219910838602,44.96738092150951],[-69.63230333507518,44.967506632339074],[-69.63240437079966,44.967594867500914],[-69.63249648300133,44.96762987648626],[-69.63258837842552,44.96764515336098],[-69.63267725583383,44.96763874041109],[-69.63278810851193,44.96760852772531],[-69.63292352044195,44.96753674181508],[-69.63308084200523,44.96743523488184],[-69.63317176041014,44.96736172028484],[-69.63324267979468,44.967238986565675],[-69.63326378630026,44.967136261369724],[-69.63324615449058,44.96704953684991],[-69.6332006634144,44.966957047096564],[-69.63314140564904,44.96687647305181],[-69.63307389663132,44.96680383765216]]]},"properties":{"OBJECTID":"315","EGAD_SEQ":"","MAP_REFERENCE":"","FEATURE_NA":"EST WASTE AREA","POLYGON_TY":"LF WASTE AREA","EGAD_SITE_SEQ":"29,412","SITE_DESCR":"LANDFILL MUNICIPAL","LOCATION_A":"WITHIN 3M","LOCATION_M":"DIGITIZED","DATA_SOURC":"MDEP GIS UNIT","GlobalID":"{C263CE34-46E2-4002-B8E3-FAB93854348B}","Shape_Length":"279.99","Shape_Area":"5,674.29"},"id":315},{"type":"Feature","geometry":{"type":"Polygon","coordinates":[[[-69.34036175722521,44.21914303861652],[-69.34022570980365,44.21905878086543],[-69.34007541839513,44.2189796953563],[-69.33974400371044,44.21904225409323],[-69.33959445029434,44.21909144368436],[-69.33949839480128,44.21913791270247],[-69.33935245676874,44.21919478893326],[-69.33917815350394,44.21928253460474],[-69.33905003569461,44.21933679343665],[-69.3388791510332,44.21939887309959],[-69.33880100617579,44.21945811609794],[-69.33877989686935,44.2195094886087],[-69.33878764802584,44.21961722173634],[-69.33879170014526,44.21970187272831],[-69.3387745251776,44.21981737477423],[-69.33875721776467,44.219909789507334],[-69.3387682304058,44.21996363265289],[-69.33881161036572,44.220063562406594],[-69.33886191185366,44.22012498850983],[-69.33899116503724,44.22026827653193],[-69.33914857692919,44.22034477731027],[-69.33937357968854,44.220387724891815],[-69.33991530683036,44.22029375354097],[-69.34019250909812,44.220108203371495],[-69.34029155475018,44.21996167276735],[-69.34031937136687,44.219835873392974],[-69.34034351779358,44.2196921299433],[-69.34043168506523,44.21951484081116],[-69.34037345107937,44.219314897506436],[-69.34036175722521,44.21914303861652]]]},"properties":{"OBJECTID":"316","EGAD_SEQ":"","MAP_REFERENCE":"","FEATURE_NA":"SOLID WASTE BOUNDARY","POLYGON_TY":"LF WASTE AREA","EGAD_SITE_SEQ":"29,579","SITE_DESCR":"LANDFILL MUNICIPAL","LOCATION_A":"WITHIN 3M","LOCATION_M":"DIGITIZED","DATA_SOURC":"MDEP TECH SERVICES","GlobalID":"{47189F34-FFF4-4BE0-A312-9D14C874460E}","Shape_Length":"460.2","Shape_Area":"15,387.27"},"id":316},{"type":"Feature","geometry":{"type":"Polygon","coordinates":[[[-68.32701603032469,44.471595230561796],[-68.32724726376497,44.47146862499311],[-68.32724991348796,44.47146452094096],[-68.32725259580462,44.471460425183174],[-68.32725531443488,44.47145634224305],[-68.32725806688495,44.47145227030541],[-68.32726085440171,44.47144821027781],[-68.32726367571766,44.47144416305308],[-68.3272665295652,44.47144012952402],[-68.3272694159857,44.47143610608977],[-68.32727233496884,44.47143209365055],[-68.32727528646289,44.471428096707406],[-68.32727827431182,44.47142410898106],[-68.32728129593917,44.471420135858004],[-68.32728434883059,44.47141617732342],[-68.32728743175986,44.47141223066926],[-68.32729054975577,44.471408295925116],[-68.32729370151979,44.47140437668445],[-68.32729688583605,44.47140046933898],[-68.32730010267349,44.471396576589406],[-68.3273033520632,44.47139269573504],[-68.32730663020251,44.47138882945429],[-68.32730994463462,44.47138497779161],[-68.327313287806,44.471381141602784],[-68.32731666352961,44.47137731730914],[-68.32732007174337,44.471373510312],[-68.32732350872743,44.47136971608805],[-68.32732698326147,44.47136593648952],[-68.3273304852879,44.471362171457244],[-68.3273340198355,44.47135842102078],[-68.32733758309134,44.471354688758794],[-68.32734117889937,44.471350968391974],[-68.32734480341564,44.47134726619964],[-68.32734846046336,44.471343577702896],[-68.32735215001163,44.47133990560239],[-68.3273558683198,44.47133624717527],[-68.32735961533618,44.4713326069226],[-68.3273633936165,44.471328981258345],[-68.32736720186224,44.47132537377593],[-68.32737104262912,44.47132178088932],[-68.32737491087805,44.47131820346909],[-68.32737880907169,44.47131464603114],[-68.32738273474735,44.4713111040596],[-68.32738669295448,44.47130757578361],[-68.32739067985946,44.47130406658226],[-68.32739469548301,44.47130057465514],[-68.32739873856788,44.4712970999948],[-68.32740281161814,44.47129364351632],[-68.32740691215044,44.47129020250416],[-68.32741104137021,44.47128678146688],[-68.3274133922042,44.47128341207589],[-68.32741570543584,44.47128003256037],[-68.32741798610425,44.47127664204974],[-68.32742023421976,44.47127323964381],[-68.32742244978239,44.47126982534254],[-68.32742462773236,44.47126640181699],[-68.32742677442798,44.471262962802655],[-68.32742888723084,44.471259519087326],[-68.32743096376096,44.47125605895342],[-68.32743300768648,44.47125259142528],[-68.3274350190385,44.47124911380223],[-68.32743699277789,44.471245626954904],[-68.32743893521128,44.471242129119894],[-68.32744084007336,44.47123861845977],[-68.3274427085387,44.471235102183634],[-68.32744454819175,44.471231576735036],[-68.32744634649163,44.47122803933933],[-68.32744811219732,44.47122449364917],[-68.32744984654538,44.47122094147242],[-68.32745154332216,44.47121737647052],[-68.32745320243467,44.471213806745475],[-68.32745483023092,44.47121022693295],[-68.32745642037321,44.47120664149703],[-68.32745797293396,44.47120304413622],[-68.32745949413709,44.47119944028878],[-68.32746097894349,44.47119583082535],[-68.32746242613734,44.47119221213769],[-68.32746383567728,44.471188587826624],[-68.32746521389062,44.471184954328336],[-68.32746655446043,44.47118131430642],[-68.32746785863355,44.47117766866855],[-68.32746912645132,44.47117401381381],[-68.32747036036614,44.471170355158364],[-68.32747155410235,44.47116669176489],[-68.32747271526517,44.47116301827661],[-68.32747384000032,44.47115934187297],[-68.32747492708162,44.47115565984596],[-68.32747597777663,44.471151971302746],[-68.32747699078676,44.47114827983683],[-68.32747796869884,44.47114457916144],[-68.32747890889505,44.47114087826399],[-68.32747981525038,44.47113716816448],[-68.3274806814065,44.47113345512747],[-68.327481511135,44.47112973917511],[-68.32748230820748,44.47112602032964],[-68.32748306386492,44.471122294938375],[-68.32748378686634,44.47111856665399],[-68.32748446967894,44.47111483453184],[-68.32748511857832,44.47111109950917],[-68.32748572727854,44.471107361549],[-68.3274862995822,44.47110361797285],[-68.32748683795201,44.47109987329661],[-68.32748733608136,44.471096129283694],[-68.32748779656731,44.47109237874717],[-68.327488220605,44.47108862709579],[-68.3274886132336,44.47108487345891],[-68.32748896314872,44.47108111686969],[-68.32748927661565,44.47107735916558],[-68.32748955362406,44.47107360124679],[-68.32748979293739,44.47106984130552],[-68.32748999705977,44.47106608025673],[-68.32749015843767,44.471062318956264],[-68.32749028841684,44.47105855477009],[-68.32749038064932,44.471054793062464],[-68.32749043142556,44.47105102840994],[-68.3274904507721,44.471047263572345],[-68.32749042734318,44.47104350118369],[-68.32748948089383,44.47103964513316],[-68.3274884953684,44.47103579785532],[-68.3274874708289,44.47103195394884],[-68.32748641232476,44.47102811164293],[-68.32748531724857,44.47102427902467],[-68.32748418062334,44.4710204515634],[-68.32748301124927,44.47101662931095],[-68.3274818053756,44.47101281044465],[-68.32748056168303,44.471009000358414],[-68.32747928143917,44.47100519815945],[-68.32747796470599,44.471001398446404],[-68.32747661140081,44.470997608421],[-68.32747522031818,44.47099382357484],[-68.32747379271525,44.470990043915236],[-68.32747233106504,44.470986273057896],[-68.32747083411041,44.470982510995384],[-68.32746929936799,44.470978755012304],[-68.3274677280743,44.47097500691643],[-68.32746611899282,44.47097126489996],[-68.32746447710062,44.47096753349358],[-68.3274627986675,44.4709638090742],[-68.32746108368312,44.47096009254204],[-68.32745933462054,44.47095638751276],[-68.32745754525581,44.47095268854807],[-68.327455726883,44.47094899751504],[-68.32745386814602,44.470945317947844],[-68.32745197539289,44.47094164448223],[-68.32745005107593,44.47093798253434],[-68.32744808513766,44.47093433204486],[-68.3274460889548,44.47093068767921],[-68.32744405740554,44.47092705750966],[-68.32744198807896,44.47092343251928],[-68.32743988714718,44.47091982264741],[-68.32743774714987,44.47091622064797],[-68.32743557560946,44.47091262836577],[-68.32743337125841,44.4709090466936],[-68.3274311290163,44.470905480102935],[-68.3274288552518,44.47090192142908],[-68.32742654740912,44.4708983742581],[-68.32742420296363,44.47089483947536],[-68.32742182573853,44.470891312602035],[-68.32741941436295,44.47088780353307],[-68.32741697146497,44.470884302380874],[-68.327414490707,44.470880813609554],[-68.3274119821258,44.47087733907872],[-68.32740943569496,44.47087387602853],[-68.32740685644318,44.470870424488574],[-68.32740424433949,44.470866987159525],[-68.32740159941491,44.47086356134069],[-68.32739892162805,44.47086015063296],[-68.32739731134522,44.4708583748098],[-68.32739567198182,44.47085661321978],[-68.32739399847809,44.47085486853389],[-68.32739229336909,44.47085313896657],[-68.32739056295107,44.47085142365457],[-68.32738879589903,44.47084972343148],[-68.32738700350694,44.47084804016436],[-68.32738517823172,44.470846373808826],[-68.32738332886333,44.470844725316866],[-68.32738144537527,44.47084309192859],[-68.32737953403281,44.47084147548153],[-68.327377597309,44.470839879591274],[-68.32737562773303,44.47083829791192],[-68.32737363407423,44.47083673319595],[-68.32737161502371,44.470835189937],[-68.32736956309006,44.470833663589595],[-68.327367485775,44.470832157799],[-68.32736538437715,44.470830668971786],[-68.32736325762887,44.47082919800075],[-68.32736110295384,44.470827750272356],[-68.32735892167125,44.470826320392746],[-68.32735671756302,44.47082490748387],[-68.32735448678518,44.470823517825075],[-68.32735223314035,44.47082214873787],[-68.32734995665949,44.47082079752167],[-68.32734765225183,44.47081946954807],[-68.3273453275019,44.4708181612607],[-68.32734298235793,44.47081687716064],[-68.32734061187394,44.47081561001649],[-68.32733821597752,44.470814366129765],[-68.32733580346898,44.47081314555237],[-68.32733336683623,44.470811945539154],[-68.32733090859364,44.470810766104925],[-68.32732843118318,44.47080961356603],[-68.32732593594473,44.47080848072814],[-68.32732341532493,44.47080736844704],[-68.32732087931912,44.47080628218326],[-68.32731832544398,44.47080521922134],[-68.32731575121618,44.47080417684582],[-68.32731315656333,44.47080316135821],[-68.32731054533969,44.47080216557901],[-68.32730791746253,44.470801196709914],[-68.32730527298355,44.47080025024988],[-68.32730261062494,44.470799327991884],[-68.32729993291132,44.47079842905057],[-68.32729724232605,44.47079755614137],[-68.32729453512863,44.470796706541414],[-68.32729181130871,44.470795881150906],[-68.32728907462749,44.47079508089233],[-68.32728632129273,44.470794307543834],[-68.32728355511735,44.470793557526825],[-68.32728078111974,44.470792831771085],[-68.32727798923207,44.47079213111764],[-68.32727518571961,44.4707914574039],[-68.3272723743642,44.4707908097519],[-68.3272695451394,44.47079018540172],[-68.3272667118329,44.47078958803571],[-68.3272638618832,44.470789016679575],[-68.32726100789313,44.470788468706736],[-68.32725814099,44.470787950366834],[-68.3272552650281,44.470787454480394],[-68.32725238121292,44.47078698555589],[-68.32724949328495,44.47078654631618],[-68.32724659251635,44.470786130407916],[-68.32724328187508,44.470785714786146],[-68.32723996210265,44.4707853279193],[-68.3272366382795,44.470784965335916],[-68.32723331035389,44.47078463153714],[-68.32722997461636,44.470784321099366],[-68.32722663728036,44.470784040361174],[-68.32722329210141,44.47078378568466],[-68.32721994661225,44.47078355801448],[-68.32721659705162,44.47078335642823],[-68.32721324216237,44.470783180918474],[-68.32720988693185,44.470783035115694],[-68.3272065276609,44.47078291269613],[-68.32720316805901,44.47078281908341],[-68.32719980940408,44.47078275248438],[-68.327196449192,44.47078271198409],[-68.32719308489813,44.47078269846792],[-68.32718972404489,44.47078271378069],[-68.3271863629227,44.47078275249896],[-68.3271830014592,44.47078282092422],[-68.32717963969579,44.470782915455594],[-68.3271762813936,44.47078303701552],[-68.32717292783056,44.47078318381098],[-68.3271695739572,44.470783357612774],[-68.32716622228794,44.47078355843572],[-68.32716287657358,44.47078378810246],[-68.32715953310465,44.470784041189475],[-68.32715619432308,44.47078432401309],[-68.32715286278467,44.47078463298729],[-68.32714953094624,44.4707849680676],[-68.32714620762883,44.47078532750544],[-68.32714289152348,44.47078571579448],[-68.32713957888969,44.470786130211856],[-68.32713627097426,44.47078657166523],[-68.32713297533068,44.47078703929876],[-68.32712968189112,44.470787533953455],[-68.32712640199088,44.470788053895525],[-68.32712312935443,44.47078859818773],[-68.32711986014812,44.470789172209145],[-68.32711660447082,44.47078977241813],[-68.3271133585923,44.47079039519167],[-68.32711012245053,44.47079104593101],[-68.32710689356217,44.47079172192068],[-68.3271036807068,44.470792425012995],[-68.3271004751255,44.47079315155525],[-68.32709728181601,44.470793904277684],[-68.32709410202511,44.470794684087956],[-68.32709093202267,44.470795487362935],[-68.32708777554917,44.470796316825556],[-68.32708463009025,44.47079717246095],[-68.32708150196287,44.47079805160553],[-68.32707838487075,44.470798955122476],[-68.32707528382194,44.470799884841846],[-68.32707219884746,44.47080083806299],[-68.32706912740191,44.470801817471774],[-68.3270660707735,44.470802820374914],[-68.32706303020908,44.47080384768005],[-68.32706000568794,44.47080490118763],[-68.32705699725147,44.47080597729679],[-68.32705400993872,44.470807075136925],[-68.32705103364054,44.47080819914988],[-68.32704807844542,44.47080934669424],[-68.32704514183895,44.47081051775522],[-68.32704222256397,44.47081171232541],[-68.3270393243817,44.4708129313272],[-68.32703644102686,44.47081417292322],[-68.32703357754893,44.47081543534258],[-68.32703074019243,44.47081672222323],[-68.32702791766337,44.47081803169809],[-68.32702511501118,44.47081936199627],[-68.32702233723359,44.47082071584815],[-68.32701957551991,44.470822094102026],[-68.32701683872223,44.47082349230871],[-68.32701412557293,44.47082491136103],[-68.3270114322695,44.47082635393735],[-68.32700876387163,44.4708278173667],[-68.3270061166182,44.470829300726656],[-68.32700349300282,44.47083080583242],[-68.32700089304622,44.47083233088358],[-68.32699831422364,44.470833876765596],[-68.32699576279,44.47083544621607],[-68.32699323629302,44.47083703381893],[-68.3269907347016,44.47083864227484],[-68.3269882568,44.470840267975504],[-68.32698580377296,44.47084191722985],[-68.32698337948514,44.470843581958185],[-68.32698097882503,44.47084526933255],[-68.32697860687313,44.47084697488159],[-68.32697625860065,44.47084869857557],[-68.32697394030389,44.470850439551405],[-68.3269716494271,44.47085220139509],[-68.32696938348693,44.47085398139117],[-68.32696714877967,44.4708557786765],[-68.32696494026627,44.470857594121625],[-68.32695950617608,44.47086078148461],[-68.3269540471796,44.47086394799424],[-68.32694856453396,44.470867093657915],[-68.32694305823921,44.47087021847561],[-68.32693753079933,44.4708733233624],[-68.32693197849457,44.47087640379494],[-68.326926407528,44.470879467012004],[-68.32692081042897,44.47088250666762],[-68.32691518968083,44.470885525477264],[-68.32690954905512,44.47088852346315],[-68.32690388355417,44.47089149789502],[-68.3268981981653,44.47089445240332],[-68.32689249290921,44.47089738518767],[-68.32688676276753,44.47090029531813],[-68.32688101275866,44.47090318372466],[-68.32687523783314,44.47090605217796],[-68.32686944306113,44.47090889710688],[-68.32686363222452,44.47091171763338],[-68.32685779269973,44.47091451818443],[-68.32685193706898,44.47091729793393],[-68.32684606162276,44.470920051458336],[-68.326840166268,44.47092278685962],[-68.32683424606905,44.47092549600617],[-68.32682830850696,44.47092818434374],[-68.32682235236595,44.47093084826408],[-68.32681637507987,44.47093349225339],[-68.32681037794735,44.47093611271826],[-68.32680436096838,44.4709387096587],[-68.3267983279145,44.47094128309689],[-68.3267922699544,44.470943835681645],[-68.32678619595046,44.470946362063486],[-68.3267801058406,44.47094886764377],[-68.32677399463748,44.47095134879196],[-68.32676786483474,44.47095380732327],[-68.32676171769998,44.470956242344954],[-68.32675555072916,44.47095865294195],[-68.32674936767314,44.470961040936885],[-68.32674316855261,44.47096340452938],[-68.32673694958568,44.47096574459738],[-68.32673071457495,44.47096805846247],[-68.32672446220118,44.47097035151855],[-68.32671819123823,44.47097262105754],[-68.3267119067148,44.4709748671091],[-68.32670560237608,44.470977086935505],[-68.32669928321971,44.47097928326703],[-68.32669294671066,44.47098145788932],[-68.32668659414755,44.470983607208915],[-68.32668022932259,44.4709857294476],[-68.32667384462023,44.470987830862406],[-68.32666744387417,44.470989906074294],[-68.32666103208206,44.470991957813546],[-68.32665460298908,44.47099398334244],[-68.32664815783168,44.470995984468836],[-68.32664169659954,44.470997962092945],[-68.32663522305387,44.4709999171372],[-68.32662873850362,44.471001845107956],[-68.32662223289128,44.471003745945914],[-68.32661571619157,44.47100562691207],[-68.32660918597293,44.47100748078984],[-68.32660264095746,44.47100930937233],[-68.32659608364922,44.47101111357453],[-68.32658951407923,44.47101289069579],[-68.32658292842423,44.47101464521494],[-68.3265763317647,44.471016372660586],[-68.32656972154486,44.47101807661872],[-68.32656310031017,44.47101975440355],[-68.32655836957203,44.471020158642],[-68.3265536435727,44.47102058811591],[-68.32654892106537,44.47102104191764],[-68.326544207027,44.47102152457792],[-68.32653949645989,44.471022033366474],[-68.32653479441349,44.47102256651251],[-68.32653009455011,44.47102312848005],[-68.32652539940482,44.471023717483426],[-68.32652071657249,44.47102432906614],[-68.32651603716997,44.471024970377954],[-68.32651136628814,44.471025636047266],[-68.3265066976307,44.471026326937206],[-68.32650204249164,44.47102704491493],[-68.32649739458499,44.47102778994337],[-68.32649275518865,44.47102856022952],[-68.32648812302473,44.4710293575664],[-68.3264834993918,44.47103017836055],[-68.32647888296023,44.471031028906054],[-68.32647427884152,44.471031902030894],[-68.3264696857268,44.47103280222866],[-68.3264651023899,44.471033726791376],[-68.32646052504889,44.47103467659694],[-68.32645596122617,44.47103565349034],[-68.32645140841774,44.47103665655645],[-68.32644686410922,44.47103768578053],[-68.32644233589546,44.471038736705935],[-68.32643781489338,44.4710398164825],[-68.32643330745098,44.471040919746024],[-68.32642881479441,44.47104204920454],[-68.32642433066876,44.47104320212036],[-68.32641986131857,44.471044382131396],[-68.32641540175649,44.47104558560713],[-68.32641096075179,44.47104681530013],[-68.32640652827799,44.47104806845046],[-68.326402113094,44.47104934871079],[-68.32639771273723,44.47105065156532],[-68.32639332467255,44.471051978799565],[-68.32638894762208,44.47105333220664],[-68.32638459293159,44.471054709152554],[-68.32638024802917,44.4710561095632],[-68.32637592041654,44.47105753708389],[-68.32637160888825,44.471058987206185],[-68.32636731342365,44.47106046173048],[-68.32636303403302,44.47106195975659],[-68.3263587707164,44.47106348128449],[-68.32635452348413,44.471065025414006],[-68.3263502923155,44.47106659394553],[-68.32634608220818,44.471068189609355],[-68.32634188695909,44.47106980516675],[-68.3263377128127,44.4710714442556],[-68.32633355469889,44.471073110447115],[-68.32632941144328,44.471074796532214],[-68.3263252905476,44.47107650615616],[-68.32632118826095,44.471078237496364],[-68.32631710202756,44.471079994138805],[-68.3263130369176,44.47108177251229],[-68.32630899166351,44.471083573509645],[-68.32630496750177,44.4710853989387],[-68.3263009619698,44.47108724428356],[-68.32629697753016,44.47108911406013],[-68.32629301297747,44.471091003759916],[-68.32628906952746,44.471092916991196],[-68.32628514591262,44.47109485464681],[-68.32628124598733,44.47109680954721],[-68.32627736339316,44.47109878795691],[-68.32627350818764,44.471100789935164],[-68.32626966908713,44.47110281271462],[-68.32626585489191,44.47110485634722],[-68.32626206435519,44.47110691992529],[-68.32625829491079,44.471109007935084],[-68.32625454915595,44.471111113189714],[-68.32625082450377,44.47111324197591],[-68.32624712730237,44.47111538892939],[-68.32623823087947,44.47111997376715],[-68.32622931839133,44.471124534201984],[-68.32622038099625,44.47112907378285],[-68.32621141869419,44.47113359250977],[-68.32620243779185,44.47113808861936],[-68.32619343576448,44.47114256299702],[-68.32618441262247,44.471147014742485],[-68.32617537090088,44.471151442070195],[-68.32616630300483,44.471155849436734],[-68.32615721648779,44.47116023598633],[-68.32614810886645,44.47116459900352],[-68.32613898136698,44.471168941196396],[-68.32612983403081,44.47117325896402],[-68.3261206618084,44.47117755407725],[-68.32611147347946,44.47118182838834],[-68.32610226404627,44.471186079167026],[-68.32609303225166,44.47119030640584],[-68.32608378309328,44.47119451283514],[-68.32607450905913,44.471198695709745],[-68.32606522017561,44.47120285778962],[-68.32605591018788,44.47120699633708],[-68.32604658035315,44.47121111135952],[-68.3260372306714,44.4712152028569],[-68.32602786366739,44.47121926994384],[-68.32601847300339,44.471223317084345],[-68.32600906626396,44.47122734072206],[-68.32599963967759,44.47123134083472],[-68.32599019324418,44.47123531742233],[-68.32598072944715,44.471239273200325],[-68.32597124580316,44.47124320545326],[-68.32596174235367,44.471247110580265],[-68.32595222153014,44.47125099579791],[-68.32594268212728,44.47125485659763],[-68.32593312538148,44.47125869478735],[-68.32592354879915,44.471262508551746],[-68.32591395613112,44.47126629971351],[-68.32590434362653,44.471270066449975],[-68.32589471501556,44.47127381238422],[-68.32588506532122,44.47127753298551],[-68.32587540081916,44.47128122919114],[-68.32586571898459,44.47128490188649],[-68.32585601730315,44.471288551056716],[-68.32584629955684,44.47129217582386],[-68.32583656572487,44.47129577798836],[-68.32583076813938,44.47129853191991],[-68.32582499421203,44.471301305796906],[-68.32581924140767,44.47130410140488],[-68.32581350845878,44.471306919636646],[-68.32580779912658,44.47130976141468],[-68.3258021058886,44.47131262489405],[-68.32579643753483,44.47131551102691],[-68.32579079408603,44.471318418012835],[-68.32578517051338,44.471321345822126],[-68.32577956678584,44.471324297155455],[-68.32577398796323,44.47132726934185],[-68.32576843275724,44.47133026507456],[-68.32576289872608,44.471333278037214],[-68.3257573883012,44.47133631544637],[-68.32575189776286,44.471339372778736],[-68.32574643585954,44.47134245458732],[-68.32574099513101,44.47134555362586],[-68.32573557424757,44.47134867618845],[-68.32573018204062,44.47135181962643],[-68.3257248084526,44.471354983880374],[-68.32571946483976,44.47135816541628],[-68.32571414107196,44.471361370476224],[-68.32570884598064,44.47136459641157],[-68.32570357076548,44.471367843170334],[-68.32569832048631,44.47137110808159],[-68.32569309885254,44.47137439656886],[-68.32568789713636,44.471377702278716],[-68.32568272283949,44.47138102885658],[-68.32567757470471,44.47138437629496],[-68.3256724539996,44.471387743701136],[-68.32566735319132,44.47139113013031],[-68.32566228106992,44.47139453653469],[-68.32565723386378,44.471397962892],[-68.32565221409767,44.471401408316886],[-68.32564722050401,44.47140487370212],[-68.32564224933196,44.47140835722506],[-68.32563730810396,44.47141186073059],[-68.325632394316,44.47141538330374],[-68.3256275054433,44.471418925829816],[-68.32562264528856,44.471422485630505],[-68.3256178088126,44.47142606357626],[-68.32561300101312,44.47142966239751],[-68.32560822193163,44.47143327849331],[-68.32560346651856,44.47143691363447],[-68.32559874486259,44.47144056517971],[-68.32559404685433,44.47144423757073],[-68.32558937755367,44.47144792813652],[-68.3255847319318,44.4714516368475],[-68.3255801188306,44.47145536015469],[-68.32557553567344,44.47145910344457],[-68.32557097618472,44.4714628657798],[-68.32556644919592,44.471466644511715],[-68.32556194587556,44.47147044228898],[-68.32555747634345,44.47147425376975],[-68.32555303422026,44.471478087018774],[-68.32554862085652,44.47148193394158],[-68.32554423619001,44.47148579993949],[-68.32553988025182,44.471489682311805],[-68.32553555681359,44.471493581080814],[-68.3255312583321,44.471497496202],[-68.32552699110373,44.47150142681227],[-68.32552275758066,44.47150537832774],[-68.32551855283776,44.47150934171659],[-68.32551437555571,44.47151332237269],[-68.32551022698124,44.47151732120364],[-68.32550611092744,44.471521334630914],[-68.32550202361239,44.47152536353244],[-68.32549827169416,44.47152701678753],[-68.32549453835372,44.47152869445966],[-68.32549082612621,44.4715303947632],[-68.3254871350324,44.47153211589781],[-68.32548346755553,44.4715338605789],[-68.32547981617321,44.471535626961526],[-68.3254761846466,44.471537415968186],[-68.32547257799415,44.471539228528776],[-68.32546899498976,44.47154106193527],[-68.32546542934742,44.47154291615051],[-68.32546189109364,44.47154479393453],[-68.32545836894475,44.4715466925199],[-68.32545487544158,44.471548614681495],[-68.32545140311353,44.47155055407328],[-68.32544795439208,44.47155251791182],[-68.32544452555744,44.471554501673744],[-68.32544112539966,44.47155650631128],[-68.32543774511832,44.4715585317724],[-68.32543439351383,44.47156057810917],[-68.32543106305337,44.47156264437675],[-68.32542776000216,44.47156473241272],[-68.32542448186658,44.47156684040181],[-68.32542122741015,44.47156896653617],[-68.32541799786932,44.47157111262366],[-68.32541479699498,44.47157328048694],[-68.32541162106735,44.47157546560274],[-68.32540846753055,44.47157767155703],[-68.32540534393819,44.471579897494145],[-68.32540224905375,44.47158214160623],[-68.32539917784847,44.47158440386358],[-68.32539613536153,44.471586683395756],[-68.32539311651223,44.47158898467403],[-68.32539013142046,44.47159130235657],[-68.3253871699663,44.47159364178526],[-68.32538423727199,44.47159599488786],[-68.32538133327526,44.471598367065674],[-68.32537845670853,44.47160075921152],[-68.32537560889122,44.471603165931484],[-68.3253727910391,44.47160559083385],[-68.32537000440932,44.47160803392613],[-68.32536724275738,44.471610491570246],[-68.32536451355386,44.47161297011229],[-68.32536181184264,44.471615463221056],[-68.32535914013803,44.471617970911424],[-68.32535650091297,44.471620496799055],[-68.32535388918019,44.47162303725345],[-68.32535130992696,44.47162559590514],[-68.32534876069074,44.4716281682382],[-68.32534624269765,44.4716307569607],[-68.3253437534644,44.47163335935715],[-68.32534129795752,44.471635980858565],[-68.32533887375598,44.47163861334813],[-68.32533647827282,44.47164126311253],[-68.32533411658866,44.47164392568036],[-68.32533178993998,44.47164660285953],[-68.32532948825879,44.471649295490785],[-68.32532722413784,44.471652001848],[-68.3253249913015,44.471654720993826],[-68.32532279224345,44.47165745474353],[-68.32532062570648,44.47166020308971],[-68.32531848672402,44.4716629606014],[-68.3253163852811,44.47166573363944],[-68.32531432138806,44.47166852130368],[-68.32531228505992,44.47167131723319],[-68.32531028124251,44.47167412865937],[-68.3253083137489,44.471676952003676],[-68.3253063800751,44.471679786351025],[-68.32530447768595,44.47168263348701],[-68.32530211165295,44.47168414547671],[-68.3252997705253,44.47168567831982],[-68.32529745433415,44.47168722931571],[-68.32529516557311,44.47168880027966],[-68.32529290171745,44.47169039209698],[-68.32529066155143,44.47169200115944],[-68.32528845009351,44.47169362839695],[-68.32528626731252,44.471695276510154],[-68.32528410821084,44.47169694276871],[-68.32528198285641,44.4716986263318],[-68.32527988118125,44.47170032804027],[-68.32527780822454,44.47170204702356],[-68.32527576397592,44.47170378418194],[-68.32527374718859,44.471705538607736],[-68.325271760408,44.47170730761514],[-68.32526980483955,44.47170909571268],[-68.32526787799992,44.47171090018487],[-68.32526597989948,44.47171272013149],[-68.32526411556708,44.471714555582224],[-68.3252622787063,44.471716407400194],[-68.32526046931717,44.471718275585374],[-68.3252586937168,44.47172015747428],[-68.32525695062725,44.47172205485988],[-68.3252552400589,44.471723966841985],[-68.3252535582401,44.47172589339833],[-68.3252519089633,44.47172783275075],[-68.32525029598963,44.471729785821715],[-68.32524871175524,44.471731754367156],[-68.32524716007313,44.47173373480843],[-68.32524564215908,44.47173573075388],[-68.32524415555051,44.47173773768755],[-68.32524270149426,44.4717397565171],[-68.32524128500879,44.47174178817244],[-68.32523989731442,44.47174383080117],[-68.32523854593363,44.47174588624824],[-68.32523723088715,44.47174795271328],[-68.32523594841378,44.47175002927375],[-68.32523469850311,44.47175211682989],[-68.32523348239161,44.471754217189556],[-68.3252323026767,44.47175632316589],[-68.32523115925463,44.47175844376102],[-68.32523004845753,44.47176056995056],[-68.32522897526232,44.47176270626525],[-68.3252279371339,44.47176485449069],[-68.32522693288767,44.47176700831793],[-68.32522596625374,44.47176917137011],[-68.32522503472808,44.471771342732204],[-68.32522413707424,44.471773520596315],[-68.32522327954712,44.47177570770024],[-68.32522245589182,44.471777901306204],[-68.32522166737593,44.471780100521414],[-68.32522091648276,44.471782308061385],[-68.32522020325374,44.47178452032524],[-68.32521952514342,44.47178673999876],[-68.32521888596487,44.47178896350339],[-68.32521827814378,44.471791193495186],[-68.32521771052204,44.47179342642532],[-68.32521718052301,44.47179566768021],[-68.32521668822969,44.47179791005815],[-68.32521623233303,44.47180015805275],[-68.32521581285377,44.47180240986362],[-68.32521542981263,44.471804663690314],[-68.32521508444613,44.47180692134068],[-68.32521477927902,44.47180918192935],[-68.3252145080149,44.47181144631946],[-68.32521427699169,44.471813710047016],[-68.32521407861427,44.47181597756856],[-68.32521392043627,44.47181824802842],[-68.32521380001589,44.47182051511026],[-68.32521371727016,44.47182278601578],[-68.32521367475496,44.471825057158966],[-68.32521366492708,44.4718273284953],[-68.32521369532978,44.471829600069285],[-68.3252137634486,44.471831871866115],[-68.32521386931471,44.47183414118515],[-68.32521401038257,44.471836410712136],[-68.32521418920805,44.471838676861104],[-68.32521440573937,44.47184094413311],[-68.32521466254273,44.471843208041946],[-68.32521495206458,44.47184546944325],[-68.32521528185852,44.471847727481396],[-68.32521564938936,44.47184998394193],[-68.32521605342069,44.471852237017025],[-68.32521649519934,44.4718544876143],[-68.32521697350961,44.47185673212545],[-68.32521748834108,44.47185897145074],[-68.32521804088877,44.471861210998846],[-68.3252186299992,44.47186344176021],[-68.32521925564123,44.47186566643549],[-68.32521991902024,44.47186788953312],[-68.32522061394357,44.471870102914124],[-68.32522135164302,44.47187231384701],[-68.32522212463766,44.47187451688593],[-68.32522293164955,44.47187671382389],[-68.3252237789958,44.47187890199741],[-68.32522466034891,44.471881084970164],[-68.32522557701799,44.47188325824852],[-68.3252268978996,44.47188570489779],[-68.32522825911563,44.471888142782575],[-68.32522964938238,44.47189056913541],[-68.32523107621198,44.47189298670146],[-68.32523253966662,44.47189539007952],[-68.32523403336695,44.471897787334264],[-68.32523556243515,44.47190017039355],[-68.3252371293545,44.47190254197285],[-68.3252387252831,44.471904905621045],[-68.32524035784712,44.47190725418098],[-68.32524202324389,44.47190959033098],[-68.325243717681,44.47191191584924],[-68.32524544996933,44.47191422988752],[-68.32524721385388,44.471916529708004],[-68.32524901182839,44.47191881712603],[-68.32525083762756,44.47192109030399],[-68.32525270130905,44.47192334930133],[-68.32525459278406,44.47192559675924],[-68.32525651836974,44.47192783001427],[-68.32525847681934,44.47193004815869],[-68.32526046686519,44.47193225208534],[-68.32526248726049,44.47193444088657],[-68.32526453551156,44.47193661274711],[-68.3252666178319,44.47193877400555],[-68.32526873180034,44.47194091654518],[-68.32527087610791,44.471943044859565],[-68.32527304824013,44.47194515893389],[-68.32527525326735,44.471947255196994],[-68.32527748363593,44.47194933450453],[-68.32527974685803,44.47195139960172],[-68.32528203794631,44.47195344685795],[-68.32528435941518,44.47195547628813],[-68.32528670873984,44.471957488777576],[-68.32528908715676,44.47195948613415],[-68.3252914947178,44.47196146385678],[-68.32529393140221,44.4719634237459],[-68.32529639217084,44.471965366672],[-68.32529888332004,44.47196729177204],[-68.32530140233543,44.47196919903113],[-68.32530394546608,44.471971086626546],[-68.32530651772012,44.47197295638846],[-68.32530911535704,44.47197480559393],[-68.32531173833537,44.47197663784379],[-68.32531438921097,44.47197844955206],[-68.32531706546945,44.47198024070389],[-68.32531976582248,44.47198201399248],[-68.32532249154802,44.4719837676248],[-68.32532524642805,44.47198550072299],[-68.32532802166212,44.471987213234975],[-68.32533082227906,44.471988905190535],[-68.32533364701129,44.471990577482394],[-68.32533649210794,44.47199222828788],[-68.32533936257708,44.471993859437134],[-68.32534225846021,44.47199546732924],[-68.32534517469736,44.471997054635196],[-68.3253481150602,44.47199862137726],[-68.32535107703423,44.472000167540564],[-68.32535405939342,44.47200169041705],[-68.3253570671666,44.47200319003645],[-68.32536009025459,44.47200466994012],[-68.32536313999304,44.47200612839457],[-68.3253662088905,44.472007560854074],[-68.32536929561721,44.47200897361281],[-68.32537240145108,44.47201036487766],[-68.32537553398726,44.472011730192214],[-68.3253786780666,44.4720130757688],[-68.3253818476014,44.47201439448739],[-68.32538502868974,44.4720156925678],[-68.32538823519205,44.472016967391085],[-68.3253914545362,44.47201821888295],[-68.32539469429659,44.47201944438734],[-68.32539795189658,44.4720206492907],[-68.32540122489428,44.472021827276635],[-68.32540451449512,44.47202298285368],[-68.3254078207198,44.47202411422137],[-68.32541113978631,44.47202522225767],[-68.32541448052628,44.4720263043139],[-68.32541783285083,44.472027363031295],[-68.32542120181999,44.47202839573894],[-68.32542458364135,44.47202940421492],[-68.32542797829413,44.47203039025973],[-68.32543138960187,44.472031349394555],[-68.32543481252534,44.47203228248988],[-68.32543825332982,44.47203319138329],[-68.32544170193692,44.47203407781581],[-68.32544516345843,44.472034934615415],[-68.32544863782172,44.4720357680836],[-68.32545212376962,44.47203657821293],[-68.3254556226319,44.47203735870936],[-68.32545913056434,44.472038115852094],[-68.32546265136969,44.47203884696275],[-68.32546617998798,44.4720395547123],[-68.32546971649181,44.47204023279924],[-68.32547326709464,44.47204088756215],[-68.3254768242843,44.47204151625588],[-68.32548039184276,44.47204211800249],[-68.32548396727638,44.472042690986704],[-68.32548755052294,44.47204324060978],[-68.32549284417325,44.47204407581797],[-68.32549815073799,44.47204488139309],[-68.32550346137519,44.472045660884035],[-68.3255087798565,44.47204641431307],[-68.32551410740801,44.47204714438828],[-68.32551944033067,44.4720478447859],[-68.32552478106628,44.47204852182221],[-68.32553012967705,44.472049170096],[-68.3255354785679,44.472049794063736],[-68.32554083656,44.472050391977],[-68.32554620242728,44.47205096112772],[-68.32555156983177,44.472051505979834],[-68.32555694508034,44.47205202477002],[-68.32556232443238,44.47205251477536],[-68.32556770783609,44.47205298049698],[-68.32557309660048,44.47205341744119],[-68.32557848940615,44.47205383100186],[-68.32558388632566,44.47205421487747],[-68.3255892835148,44.472054575347244],[-68.3255946860646,44.47205490703962],[-68.3256000914088,44.472055214440815],[-68.32560550211367,44.47205549306461],[-68.32561091312958,44.47205574468174],[-68.32561632443586,44.47205597109259],[-68.32562174109235,44.472056169626285],[-68.32562715678198,44.47205634294626],[-68.32563257655427,44.47205648928186],[-68.32563799788443,44.472056609518425],[-68.32564341826838,44.47205670274089],[-68.32564884021023,44.472056769864295],[-68.32565426122662,44.47205680817318],[-68.32565968378007,44.47205682218347],[-68.32566510917972,44.47205680740147],[-68.32567053233447,44.47205676919884],[-68.32567595080242,44.47205670125917],[-68.32568137459985,44.47205660724274],[-68.3256867936794,44.472056486189935],[-68.32569221304918,44.472056339930894],[-68.32569762896864,44.47205616574267],[-68.3257030451783,44.47205596634823],[-68.32570845792728,44.47205573992482],[-68.3257138697196,44.47205548738755],[-68.32571927930844,44.47205520782874],[-68.32572468416899,44.472054902133785],[-68.32573008558953,44.47205456760946],[-68.32573548728989,44.4720542087791],[-68.32574088047993,44.47205382469054],[-68.32574627527954,44.472053410001884],[-68.32575166153771,44.47205297275565],[-68.32575704311937,44.4720525048722],[-68.32576242621731,44.472052014490565],[-68.32576779708508,44.472051494327424],[-68.32577316821187,44.47205095165865],[-68.32577853085941,44.47205038103106],[-68.32578389006687,44.47204978157409],[-68.32578924199008,44.47204915956699],[-68.32579458920564,44.47204850962333],[-68.32579992916801,44.47204783442887],[-68.32580526067181,44.4720471294752],[-68.3258105886837,44.47204640019321],[-68.32581590441353,44.47204564563078],[-68.32582121665148,44.47204486674005],[-68.32582652167761,44.47204405899769],[-68.3258318182141,44.47204322419672],[-68.32583710620901,44.4720423668382],[-68.32584238697147,44.47204148242848],[-68.32584765924416,44.472040570960175],[-68.32585292049201,44.47203963421886],[-68.32585817325014,44.472038670418904],[-68.32586341748743,44.472037682261],[-68.32586865069983,44.472036668830064],[-68.32587387542245,44.47203562834053],[-68.3258790929022,44.47203456170004],[-68.32588429430746,44.472033471557275],[-68.3258894909842,44.47203235527839],[-68.32589467288513,44.4720312119038],[-68.32589984499762,44.472030045063995],[-68.32590500233428,44.472028851128556],[-68.32591015238651,44.472027634642984],[-68.32591528892013,44.47202639106917],[-68.32592041443915,44.47202512132208],[-68.32592552765526,44.47202382809505],[-68.3259306285996,44.47202250868735],[-68.32593571347972,44.472021164877205],[-68.32594079110655,44.47201979581633],[-68.32594585266916,44.472018402352965],[-68.32595089694146,44.47201698177909],[-68.32595593392934,44.47201553865513],[-68.32596451301013,44.472013960687036],[-68.32597308484772,44.472012356567554],[-68.32598164942137,44.47201072809717],[-68.32599020426842,44.472009070759896],[-68.32599874806951,44.47200738994966],[-68.32600728086607,44.47200568206559],[-68.32601580390494,44.47200394801532],[-68.3260243158978,44.47200219049207],[-68.32603282067844,44.472000404116834],[-68.32604131316621,44.471998593360986],[-68.32604979212466,44.47199675641667],[-68.32605826506588,44.4719948960291],[-68.3260667245088,44.471993006752434],[-68.32607517291602,44.47199109310257],[-68.32608360901997,44.47198915597238],[-68.32609203288278,44.471987189960494],[-68.32610044570988,44.471985199575435],[-68.32610884999495,44.47198318663251],[-68.32611723827758,44.47198114388545],[-68.32612561422584,44.47197908035867],[-68.32613398171488,44.47197698707227],[-68.32614233437582,44.4719748711909],[-68.32615067477484,44.47197272822832],[-68.32615900287048,44.4719705617854],[-68.32616731493258,44.47196836823898],[-68.32617561848362,44.471966149434095],[-68.32618390722726,44.47196390623379],[-68.32619218241028,44.47196163954571],[-68.32620044280655,44.47195934666183],[-68.32620869094083,44.47195702669677],[-68.32621692676135,44.471954684151584],[-68.32622514651716,44.471952317203595],[-68.32623335022897,44.471949924052396],[-68.32624154163734,44.47194750742086],[-68.32624972077333,44.47194506460834],[-68.3262578851018,44.4719425974005],[-68.32626603212903,44.471940103982014],[-68.32627416685276,44.4719375870832],[-68.32628228675861,44.47193504668927],[-68.3262903893632,44.4719324800847],[-68.32629847711878,44.47192989268566],[-68.32630655264337,44.47192727550481],[-68.32631460702254,44.47192463839261],[-68.3263226491396,44.471921974199255],[-68.3263306764387,44.47191928651078],[-68.32633868644686,44.47191657171149],[-68.32634668159564,44.47191383701796],[-68.32635465567145,44.47191107609158],[-68.32636261745405,44.471908290784704],[-68.32637056440831,44.471905482882946],[-68.3263784902689,44.471902650548785],[-68.32638640385694,44.471899792033724],[-68.32639429756706,44.47189691269452],[-68.32640217523304,44.47189400715219],[-68.32641003682379,44.47189107810733],[-68.32641787857801,44.47188812463752],[-68.32642570298944,44.47188514855803],[-68.32643351255174,44.471882151684085],[-68.32644130105137,44.47187912767714],[-68.32644907347576,44.4718760801677],[-68.32645682604287,44.47187301003373],[-68.32646456254504,44.471869915497095],[-68.32647227794313,44.471866797428326],[-68.3264799785231,44.47186365586448],[-68.32648765796789,44.471860493469165],[-68.32649531759681,44.4718573048485],[-68.32650296111935,44.47185409542599],[-68.32651058353775,44.471850862471385],[-68.32651819113802,44.471847606021704],[-68.32652577386251,44.47184432601771],[-68.32653334051169,44.47184102251126],[-68.32654088602563,44.47183769817337],[-68.32654841294978,44.47183435031819],[-68.32655591878012,44.47183097803071],[-68.32656340475314,44.471827583118774],[-68.3265708695909,44.471824167375374],[-68.32658267804595,44.47181870210753],[-68.32659446287073,44.471813214192245],[-68.3266062303409,44.4718077045668],[-68.32661797796273,44.47180217141594],[-68.32662970189213,44.471796621018974],[-68.32664140977582,44.47179104441822],[-68.32665309649187,44.47178544968597],[-68.3266647633699,44.47177983052812],[-68.32667641035813,44.471774191445775],[-68.32668803619937,44.471768532431504],[-68.32669964217153,44.47176285169231],[-68.32671122829528,44.471757147427766],[-68.32672279327201,44.47175142323135],[-68.32673433963686,44.47174567731741],[-68.32674586485464,44.4717399114716],[-68.32675736519522,44.47173412207081],[-68.32676884565628,44.47172831184537],[-68.32678031000951,44.47172248081746],[-68.32679175070123,44.47171662984291],[-68.32680317026661,44.47171075713605],[-68.32681456491333,44.471704864475136],[-68.32682594470936,44.47169895101919],[-68.32683729963843,44.47169301310814],[-68.32684863463624,44.471687058873506],[-68.32685994476708,44.47168108018377],[-68.32687123875897,44.471675083392284],[-68.32688250912038,44.47166906395353],[-68.32689375457345,44.471663023660504],[-68.32690497885872,44.47165696523614],[-68.32691618455267,44.47165088329394],[-68.32692736910984,44.47164478051974],[-68.32693852871726,44.47163866049218],[-68.32694966973334,44.47163251694681],[-68.32696078459418,44.47162635163962],[-68.32697187575208,44.471620169986714],[-68.32698295206956,44.47161396663866],[-68.32699399848086,44.47160773970614],[-68.32700502874279,44.47160149557216],[-68.32701603032469,44.471595230561796]]]},"properties":{"OBJECTID":"317","EGAD_SEQ":"","MAP_REFERENCE":"","FEATURE_NA":"LANDFILL","POLYGON_TY":"LF WASTE AREA","EGAD_SITE_SEQ":"29,762","SITE_DESCR":"LANDFILL MUNICIPAL","LOCATION_A":"WITHIN 3M","LOCATION_M":"DIGITIZED","DATA_SOURC":"MDEP TECH SERVICES","GlobalID":"{3EABD397-804F-4BD1-9C0E-A14A555D969F}","Shape_Length":"488.88","Shape_Area":"13,641.46"},"id":317},{"type":"Feature","geometry":{"type":"Polygon","coordinates":[[[-68.14096740072247,47.26613184598329],[-68.14087537336023,47.26617518982693],[-68.14078694168357,47.2662315119896],[-68.14077498193383,47.26626509531246],[-68.14080107226857,47.266298963947555],[-68.14098862912566,47.266466144491304],[-68.14133431469727,47.26673811941769],[-68.1414734169779,47.26684276954227],[-68.14154165450337,47.266858821955545],[-68.1416107268603,47.266823077562265],[-68.14193677381606,47.266662334959655],[-68.14211748329497,47.26654712694906],[-68.14214114880441,47.266495500201565],[-68.14205113190813,47.26641452972444],[-68.14172045432275,47.266155620792325],[-68.14159962263803,47.2660977304587],[-68.1415501185942,47.266099949347726],[-68.14148894973277,47.26611762289848],[-68.14142338778713,47.26617152624833],[-68.14131998904162,47.26621219549835],[-68.14126329428463,47.26618845841561],[-68.14115061712472,47.2660969557173],[-68.14106691171061,47.26609632830132],[-68.14096740072247,47.26613184598329]]]},"properties":{"OBJECTID":"318","EGAD_SEQ":"","MAP_REFERENCE":"","FEATURE_NA":"WASTE AREA","POLYGON_TY":"LF WASTE AREA","EGAD_SITE_SEQ":"31,750","SITE_DESCR":"LANDFILL MUNICIPAL","LOCATION_A":"WITHIN 1M","LOCATION_M":"DIGITIZED","DATA_SOURC":"MDEP GIS UNIT","GlobalID":"{A2769518-09B0-4A10-AE7C-8EE8B9A42528}","Shape_Length":"291.29","Shape_Area":"5,076.27"},"id":318},{"type":"Feature","geometry":{"type":"Polygon","coordinates":[[[-69.71690405556946,44.32456348134625],[-69.71698427687188,44.32449019232753],[-69.71737668549675,44.32341050740247],[-69.71739441905777,44.32320174561629],[-69.7171027283069,44.323116233917986],[-69.71640962232973,44.32294508265934],[-69.71576219045467,44.32293540117954],[-69.71544582703066,44.32304413515195],[-69.7152390160216,44.323268637682204],[-69.71522304342196,44.32362296001932],[-69.71532161756411,44.323947449400166],[-69.71538462993713,44.324126591313245],[-69.71557647296194,44.324338892613575],[-69.71583443271234,44.32442947129354],[-69.7162681509453,44.32454149624375],[-69.71690405556946,44.32456348134625]]]},"properties":{"OBJECTID":"319","EGAD_SEQ":"","MAP_REFERENCE":"","FEATURE_NA":"SLUDGE LANDFILL","POLYGON_TY":"LF WASTE AREA","EGAD_SITE_SEQ":"94,974","SITE_DESCR":"LANDFILL MUNICIPAL","LOCATION_A":"WITHIN 3M","LOCATION_M":"DIGITIZED","DATA_SOURC":"MDEP GIS UNIT","GlobalID":"{5AC23515-1C57-45ED-BA9C-D512F6AF3000}","Shape_Length":"585.93","Shape_Area":"24,831.73"},"id":319},{"type":"Feature","geometry":{"type":"Polygon","coordinates":[[[-68.95912069926943,44.4548588781285],[-68.95923523252688,44.45490121057275],[-68.95939395146328,44.4549534760925],[-68.95968132490073,44.45502617099397],[-68.95978263310018,44.45505069249875],[-68.95999605541591,44.45515157259357],[-68.96010972441158,44.455196772145335],[-68.96021552071409,44.45523371148205],[-68.960368979888,44.45529526739293],[-68.96047267028443,44.455324187874616],[-68.96054978458841,44.455369146561516],[-68.96063184859005,44.45541634859683],[-68.96073787292679,44.45547984755987],[-68.96085028034983,44.455518735882535],[-68.96095096144278,44.455484746097866],[-68.96102658920562,44.45542599270562],[-68.96107112892058,44.455365385801066],[-68.96108423669607,44.455332581396725],[-68.96108341435506,44.45525165142787],[-68.96104708414008,44.455171815798046],[-68.96097790480151,44.455022941836994],[-68.96093206377671,44.454959935437195],[-68.96091402325725,44.45493513737857],[-68.96084784210396,44.45485617463681],[-68.96080386740044,44.454814564858125],[-68.96076065169167,44.45478834739594],[-68.96071741811683,44.45479071557548],[-68.96063699668682,44.454782482746616],[-68.96061436653513,44.45472517487734],[-68.96058495693953,44.45464677562388],[-68.96059783762719,44.454579869516984],[-68.96060622416506,44.45447089361072],[-68.96062290328264,44.454398247728115],[-68.96061793607186,44.454362517533966],[-68.96059137129753,44.45430057726288],[-68.96058973139237,44.45427199103034],[-68.96059806304547,44.45424460290816],[-68.96062137517275,44.45419577889951],[-68.9606763141188,44.454095755191496],[-68.96065140795612,44.454042150288124],[-68.96062316976634,44.45400164869568],[-68.96018752832681,44.453983632550134],[-68.9601692827564,44.453919312036625],[-68.96018958268706,44.45389212977769],[-68.96067456428824,44.45370646571198],[-68.96080644553675,44.45365472156828],[-68.96084900100654,44.4536181776176],[-68.96087879684991,44.45358467762755],[-68.9609128549105,44.45353594636117],[-68.96091993539657,44.45351654236159],[-68.96093841792515,44.45346588906247],[-68.96092569088248,44.453420183827255],[-68.96082794193906,44.45330743356765],[-68.96078655426444,44.453274584376764],[-68.96070891324646,44.45321295517806],[-68.96067143853757,44.45318178901275],[-68.96060264707624,44.453124575957084],[-68.96041984334796,44.45299656234712],[-68.960343317233,44.452950841221295],[-68.96028803961813,44.452935589288884],[-68.96025619549306,44.452938767904016],[-68.96016892522118,44.45297515291082],[-68.96008114452826,44.4529967991974],[-68.95998176438667,44.45300859679758],[-68.95993174316709,44.45299878692302],[-68.95985066035155,44.45296716764675],[-68.95974361508291,44.452978052162855],[-68.95967554791685,44.45300240052005],[-68.95961598017468,44.45303893802437],[-68.95958190241777,44.4531150842108],[-68.95956483324399,44.45319428565446],[-68.95957225709014,44.453319077812246],[-68.95943119293761,44.45340668350373],[-68.95934072193158,44.45343142522523],[-68.9592130133691,44.45343900056183],[-68.95902991521798,44.45348517068597],[-68.95900866121598,44.45364667948096],[-68.95897596324663,44.45382575130848],[-68.95897056389646,44.45394199163382],[-68.95897318349239,44.453999160310296],[-68.95901561263878,44.45419735942103],[-68.95902620311564,44.45426786949079],[-68.9589968570317,44.45438410031587],[-68.95897015697834,44.45452319827331],[-68.95893814856935,44.454637524031305],[-68.9589540822065,44.45467754536735],[-68.95900211343653,44.4547578396107],[-68.95903061529886,44.454806652170056],[-68.95912069926943,44.4548588781285]]]},"properties":{"OBJECTID":"320","EGAD_SEQ":"","MAP_REFERENCE":"","FEATURE_NA":"WASTE AREA","POLYGON_TY":"LF WASTE AREA","EGAD_SITE_SEQ":"29,212","SITE_DESCR":"LANDFILL MUNICIPAL","LOCATION_A":"WITHIN 5M","LOCATION_M":"CAD","DATA_SOURC":"WOODARD AND CURRAN","GlobalID":"{F660F305-D811-4A72-9414-AF6501004FB1}","Shape_Length":"854.96","Shape_Area":"30,428.08"},"id":320},{"type":"Feature","geometry":{"type":"Polygon","coordinates":[[[-70.4056272889061,44.52988338401922],[-70.40537788921208,44.529796267187606],[-70.40497326689915,44.52990877713877],[-70.40458402093157,44.530055782734046],[-70.40443699247571,44.53019287083752],[-70.40437838939624,44.53037743324974],[-70.40455289492975,44.530576473113236],[-70.40481140994905,44.53063919772277],[-70.40511648518279,44.530621569396395],[-70.40535804022589,44.53058390974629],[-70.40544371376211,44.530516950733585],[-70.40552228965362,44.53035642202477],[-70.40556283160443,44.530227580711326],[-70.4056078899394,44.5300848089444],[-70.40563405652172,44.52996308196915],[-70.4056272889061,44.52988338401922]]]},"properties":{"OBJECTID":"321","EGAD_SEQ":"","MAP_REFERENCE":"","FEATURE_NA":"EST WASTE BOUNDARY","POLYGON_TY":"LF WASTE AREA","EGAD_SITE_SEQ":"27,161","SITE_DESCR":"LANDFILL MUNICIPAL","LOCATION_A":"WITHIN 3M","LOCATION_M":"DIGITIZED","DATA_SOURC":"MDEP GIS UNIT","GlobalID":"{FEA1F248-67A4-49EF-A008-50176BEE93D1}","Shape_Length":"305.99","Shape_Area":"6,632.88"},"id":321},{"type":"Feature","geometry":{"type":"Polygon","coordinates":[[[-68.73113298486344,44.478298264097674],[-68.73114062033152,44.47822261123424],[-68.73110838386074,44.478099897149356],[-68.7310218172467,44.47790399417928],[-68.73089468167154,44.47781236898378],[-68.73077096249196,44.477770328060906],[-68.73050881673147,44.47771491369103],[-68.73036667272487,44.47771718722329],[-68.73026453313871,44.477737820744906],[-68.73022416803151,44.47779773956794],[-68.73018688292215,44.47798030475644],[-68.73014253685241,44.478113275084986],[-68.73022202798806,44.47826219464223],[-68.7303487428753,44.47844514620725],[-68.73052306396248,44.47857863359773],[-68.73066488597097,44.478646810148405],[-68.7308512345189,44.47854287600975],[-68.73100112408451,44.4784414665042],[-68.73113631732514,44.478366113984244],[-68.73113298486344,44.478298264097674]]]},"properties":{"OBJECTID":"322","EGAD_SEQ":"","MAP_REFERENCE":"","FEATURE_NA":"EST WASTE AREA","POLYGON_TY":"LF WASTE AREA","EGAD_SITE_SEQ":"29,764","SITE_DESCR":"LANDFILL MUNICIPAL","LOCATION_A":"WITHIN 1M","LOCATION_M":"DIGITIZED","DATA_SOURC":"MDEP GIS UNIT","GlobalID":"{68D746AB-33B6-4E97-81C9-F7AB0795A92E}","Shape_Length":"285.54","Shape_Area":"5,843.89"},"id":322},{"type":"Feature","geometry":{"type":"Polygon","coordinates":[[[-69.55779885653612,44.083602705315705],[-69.55762290582315,44.08364806245875],[-69.55748708402042,44.08374089994169],[-69.55738776049031,44.083963874798236],[-69.55721443254785,44.084288920619905],[-69.55722921209639,44.084454126883],[-69.55735827586093,44.084580633815996],[-69.55765489419495,44.08470632467814],[-69.55797722209293,44.08475242642644],[-69.55827696747953,44.084741427547755],[-69.55846138256793,44.08465788708346],[-69.55856076175046,44.084441267423905],[-69.5587414060794,44.08395726270955],[-69.55858987618043,44.08378636804205],[-69.55820036707514,44.083629350695986],[-69.55779885653612,44.083602705315705]]]},"properties":{"OBJECTID":"323","EGAD_SEQ":"","MAP_REFERENCE":"","FEATURE_NA":"MUNICIPAL LANDFILL","POLYGON_TY":"LF WASTE AREA","EGAD_SITE_SEQ":"29,398","SITE_DESCR":"LANDFILL MUNICIPAL","LOCATION_A":"WITHIN 3M","LOCATION_M":"DIGITIZED","DATA_SOURC":"MDEP TECH SERVICES","GlobalID":"{84087053-6A75-4AB1-A624-EDDA031CFAD0}","Shape_Length":"397.34","Shape_Area":"11,821.16"},"id":323},{"type":"Feature","geometry":{"type":"Polygon","coordinates":[[[-69.26862707411706,45.021107768989786],[-69.26856083706969,45.021140688968146],[-69.26852269382279,45.021170652347585],[-69.26847660724711,45.021201371643095],[-69.26843738900776,45.02122593548368],[-69.26838820797317,45.021265637806145],[-69.26834296824133,45.02129698518971],[-69.26829839145807,45.02132679707481],[-69.26824455997833,45.02135406243966],[-69.26820048286807,45.021384621170114],[-69.26816866011707,45.02141239202839],[-69.26813038120316,45.02143023184218],[-69.26810781990908,45.021460114387835],[-69.26806076224375,45.02150450877139],[-69.26803771491912,45.02154394705449],[-69.26803828924245,45.02159331479653],[-69.26805954796329,45.02163977948923],[-69.26809248577648,45.0216814601609],[-69.26817394498701,45.02172471385088],[-69.26822309775879,45.02176392679614],[-69.26829306195172,45.02179697224368],[-69.26835388907017,45.02182981677171],[-69.26842645589798,45.02185753050103],[-69.26848777357387,45.02189536535459],[-69.26856134761982,45.021918035569385],[-69.26861991936244,45.02195247499314],[-69.26868964522251,45.02197951469365],[-69.2687505338353,45.022018359527046],[-69.2688140443855,45.02205954494996],[-69.2688777571814,45.02210297223281],[-69.26894655053697,45.02214033734277],[-69.26901150944241,45.022181486837354],[-69.2690670299149,45.02222585420427],[-69.26912811540502,45.02226488921099],[-69.26919095195095,45.022300809003035],[-69.26926083421971,45.02232315889827],[-69.26933522694885,45.022342126904476],[-69.26941298849025,45.022358948065225],[-69.26948450303638,45.02237828373967],[-69.26956499342916,45.02239073423977],[-69.26964963095101,45.022395957173465],[-69.2697337691432,45.02240728720788],[-69.2698112164948,45.02242392069977],[-69.26989467634186,45.02243295763566],[-69.2699786241731,45.022445082806634],[-69.27006373856062,45.02244614903223],[-69.27014643906253,45.022433242764684],[-69.27022277409083,45.022409549227156],[-69.27029064692178,45.02237753181163],[-69.27036472106755,45.02235083869787],[-69.27043462364641,45.02232670655076],[-69.27050733752078,45.02230794273239],[-69.27058769140918,45.02228896362486],[-69.27066789547256,45.022267291449296],[-69.27075143945689,45.02225892149882],[-69.27083847738552,45.022249936473756],[-69.27091920608467,45.022238612354265],[-69.27099505615918,45.02222013424702],[-69.27108265349142,45.02221405441976],[-69.2711707981224,45.022197811888475],[-69.27124674532128,45.02216740587437],[-69.27131539588419,45.02213845474682],[-69.27138352591133,45.02210599767702],[-69.2714416726186,45.02205949253492],[-69.27146786242356,45.02202099039738],[-69.27151621192395,45.02197834601182],[-69.27155723419685,45.02193094532409],[-69.27158129416013,45.02187797407865],[-69.2715858963273,45.0218266514383],[-69.27159228434365,45.02177854902886],[-69.27158888149215,45.02173238640588],[-69.27160911081062,45.02167863479615],[-69.27160269893544,45.02162289591219],[-69.27157892926039,45.02156676081341],[-69.27156702618409,45.021510667707005],[-69.27156433713951,45.02145305387394],[-69.2715642576793,45.02139409255267],[-69.27156742887765,45.02133326911076],[-69.27157629250969,45.021272406026306],[-69.27158974553814,45.02121256994504],[-69.27159869754891,45.02115188488489],[-69.27157342995555,45.0210929807589],[-69.27154600432372,45.02104071345421],[-69.2715170419258,45.02099064715873],[-69.27147003367288,45.02094655690203],[-69.27142090084318,45.02090597521272],[-69.27136122779206,45.02087228699331],[-69.27129446121737,45.02084617538547],[-69.27124485741768,45.02081171512736],[-69.27118725759495,45.02078697247733],[-69.27111440235376,45.02075327492104],[-69.27104703067015,45.02072610238074],[-69.2709795862612,45.02070098870675],[-69.27091132610443,45.02067405854489],[-69.27083597757736,45.02066226833755],[-69.27076380982676,45.02064994302824],[-69.2706954264351,45.020628071194615],[-69.2706345242407,45.02060139618388],[-69.2705632000376,45.020579237778],[-69.2704881650406,45.020563098682395],[-69.27040785583567,45.02054603492816],[-69.2703259177141,45.02054099700536],[-69.27023837336874,45.02054108716709],[-69.27015656382278,45.02055177963199],[-69.27009175204105,45.020579497634735],[-69.27001658676006,45.02060069030052],[-69.26995181437881,45.02062898605224],[-69.26987942074135,45.02064579805478],[-69.26981389938909,45.020658150439694],[-69.2697449269211,45.02068023208575],[-69.26966939010663,45.02069560747488],[-69.26959970082747,45.02071209784781],[-69.26953023022072,45.02073300219174],[-69.26945545891975,45.02073057888459],[-69.2693757035471,45.020729563478575],[-69.26930369298739,45.020727436023925],[-69.26922775614202,45.02073061629568],[-69.2691760066579,45.020751800914624],[-69.26912848552853,45.020773910842756],[-69.26908439693396,45.02079559047459],[-69.2690460774365,45.020815727976625],[-69.26900421672765,45.02083614116327],[-69.26897635047689,45.02087032308177],[-69.26893952145541,45.02091116409773],[-69.26889012294467,45.02094576127554],[-69.26884523324205,45.02098127501309],[-69.26881534027339,45.021006601096836],[-69.26877154737295,45.02103864379312],[-69.26873619044638,45.02105723939495],[-69.26870362477695,45.02108265905664],[-69.26862707411706,45.021107768989786]]]},"properties":{"OBJECTID":"324","EGAD_SEQ":"","MAP_REFERENCE":"","FEATURE_NA":"DEXTER LANDFILL","POLYGON_TY":"LF WASTE AREA","EGAD_SITE_SEQ":"27,483","SITE_DESCR":"LANDFILL MUNICIPAL","LOCATION_A":"WITHIN 1M","LOCATION_M":"GPS MAPPING GRADE","DATA_SOURC":"MDEP TECH SERVICES","GlobalID":"{F53A6D62-2F81-49A9-BE8B-CF5C00DAE588}","Shape_Length":"773.14","Shape_Area":"42,054.71"},"id":324},{"type":"Feature","geometry":{"type":"Polygon","coordinates":[[[-69.71247448613603,44.32359373514469],[-69.71226107237455,44.32422998787921],[-69.71312899340526,44.324385948208885],[-69.71327119932417,44.32395648868807],[-69.71287594911149,44.32387959038197],[-69.7129417338016,44.323682090126226],[-69.71247448613603,44.32359373514469]]]},"properties":{"OBJECTID":"325","EGAD_SEQ":"","MAP_REFERENCE":"","FEATURE_NA":"PRIMARY SLUDGE DISPOSAL AREA","POLYGON_TY":"LF WASTE AREA","EGAD_SITE_SEQ":"94,974","SITE_DESCR":"LANDFILL MUNICIPAL","LOCATION_A":"WITHIN 3M","LOCATION_M":"DIGITIZED","DATA_SOURC":"MDEP TECH SERVICES","GlobalID":"{5CEAC1D9-9D41-456E-A6D1-92368216CACB}","Shape_Length":"286.81","Shape_Area":"4,407.53"},"id":325},{"type":"Feature","geometry":{"type":"Polygon","coordinates":[[[-70.61682871778656,43.66631645802569],[-70.61673193614975,43.666340767274434],[-70.61667251981658,43.66638366397376],[-70.61661898464402,43.66644941659841],[-70.61656261069108,43.66650756236943],[-70.61652596214115,43.66651572775508],[-70.61646046156599,43.66652812337106],[-70.61636161012531,43.66657348921145],[-70.61625718633947,43.66660746374924],[-70.61618095029301,43.666612364949955],[-70.61605881857355,43.66667335282331],[-70.61598355546043,43.66671456173021],[-70.6159538644858,43.666785710535834],[-70.61591369452867,43.666858920824794],[-70.61591827524067,43.66693149834426],[-70.615876977112,43.666962668414286],[-70.61582803852366,43.667003504101224],[-70.61580913263475,43.667084058879645],[-70.61584251679642,43.66715049458779],[-70.61590955642647,43.66719542588498],[-70.61603192872532,43.66724148623066],[-70.61613902042821,43.66730687864543],[-70.61623243815433,43.66735334823795],[-70.6163624526099,43.6673897416448],[-70.61649726887707,43.66740886239729],[-70.61666641110857,43.66743132135118],[-70.61670801692337,43.66741161576866],[-70.61674678402645,43.66738430514853],[-70.61681203017271,43.667362354465304],[-70.61685440548027,43.66737131255178],[-70.61690597715916,43.667330439174044],[-70.61693927434003,43.66729555889638],[-70.61704065614771,43.667246333715504],[-70.61710446403053,43.667170877938574],[-70.61714581293768,43.66714161732811],[-70.61724172454288,43.66708482329172],[-70.6172981496461,43.667028587087444],[-70.61739804113688,43.66692394587923],[-70.6174561230712,43.666831366354096],[-70.61749314439407,43.666739083982],[-70.61749604918751,43.666651108413994],[-70.6174837226515,43.66658437605024],[-70.61745332976308,43.66653128002761],[-70.61738531343194,43.66645004275935],[-70.61723868601275,43.66638329947168],[-70.61716395244996,43.66634612480699],[-70.61703435026145,43.666325018637274],[-70.61691842359302,43.66632283584245],[-70.61682871778656,43.66631645802569]]]},"properties":{"OBJECTID":"326","EGAD_SEQ":"","MAP_REFERENCE":"","FEATURE_NA":"EST WASTE AREA","POLYGON_TY":"LF WASTE AREA","EGAD_SITE_SEQ":"27,761","SITE_DESCR":"LANDFILL MUNICIPAL","LOCATION_A":"WITHIN 3M","LOCATION_M":"DIGITIZED","DATA_SOURC":"MDEP GIS UNIT","GlobalID":"{299B89F3-2C68-41FB-8698-87F74B533B3A}","Shape_Length":"401.78","Shape_Area":"11,142.13"},"id":326},{"type":"Feature","geometry":{"type":"Polygon","coordinates":[[[-70.74486122272113,43.19871684810756],[-70.74461745224268,43.198568902934234],[-70.74443585032571,43.198500894755455],[-70.74431967342035,43.19846559237842],[-70.74419524801769,43.198464120453224],[-70.74397018565814,43.19848777297259],[-70.74377736110677,43.19851093624431],[-70.7436585000074,43.19854308007771],[-70.74350059486756,43.198983632310764],[-70.74348611031029,43.19912203630754],[-70.74344696612816,43.19920351961244],[-70.7433966025168,43.199376175287604],[-70.74336274000846,43.19964294936239],[-70.74336945453209,43.19971699373579],[-70.74339919280489,43.19979068805655],[-70.7434278793857,43.19982732413959],[-70.74348889567048,43.19986683777548],[-70.74356391650109,43.19991287956079],[-70.74365745337776,43.19996200850001],[-70.74370005114056,43.20000180191758],[-70.74371971741539,43.20004531442018],[-70.74372604860972,43.20010588486352],[-70.74371453679623,43.20018694966264],[-70.74366311637604,43.20032254728327],[-70.74365544292438,43.20053836453152],[-70.74369266843722,43.20071305352205],[-70.74374140617567,43.20080668129884],[-70.74376654160193,43.20088044478438],[-70.74379542085484,43.20092381770263],[-70.74383782380187,43.20095687505906],[-70.74387504707504,43.20096978905598],[-70.74397146442502,43.20095820684722],[-70.74419154434683,43.2009211496524],[-70.7442511234868,43.200910129888946],[-70.74428825081249,43.200919674827894],[-70.74433007799321,43.2009325184625],[-70.74440376034913,43.20093139468588],[-70.74453164122308,43.20089236992773],[-70.74470490534377,43.20082906092678],[-70.74480506316425,43.200787090177634],[-70.74488612828587,43.20072181431547],[-70.74495702161092,43.20062299241929],[-70.74502388719861,43.20054445605223],[-70.74508144527564,43.20046269127184],[-70.74517200269179,43.20024560656627],[-70.74523589007094,43.20006263532081],[-70.74529085767573,43.19988990950875],[-70.74530150292243,43.199778526091976],[-70.74536606178782,43.19961913452435],[-70.7454248602274,43.19941938707901],[-70.74545805211294,43.19929080942123],[-70.7454513314134,43.199216764364486],[-70.74542581048416,43.19912952556603],[-70.74535443243018,43.19904972553353],[-70.74519450711506,43.19893420505373],[-70.74509741969977,43.19892220580144],[-70.74497088184467,43.198846616625474],[-70.74486122272113,43.19871684810756]]]},"properties":{"OBJECTID":"327","EGAD_SEQ":"","MAP_REFERENCE":"","FEATURE_NA":"WASTE BOUNDARY","POLYGON_TY":"LF WASTE AREA","EGAD_SITE_SEQ":"27,221","SITE_DESCR":"LANDFILL MUNICIPAL","LOCATION_A":"WITHIN 5M","LOCATION_M":"DIGITIZED","DATA_SOURC":"MDEP GIS UNIT","GlobalID":"{97C3F337-67A3-43F7-9D5F-B49FD316A075}","Shape_Length":"739.21","Shape_Area":"34,416.95"},"id":327},{"type":"Feature","geometry":{"type":"Polygon","coordinates":[[[-67.71454372537161,44.61761480304036],[-67.7146173439435,44.617687261925404],[-67.71466658643237,44.617728107789496],[-67.71471622525912,44.61775105032009],[-67.71477262316088,44.617751685086],[-67.71492499435656,44.61766386283988],[-67.71518468250525,44.61754143144472],[-67.71529866488615,44.61748899231444],[-67.71533167432656,44.61741325563603],[-67.71534677362854,44.61729702677036],[-67.71527453776498,44.61716190759595],[-67.71518231691309,44.61708028684284],[-67.71503986818729,44.61700257687756],[-67.71489174577324,44.616897941219804],[-67.71474890289782,44.61683813422929],[-67.71458099318431,44.616778044895945],[-67.71437509121304,44.61673543536669],[-67.71414940355466,44.61673737031337],[-67.71406167433472,44.61673638241868],[-67.71397354863619,44.61675329776732],[-67.71392859776446,44.6168020370101],[-67.71378836503582,44.61690790333708],[-67.71372461443183,44.616956430745766],[-67.71367211191442,44.61706328509194],[-67.71365740467326,44.6171616103814],[-67.71367422761006,44.61725133785668],[-67.71378455314849,44.61736450235403],[-67.7138764747301,44.617459552591896],[-67.71398162010608,44.61752341307543],[-67.71402469424017,44.61755971370719],[-67.71406796857076,44.61758706178995],[-67.71413699820441,44.61758336217248],[-67.71442515589727,44.61759108353848],[-67.71454372537161,44.61761480304036]]]},"properties":{"OBJECTID":"328","EGAD_SEQ":"","MAP_REFERENCE":"","FEATURE_NA":"EST WASTE AREA","POLYGON_TY":"LF WASTE AREA","EGAD_SITE_SEQ":"29,679","SITE_DESCR":"LANDFILL MUNICIPAL","LOCATION_A":"WITHIN 3M","LOCATION_M":"DIGITIZED","DATA_SOURC":"MDEP GIS UNIT","GlobalID":"{74E1E7B5-1ECD-41D3-A6BF-53F1EF44188F}","Shape_Length":"384.31","Shape_Area":"10,347.68"},"id":328},{"type":"Feature","geometry":{"type":"Polygon","coordinates":[[[-69.65360083324197,44.70099054775155],[-69.65353091430366,44.7029757838799],[-69.65437715832051,44.70302576806344],[-69.6547314052577,44.70307856496979],[-69.65526953347131,44.70307547859508],[-69.65605366137628,44.703070976776665],[-69.65685254278776,44.70301155745241],[-69.65743592733375,44.70293143896896],[-69.65752730892068,44.70285415037906],[-69.65754007842783,44.70262379296612],[-69.65739202220286,44.70176930185821],[-69.65734378913898,44.70158315972311],[-69.65737218048832,44.7013746421916],[-69.65738333594366,44.701001735705546],[-69.65737924111036,44.700639882797155],[-69.65738754378096,44.700014777951516],[-69.65739981574346,44.699740559126404],[-69.6553238034921,44.69970862642474],[-69.65369340288149,44.699652174557485],[-69.65360083324197,44.70099054775155]]]},"properties":{"OBJECTID":"329","EGAD_SEQ":"","MAP_REFERENCE":"","FEATURE_NA":"SLASHER REFUSE PILE","POLYGON_TY":"LF WASTE AREA","EGAD_SITE_SEQ":"30,714","SITE_DESCR":"LANDFILL SPECIAL WASTE","LOCATION_A":"WITHIN 3M","LOCATION_M":"DIGITIZED","DATA_SOURC":"MDEP GIS UNIT","GlobalID":"{4CA26EF7-1489-4AE8-966F-7719D6189D22}","Shape_Length":"1,333.03","Shape_Area":"111,948.19"},"id":329},{"type":"Feature","geometry":{"type":"Polygon","coordinates":[[[-70.13031502390682,43.872238274108035],[-70.13031514637935,43.87223941996048],[-70.13029998119029,43.872160622442784],[-70.13027912101266,43.872151636970266],[-70.13024013441297,43.87213988660014],[-70.13021343329746,43.872115688714],[-70.1302152692143,43.87208237508715],[-70.13020630302415,43.87204839309176],[-70.1301955101836,43.872016606243484],[-70.13019349605581,43.87198491263705],[-70.1301771480936,43.871955602711935],[-70.13014551321918,43.87192901992353],[-70.13011713362252,43.87190747488143],[-70.13009044427712,43.8718794791128],[-70.13006117710137,43.87185561719402],[-70.13003537527705,43.87183072069209],[-70.13000557549968,43.87180139431336],[-70.1299769315009,43.87177362313087],[-70.12994683583995,43.87174608958659],[-70.1299069747926,43.87172361180572],[-70.12986881886458,43.871700211383946],[-70.12984984853556,43.87166884659888],[-70.12983471011358,43.87163463748584],[-70.12981358394723,43.87160273308398],[-70.12978308749953,43.871572225053505],[-70.12974786460079,43.87154661760939],[-70.12971960341251,43.871519925714296],[-70.12966218372044,43.8714946718516],[-70.12963890487227,43.8714942771388],[-70.12959026436079,43.87150854347219],[-70.129547464036,43.871522049768735],[-70.12950706198122,43.8715399027106],[-70.12946629335497,43.871552582167006],[-70.12943055878597,43.87153552594027],[-70.12939523715322,43.871516543343034],[-70.1293513535199,43.87150148991413],[-70.12930834626735,43.87148598392721],[-70.12927723291969,43.87145607429748],[-70.12922675790995,43.87143640226753],[-70.1291995059863,43.87142919945858],[-70.12915135131675,43.871415743089166],[-70.12910262909105,43.871406305231346],[-70.12895890633077,43.87135587784874],[-70.12892450077199,43.87133081939949],[-70.12887981638761,43.871321265022004],[-70.12883642903658,43.87132431191764],[-70.12879238945537,43.87133586107769],[-70.12872325011055,43.871348195679204],[-70.12872254849411,43.8713519058083],[-70.1287135456465,43.87138819928837],[-70.12869207855198,43.871416861950635],[-70.12869921705345,43.87147499548771],[-70.12868704908583,43.871507657547774],[-70.12867994262983,43.87153931792511],[-70.12866546248411,43.87157107274524],[-70.12864360630964,43.87159976535133],[-70.12862747923832,43.871631306840825],[-70.12860952792563,43.87166102059938],[-70.12857351484526,43.87168228455819],[-70.12853980177209,43.8717085615269],[-70.12850158533512,43.87173369718192],[-70.128472421336,43.8717638061715],[-70.1284353819407,43.87178602470437],[-70.12840290995693,43.87181159429462],[-70.12837131071755,43.8718377738074],[-70.1283321838804,43.87185681752742],[-70.12830074885713,43.871878246877955],[-70.12827295001256,43.871901627419426],[-70.1282499778464,43.871931017946245],[-70.1282421596704,43.87193961528917],[-70.12822929558763,43.87197379228161],[-70.1282182907843,43.87200525702474],[-70.12818965600376,43.872030644607875],[-70.12815446907973,43.87205079282854],[-70.1281138359119,43.872078602885644],[-70.12808427962753,43.872108190735304],[-70.12807962847599,43.872141834644516],[-70.12810007086748,43.87216715454917],[-70.12812264633793,43.872196356469225],[-70.12815050968734,43.87221807817242],[-70.1281768915889,43.87225053243083],[-70.12820753295827,43.8722801706047],[-70.1282391948453,43.87230986982246],[-70.1282790371321,43.872330508024135],[-70.12831568429678,43.872359972519476],[-70.12832378155734,43.87238984317631],[-70.128307863271,43.87242086034394],[-70.12827726783077,43.87244636724827],[-70.12824883037528,43.87247786906974],[-70.12821400110121,43.87250491416684],[-70.12818095514598,43.87252093289346],[-70.12816134203918,43.87254861465665],[-70.12818316289065,43.87256333985534],[-70.12820334844349,43.872572925711026],[-70.12824438927271,43.87258154843525],[-70.128304700761,43.872608654411],[-70.1283114757379,43.87263058160646],[-70.12833425494611,43.87266324427078],[-70.12836892406017,43.87268759890549],[-70.12840528576882,43.872710166698795],[-70.12845169252583,43.87272038582474],[-70.12849131418908,43.872737031213944],[-70.12853596278772,43.87275578151229],[-70.12857454777762,43.872774209928096],[-70.12861570122146,43.87279155863535],[-70.12866072040075,43.872804221464214],[-70.12869715936395,43.872816827672956],[-70.12873921679528,43.87283241349679],[-70.12878376071743,43.87284521512601],[-70.12886023858022,43.87287202965044],[-70.12890714115319,43.872880614033605],[-70.12895189432706,43.872892431232536],[-70.12899661915891,43.872901691659926],[-70.12904061894974,43.87291533230218],[-70.1290826017836,43.87292913421469],[-70.12912233327796,43.872943603919666],[-70.12915891829132,43.87294356832632],[-70.12920551058208,43.87296616621819],[-70.12924995993275,43.87296880889167],[-70.12929572416265,43.872977214388165],[-70.12934217158912,43.87298363681479],[-70.1293838622311,43.87298519115085],[-70.12941578395261,43.87298523668089],[-70.12947536994464,43.872974542920176],[-70.12950399571044,43.8729731948284],[-70.12954513435167,43.87296186765134],[-70.12959346726753,43.87294542099761],[-70.12962862424452,43.87292539868371],[-70.12966183381145,43.87291501870289],[-70.12971792546959,43.87290488787544],[-70.12973556702632,43.87290391483198],[-70.12976961470521,43.87288704031066],[-70.12981359308542,43.872879711387625],[-70.12986622489105,43.872867947222915],[-70.12990694486315,43.87286173992399],[-70.12994990296563,43.8728440227328],[-70.12999756958361,43.87282670824335],[-70.13004158851399,43.8728059201893],[-70.13007896593878,43.87278505644571],[-70.13010506794434,43.87275350343924],[-70.1301307835887,43.87272831171882],[-70.13014902314737,43.87269859487596],[-70.13016543506134,43.8726802424952],[-70.13019516160412,43.87265601499512],[-70.13021042880801,43.87262385334115],[-70.13021168814154,43.8725915754368],[-70.13022177014145,43.87255828829264],[-70.13023759802003,43.87252490919868],[-70.13025554003733,43.872492362735464],[-70.13028093582975,43.872465929840864],[-70.13030543851713,43.87243880169034],[-70.13032955639069,43.87240981898951],[-70.13035232546306,43.872377498471025],[-70.13036927378194,43.872360008704845],[-70.13031502390682,43.872238274108035]]]},"properties":{"OBJECTID":"330","EGAD_SEQ":"","MAP_REFERENCE":"","FEATURE_NA":"EST WASTE AREA","POLYGON_TY":"LF WASTE AREA","EGAD_SITE_SEQ":"32,299","SITE_DESCR":"LANDFILL MUNICIPAL","LOCATION_A":"WITHIN 3M","LOCATION_M":"GPS MAPPING GRADE","DATA_SOURC":"MDEP GIS UNIT","GlobalID":"{633BE500-D21A-418B-B5CD-8D67C8192709}","Shape_Length":"593.34","Shape_Area":"22,745.86"},"id":330},{"type":"Feature","geometry":{"type":"Polygon","coordinates":[[[-70.45528577855126,43.86156814182129],[-70.45546463594947,43.86123799170134],[-70.45553163751642,43.86102621148857],[-70.45553076555157,43.86087168551567],[-70.45570709439144,43.86052694532809],[-70.45583580456757,43.86030080754531],[-70.45597623211813,43.86014134690736],[-70.45596230755554,43.86010288984696],[-70.4558834782354,43.85994726749026],[-70.45578010428827,43.859850429069205],[-70.45571663317976,43.85961421044235],[-70.45563838451604,43.85942307835687],[-70.45555921517017,43.859283120074124],[-70.45531141387801,43.85906282404167],[-70.45509491920896,43.85912092027643],[-70.4547683230587,43.85925038239266],[-70.45453069264723,43.85927011575922],[-70.45447195400386,43.859347087199815],[-70.45431802853588,43.85948583393845],[-70.45401844708846,43.85968804228046],[-70.45392415322316,43.859845869065296],[-70.45389057221489,43.859948625141854],[-70.45383515567156,43.860162344961985],[-70.45382632818198,43.86021466743316],[-70.45379965795907,43.86036432269448],[-70.45383191775875,43.860622871407415],[-70.45384842261315,43.860648763765774],[-70.45392846363417,43.860794977726655],[-70.45403216608942,43.86090538477314],[-70.4542338411616,43.861157597768425],[-70.45463449184327,43.86166936705241],[-70.45470799715399,43.86172481902195],[-70.45480648740208,43.86179874335251],[-70.45492418532427,43.86183170328553],[-70.45506040622406,43.86179550997654],[-70.45516589198823,43.86168243986872],[-70.45528577855126,43.86156814182129]]]},"properties":{"OBJECTID":"331","EGAD_SEQ":"","MAP_REFERENCE":"","FEATURE_NA":"WASTE BOUNDARY","POLYGON_TY":"LF WASTE AREA","EGAD_SITE_SEQ":"28,255","SITE_DESCR":"LANDFILL MUNICIPAL","LOCATION_A":"WITHIN 3M","LOCATION_M":"DIGITIZED","DATA_SOURC":"WOODARD AND CURRAN","GlobalID":"{91898881-85AF-4000-99E4-BBF6459DB2D2}","Shape_Length":"745.97","Shape_Area":"34,290.76"},"id":331},{"type":"Feature","geometry":{"type":"Polygon","coordinates":[[[-70.36070006041383,43.638931434763705],[-70.36052050056018,43.63899210162545],[-70.3600709150541,43.639465657271835],[-70.3594782566555,43.64017501674016],[-70.35901169628411,43.64063526591916],[-70.35868954446266,43.64093622468396],[-70.35857724421265,43.64105911119267],[-70.35854563967474,43.64111801526479],[-70.35858018588884,43.64118963447072],[-70.35879754487965,43.64134461981309],[-70.36037809883292,43.64215868508988],[-70.3618594706898,43.642919883757806],[-70.36202553935576,43.64299894224033],[-70.3620582564605,43.642989547501756],[-70.36223640263606,43.64286587374244],[-70.3628169826219,43.64235923233626],[-70.36328391081095,43.641898963381095],[-70.36376570022469,43.64139349540162],[-70.36402320322188,43.64114731674795],[-70.36424724978218,43.640861018159434],[-70.36424511077658,43.64076650307233],[-70.36416481272109,43.640698551530456],[-70.36407723665167,43.6406244407489],[-70.36332927951607,43.64027320853631],[-70.36216439381185,43.63967932958747],[-70.36118047168709,43.639154685049895],[-70.3607496405542,43.63893084449681],[-70.36070006041383,43.638931434763705]]]},"properties":{"OBJECTID":"332","EGAD_SEQ":"","MAP_REFERENCE":"","FEATURE_NA":"ASHFILL/BALEFILL PHASE 3","POLYGON_TY":"LF WASTE AREA","EGAD_SITE_SEQ":"31,344","SITE_DESCR":"LANDFILL MUNICIPAL","LOCATION_A":"WITHIN 30M","LOCATION_M":"CAD","DATA_SOURC":"WOODARD AND CURRAN","GlobalID":"{7BBA52F9-DFE8-469D-91B5-3EBEA7309807}","Shape_Length":"1,314.77","Shape_Area":"111,790.76"},"id":332},{"type":"Feature","geometry":{"type":"Polygon","coordinates":[[[-68.35562404760027,44.65987719148],[-68.35553788919704,44.659934531719884],[-68.35540579796606,44.66007513926882],[-68.35537300737346,44.660190607880146],[-68.35538997859922,44.66028386651728],[-68.35544792109643,44.66033559398438],[-68.35553312059635,44.660364987995344],[-68.35562306570507,44.66037192237738],[-68.35572655347794,44.66037571921028],[-68.35584765226321,44.66041495263235],[-68.35602726334766,44.66045451587375],[-68.35613096464003,44.660439036579646],[-68.35616761165055,44.66038141678931],[-68.35613745337345,44.660259169827654],[-68.35606746622354,44.660075658920405],[-68.35603752671283,44.659934137093536],[-68.35598401066896,44.65988885813794],[-68.35590338925763,44.65985306702569],[-68.35582676263694,44.659862271075376],[-68.35562404760027,44.65987719148]]]},"properties":{"OBJECTID":"333","EGAD_SEQ":"","MAP_REFERENCE":"","FEATURE_NA":"WASTE AREA","POLYGON_TY":"LF WASTE AREA","EGAD_SITE_SEQ":"29,809","SITE_DESCR":"LANDFILL MUNICIPAL","LOCATION_A":"WITHIN 5M","LOCATION_M":"DIGITIZED","DATA_SOURC":"MDEP GIS UNIT","GlobalID":"{13FC360D-780F-428A-A19B-CA29AEB89EFD}","Shape_Length":"210.04","Shape_Area":"3,038.53"},"id":333},{"type":"Feature","geometry":{"type":"Polygon","coordinates":[[[-67.42355600515037,44.92839896753738],[-67.42370633592164,44.928486130222694],[-67.42378084956744,44.92849885794374],[-67.42384535139892,44.92849443087503],[-67.42391501016303,44.9284656119434],[-67.42398179315897,44.928432498915626],[-67.42404132615545,44.92839077616162],[-67.42406834001252,44.928333715181],[-67.4240704046214,44.928258229260635],[-67.42405166171977,44.92817713684416],[-67.4239814212475,44.92811767033602],[-67.42387687657067,44.92805347498954],[-67.42378319870306,44.928029846873095],[-67.423673712384,44.928036843181964],[-67.42360117457459,44.92806136785979],[-67.42352831798043,44.9280975880268],[-67.42348815460758,44.928142767382894],[-67.42344347152091,44.92818894835641],[-67.42343505803483,44.92822286795342],[-67.42344434116987,44.928266602861875],[-67.42347733909845,44.928319174835046],[-67.42355600515037,44.92839896753738]]]},"properties":{"OBJECTID":"334","EGAD_SEQ":"","MAP_REFERENCE":"","FEATURE_NA":"EST WASTE AREA","POLYGON_TY":"LF WASTE AREA","EGAD_SITE_SEQ":"29,744","SITE_DESCR":"LANDFILL MUNICIPAL","LOCATION_A":"WITHIN 3M","LOCATION_M":"DIGITIZED","DATA_SOURC":"MDEP GIS UNIT","GlobalID":"{C40E1CE0-B533-4171-9F22-7E2507844EAE}","Shape_Length":"157.62","Shape_Area":"1,925.07"},"id":334},{"type":"Feature","geometry":{"type":"Polygon","coordinates":[[[-69.19900495934087,44.75497935027501],[-69.1988071303195,44.755021868874735],[-69.19875213258432,44.75505395883175],[-69.19867474004953,44.755102084838235],[-69.19861370933539,44.75516036215694],[-69.19857108838224,44.75523024202724],[-69.19859784549466,44.755295638734346],[-69.19865309638625,44.75533771668981],[-69.1987777817123,44.75539130837896],[-69.19888808947078,44.755418747138165],[-69.19905560547328,44.75546353798149],[-69.19924350730204,44.75550102184531],[-69.19933945999571,44.755508125575055],[-69.19942709217057,44.755470161959714],[-69.19945953765423,44.755409024588914],[-69.19947748248589,44.755285379752685],[-69.19943828177057,44.755163288593344],[-69.19933388175447,44.755073305466134],[-69.19919286456158,44.755018288093495],[-69.19900495934087,44.75497935027501]]]},"properties":{"OBJECTID":"335","EGAD_SEQ":"","MAP_REFERENCE":"","FEATURE_NA":"EST WASTE AREA","POLYGON_TY":"LF WASTE AREA","EGAD_SITE_SEQ":"29,675","SITE_DESCR":"LANDFILL MUNICIPAL","LOCATION_A":"WITHIN 3M","LOCATION_M":"DIGITIZED","DATA_SOURC":"MDEP GIS UNIT","GlobalID":"{92EF70A5-0F25-407B-A0CD-3E0F1C03A729}","Shape_Length":"202.92","Shape_Area":"2,980.53"},"id":335},{"type":"Feature","geometry":{"type":"Polygon","coordinates":[[[-67.8736833052066,44.56416982458035],[-67.87344434966089,44.56409475637091],[-67.8732039925252,44.564092385045605],[-67.87303644383591,44.564150223548786],[-67.872951580166,44.5642353202675],[-67.87291026431349,44.564459657642765],[-67.87303726288944,44.5645865051958],[-67.87330357260373,44.564681678634756],[-67.87359876052862,44.56471763908667],[-67.87378416555036,44.56469302706473],[-67.87397237554396,44.56452301818254],[-67.87399379588648,44.56437119546764],[-67.87386679566946,44.564244348957274],[-67.8736833052066,44.56416982458035]]]},"properties":{"OBJECTID":"336","EGAD_SEQ":"","MAP_REFERENCE":"","FEATURE_NA":"ESTIMATED WASTE AREA","POLYGON_TY":"LF WASTE AREA","EGAD_SITE_SEQ":"29,740","SITE_DESCR":"LANDFILL MUNICIPAL","LOCATION_A":"WITHIN 5M","LOCATION_M":"DIGITIZED","DATA_SOURC":"MDEP TECH SERVICES","GlobalID":"{D36975E2-9AD6-40EC-9C98-6E2F3C34624C}","Shape_Length":"246.2","Shape_Area":"4,538.16"},"id":336},{"type":"Feature","geometry":{"type":"Polygon","coordinates":[[[-68.58438306408264,45.24710041220771],[-68.58446908583716,45.24748732509856],[-68.58452838443284,45.24764067499633],[-68.5846297056956,45.24787952937855],[-68.58465436230178,45.247909744494045],[-68.58469336015132,45.24792243535024],[-68.58472889808263,45.247922564569116],[-68.58482138378933,45.24791035175893],[-68.5849602375095,45.24787571081927],[-68.58503849045834,45.2478659512399],[-68.58506697660938,45.247858525846326],[-68.585077762471,45.247840992227935],[-68.58505695328111,45.24777062631828],[-68.585053763654,45.247720405050195],[-68.58506829252102,45.247677783341196],[-68.58505451301328,45.24761748238316],[-68.58499521812061,45.247464132771476],[-68.58499202853693,45.247413915099735],[-68.5851557530543,45.24737936428788],[-68.5852697841643,45.24733710121802],[-68.5853660979282,45.247287243927936],[-68.58538474266163,45.24716681161108],[-68.5854489263916,45.24713692184139],[-68.58545979014116,45.24710934545014],[-68.58544982109818,45.247013916354454],[-68.58540045431462,45.24696101874568],[-68.58526228281096,45.246902778518105],[-68.58514176613149,45.246859663628044],[-68.58503911410791,45.24680406087089],[-68.58502165683839,45.24676132294406],[-68.58502194928285,45.246721158235964],[-68.58505774233717,45.24668614266734],[-68.58506143985012,45.24666607186473],[-68.58504094181953,45.24655302896646],[-68.58502722251067,45.24648520022393],[-68.58497800154677,45.246412218720735],[-68.58491819234966,45.246329160197476],[-68.58486889852385,45.246266219598915],[-68.58481266301207,45.24618066347778],[-68.58476710356855,45.246092633812],[-68.58473546937189,45.246044821433856],[-68.58461527101454,45.245959031733356],[-68.58449492534463,45.24589332380741],[-68.58440978455704,45.24587292979667],[-68.58432457058764,45.245862578475545],[-68.58426416249617,45.24586235860608],[-68.58417147469557,45.24590218696165],[-68.58401108521988,45.245966873975625],[-68.58400370405363,45.24600450413812],[-68.58405283183848,45.24609003477523],[-68.58412298132463,45.24627404227794],[-68.58421351310716,45.24647219964246],[-68.58428660165292,45.24668333847132],[-68.58434520197656,45.24693207885966],[-68.58438306408264,45.24710041220771]]]},"properties":{"OBJECTID":"337","EGAD_SEQ":"","MAP_REFERENCE":"","FEATURE_NA":"ESTIMATED WASTE BOUNDARY","POLYGON_TY":"LF WASTE AREA","EGAD_SITE_SEQ":"29,625","SITE_DESCR":"LANDFILL MUNICIPAL","LOCATION_A":"WITHIN 5M","LOCATION_M":"DIGITIZED","DATA_SOURC":"MDEP GIS UNIT","GlobalID":"{CC1A43B0-3E8C-4098-86C2-8044430E7EEA}","Shape_Length":"571.28","Shape_Area":"12,947.59"},"id":337},{"type":"Feature","geometry":{"type":"Polygon","coordinates":[[[-68.71974352950747,44.97804857857549],[-68.7214224227178,44.98012161056009],[-68.7215004070396,44.980079739097526],[-68.72173819054265,44.97985404902685],[-68.72171309438714,44.979756912537106],[-68.72177285157026,44.979654533001515],[-68.72127174437765,44.977312739651246],[-68.72109818650912,44.97737555834216],[-68.72107323172327,44.97741765809753],[-68.7210879627457,44.977442288340406],[-68.71974352950747,44.97804857857549]]]},"properties":{"OBJECTID":"338","EGAD_SEQ":"","MAP_REFERENCE":"","FEATURE_NA":"CELL 9","POLYGON_TY":"LF WASTE AREA","EGAD_SITE_SEQ":"31,339","SITE_DESCR":"LANDFILL COMMERCIAL","LOCATION_A":"WITHIN 3M","LOCATION_M":"CAD","DATA_SOURC":"SEVEE & MAHER ENGINEERS","GlobalID":"{FC5DCF94-33B0-4419-BB1F-B24AABBF6778}","Shape_Length":"740.04","Shape_Area":"23,913.78"},"id":338},{"type":"Feature","geometry":{"type":"Polygon","coordinates":[[[-68.80393260184755,44.42290348431556],[-68.8035120704696,44.42288743705433],[-68.80291317536468,44.42291705723616],[-68.80252074800862,44.423023659103116],[-68.80221356759749,44.423217256765916],[-68.80211361157883,44.4232630629483],[-68.80202737933404,44.42346725819205],[-68.80212685327345,44.42356449467749],[-68.80220459534658,44.42376386757365],[-68.80230362118756,44.423993929216714],[-68.80252404218939,44.42416289677172],[-68.80277347478996,44.42418376147579],[-68.80310850176168,44.42418944857678],[-68.8033867258321,44.42412862389072],[-68.80365800814025,44.42401158997103],[-68.8039008444006,44.42387407552786],[-68.80410085291406,44.423751810854945],[-68.80422248199622,44.423619194191865],[-68.804265764945,44.42346600942233],[-68.80423056594839,44.42333312299463],[-68.80416670068806,44.42324616761672],[-68.80417405156396,44.42317976716462],[-68.80417440968588,44.423072485427085],[-68.80410344599939,44.422975298715286],[-68.80393260184755,44.42290348431556]]]},"properties":{"OBJECTID":"339","EGAD_SEQ":"","MAP_REFERENCE":"","FEATURE_NA":"WASTE BOUNDARY","POLYGON_TY":"LF WASTE AREA","EGAD_SITE_SEQ":"29,756","SITE_DESCR":"LANDFILL MUNICIPAL","LOCATION_A":"WITHIN 5M","LOCATION_M":"DIGITIZED","DATA_SOURC":"CES ENGINEERS & SURVEYORS","GlobalID":"{43801C34-C066-46F7-A388-664AE2EFA15E}","Shape_Length":"518.02","Shape_Area":"19,703.56"},"id":339},{"type":"Feature","geometry":{"type":"Polygon","coordinates":[[[-70.75827723937824,43.43379310586286],[-70.7582517674315,43.43374661652268],[-70.75814727673874,43.433748223546274],[-70.75797831550639,43.433744961985134],[-70.75789624243352,43.4336876231173],[-70.75773311300541,43.43360808994826],[-70.75770984857346,43.43363774811338],[-70.75761509243385,43.43369780590815],[-70.7574230338171,43.43373005901111],[-70.75723063716224,43.43375059716156],[-70.75704424361888,43.43370072106665],[-70.75693737984777,43.43362032197233],[-70.75678931222414,43.433505395593514],[-70.7567228069705,43.43343023600215],[-70.75665630188332,43.43335507636829],[-70.7566085845571,43.433373389326206],[-70.7564249027203,43.43341723276414],[-70.75627886859255,43.4333725952373],[-70.75621219594457,43.433291578904196],[-70.75613714594962,43.43319896959178],[-70.75585277919953,43.43309785549437],[-70.755569767116,43.43304360099483],[-70.75537737064039,43.43306413512043],[-70.75517127117092,43.43316692170189],[-70.75500722054076,43.433333523252585],[-70.75492490164089,43.4335457510464],[-70.75495087766565,43.433609813136876],[-70.75517179110676,43.433741204158],[-70.75532721766163,43.433832579988625],[-70.75536926799062,43.433896395166855],[-70.75532375265861,43.43399085534805],[-70.75507382374954,43.43424667785029],[-70.75476983063402,43.43457951034019],[-70.75459773758278,43.434746234721985],[-70.75456296663187,43.434934291883536],[-70.75461542467384,43.435079989064164],[-70.75476247761927,43.43515977343443],[-70.75492306648057,43.43515144844421],[-70.75519923570793,43.435246830756086],[-70.75555198073148,43.43548753878408],[-70.75579050374185,43.435671399136254],[-70.75593518649985,43.4356691769268],[-70.75607030784079,43.43561436040428],[-70.75624511035222,43.43554135349095],[-70.75648269000588,43.435414641677426],[-70.75681570736867,43.43525130149802],[-70.75719576448236,43.43504621703384],[-70.75732850951749,43.434909393181265],[-70.75745236736618,43.43474340713695],[-70.75754102196932,43.43447247924899],[-70.75774390071201,43.43425839599798],[-70.75807453366163,43.43401304732227],[-70.75827723937824,43.43379310586286]]]},"properties":{"OBJECTID":"340","EGAD_SEQ":"","MAP_REFERENCE":"","FEATURE_NA":"EST WASTE AREA","POLYGON_TY":"LF WASTE AREA","EGAD_SITE_SEQ":"27,094","SITE_DESCR":"LANDFILL MUNICIPAL","LOCATION_A":"WITHIN 3M","LOCATION_M":"DIGITIZED","DATA_SOURC":"MDEP GIS UNIT","GlobalID":"{0CF360FF-9EF4-4FD2-96BC-CB1E771B278A}","Shape_Length":"980.16","Shape_Area":"48,834.74"},"id":340},{"type":"Feature","geometry":{"type":"Polygon","coordinates":[[[-69.8636879955032,44.51177448186707],[-69.86337218476756,44.512620358891695],[-69.86399753831382,44.51274175907252],[-69.86419400962087,44.512021336433556],[-69.8636879955032,44.51177448186707]]]},"properties":{"OBJECTID":"341","EGAD_SEQ":"","MAP_REFERENCE":"","FEATURE_NA":"EST WASTE AREA","POLYGON_TY":"LF WASTE AREA","EGAD_SITE_SEQ":"27,353","SITE_DESCR":"LANDFILL MUNICIPAL","LOCATION_A":"WITHIN 3M","LOCATION_M":"DIGITIZED","DATA_SOURC":"MDEP GIS UNIT","GlobalID":"{AF6C6FFC-07AA-4BE3-9CBA-2725F389EEF9}","Shape_Length":"278.98","Shape_Area":"4,328.07"},"id":341},{"type":"Feature","geometry":{"type":"Polygon","coordinates":[[[-68.74701524981387,44.56354200898399],[-68.74682105168414,44.5635261472845],[-68.74659438949914,44.56352950224193],[-68.74647831793008,44.56354081842394],[-68.74646179384742,44.5636179404831],[-68.7464694359475,44.56372212043723],[-68.74655270273249,44.56380910848039],[-68.74677903967152,44.563880982359045],[-68.74695986682339,44.56386980935478],[-68.74706530463904,44.56382181857882],[-68.74715200379136,44.56373906582707],[-68.74713085461381,44.56363871363709],[-68.74701524981387,44.56354200898399]]]},"properties":{"OBJECTID":"342","EGAD_SEQ":"","MAP_REFERENCE":"","FEATURE_NA":"EST WASTE BOUNDARY","POLYGON_TY":"LF WASTE AREA","EGAD_SITE_SEQ":"118,546","SITE_DESCR":"LANDFILL MUNICIPAL","LOCATION_A":"WITHIN 3M","LOCATION_M":"DIGITIZED","DATA_SOURC":"MDEP GIS UNIT","GlobalID":"{FEAB73D8-C489-46DA-93F2-DC9B1D25290D}","Shape_Length":"155.69","Shape_Area":"1,741.37"},"id":342},{"type":"Feature","geometry":{"type":"Polygon","coordinates":[[[-70.45205617604452,43.728161902704784],[-70.45224578237385,43.72807881020588],[-70.45242621453909,43.72797432029253],[-70.45262359969925,43.72785527243183],[-70.45274076812746,43.72769062858402],[-70.45282008198936,43.72749419081271],[-70.45295229212238,43.72744051474079],[-70.45322144046143,43.72742633555659],[-70.45341253301032,43.7273539817681],[-70.45348147991332,43.7271379525344],[-70.45342766898698,43.727059749157455],[-70.45302200266688,43.72700036405074],[-70.45204134322668,43.726933938287274],[-70.45191645927352,43.726983935812065],[-70.45192035946054,43.727043051195444],[-70.45191358980537,43.72717222932909],[-70.45195070513591,43.72727574726758],[-70.45201682857116,43.72735200133813],[-70.45192434037061,43.72731014815481],[-70.45173723687884,43.72724080715087],[-70.45136883819852,43.727137910826436],[-70.45125267329952,43.727139386104724],[-70.4511133922111,43.727207492170066],[-70.45107974432467,43.72724736512152],[-70.4508222851946,43.72764328293908],[-70.45079603719884,43.727887454626966],[-70.45082118038341,43.72800726153838],[-70.45100997669569,43.728146502514],[-70.45132391227563,43.72824650544941],[-70.45205617604452,43.728161902704784]]]},"properties":{"OBJECTID":"343","EGAD_SEQ":"","MAP_REFERENCE":"","FEATURE_NA":"EST WASTE AREA","POLYGON_TY":"LF WASTE AREA","EGAD_SITE_SEQ":"28,743","SITE_DESCR":"CONSTRUCTION/DEMOLITION SITE","LOCATION_A":"WITHIN 3M","LOCATION_M":"DIGITIZED","DATA_SOURC":"MDEP GIS UNIT","GlobalID":"{D0732352-427E-436C-BEE6-2E675FCCE317}","Shape_Length":"637.01","Shape_Area":"19,541.7"},"id":343},{"type":"Feature","geometry":{"type":"Polygon","coordinates":[[[-68.34665603661671,44.295183676151744],[-68.34670061804918,44.295154265253494],[-68.34670993838249,44.29511193950049],[-68.34669308060835,44.29503555952016],[-68.34661472094639,44.29491856981404],[-68.3465334358005,44.29479944220221],[-68.34646062539815,44.29471426752728],[-68.34640513751089,44.29466309553275],[-68.34636406972653,44.294641669209454],[-68.34630495100907,44.29465192746944],[-68.34626919546145,44.294683505339535],[-68.34624205894322,44.29473632655992],[-68.34625289487904,44.29482326601134],[-68.34629630095172,44.294899794392336],[-68.3463687835182,44.29501463497552],[-68.34641799575763,44.2950996746841],[-68.34643808079828,44.295150644113875],[-68.34647598689067,44.29519112163559],[-68.34649942084145,44.29520608729453],[-68.34653770423284,44.29521266334783],[-68.3466144527363,44.29520886465223],[-68.34665603661671,44.295183676151744]]]},"properties":{"OBJECTID":"344","EGAD_SEQ":"","MAP_REFERENCE":"","FEATURE_NA":"METAL DEBRIS PILE","POLYGON_TY":"LF WASTE AREA","EGAD_SITE_SEQ":"29,767","SITE_DESCR":"LANDFILL COMMERCIAL","LOCATION_A":"WITHIN 3M","LOCATION_M":"GPS MAPPING GRADE","DATA_SOURC":"MDEP GIS UNIT","GlobalID":"{E18361D7-62D7-44E5-963E-7463DA2D8F9F}","Shape_Length":"155.85","Shape_Area":"1,311.42"},"id":344},{"type":"Feature","geometry":{"type":"Polygon","coordinates":[[[-69.91852930773231,43.937770988641724],[-69.918481631096,43.937888878324706],[-69.91869756362418,43.93813748196629],[-69.91886291188875,43.938314965874504],[-69.91908928796497,43.93832336242171],[-69.91956984712293,43.9383092786495],[-69.9197387223596,43.93825682959327],[-69.919858645957,43.93778073080441],[-69.91971403137094,43.937572426995075],[-69.91930935321521,43.93746328672677],[-69.9190049029908,43.937435082299864],[-69.91878041823631,43.9375492845289],[-69.91852930773231,43.937770988641724]]]},"properties":{"OBJECTID":"345","EGAD_SEQ":"","MAP_REFERENCE":"","FEATURE_NA":"WASTE AREA","POLYGON_TY":"LF WASTE AREA","EGAD_SITE_SEQ":"95,128","SITE_DESCR":"LANDFILL MUNICIPAL","LOCATION_A":"WITHIN 3M","LOCATION_M":"DIGITIZED","DATA_SOURC":"MDEP GIS UNIT","GlobalID":"{FD3AACD7-A3A1-4952-A8C1-3BAFFF827563}","Shape_Length":"334.36","Shape_Area":"8,305.3"},"id":345},{"type":"Feature","geometry":{"type":"Polygon","coordinates":[[[-70.62131042778982,43.310718822344],[-70.62069586244161,43.31056444225804],[-70.6204641539105,43.31052967167089],[-70.6203824374934,43.31053626557757],[-70.6203012999099,43.31056459771046],[-70.62022817979258,43.31061456087376],[-70.62016250328134,43.310664419428264],[-70.62005947112512,43.31070937033283],[-70.61997233438592,43.310792151187165],[-70.61994603299306,43.31092299729414],[-70.62001647436469,43.311052472885535],[-70.62016877776362,43.31118078951705],[-70.62044947262395,43.31137795840799],[-70.62065401646969,43.31151097003112],[-70.62073920076605,43.311634799369706],[-70.6208451217969,43.31169853571868],[-70.6211092022863,43.31183070261684],[-70.62139734582932,43.31202776445187],[-70.62180499744842,43.31223943941076],[-70.62213678551586,43.312397825146945],[-70.6224409747914,43.31263814875846],[-70.62266243605531,43.31284702533265],[-70.62271417540528,43.31311267488679],[-70.62291901932018,43.31325655182887],[-70.62315789172415,43.31328034292772],[-70.62329431018954,43.313370825598184],[-70.62358484489249,43.313377573680164],[-70.62373368831815,43.31337546027222],[-70.62384149691931,43.31350983877513],[-70.62402503201629,43.313692070613214],[-70.62425119359233,43.31379758628633],[-70.6244007631186,43.31382264320888],[-70.62464412592702,43.314014896933706],[-70.62508128135866,43.314215268129146],[-70.62536713102469,43.31432537015766],[-70.6256044146447,43.31428937884694],[-70.62572789099805,43.314173458761445],[-70.62582903955304,43.31405785689758],[-70.6260838664182,43.31384221375826],[-70.62647047645882,43.31354314936593],[-70.62665102236433,43.31333399830364],[-70.62689985055088,43.313172801692595],[-70.62695590873513,43.31304153069132],[-70.62693667318493,43.31287871256882],[-70.62682025758905,43.312700967381666],[-70.6265131506296,43.312351969985095],[-70.62615554809851,43.31206349061596],[-70.62588473789938,43.31195861261198],[-70.62549615955788,43.311904336085895],[-70.62524110297235,43.31183185188149],[-70.62483222923449,43.31185397196949],[-70.62448274501503,43.31186981007638],[-70.62416244953272,43.31186348696553],[-70.62404135019354,43.311789097376355],[-70.62391280979749,43.31171481332839],[-70.62356187909614,43.31167630521078],[-70.62326231979333,43.31160988436583],[-70.62315451591397,43.31147550429944],[-70.62299346127868,43.31129838876423],[-70.62268646314672,43.31123207288066],[-70.62231219744254,43.31115583592454],[-70.62171662495732,43.31087615434153],[-70.62131042778982,43.310718822344]]]},"properties":{"OBJECTID":"346","EGAD_SEQ":"","MAP_REFERENCE":"","FEATURE_NA":"WASTE AREA","POLYGON_TY":"LF WASTE AREA","EGAD_SITE_SEQ":"27,158","SITE_DESCR":"LANDFILL MUNICIPAL","LOCATION_A":"WITHIN 3M","LOCATION_M":"DIGITIZED","DATA_SOURC":"MDEP GIS UNIT","GlobalID":"{DFF4091A-CD2C-4C85-9676-A68CB8D711FD}","Shape_Length":"1,513.41","Shape_Area":"98,413.16"},"id":346},{"type":"Feature","geometry":{"type":"Polygon","coordinates":[[[-70.18028284257261,44.04464704040827],[-70.18038415092141,44.04456556655417],[-70.18047162023167,44.04446537084156],[-70.18032876589763,44.04436816810893],[-70.1802150756814,44.0442579826541],[-70.18001526732688,44.0441301252884],[-70.17989324915243,44.04403240156775],[-70.1797022624179,44.04391682767659],[-70.1795891917294,44.043837568087525],[-70.17945014711904,44.04374620321007],[-70.17932972479582,44.043728886855696],[-70.17921016275123,44.04375486682961],[-70.17912600831596,44.04383616260272],[-70.17863104471613,44.04434853028752],[-70.17858707303995,44.04442394963468],[-70.17854393225646,44.04454153039673],[-70.17854477192513,44.044583688137244],[-70.17861110887742,44.04465328230338],[-70.17871622653375,44.0447131091945],[-70.17926639731851,44.04494168739261],[-70.17976136203347,44.04516591991218],[-70.17997746830709,44.04525029863415],[-70.17999240751064,44.04513878520783],[-70.18004152541046,44.04502073161848],[-70.18012457867434,44.0448837678995],[-70.18020052695374,44.04482111843678],[-70.18025001639988,44.044721620468316],[-70.18028284257261,44.04464704040827]]]},"properties":{"OBJECTID":"347","EGAD_SEQ":"","MAP_REFERENCE":"","FEATURE_NA":"CLOSED LANDFILL AREA","POLYGON_TY":"LF WASTE AREA","EGAD_SITE_SEQ":"32,844","SITE_DESCR":"LANDFILL SPECIAL WASTE","LOCATION_A":"WITHIN 30M","LOCATION_M":"CAD","DATA_SOURC":"WOODARD AND CURRAN","GlobalID":"{9AF8638C-6C2D-44C4-8FC2-B0AD2BB61082}","Shape_Length":"477.67","Shape_Area":"14,534.55"},"id":347},{"type":"Feature","geometry":{"type":"Polygon","coordinates":[[[-68.92471377828697,45.321046277881656],[-68.92463236817966,45.32097147099607],[-68.92454822147984,45.32091199526404],[-68.92443687728438,45.320873587308846],[-68.92432553834394,45.32083134464299],[-68.92415978746084,45.32084465222851],[-68.92405378182174,45.32087716603874],[-68.92393952154508,45.32098826205802],[-68.92393656144607,45.32117035162337],[-68.92408307792499,45.3213199554873],[-68.92427855187215,45.3214312572778],[-68.92453657833812,45.32149659741877],[-68.92476755970807,45.32146799925158],[-68.9249496656031,45.32141636628535],[-68.92496878852198,45.321337791950505],[-68.9250314028421,45.32124391224512],[-68.92499353400922,45.32111546501976],[-68.92482237865964,45.32110576868733],[-68.92471377828697,45.321046277881656]]]},"properties":{"OBJECTID":"348","EGAD_SEQ":"","MAP_REFERENCE":"","FEATURE_NA":"EST WASTE AREA","POLYGON_TY":"LF WASTE AREA","EGAD_SITE_SEQ":"29,566","SITE_DESCR":"LANDFILL MUNICIPAL","LOCATION_A":"WITHIN 3M","LOCATION_M":"DIGITIZED","DATA_SOURC":"MDEP GIS UNIT","GlobalID":"{016C6612-9FE0-454F-A1D2-611C9E6DFF4D}","Shape_Length":"251.37","Shape_Area":"4,301.12"},"id":348},{"type":"Feature","geometry":{"type":"Polygon","coordinates":[[[-68.27879303428666,46.02225140099671],[-68.27868371779132,46.02224594813028],[-68.27859379473371,46.02232634576889],[-68.27842146593332,46.022434800043605],[-68.27830868023905,46.02269603633593],[-68.27812187070211,46.02286631291054],[-68.27791442863318,46.023045984771514],[-68.27775409388028,46.02328310517628],[-68.27771071960277,46.023463813370064],[-68.27766112856398,46.02359685518685],[-68.27771414517656,46.02372578341731],[-68.27787691438033,46.02382682728313],[-68.2780956774289,46.02382820931868],[-68.2782127621058,46.02376227166309],[-68.27837105150581,46.02368230603781],[-68.27852915461098,46.02361662614511],[-68.27865941495854,46.02358887231437],[-68.27870906552731,46.02345106836451],[-68.27874454832866,46.023351275191835],[-68.27882881272636,46.02318035058628],[-68.27893247079341,46.023095276455585],[-68.27898802694608,46.02302894888435],[-68.2790373666594,46.02291495590215],[-68.2790459985361,46.02277689212442],[-68.27900043537645,46.02260038534221],[-68.27890720478858,46.02240928975907],[-68.27879303428666,46.02225140099671]]]},"properties":{"OBJECTID":"349","EGAD_SEQ":"","MAP_REFERENCE":"","FEATURE_NA":"EST WASTE AREA","POLYGON_TY":"LF WASTE AREA","EGAD_SITE_SEQ":"29,824","SITE_DESCR":"LANDFILL MUNICIPAL","LOCATION_A":"WITHIN 3M","LOCATION_M":"DIGITIZED","DATA_SOURC":"MDEP GIS UNIT","GlobalID":"{85967F47-E0A5-4436-B3FA-6DB3858DBA72}","Shape_Length":"441.37","Shape_Area":"10,565.94"},"id":349},{"type":"Feature","geometry":{"type":"Polygon","coordinates":[[[-69.43476893823058,44.13832202613999],[-69.43486539921734,44.138171773225686],[-69.43490301195983,44.137979589084274],[-69.434823381369,44.137764430077816],[-69.43465916993073,44.137544908430854],[-69.43452197371214,44.13746112176608],[-69.43431313071777,44.137363552302716],[-69.43416904964957,44.137228265578635],[-69.4340048421297,44.13700874295465],[-69.43377611365221,44.13685972583496],[-69.43350291910691,44.136856078398296],[-69.43328244240358,44.1369459113805],[-69.43311430234948,44.13707769891957],[-69.43300404875067,44.13712027204],[-69.43291439718827,44.13731265459417],[-69.43303940844045,44.13750890530646],[-69.43311923264437,44.13775216858885],[-69.43340763180669,44.13805552993869],[-69.43354537997479,44.13821426098029],[-69.43356605649022,44.13837343620923],[-69.43372355713394,44.13856488112272],[-69.43390621220266,44.13863912906631],[-69.43423141125794,44.13863789347363],[-69.4345168663185,44.13853844724821],[-69.43476893823058,44.13832202613999]]]},"properties":{"OBJECTID":"350","EGAD_SEQ":"","MAP_REFERENCE":"","FEATURE_NA":"WASTE AREA","POLYGON_TY":"LF WASTE AREA","EGAD_SITE_SEQ":"29,667","SITE_DESCR":"LANDFILL MUNICIPAL","LOCATION_A":"WITHIN 3M","LOCATION_M":"DIGITIZED","DATA_SOURC":"PINE TREE ENGINEERING","GlobalID":"{F3E46F07-F079-45D3-9464-0CC4999A82F6}","Shape_Length":"547.9","Shape_Area":"19,778.2"},"id":350},{"type":"Feature","geometry":{"type":"Polygon","coordinates":[[[-68.34589772840177,44.29392679702656],[-68.34585029717165,44.29396229625308],[-68.34589974472654,44.293994373618084],[-68.34594684384359,44.29398868240491],[-68.34598048525439,44.29394913114702],[-68.34599736834153,44.29392339451452],[-68.3460114668618,44.293899628005526],[-68.34601449778218,44.293875798130095],[-68.34599535190624,44.29385581792323],[-68.34596489963658,44.29385763053507],[-68.345942477746,44.293883335448484],[-68.34589772840177,44.29392679702656]]]},"properties":{"OBJECTID":"351","EGAD_SEQ":"","MAP_REFERENCE":"","FEATURE_NA":"WHITE GOODS PILE","POLYGON_TY":"LF WASTE AREA","EGAD_SITE_SEQ":"29,767","SITE_DESCR":"LANDFILL MUNICIPAL","LOCATION_A":"WITHIN 3M","LOCATION_M":"GPS MAPPING GRADE","DATA_SOURC":"MDEP GIS UNIT","GlobalID":"{32C87BB1-B018-4DEF-88CF-4A4BBAEB7599}","Shape_Length":"42.93","Shape_Area":"102.22"},"id":351},{"type":"Feature","geometry":{"type":"Polygon","coordinates":[[[-69.65424748634906,44.52916748928435],[-69.65423293452201,44.52908625068356],[-69.65420063143688,44.529044148410144],[-69.65413664683648,44.52901523913653],[-69.65405920031314,44.52900267113352],[-69.65393144725478,44.52896436802842],[-69.6538718627836,44.528922421862205],[-69.65384378052931,44.52885101955895],[-69.6537569133602,44.52880922951963],[-69.65362042998721,44.528803504464044],[-69.65346124812689,44.52880116268112],[-69.65326554451714,44.528786018030665],[-69.65312040398949,44.528819376545535],[-69.65302142366794,44.52891427604246],[-69.65301760256276,44.52897935564012],[-69.65294102973328,44.52904485028183],[-69.65285532690753,44.52910714529917],[-69.65285125251476,44.52914945590033],[-69.65287042186843,44.529237173605715],[-69.6529076705909,44.52931502906652],[-69.65297649369019,44.52936993446218],[-69.6530631781524,44.52939546192464],[-69.65322250704799,44.52941081496981],[-69.65330450072476,44.52942335842903],[-69.65336001125081,44.52950761460136],[-69.65342865190433,44.52954625655566],[-69.653492311918,44.52954589232135],[-69.65359663960136,44.52952252489285],[-69.65377812321876,44.52948570508008],[-69.65401457083492,44.529484351329494],[-69.65415098175195,44.529483570103544],[-69.65424159716041,44.52945377529908],[-69.65428619347462,44.52937545143232],[-69.65429397603911,44.529258302905944],[-69.65424748634906,44.52916748928435]]]},"properties":{"OBJECTID":"352","EGAD_SEQ":"","MAP_REFERENCE":"","FEATURE_NA":"EST WASTE BOUNDARY","POLYGON_TY":"LF WASTE AREA","EGAD_SITE_SEQ":"94,976","SITE_DESCR":"LANDFILL MUNICIPAL","LOCATION_A":"WITHIN 3M","LOCATION_M":"DIGITIZED","DATA_SOURC":"MDEP GIS UNIT","GlobalID":"{B46565B0-2077-4A02-8EDC-D1A7824F51A9}","Shape_Length":"327.35","Shape_Area":"7,031.33"},"id":352},{"type":"Feature","geometry":{"type":"Polygon","coordinates":[[[-68.9664241842319,45.30302349436613],[-68.965926747992,45.302929243219126],[-68.96592666344532,45.30307039941798],[-68.96631640429827,45.303146520543635],[-68.9664241842319,45.30302349436613]]]},"properties":{"OBJECTID":"353","EGAD_SEQ":"","MAP_REFERENCE":"","FEATURE_NA":"CELL 3","POLYGON_TY":"LF WASTE AREA","EGAD_SITE_SEQ":"35,122","SITE_DESCR":"LANDFILL MUNICIPAL","LOCATION_A":"WITHIN 3M","LOCATION_M":"CAD","DATA_SOURC":"CES ENGINEERS & SURVEYORS","GlobalID":"{91D00905-2056-4F49-B5F1-C5943D82C79E}","Shape_Length":"103.83","Shape_Area":"550.34"},"id":353},{"type":"Feature","geometry":{"type":"Polygon","coordinates":[[[-67.17898988177575,44.68546651480328],[-67.17887450599032,44.68560608464526],[-67.17884452805023,44.68580357847923],[-67.17884062973549,44.68592795694987],[-67.17889397689984,44.685996683950876],[-67.17896299615778,44.68607131978787],[-67.179024979439,44.68611755971871],[-67.17910387513281,44.68613013041904],[-67.17916763024552,44.68611983484533],[-67.17922381258332,44.68609810338928],[-67.17928070336039,44.68605376204986],[-67.17935468339773,44.68597009537798],[-67.17946811026707,44.6858927156588],[-67.17951743294925,44.685836937542724],[-67.17956781833189,44.68574723651554],[-67.17959371498326,44.685679773362025],[-67.17963493437111,44.68562952397884],[-67.17962949069108,44.68555024873707],[-67.1796314390524,44.68548805722126],[-67.17960943535255,44.68543114269542],[-67.17956294707376,44.68539646432226],[-67.17944496356786,44.685366301188246],[-67.17933436830207,44.685353222518536],[-67.17923891588863,44.68536301539409],[-67.17911141237914,44.68538360669579],[-67.17902264301887,44.6854330975002],[-67.17898988177575,44.68546651480328]]]},"properties":{"OBJECTID":"354","EGAD_SEQ":"","MAP_REFERENCE":"","FEATURE_NA":"WASTE BOUNDARY","POLYGON_TY":"LF WASTE AREA","EGAD_SITE_SEQ":"29,690","SITE_DESCR":"LANDFILL MUNICIPAL","LOCATION_A":"WITHIN 5M","LOCATION_M":"DIGITIZED","DATA_SOURC":"MDEP TECH SERVICES","GlobalID":"{5F22FC70-7C8B-4705-8423-A675BB9B499A}","Shape_Length":"236.65","Shape_Area":"3,941.18"},"id":354},{"type":"Feature","geometry":{"type":"Polygon","coordinates":[[[-68.79365505352811,47.2094776278646],[-68.79371533878418,47.209518925872395],[-68.79381108261526,47.20950880129395],[-68.7939826637284,47.209426731022404],[-68.79413437362912,47.209272542792206],[-68.79422079952501,47.20906675075459],[-68.79426685026507,47.20888148088511],[-68.79420205868199,47.20870287686687],[-68.79411709301047,47.20853110146804],[-68.7939968178918,47.208372992343605],[-68.79383100936072,47.20826628844605],[-68.79364987830452,47.20821447509892],[-68.79347338419579,47.20826564438482],[-68.79326133821137,47.20839226237309],[-68.79311475938205,47.20852243109957],[-68.79310897430466,47.20871463814271],[-68.79315841030773,47.208954999249634],[-68.79324856999823,47.20908559526138],[-68.79339439164201,47.209151074489945],[-68.79363534454986,47.209364321814675],[-68.79365505352811,47.2094776278646]]]},"properties":{"OBJECTID":"355","EGAD_SEQ":"","MAP_REFERENCE":"","FEATURE_NA":"WASTE AREA","POLYGON_TY":"LF WASTE AREA","EGAD_SITE_SEQ":"54,646","SITE_DESCR":"LANDFILL MUNICIPAL","LOCATION_A":"WITHIN 3M","LOCATION_M":"DIGITIZED","DATA_SOURC":"MDEP GIS UNIT","GlobalID":"{B06A45F5-1E96-461A-A240-8CE9791CD5A3}","Shape_Length":"361.82","Shape_Area":"8,649.79"},"id":355},{"type":"Feature","geometry":{"type":"Polygon","coordinates":[[[-68.34587186504137,44.294863461024505],[-68.34583589738324,44.294914112261296],[-68.34582358133302,44.294960659414144],[-68.34580536411725,44.2950071718684],[-68.3457808197564,44.29509178941459],[-68.34577168822695,44.295117163469484],[-68.34576831418583,44.29515528547718],[-68.34577386121556,44.295187102440984],[-68.34577610605923,44.29525068298392],[-68.34576940625304,44.29532269044866],[-68.34576591456911,44.2953714065452],[-68.34577750270367,44.29539054493107],[-68.34580365567935,44.2954267149327],[-68.34583570484452,44.295462921395846],[-68.34587080249553,44.29549066985614],[-68.34588526951059,44.295516178153854],[-68.34589060491778,44.29556706681372],[-68.34589900858725,44.295607374677864],[-68.34590175002776,44.29562645969026],[-68.34588975817579,44.29564334192244],[-68.345865853764,44.29567075249968],[-68.34584494447952,44.29569394249894],[-68.34584459165373,44.295725722968164],[-68.34584733053481,44.295744811568014],[-68.34585582706195,44.29577664181444],[-68.34587326823309,44.295800052333156],[-68.34589085058087,44.295810746880626],[-68.34592335065867,44.2958066952584],[-68.34595579993548,44.29580688106132],[-68.34597362122581,44.29579638923821],[-68.34600920802093,44.295779639388215],[-68.34602721741784,44.29575219773253],[-68.34603953472366,44.295705651471614],[-68.3460227049398,44.29562715224786],[-68.34601762431123,44.295552958913895],[-68.34601523935815,44.295502090753246],[-68.34605453280305,44.295417556700954],[-68.34609061686265,44.29535631490322],[-68.3461177315149,44.29530561561332],[-68.34611810773501,44.295271713260945],[-68.34610654301959,44.295250456630576],[-68.34612162137428,44.29522087886565],[-68.34615749490676,44.29517870515514],[-68.34618423202458,44.29516190459249],[-68.34623155141068,44.29515158156539],[-68.3462642353938,44.29513057999516],[-68.34628812090227,44.295105288536675],[-68.34627983582168,44.295054386611596],[-68.34624537295007,44.29496943035813],[-68.34619618458096,44.29488227139685],[-68.34615528630168,44.29484601437876],[-68.34607581904508,44.294828608572196],[-68.34600206860725,44.29482818634542],[-68.34593707204552,44.29483628964769],[-68.34587186504137,44.294863461024505]]]},"properties":{"OBJECTID":"356","EGAD_SEQ":"","MAP_REFERENCE":"","FEATURE_NA":"WOOD DEBRIS PILE","POLYGON_TY":"LF WASTE AREA","EGAD_SITE_SEQ":"29,767","SITE_DESCR":"LANDFILL COMMERCIAL","LOCATION_A":"WITHIN 3M","LOCATION_M":"GPS MAPPING GRADE","DATA_SOURC":"MDEP GIS UNIT","GlobalID":"{70F0D004-7A0E-400A-9B97-8038CE5E3917}","Shape_Length":"260.77","Shape_Area":"2,542.38"},"id":356},{"type":"Feature","geometry":{"type":"Polygon","coordinates":[[[-69.35853457135313,44.76764421740562],[-69.35842870234562,44.76725954586558],[-69.35849764240938,44.76725113648923],[-69.35827720119678,44.766932363791085],[-69.35824230224421,44.7668669419554],[-69.35820699203765,44.76673598738254],[-69.35798827457369,44.766695717240225],[-69.35741129095987,44.76636168382786],[-69.35688035683333,44.76603569027833],[-69.35681081791448,44.765945803565224],[-69.35664968898958,44.7659217341961],[-69.35655805704337,44.76597936495131],[-69.35633909177419,44.76589813646585],[-69.35638634326996,44.76610277598576],[-69.35641074926451,44.76633206304794],[-69.35612450076626,44.766529558973325],[-69.3562065516762,44.766783238061116],[-69.35625345101201,44.76693054037927],[-69.35634518550349,44.76688929553724],[-69.35651806436371,44.766954284597546],[-69.35670193620956,44.76693732447001],[-69.35688610677134,44.76696950934709],[-69.35713988126514,44.76709977505185],[-69.35735935729052,44.767262920374996],[-69.35746314399498,44.76731174089893],[-69.35761297870665,44.767368610134845],[-69.35776306148247,44.76746643703888],[-69.35808496709933,44.767457229779396],[-69.35816601422874,44.76754707960149],[-69.35853457135313,44.76764421740562]]]},"properties":{"OBJECTID":"357","EGAD_SEQ":"","MAP_REFERENCE":"","FEATURE_NA":"WASTE AREA","POLYGON_TY":"LF WASTE AREA","EGAD_SITE_SEQ":"29,462","SITE_DESCR":"LANDFILL MUNICIPAL","LOCATION_A":"WITHIN 30M","LOCATION_M":"CAD","DATA_SOURC":"JW SEWELL/KELLEY CONST EN","GlobalID":"{E2CEB82E-F515-4264-88E5-A9E26F24A018}","Shape_Length":"634.19","Shape_Area":"16,811.26"},"id":357},{"type":"Feature","geometry":{"type":"Polygon","coordinates":[[[-68.52320201956894,45.40517551909982],[-68.52309662593122,45.405130374191344],[-68.52296697445341,45.40511890522382],[-68.52288235973575,45.405118551809544],[-68.52281864778855,45.405148088935064],[-68.52277729684741,45.40520156207248],[-68.52273435495017,45.40527688458173],[-68.52271135551626,45.405328448688],[-68.52268240506552,45.40541674469227],[-68.52269341185483,45.40544957518922],[-68.52269310231168,45.40548633156688],[-68.52271552331787,45.405503313478725],[-68.52276484126007,45.40550848735926],[-68.52284698065161,45.405468098779174],[-68.52287261483745,45.40543840168718],[-68.52290393351126,45.4054037623209],[-68.52293652068583,45.40538601556586],[-68.52297887841004,45.40538023181624],[-68.52302402276008,45.40537843375749],[-68.52307633625212,45.40536275682048],[-68.52311315409473,45.405345028579795],[-68.52317122596291,45.405315467746135],[-68.52320670828173,45.40528879291743],[-68.52322962368191,45.40524716308542],[-68.52322295598636,45.40520143749865],[-68.52320201956894,45.40517551909982]]]},"properties":{"OBJECTID":"358","EGAD_SEQ":"","MAP_REFERENCE":"","FEATURE_NA":"EST WASTE AREA","POLYGON_TY":"LF WASTE AREA","EGAD_SITE_SEQ":"29,621","SITE_DESCR":"LANDFILL MUNICIPAL","LOCATION_A":"WITHIN 3M","LOCATION_M":"DIGITIZED","DATA_SOURC":"MDEP GIS UNIT","GlobalID":"{A74240F9-2AFF-445D-88FF-B9F49C283260}","Shape_Length":"136.02","Shape_Area":"1,119.38"},"id":358},{"type":"Feature","geometry":{"type":"Polygon","coordinates":[[[-68.45994273913875,44.168515328237305],[-68.45981718472783,44.16848735669901],[-68.45965617763115,44.16849712545265],[-68.45957412476216,44.168511478317406],[-68.45949495769898,44.168530057389205],[-68.45938645924208,44.168556921031495],[-68.45933046700509,44.168600880828066],[-68.45931520433217,44.168670303643005],[-68.45928777633739,44.16879021212081],[-68.45928377214472,44.1689081247033],[-68.45937631737932,44.169026495126126],[-68.45950102655992,44.16914712260633],[-68.45964989086367,44.169185734024644],[-68.45986916443505,44.16920361870664],[-68.46004780510616,44.169185509576465],[-68.46013311220098,44.169135370401726],[-68.46012496805591,44.169065836870395],[-68.46018122779483,44.16899239506895],[-68.4601622660796,44.168825936546604],[-68.46010217106578,44.168678238134596],[-68.46006198024234,44.16859381034463],[-68.45994273913875,44.168515328237305]]]},"properties":{"OBJECTID":"359","EGAD_SEQ":"","MAP_REFERENCE":"","FEATURE_NA":"EST WASTE AREA","POLYGON_TY":"LF WASTE AREA","EGAD_SITE_SEQ":"29,808","SITE_DESCR":"LANDFILL MUNICIPAL","LOCATION_A":"WITHIN 3M","LOCATION_M":"DIGITIZED","DATA_SOURC":"MDEP GIS UNIT","GlobalID":"{2D10EF12-180D-48ED-8BEF-B7189C4813C8}","Shape_Length":"247.89","Shape_Area":"4,604.67"},"id":359},{"type":"Feature","geometry":{"type":"Polygon","coordinates":[[[-69.65661301695742,44.70291476287696],[-69.65728794001346,44.70281555227672],[-69.65724941638013,44.70226331877073],[-69.65655591592828,44.70230183559459],[-69.65661301695742,44.70291476287696]]]},"properties":{"OBJECTID":"360","EGAD_SEQ":"","MAP_REFERENCE":"","FEATURE_NA":"SLASHER RECLAIM AREA","POLYGON_TY":"LF WASTE AREA","EGAD_SITE_SEQ":"30,714","SITE_DESCR":"LANDFILL SPECIAL WASTE","LOCATION_A":"WITHIN 3M","LOCATION_M":"DIGITIZED","DATA_SOURC":"MDEP GIS UNIT","GlobalID":"{41ADCD0B-DA03-485A-A536-6105F8FF4730}","Shape_Length":"239.36","Shape_Area":"3,537"},"id":360},{"type":"Feature","geometry":{"type":"Polygon","coordinates":[[[-69.40443441925237,44.26328950792986],[-69.40441465912069,44.26326131179105],[-69.40439508676059,44.26324862460495],[-69.40438821202046,44.263240887379375],[-69.4043593939037,44.263210313169395],[-69.40434680999215,44.2631704065067],[-69.40432401046006,44.26314109842493],[-69.40431711951494,44.263129531338265],[-69.40428158244191,44.263069876603375],[-69.40424948392564,44.26301599327276],[-69.40421984348893,44.262971063809765],[-69.40420270328306,44.262947445435756],[-69.4042014800569,44.26292269396956],[-69.40418990305724,44.262913976728164],[-69.40418896585176,44.26289878733114],[-69.40417693562202,44.26288499214903],[-69.40416191899676,44.26286777285321],[-69.40414468595372,44.26283297296148],[-69.4041328340329,44.26281063861373],[-69.40412016736198,44.26278751127389],[-69.4041071438154,44.26275489863965],[-69.4040954388443,44.26273828343061],[-69.4040764050158,44.262711267667186],[-69.4040283512455,44.26267444574473],[-69.40401402525124,44.262661649904985],[-69.40393512795086,44.26259513949969],[-69.40386698447108,44.26257465892993],[-69.4037221357722,44.26252910754198],[-69.40366914846616,44.262514212822985],[-69.40365072982917,44.26251096837288],[-69.40361862517037,44.26250531443424],[-69.40360858204559,44.262491873194115],[-69.4035498683619,44.26245869446992],[-69.40346612329418,44.26243557505101],[-69.40339807744891,44.262433352122706],[-69.4033389551657,44.26242119334679],[-69.40328397918783,44.26239850789422],[-69.40325974142647,44.2623885063984],[-69.40325105669103,44.2623789478655],[-69.40318888402768,44.2624346335624],[-69.40312034784628,44.26247560542409],[-69.4030935563279,44.262502749751135],[-69.40309830118592,44.26253984734563],[-69.40308779180252,44.26256907965023],[-69.40306771921912,44.26259972227035],[-69.40305585168241,44.262636646201976],[-69.4030586033311,44.26267595118521],[-69.40305292008345,44.262685606344554],[-69.40305271307537,44.26270151643469],[-69.4030696917735,44.26270744268054],[-69.4030917599138,44.262723153528746],[-69.40311941989128,44.26272316485859],[-69.40312164169156,44.2627309437901],[-69.40312992953945,44.26273228571273],[-69.40315843964036,44.2627465153133],[-69.40317568436843,44.26275726716075],[-69.4031908078921,44.26276451078609],[-69.40323236418679,44.26281473278669],[-69.403238825998,44.26283466982597],[-69.40320678977716,44.26283464966372],[-69.40318340695853,44.26282841382803],[-69.4031784741145,44.26284007853529],[-69.40318839926589,44.262860827136166],[-69.40322250377996,44.26288502050025],[-69.4032334874686,44.26290941611327],[-69.40324142261397,44.26294346479523],[-69.40326860197666,44.26293858190556],[-69.40329760350203,44.262961450901045],[-69.40330760343966,44.262987631691104],[-69.4033118865849,44.26298209227339],[-69.40332467358155,44.26299225752982],[-69.4033720879564,44.26300375541404],[-69.40338403941641,44.26302052918068],[-69.40341467262984,44.2630137803237],[-69.40344331839357,44.26302638341544],[-69.40344039405367,44.26301609150867],[-69.40345619165284,44.263012703670825],[-69.40346756190853,44.26301575157115],[-69.40347794025638,44.2630106056612],[-69.40352793451935,44.26302617096701],[-69.40356726328713,44.26304427769037],[-69.40362105771851,44.26304157216538],[-69.40363595288,44.263056985941304],[-69.40364532277596,44.26306668337124],[-69.40368134169422,44.26307583017247],[-69.40368977176009,44.263080003923605],[-69.40370502027848,44.26308718401709],[-69.40373795026976,44.26310116917326],[-69.40378241950012,44.26311323098609],[-69.40380587988362,44.263121438101095],[-69.40383464131723,44.26312547964826],[-69.40384188248736,44.26313258539565],[-69.40386819712573,44.2631289388437],[-69.40389628614662,44.263137972264545],[-69.40391174150423,44.26315138533779],[-69.40391751810468,44.26315025483133],[-69.40392903689187,44.263155409783536],[-69.40397696833266,44.263176515485],[-69.40399254723465,44.26318326762518],[-69.40400469292794,44.26318702847506],[-69.40404309111179,44.26319891899149],[-69.40406033358914,44.263208750596775],[-69.40406955041045,44.263212365145975],[-69.40410699069344,44.26322341273887],[-69.4041279617155,44.26324752084618],[-69.40412912588475,44.26325414570185],[-69.40411796736562,44.26326244911305],[-69.40410602296856,44.26326814170661],[-69.40412280189969,44.263273946059975],[-69.40414059919229,44.26328630465781],[-69.40416690125844,44.263303673091215],[-69.40418770530482,44.263315654617614],[-69.40422938819471,44.26332804122295],[-69.4042559053339,44.26333254526164],[-69.40429248459641,44.26334426116882],[-69.40430504760864,44.26334711840021],[-69.40432955286256,44.26335018364648],[-69.40434516499437,44.2633515355682],[-69.404370982377,44.26334150026835],[-69.40439381825514,44.26332437568194],[-69.40442080611133,44.263306349587275],[-69.40443441925237,44.26328950792986]]]},"properties":{"OBJECTID":"361","EGAD_SEQ":"","MAP_REFERENCE":"","FEATURE_NA":"WASTE AREA","POLYGON_TY":"LF WASTE AREA","EGAD_SITE_SEQ":"29,615","SITE_DESCR":"LANDFILL MUNICIPAL","LOCATION_A":"WITHIN 1M","LOCATION_M":"GPS MAPPING GRADE","DATA_SOURC":"MDEP UNCONTROLLED SITES DIV","GlobalID":"{1E3AB926-79F9-4207-9344-1C764DAF65EA}","Shape_Length":"354.56","Shape_Area":"5,555.38"},"id":361},{"type":"Feature","geometry":{"type":"Polygon","coordinates":[[[-68.34244938242956,44.250014085688974],[-68.34243808289774,44.249947330186444],[-68.34237978716716,44.24985240173266],[-68.3423631164518,44.249813667157134],[-68.3422783194701,44.24971177703277],[-68.34215051476195,44.24958240839775],[-68.34210129685775,44.24953805837207],[-68.34200710704752,44.24951488656927],[-68.341869833178,44.24949006379042],[-68.34171921423867,44.24950538349276],[-68.34160025061422,44.24951847262288],[-68.34153289863448,44.24955036952059],[-68.3414542439498,44.24958762378579],[-68.34137655376949,44.249624416296726],[-68.34125919551983,44.249716625465275],[-68.34120025030823,44.249802039153046],[-68.34116817948455,44.24985425943015],[-68.34114324231732,44.24991205144702],[-68.34113975276345,44.24998867650533],[-68.34113763858211,44.25003511400111],[-68.34113574443462,44.25007676401712],[-68.34113297537318,44.250137543272885],[-68.3411308106302,44.25018514277577],[-68.34116689655737,44.25023913722181],[-68.34120573746236,44.25027344786399],[-68.34129760392088,44.25035459318568],[-68.34140498559798,44.25041434919337],[-68.34145947693786,44.250444673376],[-68.34152052117209,44.25047864194769],[-68.34159561038649,44.2505118343447],[-68.34167790598617,44.25052827024213],[-68.34177212584488,44.25054708408601],[-68.34184078514369,44.25056079797995],[-68.34189274372753,44.25055757532241],[-68.34193785129108,44.25055217133706],[-68.34198876382338,44.25052514561992],[-68.3420330196149,44.2505016530668],[-68.34208553358258,44.25047377403358],[-68.34215590703944,44.250436413129286],[-68.34220937851524,44.250396225114535],[-68.34226962779384,44.250342976591746],[-68.3423216676845,44.25028253411215],[-68.34235215909952,44.25022315596134],[-68.34239599578068,44.25015552045938],[-68.34243653032634,44.250086674821304],[-68.34244938242956,44.250014085688974]]]},"properties":{"OBJECTID":"362","EGAD_SEQ":"","MAP_REFERENCE":"","FEATURE_NA":"WASTE BOUNDARY","POLYGON_TY":"LF WASTE AREA","EGAD_SITE_SEQ":"27,533","SITE_DESCR":"LANDFILL MUNICIPAL","LOCATION_A":"WITHIN 5M","LOCATION_M":"CAD","DATA_SOURC":"CES ENGINEERS & SURVEYORS","GlobalID":"{DAE9AA5D-4E5F-4F77-8D64-46FA8D04AB11}","Shape_Length":"346.84","Shape_Area":"9,321.5"},"id":362},{"type":"Feature","geometry":{"type":"Polygon","coordinates":[[[-68.7248970828219,45.67538868772477],[-68.72516104795714,45.67545841184905],[-68.72554605537859,45.675509583798075],[-68.72590868157371,45.67555756035608],[-68.72607909567654,45.67552028425974],[-68.72615564893115,45.67543881736014],[-68.72619185409066,45.67536353451802],[-68.72619665410801,45.67529759760554],[-68.72636277120925,45.67522262597655],[-68.72650158019206,45.675235519958974],[-68.72663149103018,45.675235830878705],[-68.72677516184919,45.67517022614105],[-68.72697731242948,45.67505451367364],[-68.72704964361169,45.67491965016232],[-68.7270507733441,45.67468726228324],[-68.72697535244525,45.674536343715104],[-68.72689987085981,45.67439798475303],[-68.72680189992803,45.67427841526989],[-68.72657376108633,45.67421192107105],[-68.72619337774672,45.67413250004233],[-68.72589767714577,45.67414121218777],[-68.72561090624119,45.67415622581746],[-68.72547208606454,45.6741464711246],[-68.72540024228893,45.674180842883175],[-68.7253015848365,45.674202588523016],[-68.72519404366888,45.67420861070249],[-68.72509960302186,45.67428375403393],[-68.72505009538186,45.674330740919295],[-68.72495599406201,45.67433679521827],[-68.72484383319778,45.67437106955814],[-68.72476298462246,45.67441483953083],[-68.72473584518578,45.674468160967],[-68.72467268389312,45.67455908040699],[-68.72465859819013,45.67469094420992],[-68.72469405035112,45.67476953967301],[-68.72471143002672,45.67487949558887],[-68.72470665781499,45.67493915170896],[-68.72467066653971,45.674970468988136],[-68.7246477766784,45.67507090665329],[-68.72464740705098,45.67514627538404],[-68.72465590309818,45.67524050788591],[-68.7247182953282,45.6753066066546],[-68.72480310156925,45.67536961898001],[-68.7248970828219,45.67538868772477]]]},"properties":{"OBJECTID":"363","EGAD_SEQ":"","MAP_REFERENCE":"","FEATURE_NA":"EST WASTE AREA","POLYGON_TY":"LF WASTE AREA","EGAD_SITE_SEQ":"29,636","SITE_DESCR":"LANDFILL MUNICIPAL","LOCATION_A":"WITHIN 3M","LOCATION_M":"DIGITIZED","DATA_SOURC":"MDEP GIS UNIT","GlobalID":"{B74F545E-88D4-4F44-B47A-4671E5F89088}","Shape_Length":"576.75","Shape_Area":"23,097.97"},"id":363},{"type":"Feature","geometry":{"type":"Polygon","coordinates":[[[-68.87888370224003,44.47149719854372],[-68.87896198524659,44.471355131466275],[-68.87908983596408,44.47124357676868],[-68.87918915829003,44.47121322190719],[-68.87926022607896,44.47113206509989],[-68.87931006497278,44.47103058188083],[-68.87936010239191,44.470832638712785],[-68.87940303931109,44.4706397628787],[-68.87943859363065,44.4705890329123],[-68.87941737552215,44.47056362631456],[-68.87938194792564,44.47055343468849],[-68.87925431907522,44.470558377402],[-68.8790132616937,44.470558122322856],[-68.8785878119262,44.47058305418412],[-68.8783183217984,44.47061830493203],[-68.87819766251555,44.47067909804828],[-68.87809100654307,44.47082621460067],[-68.87794895418526,44.47094790633346],[-68.87784253132658,44.470983330084145],[-68.87770059468983,44.47104917657334],[-68.87762955667256,44.471115098863734],[-68.8776222016873,44.47124201377107],[-68.87765032874418,44.471353734008815],[-68.877664232611,44.47148574564142],[-68.87762858073597,44.4715821666751],[-68.87756450068109,44.47170902078199],[-68.87759956915475,44.47189182348728],[-68.87762055733094,44.4720289193627],[-68.87766298119693,44.47208481255477],[-68.87777635830773,44.4721153947824],[-68.87802449083038,44.47212581334497],[-68.87825135627946,44.47213620960231],[-68.87844989007743,44.47213134438728],[-68.87870518503041,44.472106231582515],[-68.87886829276889,44.47209117379754],[-68.87899599842319,44.47205069228705],[-68.87901741615502,44.47197963995247],[-68.87903885355051,44.47189843341602],[-68.87902488356605,44.47179688274373],[-68.87895418191236,44.471700348620104],[-68.87889052958104,44.47162412946205],[-68.87888370224003,44.47149719854372]]]},"properties":{"OBJECTID":"364","EGAD_SEQ":"","MAP_REFERENCE":"","FEATURE_NA":"SOLID WASTE AREA","POLYGON_TY":"LF WASTE AREA","EGAD_SITE_SEQ":"35,551","SITE_DESCR":"LANDFILL COMMERCIAL","LOCATION_A":"WITHIN 30M","LOCATION_M":"CAD","DATA_SOURC":"SEVEE & MAHER ENGINEERS","GlobalID":"{3777D266-5AA6-48DB-80C2-BFCDB2798935}","Shape_Length":"568.73","Shape_Area":"18,582.49"},"id":364},{"type":"Feature","geometry":{"type":"Polygon","coordinates":[[[-67.78587942848793,45.55780711130251],[-67.78585635858826,45.557749960331336],[-67.78583289043715,45.557711300545265],[-67.78577221346818,45.55770781028064],[-67.78568092163091,45.55771537547432],[-67.78561073382035,45.55768333158793],[-67.78552217078824,45.55765820493324],[-67.78541529510161,45.557637150890734],[-67.7853481159745,45.55765350885273],[-67.78531900526154,45.557688765250234],[-67.7852577753642,45.55771087601099],[-67.78522265141974,45.557743222289304],[-67.78520547366894,45.557788564367215],[-67.78520596632315,45.55785970065823],[-67.78520565978371,45.557873924508236],[-67.78525894443831,45.5579385087085],[-67.78531876470062,45.55798182442276],[-67.7854072655885,45.5580097949147],[-67.78549239277659,45.558006432703515],[-67.78573767866136,45.557994814391414],[-67.78578228282026,45.55799244332754],[-67.78584989113484,45.55795617297942],[-67.78588326532667,45.55791100387099],[-67.78587942848793,45.55780711130251]]]},"properties":{"OBJECTID":"365","EGAD_SEQ":"","MAP_REFERENCE":"","FEATURE_NA":"EST WASTE AREA","POLYGON_TY":"LF WASTE AREA","EGAD_SITE_SEQ":"29,684","SITE_DESCR":"LANDFILL MUNICIPAL","LOCATION_A":"WITHIN 3M","LOCATION_M":"DIGITIZED","DATA_SOURC":"MDEP GIS UNIT","GlobalID":"{29444E09-EE3F-4047-8AF9-46FC1E11044B}","Shape_Length":"156.27","Shape_Area":"1,717.52"},"id":365},{"type":"Feature","geometry":{"type":"Polygon","coordinates":[[[-69.43447720877117,44.13933954997257],[-69.4341013474045,44.13952833799442],[-69.43401899347245,44.139828422376674],[-69.43515139183401,44.139917793857734],[-69.43527115110106,44.139397420594456],[-69.43447720877117,44.13933954997257]]]},"properties":{"OBJECTID":"366","EGAD_SEQ":"","MAP_REFERENCE":"","FEATURE_NA":"PHASE 2","POLYGON_TY":"LF WASTE AREA","EGAD_SITE_SEQ":"29,667","SITE_DESCR":"LANDFILL MUNICIPAL","LOCATION_A":"WITHIN 3M","LOCATION_M":"DIGITIZED","DATA_SOURC":"PINE TREE ENGINEERING","GlobalID":"{EE0ADF22-5BFF-40BD-9BAF-3B97B83D2FDF}","Shape_Length":"284.17","Shape_Area":"4,939.11"},"id":366},{"type":"Feature","geometry":{"type":"Polygon","coordinates":[[[-67.90580403508127,46.858608764384684],[-67.90546160527845,46.858699986208826],[-67.9053035319149,46.85888278670486],[-67.90516974699756,46.8590580017947],[-67.90513809384561,46.859475942619376],[-67.90498835936384,46.85962804283291],[-67.90501887067667,46.86002540072577],[-67.90550875879441,46.86015835386233],[-67.90637830711024,46.86027579289174],[-67.90692753874113,46.86034819321515],[-67.90758679705448,46.860425838235535],[-67.90872247468594,46.86054579549565],[-67.9094008628704,46.860585839666115],[-67.90957861676728,46.86057074541218],[-67.90966060705122,46.86014761717071],[-67.90971056740783,46.859795531231114],[-67.90991678014699,46.85958344117375],[-67.90994082642885,46.85930246299281],[-67.90994804585122,46.85894577537107],[-67.90992943333879,46.85865599833969],[-67.9097833376898,46.85848505498204],[-67.9091588023829,46.85864026124709],[-67.90854085153677,46.85863856742573],[-67.90758040728521,46.85862940477382],[-67.90694979584386,46.85864856740831],[-67.90638995382238,46.858640834943856],[-67.90580403508127,46.858608764384684]]]},"properties":{"OBJECTID":"367","EGAD_SEQ":"","MAP_REFERENCE":"","FEATURE_NA":"OLD UNLINED LANDFILL","POLYGON_TY":"LF WASTE AREA","EGAD_SITE_SEQ":"29,884","SITE_DESCR":"LANDFILL MUNICIPAL","LOCATION_A":"WITHIN 10M","LOCATION_M":"DIGITIZED","DATA_SOURC":"CES ENGINEERS & SURVEYORS","GlobalID":"{2BB2FC01-D1E2-4A87-8B9B-9815DF4E953D}","Shape_Length":"1,086.07","Shape_Area":"69,653.89"},"id":367},{"type":"Feature","geometry":{"type":"Polygon","coordinates":[[[-67.41074696462647,44.68112647896185],[-67.41077106009408,44.68110008174308],[-67.41078372454947,44.68108532484963],[-67.41078382337493,44.681056145879026],[-67.4107868584463,44.68102336630964],[-67.4107798542185,44.68099101685965],[-67.41076979061886,44.68097743081942],[-67.4107555595945,44.68095022107177],[-67.41075206105552,44.68092353340449],[-67.41074882932037,44.68089913245665],[-67.41073572907914,44.68087297732113],[-67.41071786405682,44.68084959971789],[-67.4107075934945,44.68081935816997],[-67.41069853642817,44.680790929488715],[-67.4106804969798,44.68076641064908],[-67.41064977551376,44.680743173665235],[-67.4106342584579,44.68071560841075],[-67.4106299424524,44.68070589687019],[-67.41058604658801,44.68068067780539],[-67.41053371376836,44.68068233494325],[-67.41049724929941,44.68069474125669],[-67.4104784267947,44.68070125802725],[-67.41047068163887,44.6807065732454],[-67.41045451735145,44.680713795895166],[-67.41040385156806,44.68072707035924],[-67.41036631643033,44.6807379304185],[-67.41032936160408,44.68075234638675],[-67.41028465627343,44.68075778617961],[-67.41023538393496,44.68076527612852],[-67.41019830257464,44.680771399991386],[-67.41015841808873,44.680777456004],[-67.41011805115596,44.68078758696861],[-67.41007374024427,44.680793367059714],[-67.41002642185185,44.68080322834881],[-67.40999052315709,44.68081362674336],[-67.4099556052259,44.68082396586507],[-67.409921079129,44.68083289615732],[-67.40987117247215,44.680834234784605],[-67.40982777202856,44.6808491180732],[-67.40978761901691,44.680852948426526],[-67.4097352935848,44.68085654261535],[-67.40968800795771,44.68085902316079],[-67.40964819269941,44.68086932368579],[-67.40960427000638,44.680880602260125],[-67.40956140676259,44.68089761479311],[-67.40952436151193,44.68091112810144],[-67.40948253785227,44.68091952179369],[-67.40944340575373,44.68093321216084],[-67.4093933994254,44.680949485055685],[-67.40934716484142,44.68096888388893],[-67.40931158837964,44.68098340605215],[-67.40926382326377,44.681002986082845],[-67.40921303450195,44.681022255696135],[-67.40916527816083,44.68104059077718],[-67.40911769428891,44.68105999952556],[-67.40905930431171,44.681082588570945],[-67.40901174355177,44.68110912478889],[-67.40896428311335,44.681137525879436],[-67.40891700217144,44.68116282542742],[-67.40885661195118,44.68117675320408],[-67.4088091053884,44.6812052211049],[-67.40876206090849,44.68123644295471],[-67.40871884218797,44.68126734180308],[-67.40866693277553,44.68129660261026],[-67.40864241847083,44.681341991288164],[-67.40866430895656,44.68138524137639],[-67.4087282743498,44.681403704610545],[-67.40879513013344,44.68140213636222],[-67.40884917847926,44.68140365836584],[-67.40884999612167,44.681403243947024],[-67.4088499859967,44.68140315288181],[-67.40884971189936,44.681402978916985],[-67.40884943060323,44.681403021809416],[-67.40884884686808,44.68140360333132],[-67.40884703023939,44.681403405169924],[-67.40884943060323,44.681403021809416],[-67.40884957059619,44.681402886023726],[-67.40884954576379,44.68140287127385],[-67.40884967186236,44.68140278210699],[-67.40884957059619,44.681402886023726],[-67.40884971189936,44.681402978916985],[-67.40884996796892,44.681402935673006],[-67.4088499859967,44.68140315288181],[-67.40885010011728,44.681403224690754],[-67.40888533505293,44.68140146780232],[-67.40894442811177,44.68139556917134],[-67.40899861976632,44.68139743339144],[-67.40907387341011,44.68140561815361],[-67.40913980893934,44.681396642318575],[-67.40918660064669,44.681386315838665],[-67.4092433949623,44.68139981398196],[-67.40929823310275,44.68142328469845],[-67.40935697755762,44.68143689997739],[-67.40940865367119,44.68145193366317],[-67.40943537446009,44.681477959102615],[-67.40945215140198,44.681500832017036],[-67.40950077916922,44.68151825924348],[-67.40955172124612,44.68153157848717],[-67.40961077349591,44.681539208633254],[-67.40966001403952,44.68151533866556],[-67.40971533096683,44.681493376291314],[-67.40977405971157,44.681502868042486],[-67.40983548798336,44.68150662322686],[-67.40988952260105,44.68149739839476],[-67.40994989408564,44.681502192079925],[-67.41000765806008,44.681500827798324],[-67.41006527070007,44.68149088120313],[-67.4101195452089,44.68145480367529],[-67.4101617989287,44.68141856774783],[-67.41022473786973,44.68141354572217],[-67.41029415181073,44.68140849948156],[-67.41036611745074,44.68141317529461],[-67.41043001497103,44.681417763048096],[-67.41050265333156,44.681429907520105],[-67.41057313763118,44.68142932409067],[-67.4106375287232,44.68140714369264],[-67.41068784347299,44.6813802400244],[-67.4107323128568,44.681337854585394],[-67.4107442982048,44.681289239260344],[-67.41075006533353,44.6812587132082],[-67.41076299950494,44.681215589941274],[-67.41075744185201,44.681167484837786],[-67.41074526416689,44.681132553512235],[-67.41074696462647,44.68112647896185]]]},"properties":{"OBJECTID":"368","EGAD_SEQ":"","MAP_REFERENCE":"","FEATURE_NA":"LANDFILL","POLYGON_TY":"LF WASTE AREA","EGAD_SITE_SEQ":"29,703","SITE_DESCR":"LANDFILL MUNICIPAL","LOCATION_A":"WITHIN 1M","LOCATION_M":"GPS MAPPING GRADE","DATA_SOURC":"MDEP GIS UNIT","GlobalID":"{062D4952-A849-4C66-916F-8E53745E3457}","Shape_Length":"439.56","Shape_Area":"9,766.37"},"id":368},{"type":"Feature","geometry":{"type":"Polygon","coordinates":[[[-70.18301946708908,44.044843976912205],[-70.1831332335675,44.044788620048784],[-70.18313278588002,44.04476631792742],[-70.18311410384305,44.04471552530231],[-70.18306764817994,44.04460128721721],[-70.18305294009868,44.04452814666784],[-70.18305122410986,44.044442122796],[-70.18304093003657,44.04436893383155],[-70.18300299318815,44.04423867332319],[-70.18295282162303,44.044159525598175],[-70.18290366099525,44.044131356192565],[-70.18281140708957,44.04413214393258],[-70.18271827837145,44.04413965267049],[-70.18253333062702,44.044170249305665],[-70.18241868108693,44.0441809975949],[-70.18233942922276,44.04419456571949],[-70.18210217788717,44.04426076120111],[-70.18192632333842,44.044304010639024],[-70.18176403349206,44.044363052758136],[-70.18161076878928,44.04443155928017],[-70.18153213217808,44.04449801800404],[-70.18146513056756,44.04457913808523],[-70.18141576621797,44.044684821505435],[-70.18139299147585,44.04483353616255],[-70.18136898721741,44.044920397746615],[-70.18139717167315,44.045043842346274],[-70.1814676165785,44.04513591340065],[-70.18157236707101,44.04522762779787],[-70.1816507736798,44.04528868440194],[-70.18178847237886,44.04531200580105],[-70.18189113150986,44.045298571340645],[-70.18203605326524,44.045253766621556],[-70.18227406952352,44.0451461298472],[-70.18255508927811,44.04504423455408],[-70.18294084853538,44.04488940273318],[-70.18301946708908,44.044843976912205]]]},"properties":{"OBJECTID":"369","EGAD_SEQ":"","MAP_REFERENCE":"","FEATURE_NA":"WASTE AREA","POLYGON_TY":"LF WASTE AREA","EGAD_SITE_SEQ":"32,844","SITE_DESCR":"LANDFILL SPECIAL WASTE","LOCATION_A":"WITHIN 30M","LOCATION_M":"CAD","DATA_SOURC":"WOODARD AND CURRAN","GlobalID":"{B5E068DE-DABE-4E69-91B0-CE62990DB3E3}","Shape_Length":"428.67","Shape_Area":"12,603.69"},"id":369},{"type":"Feature","geometry":{"type":"Polygon","coordinates":[[[-69.09969287892478,44.555054496035034],[-69.09972598014325,44.554930606212096],[-69.0996992153532,44.554863934472486],[-69.0996191745687,44.55481160178825],[-69.09951904056491,44.55469735564244],[-69.09934567443551,44.55461651978562],[-69.09911240219017,44.554569083222404],[-69.09890587107049,44.55457402645786],[-69.09873936248732,44.554607518087444],[-69.09855296243033,44.55469819336261],[-69.09845319090716,44.55479832117514],[-69.09843346007344,44.55495078336963],[-69.09847361383558,44.55505555380697],[-69.09860044444164,44.55519836207639],[-69.0988405834727,44.5553648913624],[-69.09910724316136,44.555455173642386],[-69.09920049044322,44.55543603771682],[-69.0995398891985,44.55520231136293],[-69.09969287892478,44.555054496035034]]]},"properties":{"OBJECTID":"370","EGAD_SEQ":"","MAP_REFERENCE":"","FEATURE_NA":"EST WASTE AREA","POLYGON_TY":"LF WASTE AREA","EGAD_SITE_SEQ":"29,404","SITE_DESCR":"LANDFILL MUNICIPAL","LOCATION_A":"WITHIN 3M","LOCATION_M":"DIGITIZED","DATA_SOURC":"MDEP GIS UNIT","GlobalID":"{34D5D189-4171-4899-9BAB-540E3345E57C}","Shape_Length":"306.14","Shape_Area":"7,112.33"},"id":370},{"type":"Feature","geometry":{"type":"Polygon","coordinates":[[[-68.03580757418457,46.60150677573447],[-68.03580988842427,46.601501297467294],[-68.0358179340867,46.60149739381623],[-68.03582463725985,46.60149453448678],[-68.03582753205912,46.60149232071841],[-68.03582693346354,46.601489631133006],[-68.03582378547628,46.60148396373637],[-68.0358217923352,46.60147929151448],[-68.03582184474446,46.601476337432054],[-68.03582306928968,46.60147303595009],[-68.03582389539574,46.601470629256475],[-68.03582599974024,46.6014690333887],[-68.03582615307613,46.601467602866286],[-68.03582410622082,46.60146588471585],[-68.03582053497952,46.60146236372382],[-68.03581504191963,46.601457215629594],[-68.0358132636474,46.601454783385336],[-68.0358120839474,46.60145121505405],[-68.03581215789252,46.60144704712537],[-68.03581263214613,46.601442173412856],[-68.03581440204339,46.60143668785771],[-68.03581497936594,46.60143314333487],[-68.03581452167705,46.601429944667366],[-68.03581292173227,46.60142585082511],[-68.03580990403212,46.60142174503327],[-68.03580571391704,46.60141851760678],[-68.03580217453128,46.60141511477559],[-68.03580015065252,46.60141305843854],[-68.03579593852406,46.60141107185229],[-68.03579159220052,46.60140943691379],[-68.03577941510092,46.60140658584005],[-68.03577058271543,46.60140375935736],[-68.03574969140696,46.60139723504366],[-68.03573199546334,46.6013952526918],[-68.03571076987498,46.60139263042093],[-68.03568864966758,46.60139060986861],[-68.03559949785216,46.60139444085074],[-68.0355409974579,46.60139455782136],[-68.03551664984681,46.60139282713846],[-68.03550161840485,46.60139086721555],[-68.03548841139893,46.60138586825473],[-68.0354782682635,46.60138303429788],[-68.03546855686042,46.60138081414399],[-68.03545834330022,46.60138194835547],[-68.03545522518347,46.60138284001019],[-68.035457387708,46.601385911762016],[-68.03546037568726,46.60139235267367],[-68.03545934573583,46.601400285117116],[-68.03545522323742,46.60140788910343],[-68.03545206722256,46.60141091601146],[-68.03544937392421,46.60141303157532],[-68.03544705293285,46.60141881486026],[-68.03544206851389,46.60142488346956],[-68.03543804231526,46.60142698779451],[-68.03543435283048,46.6014263051244],[-68.03543253424232,46.601423717743494],[-68.03543129206652,46.60141837418703],[-68.03542803022349,46.601406765272834],[-68.03542287021874,46.60139697894406],[-68.03541818546695,46.60139050392558],[-68.03541214367476,46.60138530438779],[-68.0354039347751,46.601381926067134],[-68.03539859467092,46.601382066427966],[-68.03539136557805,46.601383659572925],[-68.03538307187377,46.60138505925136],[-68.03537837653181,46.60138440409568],[-68.03537350722314,46.60138295731989],[-68.03536797849227,46.60137886544043],[-68.03536273498248,46.60137385802038],[-68.03535833544906,46.601366100280934],[-68.03535639284205,46.60135542043435],[-68.03534476469827,46.601319290323204],[-68.0353464226885,46.6013159925013],[-68.03535204278447,46.601314936558545],[-68.03536139260339,46.60131428194417],[-68.03537232797781,46.60131418966629],[-68.03538325093032,46.60131501792787],[-68.0353904441596,46.60131544486083],[-68.03539554466646,46.60131364927842],[-68.03539104529507,46.60131159005929],[-68.03538253552425,46.601310230479804],[-68.03537136839829,46.60130829952468],[-68.0353580609584,46.6013065332095],[-68.035344722885,46.60130678701428],[-68.03532895278384,46.601309737247384],[-68.0353203952623,46.60130989097054],[-68.03531211327936,46.60131055728634],[-68.03530864592133,46.601310528046575],[-68.03530594814481,46.60131216029806],[-68.03530618318503,46.601313998170944],[-68.03531528766918,46.60132694418235],[-68.03532155724264,46.6013345368039],[-68.03532650376462,46.601341195823046],[-68.03533169376131,46.60134951189666],[-68.03533281981127,46.601361102803324],[-68.03533044320508,46.601374873541744],[-68.03531921689489,46.60140621400302],[-68.03531027897151,46.60142875338553],[-68.03530103305893,46.601468937219906],[-68.03529427333069,46.60148910381181],[-68.03529497806876,46.60149574236016],[-68.03530385029647,46.6015794420021],[-68.03530618181443,46.60159969425918],[-68.03530924576673,46.60160906334095],[-68.03531733600624,46.60161743627024],[-68.03532630213617,46.60162302675114],[-68.03534331918894,46.60162611217484],[-68.03538745170756,46.60162094064709],[-68.03543361988774,46.60160399246872],[-68.035448520956,46.60159799937461],[-68.03547497062469,46.601608421478836],[-68.03551772813181,46.6016169399918],[-68.03555164188592,46.60162334555096],[-68.03556489631903,46.60162111383457],[-68.03558227462122,46.601615762570724],[-68.03560511914364,46.60160220847724],[-68.03561408248207,46.60159647938598],[-68.03561854846113,46.60159468294418],[-68.03562565480573,46.60159382760615],[-68.0356520743749,46.60160351955911],[-68.0356626763432,46.6016054430227],[-68.0356693551242,46.60160366523238],[-68.03567783791186,46.601600073057725],[-68.03570421056665,46.60158746393084],[-68.03571542849714,46.60157961826365],[-68.03572527546106,46.6015742007939],[-68.03573285538732,46.60157182133207],[-68.03574040298204,46.601570969706266],[-68.0357492416777,46.60157226453555],[-68.03576289524592,46.60157726633009],[-68.0357747544422,46.60158317184392],[-68.03578203820676,46.6015871084064],[-68.03578935286859,46.601592468044124],[-68.0357989977226,46.60160035547229],[-68.03580450492873,46.60160492772071],[-68.03580974898962,46.60160873009663],[-68.03581307204293,46.6016104914017],[-68.03581570861704,46.601611572860904],[-68.03581948787708,46.6016113176312],[-68.03582343379979,46.601609616692244],[-68.03582964710726,46.60160581458966],[-68.03583559610738,46.60160152878776],[-68.03584057403063,46.60159656074122],[-68.03584343532613,46.60159292387479],[-68.03584461736097,46.60158936914943],[-68.03584568018961,46.60158465878811],[-68.03584507524637,46.60157916221647],[-68.0358425309425,46.60157287984532],[-68.0358376102837,46.60156262398093],[-68.03581910680244,46.601531309182235],[-68.03580963916167,46.60151534713],[-68.03580757418457,46.60150677573447]]]},"properties":{"OBJECTID":"371","EGAD_SEQ":"","MAP_REFERENCE":"","FEATURE_NA":"SEDIMENTATION BASIN","POLYGON_TY":"LF WASTE AREA","EGAD_SITE_SEQ":"29,875","SITE_DESCR":"LANDFILL MUNICIPAL","LOCATION_A":"WITHIN 3M","LOCATION_M":"DIGITIZED","DATA_SOURC":"CES ENGINEERS & SURVEYORS","GlobalID":"{8B903B1B-4370-4451-9643-A37AC069F07E}","Shape_Length":"163.96","Shape_Area":"953.08"},"id":371},{"type":"Feature","geometry":{"type":"Polygon","coordinates":[[[-69.46683969213214,44.885245167881855],[-69.46685493829021,44.885237851658175],[-69.46686676870775,44.88522873637155],[-69.46687179206346,44.885219041269465],[-69.46687763085131,44.88520511454308],[-69.46687838885566,44.88519362655387],[-69.46687745483045,44.885183353564926],[-69.46687055488185,44.885171289239985],[-69.46685599832429,44.88515865757449],[-69.46682694871522,44.88514124381719],[-69.4667808447802,44.885118465186714],[-69.46674835992899,44.885096833558705],[-69.46671324169844,44.88506554441825],[-69.46662720017603,44.884965094896266],[-69.46654786005472,44.88484507255122],[-69.46646683185149,44.884710573549576],[-69.4663763921505,44.88457499666031],[-69.46630671697106,44.88448724774333],[-69.46621034978851,44.88439404174582],[-69.46615047260421,44.88435528542533],[-69.46609224530795,44.884326551590476],[-69.46602937572845,44.884304525237596],[-69.46582376069559,44.8842697085515],[-69.46569972441414,44.88424347364946],[-69.46560864930515,44.884222673839176],[-69.46552380349445,44.88419739431969],[-69.46541852686516,44.88416550673339],[-69.46521137842555,44.88413404037725],[-69.46475306135149,44.88405568412986],[-69.46415194086332,44.88395562359945],[-69.46421980259949,44.884013292556354],[-69.46432739876856,44.88413877126192],[-69.4643877548257,44.884237701199076],[-69.46442294680217,44.884325587926384],[-69.4644094893443,44.88440587395853],[-69.4643843942955,44.88459875708871],[-69.4643593118122,44.88479275011588],[-69.46431789010428,44.88490435294367],[-69.46426348971244,44.88496140712407],[-69.46398618193751,44.885172034795424],[-69.4641758327046,44.885171258718415],[-69.4642643195949,44.88516564900038],[-69.46437631435944,44.885152608709184],[-69.4648300635357,44.885096236079406],[-69.46523358638363,44.885049853359725],[-69.4652973007761,44.88504294122688],[-69.46534403440394,44.885038516218025],[-69.46536274024298,44.8850384399955],[-69.46538654640815,44.885038342985695],[-69.46543420894182,44.88504358962135],[-69.46550062948795,44.88505601277854],[-69.46558068863567,44.885072007245874],[-69.46570419238542,44.88509809771056],[-69.46589756339954,44.885141432841465],[-69.46609347384215,44.885183548297334],[-69.46628173896373,44.88522630227465],[-69.46644954415328,44.88526248695134],[-69.4664997618442,44.88526893168892],[-69.46654313845445,44.885269959876624],[-69.4666434480767,44.885267132079555],[-69.4667199259063,44.885260774642234],[-69.46678535932946,44.8852556658784],[-69.46682188602038,44.885251285584516],[-69.46683969213214,44.885245167881855]]]},"properties":{"OBJECTID":"372","EGAD_SEQ":"","MAP_REFERENCE":"","FEATURE_NA":"OLD LANDFILL AREA","POLYGON_TY":"LF WASTE AREA","EGAD_SITE_SEQ":"30,711","SITE_DESCR":"LANDFILL SPECIAL WASTE","LOCATION_A":"WITHIN 30M","LOCATION_M":"CAD","DATA_SOURC":"ACHERON ENGINEERING","GlobalID":"{5F1CFE9D-92AB-4222-B98D-772EE8FF4D4C}","Shape_Length":"664.47","Shape_Area":"18,373.47"},"id":372},{"type":"Feature","geometry":{"type":"Polygon","coordinates":[[[-68.18760955709187,44.50486350427345],[-68.1875415716443,44.504889904512495],[-68.18752981443724,44.50492476753677],[-68.18751010207255,44.5049918378258],[-68.18750920593347,44.50505635016519],[-68.18752333262516,44.50512097207639],[-68.18750707750038,44.505209573494575],[-68.18747605581854,44.505279247922566],[-68.18750502375288,44.50535741914148],[-68.18759390701217,44.50544945398335],[-68.18766437978307,44.50551447666383],[-68.18775820908883,44.50552052040971],[-68.18785985291221,44.50550511221057],[-68.18795078830273,44.50544930381441],[-68.18800043925144,44.50539051362769],[-68.18800211856663,44.50526954915729],[-68.18805582763942,44.505189281258886],[-68.18811328887197,44.50510903640611],[-68.18811072682742,44.50502299204051],[-68.18795843889629,44.504898244740865],[-68.18760955709187,44.50486350427345]]]},"properties":{"OBJECTID":"373","EGAD_SEQ":"","MAP_REFERENCE":"","FEATURE_NA":"ESTIMATED WASTE BOUNDARY","POLYGON_TY":"LF WASTE AREA","EGAD_SITE_SEQ":"29,766","SITE_DESCR":"LANDFILL MUNICIPAL","LOCATION_A":"WITHIN 5M","LOCATION_M":"DIGITIZED","DATA_SOURC":"MDEP GIS UNIT","GlobalID":"{7AAB1C4C-B5E7-455D-AB76-618246B9AD9D}","Shape_Length":"202.98","Shape_Area":"2,773.34"},"id":373},{"type":"Feature","geometry":{"type":"Polygon","coordinates":[[[-68.99411460616355,45.274611720521705],[-68.99401568142025,45.27448404449271],[-68.9939099267204,45.27441177400958],[-68.99384510501199,45.274387680737526],[-68.99376322170173,45.274385267498126],[-68.99363698499953,45.27442862163733],[-68.99353121611317,45.27448642689581],[-68.9934220324089,45.27453700906032],[-68.99331627031277,45.27454422932285],[-68.99320027581412,45.274520133581056],[-68.99309109642594,45.27453217103136],[-68.99291709149354,45.27461406137245],[-68.99274989571654,45.27478267407126],[-68.992647519397,45.27494646950956],[-68.99236431136147,45.275204201494795],[-68.99230287371297,45.27538245573785],[-68.99222095564764,45.27566187902381],[-68.99222775797045,45.275816048044284],[-68.99229598131836,45.27589313604147],[-68.99245974482638,45.27591482705878],[-68.99258598172699,45.275941333911184],[-68.99272585740512,45.27600156378183],[-68.99286915292288,45.275999164014685],[-68.99293057158829,45.27593412935166],[-68.99293058504125,45.27582572978505],[-68.99292036360089,45.27573659817704],[-68.99298519271456,45.27567879099107],[-68.99310461078714,45.27562339227357],[-68.99321720853044,45.27557281422544],[-68.99333321293989,45.27554150485964],[-68.99357545602606,45.27549334274704],[-68.99374604930601,45.27546203601743],[-68.99388252370994,45.27542590961261],[-68.99405311257803,45.27542110101816],[-68.99415888020148,45.275387380580135],[-68.99428512032327,45.275327166975586],[-68.99434653975435,45.275269355241626],[-68.99436360645836,45.275197091198336],[-68.99435338049499,45.27509350871126],[-68.99424422993083,45.27486225129894],[-68.99411460616355,45.274611720521705]]]},"properties":{"OBJECTID":"374","EGAD_SEQ":"","MAP_REFERENCE":"","FEATURE_NA":"WASTE AREA","POLYGON_TY":"LF WASTE AREA","EGAD_SITE_SEQ":"29,568","SITE_DESCR":"LANDFILL MUNICIPAL","LOCATION_A":"WITHIN 5M","LOCATION_M":"DIGITIZED","DATA_SOURC":"MDEP GIS UNIT","GlobalID":"{101584C4-6D0F-4300-B18E-F796CA97CE89}","Shape_Length":"554.44","Shape_Area":"17,326.98"},"id":374},{"type":"Feature","geometry":{"type":"Polygon","coordinates":[[[-70.45693210544495,44.51688139427113],[-70.4564876143558,44.516200008219336],[-70.45638664572627,44.5161071787976],[-70.45629999875307,44.51606122524549],[-70.45618834212227,44.51606735484292],[-70.45605789747601,44.516111371143076],[-70.45596067897019,44.516169080701495],[-70.45581895768652,44.51628853409286],[-70.45575519938902,44.516369347090375],[-70.45577867375042,44.51651963499654],[-70.45582245838345,44.5166931941619],[-70.45590487317963,44.51683331923023],[-70.45607241440966,44.516958240868505],[-70.45618606495762,44.51703208611497],[-70.45636394289684,44.51704393469155],[-70.45645716621883,44.51708980430904],[-70.45665688020837,44.517186080653275],[-70.45687479643291,44.51722094698533],[-70.45705162101123,44.51719045591213],[-70.45709001590902,44.51714761308059],[-70.45704728246646,44.51701639392163],[-70.45693210544495,44.51688139427113]]]},"properties":{"OBJECTID":"375","EGAD_SEQ":"","MAP_REFERENCE":"","FEATURE_NA":"WASTE AREA","POLYGON_TY":"LF WASTE AREA","EGAD_SITE_SEQ":"27,240","SITE_DESCR":"LANDFILL MUNICIPAL","LOCATION_A":"WITHIN 3M","LOCATION_M":"DIGITIZED","DATA_SOURC":"MDEP GIS UNIT","GlobalID":"{42062A10-5CD9-4DA5-9C40-ED41A80F0293}","Shape_Length":"360.76","Shape_Area":"7,861.56"},"id":375},{"type":"Feature","geometry":{"type":"Polygon","coordinates":[[[-68.72273208423331,44.97907912535867],[-68.72273024605947,44.979039199896825],[-68.7225709214065,44.979063648491966],[-68.72173819054265,44.97985404902685],[-68.7215004070396,44.980079739097526],[-68.7214224227178,44.98012161056009],[-68.72281466148499,44.98188786601546],[-68.72352838068738,44.98167593815628],[-68.72277048277918,44.979237855640825],[-68.72273208423331,44.97907912535867]]]},"properties":{"OBJECTID":"376","EGAD_SEQ":"","MAP_REFERENCE":"","FEATURE_NA":"CELL 7","POLYGON_TY":"LF WASTE AREA","EGAD_SITE_SEQ":"31,339","SITE_DESCR":"LANDFILL COMMERCIAL","LOCATION_A":"WITHIN 3M","LOCATION_M":"CAD","DATA_SOURC":"SEVEE & MAHER ENGINEERS","GlobalID":"{00E63E5F-5A1F-4353-825C-D807E15EA72A}","Shape_Length":"747.01","Shape_Area":"25,926.31"},"id":376},{"type":"Feature","geometry":{"type":"Polygon","coordinates":[[[-68.31916993807762,47.35667603455909],[-68.31905607726071,47.356653811869144],[-68.31897353379695,47.35666193819084],[-68.31890895862988,47.35675204993523],[-68.31892080774257,47.35681675929909],[-68.31897643735525,47.35692912889219],[-68.31904480351697,47.35703726755938],[-68.31930940855,47.35717242461848],[-68.31965645251465,47.357308072214366],[-68.31990281609906,47.35738279173476],[-68.32009293754523,47.35739253727542],[-68.32031399412787,47.35746279652883],[-68.32054111191633,47.3575546375998],[-68.32092025591128,47.35766030589447],[-68.32123631961885,47.357739742924274],[-68.32135023894732,47.35775765542464],[-68.32144623698922,47.357689275563516],[-68.32152989044998,47.35759496697419],[-68.32158177849185,47.357504782277],[-68.32156992597781,47.35744007317882],[-68.32148164415467,47.35740076634797],[-68.32134920195645,47.35734396273925],[-68.3211406635987,47.357286708312685],[-68.32090653734932,47.35724653716199],[-68.32055265287825,47.357149637073604],[-68.32036953599406,47.357088222666846],[-68.32017417743074,47.35699226125327],[-68.31994083363195,47.35689176487685],[-68.3197197825891,47.35682150402725],[-68.31947981965821,47.35674251464126],[-68.31916993807762,47.35667603455909]]]},"properties":{"OBJECTID":"377","EGAD_SEQ":"","MAP_REFERENCE":"","FEATURE_NA":"APPROXIMATE WASTE BOUNDARY","POLYGON_TY":"LF WASTE AREA","EGAD_SITE_SEQ":"56,250","SITE_DESCR":"UNCONTROLLED SITE, ALL OTHER","LOCATION_A":"WITHIN 5M","LOCATION_M":"DIGITIZED","DATA_SOURC":"MDEP TECH SERVICES","GlobalID":"{71D36BF3-2B3E-47F0-98F0-B8219B10BF6C}","Shape_Length":"495.69","Shape_Area":"9,322.77"},"id":377},{"type":"Feature","geometry":{"type":"Polygon","coordinates":[[[-68.69520945644959,44.959294613520655],[-68.6951546546552,44.95918776393241],[-68.69508379464446,44.95912579859069],[-68.69501272652396,44.95910314615285],[-68.69484674070478,44.95908023739482],[-68.69465687918675,44.95908534628125],[-68.69433258355731,44.959084478782124],[-68.69410311238273,44.959100713414934],[-68.6938098863604,44.959206628268724],[-68.69366703762705,44.95929610309118],[-68.69362700813252,44.95938585000434],[-68.69363455979732,44.959453260078924],[-68.693776158169,44.95959965395401],[-68.69405950754486,44.95986436436256],[-68.69423265618875,44.96002768760169],[-68.69450006849645,44.960314815995986],[-68.69453789222993,44.96064064430586],[-68.69454493856044,44.960803523563634],[-68.69447312346692,44.960921267440426],[-68.69417893287189,44.961206892752685],[-68.69389291995242,44.961441994841906],[-68.69368636285778,44.961609920451416],[-68.69348741742472,44.96183402321786],[-68.6933599603191,44.96200215778962],[-68.69327999126621,44.96216480612098],[-68.69326366123407,44.962260233748474],[-68.69333425386294,44.962372742929254],[-68.69346794790228,44.96251911588674],[-68.69347573900104,44.962541599457694],[-68.6936648648831,44.96267688826319],[-68.69387796153018,44.96276731748947],[-68.69409138715652,44.96279596746001],[-68.69430502302367,44.96278530681632],[-68.69446361527906,44.96271272599099],[-68.69467020260964,44.962539182748934],[-68.69487060450024,44.96203990186361],[-68.6951018680564,44.961686714341795],[-68.69546810802541,44.961238415723436],[-68.6955642470007,44.96100841914057],[-68.69552040770664,44.96032315716587],[-68.69538037802816,44.959879126905264],[-68.69520945644959,44.959294613520655]]]},"properties":{"OBJECTID":"378","EGAD_SEQ":"","MAP_REFERENCE":"","FEATURE_NA":"SOLID WASTE BOUNDARY","POLYGON_TY":"LF WASTE AREA","EGAD_SITE_SEQ":"29,639","SITE_DESCR":"LANDFILL MUNICIPAL","LOCATION_A":"WITHIN 3M","LOCATION_M":"DIGITIZED","DATA_SOURC":"SW COLE","GlobalID":"{A6F37DF3-4948-4CE9-8305-A8C8A46F1B24}","Shape_Length":"1,052.75","Shape_Area":"41,545.41"},"id":378},{"type":"Feature","geometry":{"type":"Polygon","coordinates":[[[-67.28485502541136,45.00070271112646],[-67.28471923132761,45.00084645181719],[-67.28467759937902,45.00093329442034],[-67.2846702627008,45.00097254509598],[-67.2846957004775,45.00101520299366],[-67.28471991257136,45.00103014535969],[-67.28492451413368,45.00105945962055],[-67.28504482009211,45.00109042218771],[-67.28520572507101,45.00113803132665],[-67.28530990679877,45.00115854776046],[-67.28538874593755,45.001202007492275],[-67.2854916979796,45.001194807281806],[-67.28553338508384,45.001175024125274],[-67.28558363309023,45.00114370661507],[-67.2855627793453,45.00108508172834],[-67.28549390492388,45.00105197543219],[-67.28540266673679,45.00107976161528],[-67.28536377457309,45.00107480350909],[-67.28541616405843,45.00104060341055],[-67.28546269539491,45.00099611073772],[-67.28553299284694,45.000912613128364],[-67.28560049910111,45.00085385675286],[-67.28560189009454,45.000807227881424],[-67.28552593052721,45.0007361135222],[-67.28542253199318,45.00068936844361],[-67.28529803191127,45.00066125810573],[-67.28523462485715,45.00065155864221],[-67.28514246311939,45.00064142815605],[-67.28501538695805,45.00063077225207],[-67.28495325053315,45.00064733232067],[-67.28485502541136,45.00070271112646]]]},"properties":{"OBJECTID":"379","EGAD_SEQ":"","MAP_REFERENCE":"","FEATURE_NA":"EST WASTE AREA","POLYGON_TY":"LF WASTE AREA","EGAD_SITE_SEQ":"29,686","SITE_DESCR":"LANDFILL MUNICIPAL","LOCATION_A":"WITHIN 3M","LOCATION_M":"DIGITIZED","DATA_SOURC":"MDEP GIS UNIT","GlobalID":"{D3428A90-F423-4F39-B876-F9EF174353BA}","Shape_Length":"243.51","Shape_Area":"3,128.41"},"id":379},{"type":"Feature","geometry":{"type":"Polygon","coordinates":[[[-70.62680420790485,43.565827275638156],[-70.62695078413981,43.566001198848284],[-70.62714071223571,43.566235198055544],[-70.6274126080769,43.56641340527257],[-70.62763739555142,43.56639199658804],[-70.62782635673341,43.56628005815564],[-70.62796443857592,43.56613849787944],[-70.6279950337041,43.56603488426043],[-70.62802562997021,43.56593127061545],[-70.62792273040078,43.56582955836525],[-70.62786220081766,43.56575152010553],[-70.62770056878477,43.565638504900306],[-70.62755677014356,43.56556772185357],[-70.62738908242844,43.56553976238188],[-70.62714008548379,43.56559186233618],[-70.62704012672768,43.565599353982044],[-70.62680420790485,43.565827275638156]]]},"properties":{"OBJECTID":"380","EGAD_SEQ":"","MAP_REFERENCE":"","FEATURE_NA":"EST WASTE AREA","POLYGON_TY":"LF WASTE AREA","EGAD_SITE_SEQ":"56,045","SITE_DESCR":"LANDFILL MUNICIPAL","LOCATION_A":"WITHIN 3M","LOCATION_M":"DIGITIZED","DATA_SOURC":"MDEP GIS UNIT","GlobalID":"{D3D4C75B-29D4-499B-9809-10137438A651}","Shape_Length":"293.98","Shape_Area":"6,329.74"},"id":380},{"type":"Feature","geometry":{"type":"Polygon","coordinates":[[[-68.1554607138001,46.825784990893176],[-68.15547073338097,46.825614879214584],[-68.15540833238427,46.82546868910617],[-68.15535324764456,46.82535061935159],[-68.15522375706509,46.825186558548175],[-68.15513444567527,46.82507586549506],[-68.1550169122428,46.82488627946437],[-68.15491307391915,46.82472312130189],[-68.15479709223538,46.82462442483596],[-68.1546506842548,46.824583898713165],[-68.15447856702212,46.82470562979744],[-68.154189549657,46.82484222543649],[-68.15394194283537,46.82479188032147],[-68.15389676341415,46.82497293136683],[-68.15401570956348,46.82523376948605],[-68.1541587681014,46.82545647828709],[-68.15404182501325,46.825715475671664],[-68.15417563575885,46.82582873020125],[-68.15452122128782,46.825823451629184],[-68.15490602549063,46.82581065847406],[-68.1554607138001,46.825784990893176]]]},"properties":{"OBJECTID":"381","EGAD_SEQ":"","MAP_REFERENCE":"","FEATURE_NA":"WASTE BOUNDARY","POLYGON_TY":"LF WASTE AREA","EGAD_SITE_SEQ":"75,813","SITE_DESCR":"LANDFILL MUNICIPAL","LOCATION_A":"WITHIN 3M","LOCATION_M":"GPS MAPPING GRADE","DATA_SOURC":"MDEP UNCONTROLLED SITES DIV","GlobalID":"{29C5E0C7-0FA3-4433-941C-1AE197BD224B}","Shape_Length":"440.88","Shape_Area":"11,345.18"},"id":381},{"type":"Feature","geometry":{"type":"Polygon","coordinates":[[[-68.76530630670477,44.82411645036672],[-68.76524954073696,44.82417222029819],[-68.76523038627538,44.82424818655383],[-68.76533051173041,44.82434451789046],[-68.76554374366897,44.824434374746104],[-68.76571930218056,44.82451968253101],[-68.765816386399,44.82459141677306],[-68.76596059842905,44.82466101227025],[-68.76605771935206,44.824723803589585],[-68.76613297097153,44.82475749002547],[-68.76627435785694,44.82474883757034],[-68.76643466434948,44.824722339852535],[-68.76651667606177,44.82463756003149],[-68.76652019584951,44.8245436769212],[-68.76654557745731,44.82448113556909],[-68.76657145643435,44.824295644895585],[-68.76641470723327,44.82421931788033],[-68.76614502464973,44.824106993692155],[-68.76592557221333,44.82400147666898],[-68.76575933118592,44.823943013980276],[-68.76558982037137,44.8239158405101],[-68.76548300585229,44.82392009172003],[-68.76543570916459,44.8239647040501],[-68.76540398936913,44.824040644529724],[-68.76530630670477,44.82411645036672]]]},"properties":{"OBJECTID":"382","EGAD_SEQ":"","MAP_REFERENCE":"","FEATURE_NA":"EST WASTE AREA","POLYGON_TY":"LF WASTE AREA","EGAD_SITE_SEQ":"74,187","SITE_DESCR":"LANDFILL MUNICIPAL","LOCATION_A":"WITHIN 3M","LOCATION_M":"DIGITIZED","DATA_SOURC":"MDEP GIS UNIT","GlobalID":"{8F941F21-27BA-49CC-9F8E-31DBFE225425}","Shape_Length":"306.15","Shape_Area":"5,978.86"},"id":382},{"type":"Feature","geometry":{"type":"Polygon","coordinates":[[[-69.50755621310685,44.62685785855356],[-69.50759029166929,44.62687115055262],[-69.50774468043112,44.62694246728335],[-69.50787711845427,44.626963514155335],[-69.50801085952695,44.626954436266644],[-69.50808068901675,44.626897686172946],[-69.5081303634576,44.626890941951565],[-69.50833368890996,44.62695279726591],[-69.5086248498129,44.62698276758078],[-69.50931357604975,44.627178155071576],[-69.50949990155753,44.62720038843346],[-69.50965370340013,44.62718741016139],[-69.50974172957748,44.62715868189728],[-69.50980061331617,44.62712143854113],[-69.50981232713504,44.627052736683176],[-69.50986775910918,44.62698395758948],[-69.50983067757367,44.6268892042231],[-69.50999108963684,44.626748996763226],[-69.51000020583538,44.62663705570091],[-69.51008843004911,44.62648178513636],[-69.51007882426276,44.62637830812063],[-69.51004047358981,44.62633699220767],[-69.50996605740295,44.62631030977199],[-69.50952707182243,44.62626009053228],[-69.50937558540679,44.626204717515506],[-69.50929843020704,44.62614817381391],[-69.50921392848942,44.626142409094165],[-69.50914759402883,44.62610093496751],[-69.50906847902894,44.626076854814784],[-69.50899006323729,44.62606959539178],[-69.50887876441425,44.62608630129285],[-69.5087969939915,44.626065749166294],[-69.50872106989806,44.62607328849612],[-69.50867522354002,44.62606012306698],[-69.50859761038514,44.626037509610484],[-69.50854289944948,44.62599777937033],[-69.50845660609266,44.62595945456749],[-69.50840646157451,44.625978249991235],[-69.50834071888282,44.62593862817877],[-69.50827312213931,44.62594785862844],[-69.50823528173213,44.625995468484724],[-69.5081639253199,44.62598687711595],[-69.508134766808,44.626049532023146],[-69.50799511334293,44.626036243499556],[-69.50790368681722,44.62600251618972],[-69.50784130584145,44.62594590309596],[-69.50773977959481,44.62593199638999],[-69.50766242279758,44.6258808809934],[-69.5075844837003,44.62591134712911],[-69.5073952965796,44.62600822753197],[-69.50733245718251,44.626075929233046],[-69.5072592282906,44.62610419111214],[-69.50721272768273,44.62627585054043],[-69.5071548759608,44.62632833824554],[-69.50712953972753,44.62633786468167],[-69.5070894249054,44.62631072286866],[-69.50695206503754,44.62633881735098],[-69.50685935093568,44.626319506148356],[-69.50681085613027,44.626339939208634],[-69.50678780709418,44.62639095791353],[-69.50679794049027,44.62646128200483],[-69.50683011662548,44.6264996663807],[-69.50693276914798,44.62642765609531],[-69.50701839815865,44.62641185557467],[-69.50705847659053,44.62642424245185],[-69.50706455973808,44.62646876979004],[-69.50702752947132,44.62653458233088],[-69.50705836278523,44.626590581522045],[-69.50697107222383,44.62662421982829],[-69.50695452750035,44.62665330387271],[-69.50697299303937,44.626712665508],[-69.50702774850247,44.626773195706846],[-69.50710595678333,44.62681025752052],[-69.50718027733467,44.626787815521965],[-69.50723201137508,44.62680231748102],[-69.50726558699047,44.62679232320667],[-69.50730469709802,44.62684025982475],[-69.50742449152378,44.62683551446456],[-69.50755621310685,44.62685785855356]]]},"properties":{"OBJECTID":"383","EGAD_SEQ":"","MAP_REFERENCE":"","FEATURE_NA":"WASTE BOUNDARY","POLYGON_TY":"LF WASTE AREA","EGAD_SITE_SEQ":"27,467","SITE_DESCR":"LANDFILL MUNICIPAL","LOCATION_A":"WITHIN 1M","LOCATION_M":"GPS MAPPING GRADE","DATA_SOURC":"MDEP UNCONTROLLED SITES DIV","GlobalID":"{DC862EF6-513A-490B-8DBC-C688FC0A7E89}","Shape_Length":"737.55","Shape_Area":"23,689.19"},"id":383},{"type":"Feature","geometry":{"type":"Polygon","coordinates":[[[-68.72127174437765,44.977312739651246],[-68.72114120989613,44.976669461059494],[-68.72104236284052,44.9766375993584],[-68.7210231590254,44.976514581100005],[-68.71871986062366,44.97682865523929],[-68.71974352950747,44.97804857857549],[-68.7210879627457,44.977442288340406],[-68.72107323172327,44.97741765809753],[-68.72109818650912,44.97737555834216],[-68.72127174437765,44.977312739651246]]]},"properties":{"OBJECTID":"384","EGAD_SEQ":"","MAP_REFERENCE":"","FEATURE_NA":"CELL 10","POLYGON_TY":"LF WASTE AREA","EGAD_SITE_SEQ":"31,339","SITE_DESCR":"LANDFILL COMMERCIAL","LOCATION_A":"WITHIN 3M","LOCATION_M":"CAD","DATA_SOURC":"SEVEE & MAHER ENGINEERS","GlobalID":"{000D48AB-D04A-43B7-804C-D55E022CD6EF}","Shape_Length":"586.17","Shape_Area":"20,271.53"},"id":384},{"type":"Feature","geometry":{"type":"Polygon","coordinates":[[[-69.75354371930635,44.46427366602715],[-69.75342785879992,44.464535604073696],[-69.75334724616155,44.46478082544723],[-69.75333517027485,44.46496313356444],[-69.75343625685106,44.46518848104142],[-69.75366222347837,44.46530753260713],[-69.75391481983974,44.46531591077857],[-69.75425137249687,44.46530866516149],[-69.75453767677772,44.465211344818],[-69.75474676842293,44.46510951318497],[-69.75485099159377,44.465033484808416],[-69.75489833629925,44.464897562418436],[-69.75493080833238,44.464696444895466],[-69.7549275719205,44.46444533788913],[-69.7548277106085,44.464315412871414],[-69.75460876091007,44.4641963163297],[-69.75437630377634,44.46411749150718],[-69.75410845951656,44.46401378666336],[-69.75381424511652,44.464040842991615],[-69.75366788028212,44.4641121240872],[-69.75354371930635,44.46427366602715]]]},"properties":{"OBJECTID":"385","EGAD_SEQ":"","MAP_REFERENCE":"","FEATURE_NA":"WASTE AREA","POLYGON_TY":"LF WASTE AREA","EGAD_SITE_SEQ":"27,647","SITE_DESCR":"LANDFILL MUNICIPAL","LOCATION_A":"WITHIN 3M","LOCATION_M":"DIGITIZED","DATA_SOURC":"MDEP GIS UNIT","GlobalID":"{178BE2E6-1E1B-459D-B2D6-3DDB916A2DCE}","Shape_Length":"438.58","Shape_Area":"14,552.21"},"id":385},{"type":"Feature","geometry":{"type":"Polygon","coordinates":[[[-68.53561032004752,44.46415590353696],[-68.53548808181661,44.464009930695816],[-68.53500764059267,44.46360467502933],[-68.53501140679604,44.463130214562156],[-68.53540281640507,44.46306538398935],[-68.53566183496017,44.462985774246796],[-68.53484886786016,44.46274048440953],[-68.53486366430674,44.46254601274249],[-68.53488425278174,44.46245594641181],[-68.53486494518108,44.462384695459214],[-68.53448095720819,44.462349917148934],[-68.5344151947493,44.462287967497375],[-68.53436893545162,44.46227354643687],[-68.53429575648792,44.462311206480685],[-68.53425589301135,44.462325277322506],[-68.53405703066862,44.46233870143852],[-68.53390179994095,44.46215944134503],[-68.53350050698826,44.46224078612097],[-68.53314249297141,44.46231316587716],[-68.53308226923585,44.462476777382804],[-68.53305638975986,44.462520273818036],[-68.53296781537556,44.46266829808557],[-68.53304758481725,44.46276285895831],[-68.5331656046722,44.462863204651875],[-68.53336191767418,44.46287385229114],[-68.53341477235854,44.46289516531494],[-68.53354499243588,44.46294351902421],[-68.53355087308513,44.4629449483729],[-68.53371673952735,44.463079245678394],[-68.53378505539185,44.46313297131015],[-68.5338462663722,44.463214797066094],[-68.53397742165609,44.46339255364161],[-68.53402406322206,44.46345462808969],[-68.53408527427719,44.46353716043091],[-68.5340392411902,44.46364527238755],[-68.53403425959885,44.463654393478976],[-68.53402209944342,44.46382523537849],[-68.53400894933138,44.46399677544885],[-68.53404955398697,44.46407711347925],[-68.53418559774502,44.46413463071946],[-68.53426662436094,44.46419473863952],[-68.53439059832019,44.46428807345656],[-68.53453118175648,44.46439202527335],[-68.5346493092515,44.46447971014918],[-68.53472017692947,44.46458267365352],[-68.53479202485013,44.464686342420364],[-68.53493730077982,44.464693967899514],[-68.53508751866732,44.46469809502722],[-68.53523134724519,44.464764083700146],[-68.53530667048511,44.46467718664533],[-68.53531560397742,44.4646652673121],[-68.53533649443095,44.46450782452875],[-68.53546746980143,44.46433746580118],[-68.53561032004752,44.46415590353696]]]},"properties":{"OBJECTID":"386","EGAD_SEQ":"","MAP_REFERENCE":"","FEATURE_NA":"WASTE BOUNDARY - FINAL","POLYGON_TY":"LF WASTE AREA","EGAD_SITE_SEQ":"31,239","SITE_DESCR":"CONSTRUCTION/DEMOLITION SITE","LOCATION_A":"WITHIN 30M","LOCATION_M":"CAD","DATA_SOURC":"WOODARD AND CURRAN","GlobalID":"{E9E33C2A-E963-4DFC-B92E-5D42B593DED8}","Shape_Length":"896.47","Shape_Area":"28,581.63"},"id":386},{"type":"Feature","geometry":{"type":"Polygon","coordinates":[[[-69.84239882093772,44.71085713662154],[-69.84368561664871,44.7095664920621],[-69.84205157262952,44.70892293980199],[-69.84098282629292,44.71004003678011],[-69.84239882093772,44.71085713662154]]]},"properties":{"OBJECTID":"387","EGAD_SEQ":"","MAP_REFERENCE":"","FEATURE_NA":"PHASE 11A","POLYGON_TY":"LF WASTE AREA","EGAD_SITE_SEQ":"30,710","SITE_DESCR":"LANDFILL COMMERCIAL","LOCATION_A":"WITHIN 5M","LOCATION_M":"CAD","DATA_SOURC":"GOLDER ASSOCIATES","GlobalID":"{4D86BDE8-6A42-483F-A230-D7E69C045059}","Shape_Length":"618.31","Shape_Area":"23,725.47"},"id":387},{"type":"Feature","geometry":{"type":"Polygon","coordinates":[[[-68.96590631280486,45.30217997894345],[-68.96595336995573,45.30213786439055],[-68.96586114316823,45.30209060265306],[-68.96581769797561,45.30213527106056],[-68.96590631280486,45.30217997894345]]]},"properties":{"OBJECTID":"388","EGAD_SEQ":"","MAP_REFERENCE":"","FEATURE_NA":"HOT LOADS","POLYGON_TY":"LF WASTE AREA","EGAD_SITE_SEQ":"35,122","SITE_DESCR":"LANDFILL MUNICIPAL","LOCATION_A":"WITHIN 3M","LOCATION_M":"CAD","DATA_SOURC":"CES ENGINEERS & SURVEYORS","GlobalID":"{6FB1CC21-B97C-437E-A7EE-CFB3ED2F93E0}","Shape_Length":"29.45","Shape_Area":"52.3"},"id":388},{"type":"Feature","geometry":{"type":"Polygon","coordinates":[[[-68.55722989069761,44.94307096519239],[-68.55704733187827,44.943260800277166],[-68.55686532153005,44.94337918367948],[-68.55663639612588,44.94349262169884],[-68.55657570112228,44.94353525816049],[-68.5566151011573,44.943644972881685],[-68.55662140422405,44.943697397192565],[-68.55688833986426,44.94387468549401],[-68.55744970068311,44.94414362253217],[-68.55771718958205,44.94424945752482],[-68.55804486135503,44.94437934233684],[-68.55825828979741,44.94453736577164],[-68.55849213485908,44.944657359502756],[-68.55859234367458,44.94471014669014],[-68.55871303973323,44.944715376089285],[-68.55883384652739,44.94470631598959],[-68.55896246467691,44.94477183521743],[-68.5591149359638,44.944788382703585],[-68.55930948708478,44.94478436973151],[-68.55943029266722,44.94477530899629],[-68.55953130394343,44.94472329879392],[-68.55968648454893,44.944604807732205],[-68.55969372267957,44.944535287866934],[-68.5596793688563,44.94443876962716],[-68.55966520625559,44.9443172436209],[-68.55961582940533,44.94419558272659],[-68.55953607936532,44.944098812270624],[-68.55941567600185,44.94405547573421],[-68.55929087072023,44.94392995077752],[-68.55905632178646,44.943683005907275],[-68.55879616220054,44.94349622201044],[-68.55854857864887,44.9434190478808],[-68.55816791041678,44.9432032152561],[-68.5579007192699,44.943059273310205],[-68.55766021217416,44.94293448956369],[-68.55742476550209,44.943024085474676],[-68.55737088897747,44.94305245808237],[-68.55722989069761,44.94307096519239]]]},"properties":{"OBJECTID":"389","EGAD_SEQ":"","MAP_REFERENCE":"","FEATURE_NA":"EST WASTE AREA","POLYGON_TY":"LF WASTE AREA","EGAD_SITE_SEQ":"30,874","SITE_DESCR":"LANDFILL MUNICIPAL","LOCATION_A":"WITHIN 3M","LOCATION_M":"DIGITIZED","DATA_SOURC":"MDEP TECH SERVICES","GlobalID":"{D66A2388-2C67-4DA5-A94A-6928953491C1}","Shape_Length":"677.66","Shape_Area":"26,672.98"},"id":389},{"type":"Feature","geometry":{"type":"Polygon","coordinates":[[[-69.9632387242817,44.744020686478066],[-69.96338437432968,44.74393609275076],[-69.96349362052233,44.74387324231299],[-69.96353528218599,44.743765706468],[-69.96356341921678,44.74364875756783],[-69.96356136190532,44.743524917391724],[-69.96347277736875,44.743423244500484],[-69.96339858903461,44.743383378858866],[-69.96329137902175,44.743367610065874],[-69.96312755903301,44.743364228702504],[-69.96300097142901,44.74338911460631],[-69.96292179983398,44.74345171098876],[-69.96271722587274,44.74361063883545],[-69.9626384489217,44.74369705003311],[-69.96265992187826,44.743782616128385],[-69.96277865909046,44.743888799462674],[-69.96285646629512,44.743945308188955],[-69.9630585896669,44.7440412609672],[-69.9632387242817,44.744020686478066]]]},"properties":{"OBJECTID":"390","EGAD_SEQ":"","MAP_REFERENCE":"","FEATURE_NA":"EST WASTE AREA","POLYGON_TY":"LF WASTE AREA","EGAD_SITE_SEQ":"29,504","SITE_DESCR":"LANDFILL MUNICIPAL","LOCATION_A":"WITHIN 3M","LOCATION_M":"DIGITIZED","DATA_SOURC":"MDEP TECH SERVICES","GlobalID":"{9F900D77-1B56-4FA3-8174-BC009B36C7B6}","Shape_Length":"229.99","Shape_Area":"3,991.77"},"id":390},{"type":"Feature","geometry":{"type":"Polygon","coordinates":[[[-69.83676635665968,44.665707319382236],[-69.83660642598281,44.66576925220247],[-69.83632323407544,44.66581183293405],[-69.83610790701016,44.66596868648971],[-69.83606303748545,44.66613779371744],[-69.83620744770612,44.666312266065226],[-69.8364543586509,44.66637796899193],[-69.83678581891964,44.66640254540173],[-69.83699256117072,44.666306514595604],[-69.83702641484808,44.6660294692168],[-69.83692822974538,44.66578039617526],[-69.83676635665968,44.665707319382236]]]},"properties":{"OBJECTID":"391","EGAD_SEQ":"","MAP_REFERENCE":"","FEATURE_NA":"EST WASTE AREA","POLYGON_TY":"LF WASTE AREA","EGAD_SITE_SEQ":"29,465","SITE_DESCR":"LANDFILL MUNICIPAL","LOCATION_A":"WITHIN 3M","LOCATION_M":"DIGITIZED","DATA_SOURC":"MDEP TECH SERVICES","GlobalID":"{8D1A6657-7B01-436C-9CC3-601031414DBE}","Shape_Length":"245.08","Shape_Area":"4,396.73"},"id":391},{"type":"Feature","geometry":{"type":"Polygon","coordinates":[[[-69.28360626380437,44.028882941051336],[-69.28360594330783,44.028815727402545],[-69.28352420937703,44.02876972088287],[-69.28343111068094,44.028782554011215],[-69.28327358592007,44.02871573112014],[-69.28308114735334,44.02865319463321],[-69.28292416410052,44.028699792833144],[-69.28273230505484,44.02875908016966],[-69.28263962542134,44.02886013113778],[-69.2825642536,44.028927531105055],[-69.2825414434106,44.029028408277824],[-69.28237299177545,44.02911284231278],[-69.28228037203999,44.029226494980215],[-69.28232176724909,44.029360820681184],[-69.28240385885935,44.02948244363953],[-69.28247392890052,44.0295242787769],[-69.28255564186115,44.02956608597917],[-69.28272507300301,44.02968749177931],[-69.28274886170072,44.02979245467781],[-69.28285976854856,44.029850992569415],[-69.28299998895343,44.029951466995435],[-69.2832684643763,44.03008522966138],[-69.2833270491636,44.03016069995936],[-69.28339731957833,44.030244543271046],[-69.28354274244882,44.030214776278946],[-69.28369969037502,44.03015977529987],[-69.28368762540545,44.0300715866556],[-69.28375673376152,44.02991178189838],[-69.28389026964437,44.02983163360899],[-69.28398288848113,44.0297179796512],[-69.28406331992538,44.029490932118776],[-69.2840800040946,44.02932705645893],[-69.28395723116411,44.02922233987275],[-69.28379950419844,44.029113508964095],[-69.28367667334517,44.02899619007098],[-69.28360626380437,44.028882941051336]]]},"properties":{"OBJECTID":"392","EGAD_SEQ":"","MAP_REFERENCE":"","FEATURE_NA":"EST WASTE AREA","POLYGON_TY":"LF WASTE AREA","EGAD_SITE_SEQ":"30,433","SITE_DESCR":"LANDFILL MUNICIPAL","LOCATION_A":"WITHIN 3M","LOCATION_M":"DIGITIZED","DATA_SOURC":"MDEP TECH SERVICES","GlobalID":"{BED441E9-608A-4A82-90EA-C4F7F02CBFE9}","Shape_Length":"491.03","Shape_Area":"15,416.08"},"id":392},{"type":"Feature","geometry":{"type":"Polygon","coordinates":[[[-69.36052869850333,44.100272360271134],[-69.36045465688562,44.10011459866176],[-69.36029700204088,44.09994205252054],[-69.36011846762617,44.09976957287228],[-69.36003449034092,44.099694601067526],[-69.35990902497754,44.09966490269087],[-69.35967915874286,44.09963553200017],[-69.3594390354581,44.09963628770795],[-69.35919877426339,44.09961447195133],[-69.35907358392744,44.09962991277807],[-69.35899042632131,44.09969036328662],[-69.3589808516271,44.09983334222488],[-69.35916973151153,44.099990743832],[-69.35947345523982,44.10014778473365],[-69.35968330934026,44.100320166780506],[-69.3599348805179,44.10048489381979],[-69.36013374934322,44.10056702678031],[-69.36024859297979,44.10056666471263],[-69.36042575774393,44.10051344086345],[-69.36052965860696,44.10043035337243],[-69.36052869850333,44.100272360271134]]]},"properties":{"OBJECTID":"393","EGAD_SEQ":"","MAP_REFERENCE":"","FEATURE_NA":"EST WASTE AREA","POLYGON_TY":"LF WASTE AREA","EGAD_SITE_SEQ":"29,557","SITE_DESCR":"LANDFILL MUNICIPAL","LOCATION_A":"WITHIN 3M","LOCATION_M":"DIGITIZED","DATA_SOURC":"MDEP TECH SERVICES","GlobalID":"{4A55D855-8491-4E07-ADB2-68C0770FD6BB}","Shape_Length":"358.01","Shape_Area":"7,771.42"},"id":393},{"type":"Feature","geometry":{"type":"Polygon","coordinates":[[[-69.24924966110017,44.27841399875879],[-69.24922517120862,44.27850337973832],[-69.24927538462707,44.27861641803594],[-69.24930924562895,44.27878308906433],[-69.24939301857081,44.278991337123486],[-69.2494848045991,44.27913406039409],[-69.24962604816,44.27921116920211],[-69.24975877659352,44.27923469939248],[-69.24984156632198,44.27921069803247],[-69.24990742572147,44.27910336074672],[-69.25011369507189,44.27887661358982],[-69.25017136504975,44.27879311439383],[-69.25017101129151,44.27870974315712],[-69.25022848008834,44.2785786037343],[-69.25021152179939,44.27848931333658],[-69.25027758195712,44.278429616922374],[-69.250194489003,44.27838215740873],[-69.25013641521946,44.278370374430516],[-69.24998693395028,44.27830519442966],[-69.24995352574385,44.278245715837365],[-69.24980404499627,44.278180536494865],[-69.2496878980003,44.27815696920942],[-69.24953884623969,44.27819302629178],[-69.2494564344997,44.27830635415984],[-69.24936553137242,44.27837205986521],[-69.24924966110017,44.27841399875879]]]},"properties":{"OBJECTID":"394","EGAD_SEQ":"","MAP_REFERENCE":"","FEATURE_NA":"EST WASTE AREA","POLYGON_TY":"LF WASTE AREA","EGAD_SITE_SEQ":"29,576","SITE_DESCR":"LANDFILL MUNICIPAL","LOCATION_A":"WITHIN 3M","LOCATION_M":"DIGITIZED","DATA_SOURC":"MDEP TECH SERVICES","GlobalID":"{0FF951B3-0CAC-4736-B413-87E4E4E9FBB0}","Shape_Length":"317.56","Shape_Area":"6,545.21"},"id":394},{"type":"Feature","geometry":{"type":"Polygon","coordinates":[[[-70.03629273168633,44.32819488267449],[-70.03611759269207,44.32797052622089],[-70.03589891308415,44.32778224040767],[-70.03572663531526,44.327720379649264],[-70.03552423080954,44.327829242035754],[-70.03536745850637,44.32802093264332],[-70.03533732943194,44.32819165511037],[-70.03539064689629,44.32839729714689],[-70.03547583830972,44.3285312990727],[-70.03565902038986,44.32858513332356],[-70.03573219446106,44.32866374890921],[-70.03561819767428,44.32877577281636],[-70.03552586800002,44.32886381706399],[-70.03538727415885,44.328833361516224],[-70.03528879630473,44.328885786199585],[-70.03529088799877,44.32900468545914],[-70.03540549943031,44.32924148295964],[-70.03564102786446,44.329445472897106],[-70.03586425780983,44.32957822277751],[-70.03609126709911,44.32961183883089],[-70.036183248159,44.32950397819888],[-70.03629640772836,44.329344393333365],[-70.03644381138649,44.32924792161923],[-70.03661462705386,44.32922655143887],[-70.03677509780185,44.32924491491171],[-70.0368333905833,44.32910564753999],[-70.03684813832594,44.3290024514483],[-70.03686680267012,44.32880804778215],[-70.03686407935668,44.32865347917595],[-70.03691244576078,44.32857772497604],[-70.03684472186147,44.32849509666927],[-70.03686415421822,44.328344290926566],[-70.03691811163924,44.328272449965596],[-70.0368891078912,44.32819343415238],[-70.03682753432517,44.32814642600558],[-70.03672256002646,44.32814341488744],[-70.03666308105339,44.32821530587311],[-70.03669173542532,44.32827450490942],[-70.03663197828634,44.32833054239804],[-70.03651148515725,44.328387131049695],[-70.03638994485567,44.32838426996124],[-70.03632816335704,44.328325371430225],[-70.03629273168633,44.32819488267449]]]},"properties":{"OBJECTID":"395","EGAD_SEQ":"","MAP_REFERENCE":"","FEATURE_NA":"EST WASTE AREA","POLYGON_TY":"LF WASTE AREA","EGAD_SITE_SEQ":"27,765","SITE_DESCR":"LANDFILL MUNICIPAL","LOCATION_A":"WITHIN 3M","LOCATION_M":"DIGITIZED","DATA_SOURC":"MDEP TECH SERVICES","GlobalID":"{9D383DBF-7915-46EB-B559-6A1AD54FD39D}","Shape_Length":"643.85","Shape_Area":"17,239.76"},"id":395},{"type":"Feature","geometry":{"type":"Polygon","coordinates":[[[-70.41839324210018,43.92915245949337],[-70.41829327010642,43.928793255635966],[-70.41813927028217,43.928608938565255],[-70.41784372075628,43.92841436192891],[-70.41763412350709,43.92833886636474],[-70.41750933447423,43.928334407572734],[-70.41742063824746,43.92844964920109],[-70.41741532445721,43.92857587060514],[-70.41749093186107,43.92895940612999],[-70.4175918980024,43.9293606492692],[-70.41755748258225,43.92966144616989],[-70.41749556899529,43.929854451108476],[-70.41748465506309,43.93009488312505],[-70.41773680764604,43.93021190267821],[-70.41812049280716,43.93026721403598],[-70.41828583603449,43.930229117806334],[-70.41851537404756,43.93009410458969],[-70.41847856419635,43.929944376692134],[-70.41843330349242,43.9297887465542],[-70.41839692355518,43.92965703562103],[-70.41842702230203,43.929524498440415],[-70.41848476305171,43.92950575922134],[-70.41841443025922,43.92934443320578],[-70.41839324210018,43.92915245949337]]]},"properties":{"OBJECTID":"396","EGAD_SEQ":"","MAP_REFERENCE":"","FEATURE_NA":"EST WASTE AREA","POLYGON_TY":"LF WASTE AREA","EGAD_SITE_SEQ":"28,481","SITE_DESCR":"LANDFILL MUNICIPAL","LOCATION_A":"WITHIN 3M","LOCATION_M":"DIGITIZED","DATA_SOURC":"MDEP TECH SERVICES","GlobalID":"{4A27D5E8-399D-4386-A3E2-C9A571E95112}","Shape_Length":"527.64","Shape_Area":"13,691.28"},"id":396},{"type":"Feature","geometry":{"type":"Polygon","coordinates":[[[-70.74138198447572,43.120626814083764],[-70.74125671909975,43.12069498143228],[-70.74110631880936,43.1207738838265],[-70.74100271693081,43.12080859045904],[-70.74090240933629,43.120859811765555],[-70.74082229228704,43.12092522046523],[-70.74071362606367,43.12098071003305],[-70.74061485280684,43.120986354257404],[-70.7405126079452,43.120969274927376],[-70.74048129409952,43.12096146892232],[-70.74047340405166,43.120982295097704],[-70.74046604338008,43.121021748283084],[-70.74048292816346,43.121118810632154],[-70.7405120041626,43.12114735771405],[-70.74055479713803,43.12116120043579],[-70.74073644808651,43.12118742492246],[-70.74090585698985,43.12118070562626],[-70.74102558331262,43.121216155404504],[-70.74116626140034,43.12129269750362],[-70.74140694670614,43.12140705913501],[-70.7414852308947,43.12147626820285],[-70.74161013799312,43.121495073593245],[-70.74172904309084,43.12150154565772],[-70.74162799209708,43.12122769138767],[-70.74138198447572,43.120626814083764]]]},"properties":{"OBJECTID":"397","EGAD_SEQ":"","MAP_REFERENCE":"","FEATURE_NA":"WILSON DUMP","POLYGON_TY":"LF WASTE AREA","EGAD_SITE_SEQ":"101,259","SITE_DESCR":"LANDFILL MUNICIPAL","LOCATION_A":"WITHIN 3M","LOCATION_M":"DIGITIZED","DATA_SOURC":"MDEP TECH SERVICES","GlobalID":"{7A7AF2D6-1AAA-4E6A-BF39-8E25C7E2EAA0}","Shape_Length":"320.48","Shape_Area":"4,459.4"},"id":397},{"type":"Feature","geometry":{"type":"Polygon","coordinates":[[[-70.37104736509487,43.636862926711466],[-70.37093843525147,43.63694526987],[-70.3706595350134,43.63723673971838],[-70.37052273471184,43.637490492807295],[-70.37033688175899,43.637699812257175],[-70.36988634357972,43.638110389344895],[-70.36964039799517,43.6384374793077],[-70.36953179115679,43.63855133018657],[-70.36951775078168,43.638632535832514],[-70.3695201024639,43.6387360558538],[-70.36977799228883,43.63891754475305],[-70.37011549297969,43.63910708271062],[-70.37079133352458,43.63954017377612],[-70.37100260970337,43.63976724139993],[-70.37148308284068,43.6399910778128],[-70.37196374750005,43.64020590323852],[-70.37234890116105,43.640394866119955],[-70.3726689140869,43.64053058362583],[-70.37281553078105,43.6406908938354],[-70.37305481171647,43.6407690569168],[-70.37331087521807,43.64086952502546],[-70.37375866097155,43.641035219768874],[-70.37396974714127,43.64125327926081],[-70.37421013790947,43.64136293859866],[-70.37438462561838,43.64135183658098],[-70.37458802264088,43.6412323382977],[-70.37477368859518,43.6410320191611],[-70.3748496245042,43.64089604557442],[-70.3748469555864,43.640779025399695],[-70.37474949181713,43.64066764833986],[-70.37442436530463,43.640324908147626],[-70.37401817296349,43.63989310024455],[-70.3738425387467,43.639836684927175],[-70.37368094119631,43.63969906775157],[-70.37362909936918,43.63951510794914],[-70.3736869988836,43.63928481124138],[-70.37396641008927,43.63901583605218],[-70.37402736417647,43.638902553854656],[-70.37413465178732,43.63874819677979],[-70.37439981327657,43.638551421676254],[-70.37447654924495,43.638433450177146],[-70.37436282264046,43.63832226830885],[-70.37410461650603,43.638127284021465],[-70.37362414402409,43.637903460351],[-70.3729486109613,43.63748388997177],[-70.37184019141235,43.63685341351801],[-70.37104736509487,43.636862926711466]]]},"properties":{"OBJECTID":"398","EGAD_SEQ":"","MAP_REFERENCE":"","FEATURE_NA":"BALEFILL CELLS 1 - 6","POLYGON_TY":"LF WASTE AREA","EGAD_SITE_SEQ":"31,344","SITE_DESCR":"LANDFILL MUNICIPAL","LOCATION_A":"WITHIN 30M","LOCATION_M":"CAD","DATA_SOURC":"WOODARD AND CURRAN","GlobalID":"{6736C2E7-EE31-4A14-AC11-8F98CF48A68B}","Shape_Length":"1,479.04","Shape_Area":"111,853.78"},"id":398},{"type":"Feature","geometry":{"type":"Polygon","coordinates":[[[-70.36698042174545,43.63859538002744],[-70.36676611368367,43.63866097426319],[-70.36655857272574,43.63888855210594],[-70.36612143047445,43.63919090666683],[-70.36559665026297,43.63983195951309],[-70.36517883935899,43.64028714579573],[-70.364884218382,43.64058779676616],[-70.36469791289788,43.6407610974592],[-70.3646365280709,43.64085637100266],[-70.36463734321379,43.64089237888712],[-70.36465423982163,43.64093719601671],[-70.3646870229122,43.64098182435997],[-70.36492851719836,43.64114101182329],[-70.36494490947432,43.641163324146326],[-70.36520279269192,43.641344826084335],[-70.36541089786445,43.64143237880363],[-70.36580592440544,43.64137363797052],[-70.366467068481,43.64115864277821],[-70.36715884912981,43.64089375825483],[-70.36762592043004,43.64051000429522],[-70.36810569810709,43.63998653591918],[-70.36843024512638,43.63962249065511],[-70.36855320194995,43.639440941150454],[-70.36853548051828,43.63936011684258],[-70.36838857188941,43.639186297748],[-70.36776386558707,43.63890565047142],[-70.36721830362987,43.63864655844085],[-70.36698042174545,43.63859538002744]]]},"properties":{"OBJECTID":"399","EGAD_SEQ":"","MAP_REFERENCE":"","FEATURE_NA":"BALEFILL CELLS 7 - 8","POLYGON_TY":"LF WASTE AREA","EGAD_SITE_SEQ":"31,344","SITE_DESCR":"LANDFILL MUNICIPAL","LOCATION_A":"WITHIN 30M","LOCATION_M":"CAD","DATA_SOURC":"WOODARD AND CURRAN","GlobalID":"{FA39C078-A00B-41BE-9A22-B6670F3960E9}","Shape_Length":"925.79","Shape_Area":"53,466.46"},"id":399},{"type":"Feature","geometry":{"type":"Polygon","coordinates":[[[-70.36407723665167,43.6406244407489],[-70.36416481272109,43.640698551530456],[-70.36439350803512,43.64067235921579],[-70.3645521914114,43.6405006547511],[-70.3647185425292,43.6403206460002],[-70.36627894915067,43.63863209847603],[-70.36627694232004,43.63854354873829],[-70.3659655198575,43.63843507631506],[-70.36548072419183,43.63821057223492],[-70.36514250924625,43.63799612501656],[-70.36483627577222,43.63775767750791],[-70.36460306849143,43.63751244981553],[-70.3644026436977,43.637278642594005],[-70.36372478679188,43.63714501015385],[-70.36279376908705,43.63809697364309],[-70.36233407724731,43.638566992325366],[-70.36215440090459,43.638709460498596],[-70.36163137165305,43.63891134506681],[-70.36142071723592,43.638975491941345],[-70.36118047168709,43.639154685049895],[-70.36216439381185,43.63967932958747],[-70.36332927951607,43.64027320853631],[-70.36407723665167,43.6406244407489]]]},"properties":{"OBJECTID":"400","EGAD_SEQ":"","MAP_REFERENCE":"","FEATURE_NA":"ASHFILL/BALEFILL LATERAL EXP","POLYGON_TY":"LF WASTE AREA","EGAD_SITE_SEQ":"31,344","SITE_DESCR":"LANDFILL COMMERCIAL","LOCATION_A":"WITHIN 3M","LOCATION_M":"DIGITIZED","DATA_SOURC":"GOLDER ASSOCIATES","GlobalID":"{DAAE596A-6261-41B8-8D99-ED9C1BA5DB48}","Shape_Length":"1,173.67","Shape_Area":"81,817.32"},"id":400},{"type":"Feature","geometry":{"type":"Polygon","coordinates":[[[-69.91635489273114,43.93682796271012],[-69.91633517477004,43.936925190995815],[-69.91644270365997,43.937021398749856],[-69.91667826360136,43.93716766915696],[-69.91679851807282,43.93717181295458],[-69.91700863105302,43.93704240318277],[-69.91738400603461,43.93662556354186],[-69.9176255334308,43.93624045208999],[-69.91786595882904,43.93578382281103],[-69.91807268485198,43.935434752093286],[-69.91816921365435,43.935275598280114],[-69.91809004027672,43.93518427291382],[-69.91780421723816,43.93498732016175],[-69.91758963422807,43.934825556785306],[-69.91729171820525,43.934761532217564],[-69.91684755330708,43.934841731003296],[-69.9166090143145,43.93496115131052],[-69.91622406554713,43.93521457848344],[-69.91589621564269,43.93550330794564],[-69.91566450548166,43.93560734565676],[-69.91544017778095,43.935731757348485],[-69.91547135324541,43.93592053928895],[-69.91564344203077,43.936077538530554],[-69.91595039204896,43.93626921957119],[-69.91612130533954,43.936349592741244],[-69.91626441392093,43.936460842169886],[-69.91634374316237,43.93656238568044],[-69.9163457829687,43.936695202546666],[-69.91635489273114,43.93682796271012]]]},"properties":{"OBJECTID":"401","EGAD_SEQ":"","MAP_REFERENCE":"","FEATURE_NA":"WASTE AREA","POLYGON_TY":"LF WASTE AREA","EGAD_SITE_SEQ":"27,633","SITE_DESCR":"LANDFILL MUNICIPAL","LOCATION_A":"WITHIN 3M","LOCATION_M":"DIGITIZED","DATA_SOURC":"MDEP GIS UNIT","GlobalID":"{E6D0FD32-EAF2-4CCC-B9BD-3AE12899CC56}","Shape_Length":"732.41","Shape_Area":"32,563.4"},"id":401},{"type":"Feature","geometry":{"type":"Polygon","coordinates":[[[-69.64870320645444,45.439575824408344],[-69.64912092721985,45.43964823625425],[-69.64940307764856,45.439715805166045],[-69.64959961657667,45.43971783170486],[-69.64975109968444,45.43968552785012],[-69.64994227018056,45.43960897920265],[-69.65016830177156,45.43945677169881],[-69.65033177278988,45.43930177492486],[-69.65038319700182,45.43911283050291],[-69.65039896524382,45.43893037645821],[-69.65025028911577,45.438818032341175],[-69.64991343351863,45.43865330684579],[-69.64964392751408,45.43851963865287],[-69.64936106278488,45.4383891908025],[-69.64910967478635,45.43827742907733],[-69.64893507457053,45.438240690678924],[-69.64881409982831,45.43820679154785],[-69.64871160076041,45.43822623853906],[-69.64862746904043,45.43828960081463],[-69.64854827242547,45.43839380874893],[-69.64849851106509,45.438488088561115],[-69.64845364281344,45.43853226305889],[-69.64841527415685,45.43864826836053],[-69.6484163716661,45.43874408575411],[-69.64836117005954,45.438876156594176],[-69.64835142758963,45.439015958875416],[-69.64835847084856,45.43913569931769],[-69.64838851762818,45.43928325623078],[-69.64842940200371,45.43938683455247],[-69.64849256351822,45.43945435252623],[-69.64854217690835,45.4394824580469],[-69.64863961321382,45.43954475592874],[-69.64870320645444,45.439575824408344]]]},"properties":{"OBJECTID":"402","EGAD_SEQ":"","MAP_REFERENCE":"","FEATURE_NA":"ACTIVE AREA","POLYGON_TY":"LF WASTE AREA","EGAD_SITE_SEQ":"29,567","SITE_DESCR":"LANDFILL MUNICIPAL","LOCATION_A":"WITHIN 30M","LOCATION_M":"CAD","DATA_SOURC":"CES ENGINEERS & SURVEYORS","GlobalID":"{011385E7-90A7-4A20-8251-2269A8EFE0AD}","Shape_Length":"513.7","Shape_Area":"19,150.85"},"id":402},{"type":"Feature","geometry":{"type":"Polygon","coordinates":[[[-70.36142071723592,43.638975491941345],[-70.36253427853507,43.63955457565223],[-70.3645521914114,43.6405006547511],[-70.3647185425292,43.6403206460002],[-70.3639933145051,43.639089299035724],[-70.36353880943307,43.63871831983281],[-70.36279376908705,43.63809697364309],[-70.36233407724731,43.638566992325366],[-70.36215440090459,43.638709460498596],[-70.36163137165305,43.63891134506681],[-70.36142071723592,43.638975491941345]]]},"properties":{"OBJECTID":"403","EGAD_SEQ":"","MAP_REFERENCE":"","FEATURE_NA":"ACTIVE CELL","POLYGON_TY":"LF WASTE AREA","EGAD_SITE_SEQ":"31,344","SITE_DESCR":"LANDFILL COMMERCIAL","LOCATION_A":"WITHIN 3M","LOCATION_M":"DIGITIZED","DATA_SOURC":"MDEP GIS UNIT","GlobalID":"{F14C0818-81EE-400D-B219-236AE1F2AAFB}","Shape_Length":"775.47","Shape_Area":"27,423.01"},"id":403},{"type":"Feature","geometry":{"type":"Polygon","coordinates":[[[-68.32701603032469,44.471595230561796],[-68.32724726376497,44.47146862499311],[-68.32724991348796,44.47146452094096],[-68.32725259580462,44.471460425183174],[-68.32725531443488,44.47145634224305],[-68.32725806688495,44.47145227030541],[-68.32726085440171,44.47144821027781],[-68.32726367571766,44.47144416305308],[-68.3272665295652,44.47144012952402],[-68.3272694159857,44.47143610608977],[-68.32727233496884,44.47143209365055],[-68.32727528646289,44.471428096707406],[-68.32727827431182,44.47142410898106],[-68.32728129593917,44.471420135858004],[-68.32728434883059,44.47141617732342],[-68.32728743175986,44.47141223066926],[-68.32729054975577,44.471408295925116],[-68.32729370151979,44.47140437668445],[-68.32729688583605,44.47140046933898],[-68.32730010267349,44.471396576589406],[-68.3273033520632,44.47139269573504],[-68.32730663020251,44.47138882945429],[-68.32730994463462,44.47138497779161],[-68.327313287806,44.471381141602784],[-68.32731666352961,44.47137731730914],[-68.32732007174337,44.471373510312],[-68.32732350872743,44.47136971608805],[-68.32732698326147,44.47136593648952],[-68.3273304852879,44.471362171457244],[-68.3273340198355,44.47135842102078],[-68.32733758309134,44.471354688758794],[-68.32734117889937,44.471350968391974],[-68.32734480341564,44.47134726619964],[-68.32734846046336,44.471343577702896],[-68.32735215001163,44.47133990560239],[-68.3273558683198,44.47133624717527],[-68.32735961533618,44.4713326069226],[-68.3273633936165,44.471328981258345],[-68.32736720186224,44.47132537377593],[-68.32737104262912,44.47132178088932],[-68.32737491087805,44.47131820346909],[-68.32737880907169,44.47131464603114],[-68.32738273474735,44.4713111040596],[-68.32738669295448,44.47130757578361],[-68.32739067985946,44.47130406658226],[-68.32739469548301,44.47130057465514],[-68.32739873856788,44.4712970999948],[-68.32740281161814,44.47129364351632],[-68.32740691215044,44.47129020250416],[-68.32741104137021,44.47128678146688],[-68.3274133922042,44.47128341207589],[-68.32741570543584,44.47128003256037],[-68.32741798610425,44.47127664204974],[-68.32742023421976,44.47127323964381],[-68.32742244978239,44.47126982534254],[-68.32742462773236,44.47126640181699],[-68.32742677442798,44.471262962802655],[-68.32742888723084,44.471259519087326],[-68.32743096376096,44.47125605895342],[-68.32743300768648,44.47125259142528],[-68.3274350190385,44.47124911380223],[-68.32743699277789,44.471245626954904],[-68.32743893521128,44.471242129119894],[-68.32744084007336,44.47123861845977],[-68.3274427085387,44.471235102183634],[-68.32744454819175,44.471231576735036],[-68.32744634649163,44.47122803933933],[-68.32744811219732,44.47122449364917],[-68.32744984654538,44.47122094147242],[-68.32745154332216,44.47121737647052],[-68.32745320243467,44.471213806745475],[-68.32745483023092,44.47121022693295],[-68.32745642037321,44.47120664149703],[-68.32745797293396,44.47120304413622],[-68.32745949413709,44.47119944028878],[-68.32746097894349,44.47119583082535],[-68.32746242613734,44.47119221213769],[-68.32746383567728,44.471188587826624],[-68.32746521389062,44.471184954328336],[-68.32746655446043,44.47118131430642],[-68.32746785863355,44.47117766866855],[-68.32746912645132,44.47117401381381],[-68.32747036036614,44.471170355158364],[-68.32747155410235,44.47116669176489],[-68.32747271526517,44.47116301827661],[-68.32747384000032,44.47115934187297],[-68.32747492708162,44.47115565984596],[-68.32747597777663,44.471151971302746],[-68.32747699078676,44.47114827983683],[-68.32747796869884,44.47114457916144],[-68.32747890889505,44.47114087826399],[-68.32747981525038,44.47113716816448],[-68.3274806814065,44.47113345512747],[-68.327481511135,44.47112973917511],[-68.32748230820748,44.47112602032964],[-68.32748306386492,44.471122294938375],[-68.32748378686634,44.47111856665399],[-68.32748446967894,44.47111483453184],[-68.32748511857832,44.47111109950917],[-68.32748572727854,44.471107361549],[-68.3274862995822,44.47110361797285],[-68.32748683795201,44.47109987329661],[-68.32748733608136,44.471096129283694],[-68.32748779656731,44.47109237874717],[-68.327488220605,44.47108862709579],[-68.3274886132336,44.47108487345891],[-68.32748896314872,44.47108111686969],[-68.32748927661565,44.47107735916558],[-68.32748955362406,44.47107360124679],[-68.32748979293739,44.47106984130552],[-68.32748999705977,44.47106608025673],[-68.32749015843767,44.471062318956264],[-68.32749028841684,44.47105855477009],[-68.32749038064932,44.471054793062464],[-68.32749043142556,44.47105102840994],[-68.3274904507721,44.471047263572345],[-68.32749042734318,44.47104350118369],[-68.32748948089383,44.47103964513316],[-68.3274884953684,44.47103579785532],[-68.3274874708289,44.47103195394884],[-68.32748641232476,44.47102811164293],[-68.32748531724857,44.47102427902467],[-68.32748418062334,44.4710204515634],[-68.32748301124927,44.47101662931095],[-68.3274818053756,44.47101281044465],[-68.32748056168303,44.471009000358414],[-68.32747928143917,44.47100519815945],[-68.32747796470599,44.471001398446404],[-68.32747661140081,44.470997608421],[-68.32747522031818,44.47099382357484],[-68.32747379271525,44.470990043915236],[-68.32747233106504,44.470986273057896],[-68.32747083411041,44.470982510995384],[-68.32746929936799,44.470978755012304],[-68.3274677280743,44.47097500691643],[-68.32746611899282,44.47097126489996],[-68.32746447710062,44.47096753349358],[-68.3274627986675,44.4709638090742],[-68.32746108368312,44.47096009254204],[-68.32745933462054,44.47095638751276],[-68.32745754525581,44.47095268854807],[-68.327455726883,44.47094899751504],[-68.32745386814602,44.470945317947844],[-68.32745197539289,44.47094164448223],[-68.32745005107593,44.47093798253434],[-68.32744808513766,44.47093433204486],[-68.3274460889548,44.47093068767921],[-68.32744405740554,44.47092705750966],[-68.32744198807896,44.47092343251928],[-68.32743988714718,44.47091982264741],[-68.32743774714987,44.47091622064797],[-68.32743557560946,44.47091262836577],[-68.32743337125841,44.4709090466936],[-68.3274311290163,44.470905480102935],[-68.3274288552518,44.47090192142908],[-68.32742654740912,44.4708983742581],[-68.32742420296363,44.47089483947536],[-68.32742182573853,44.470891312602035],[-68.32741941436295,44.47088780353307],[-68.32741697146497,44.470884302380874],[-68.327414490707,44.470880813609554],[-68.3274119821258,44.47087733907872],[-68.32740943569496,44.47087387602853],[-68.32740685644318,44.470870424488574],[-68.32740424433949,44.470866987159525],[-68.32740159941491,44.47086356134069],[-68.32739892162805,44.47086015063296],[-68.32739731134522,44.4708583748098],[-68.32739567198182,44.47085661321978],[-68.32739399847809,44.47085486853389],[-68.32739229336909,44.47085313896657],[-68.32739056295107,44.47085142365457],[-68.32738879589903,44.47084972343148],[-68.32738700350694,44.47084804016436],[-68.32738517823172,44.470846373808826],[-68.32738332886333,44.470844725316866],[-68.32738144537527,44.47084309192859],[-68.32737953403281,44.47084147548153],[-68.327377597309,44.470839879591274],[-68.32737562773303,44.47083829791192],[-68.32737363407423,44.47083673319595],[-68.32737161502371,44.470835189937],[-68.32736956309006,44.470833663589595],[-68.327367485775,44.470832157799],[-68.32736538437715,44.470830668971786],[-68.32736325762887,44.47082919800075],[-68.32736110295384,44.470827750272356],[-68.32735892167125,44.470826320392746],[-68.32735671756302,44.47082490748387],[-68.32735448678518,44.470823517825075],[-68.32735223314035,44.47082214873787],[-68.32734995665949,44.47082079752167],[-68.32734765225183,44.47081946954807],[-68.3273453275019,44.4708181612607],[-68.32734298235793,44.47081687716064],[-68.32734061187394,44.47081561001649],[-68.32733821597752,44.470814366129765],[-68.32733580346898,44.47081314555237],[-68.32733336683623,44.470811945539154],[-68.32733090859364,44.470810766104925],[-68.32732843118318,44.47080961356603],[-68.32732593594473,44.47080848072814],[-68.32732341532493,44.47080736844704],[-68.32732087931912,44.47080628218326],[-68.32731832544398,44.47080521922134],[-68.32731575121618,44.47080417684582],[-68.32731315656333,44.47080316135821],[-68.32731054533969,44.47080216557901],[-68.32730791746253,44.470801196709914],[-68.32730527298355,44.47080025024988],[-68.32730261062494,44.470799327991884],[-68.32729993291132,44.47079842905057],[-68.32729724232605,44.47079755614137],[-68.32729453512863,44.470796706541414],[-68.32729181130871,44.470795881150906],[-68.32728907462749,44.47079508089233],[-68.32728632129273,44.470794307543834],[-68.32728355511735,44.470793557526825],[-68.32728078111974,44.470792831771085],[-68.32727798923207,44.47079213111764],[-68.32727518571961,44.4707914574039],[-68.3272723743642,44.4707908097519],[-68.3272695451394,44.47079018540172],[-68.3272667118329,44.47078958803571],[-68.3272638618832,44.470789016679575],[-68.32726100789313,44.470788468706736],[-68.32725814099,44.470787950366834],[-68.3272552650281,44.470787454480394],[-68.32725238121292,44.47078698555589],[-68.32724949328495,44.47078654631618],[-68.32724659251635,44.470786130407916],[-68.32724328187508,44.470785714786146],[-68.32723996210265,44.4707853279193],[-68.3272366382795,44.470784965335916],[-68.32723331035389,44.47078463153714],[-68.32722997461636,44.470784321099366],[-68.32722663728036,44.470784040361174],[-68.32722329210141,44.47078378568466],[-68.32721994661225,44.47078355801448],[-68.32721659705162,44.47078335642823],[-68.32721324216237,44.470783180918474],[-68.32720988693185,44.470783035115694],[-68.3272065276609,44.47078291269613],[-68.32720316805901,44.47078281908341],[-68.32719980940408,44.47078275248438],[-68.327196449192,44.47078271198409],[-68.32719308489813,44.47078269846792],[-68.32718972404489,44.47078271378069],[-68.3271863629227,44.47078275249896],[-68.3271830014592,44.47078282092422],[-68.32717963969579,44.470782915455594],[-68.3271762813936,44.47078303701552],[-68.32717292783056,44.47078318381098],[-68.3271695739572,44.470783357612774],[-68.32716622228794,44.47078355843572],[-68.32716287657358,44.47078378810246],[-68.32715953310465,44.470784041189475],[-68.32715619432308,44.47078432401309],[-68.32715286278467,44.47078463298729],[-68.32714953094624,44.4707849680676],[-68.32714620762883,44.47078532750544],[-68.32714289152348,44.47078571579448],[-68.32713957888969,44.470786130211856],[-68.32713627097426,44.47078657166523],[-68.32713297533068,44.47078703929876],[-68.32712968189112,44.470787533953455],[-68.32712640199088,44.470788053895525],[-68.32712312935443,44.47078859818773],[-68.32711986014812,44.470789172209145],[-68.32711660447082,44.47078977241813],[-68.3271133585923,44.47079039519167],[-68.32711012245053,44.47079104593101],[-68.32710689356217,44.47079172192068],[-68.3271036807068,44.470792425012995],[-68.3271004751255,44.47079315155525],[-68.32709728181601,44.470793904277684],[-68.32709410202511,44.470794684087956],[-68.32709093202267,44.470795487362935],[-68.32708777554917,44.470796316825556],[-68.32708463009025,44.47079717246095],[-68.32708150196287,44.47079805160553],[-68.32707838487075,44.470798955122476],[-68.32707528382194,44.470799884841846],[-68.32707219884746,44.47080083806299],[-68.32706912740191,44.470801817471774],[-68.3270660707735,44.470802820374914],[-68.32706303020908,44.47080384768005],[-68.32706000568794,44.47080490118763],[-68.32705699725147,44.47080597729679],[-68.32705400993872,44.470807075136925],[-68.32705103364054,44.47080819914988],[-68.32704807844542,44.47080934669424],[-68.32704514183895,44.47081051775522],[-68.32704222256397,44.47081171232541],[-68.3270393243817,44.4708129313272],[-68.32703644102686,44.47081417292322],[-68.32703357754893,44.47081543534258],[-68.32703074019243,44.47081672222323],[-68.32702791766337,44.47081803169809],[-68.32702511501118,44.47081936199627],[-68.32702233723359,44.47082071584815],[-68.32701957551991,44.470822094102026],[-68.32701683872223,44.47082349230871],[-68.32701412557293,44.47082491136103],[-68.3270114322695,44.47082635393735],[-68.32700876387163,44.4708278173667],[-68.3270061166182,44.470829300726656],[-68.32700349300282,44.47083080583242],[-68.32700089304622,44.47083233088358],[-68.32699831422364,44.470833876765596],[-68.32699576279,44.47083544621607],[-68.32699323629302,44.47083703381893],[-68.3269907347016,44.47083864227484],[-68.3269882568,44.470840267975504],[-68.32698580377296,44.47084191722985],[-68.32698337948514,44.470843581958185],[-68.32698097882503,44.47084526933255],[-68.32697860687313,44.47084697488159],[-68.32697625860065,44.47084869857557],[-68.32697394030389,44.470850439551405],[-68.3269716494271,44.47085220139509],[-68.32696938348693,44.47085398139117],[-68.32696714877967,44.4708557786765],[-68.32696494026627,44.470857594121625],[-68.32695950617608,44.47086078148461],[-68.3269540471796,44.47086394799424],[-68.32694856453396,44.470867093657915],[-68.32694305823921,44.47087021847561],[-68.32693753079933,44.4708733233624],[-68.32693197849457,44.47087640379494],[-68.326926407528,44.470879467012004],[-68.32692081042897,44.47088250666762],[-68.32691518968083,44.470885525477264],[-68.32690954905512,44.47088852346315],[-68.32690388355417,44.47089149789502],[-68.3268981981653,44.47089445240332],[-68.32689249290921,44.47089738518767],[-68.32688676276753,44.47090029531813],[-68.32688101275866,44.47090318372466],[-68.32687523783314,44.47090605217796],[-68.32686944306113,44.47090889710688],[-68.32686363222452,44.47091171763338],[-68.32685779269973,44.47091451818443],[-68.32685193706898,44.47091729793393],[-68.32684606162276,44.470920051458336],[-68.326840166268,44.47092278685962],[-68.32683424606905,44.47092549600617],[-68.32682830850696,44.47092818434374],[-68.32682235236595,44.47093084826408],[-68.32681637507987,44.47093349225339],[-68.32681037794735,44.47093611271826],[-68.32680436096838,44.4709387096587],[-68.3267983279145,44.47094128309689],[-68.3267922699544,44.470943835681645],[-68.32678619595046,44.470946362063486],[-68.3267801058406,44.47094886764377],[-68.32677399463748,44.47095134879196],[-68.32676786483474,44.47095380732327],[-68.32676171769998,44.470956242344954],[-68.32675555072916,44.47095865294195],[-68.32674936767314,44.470961040936885],[-68.32674316855261,44.47096340452938],[-68.32673694958568,44.47096574459738],[-68.32673071457495,44.47096805846247],[-68.32672446220118,44.47097035151855],[-68.32671819123823,44.47097262105754],[-68.3267119067148,44.4709748671091],[-68.32670560237608,44.470977086935505],[-68.32669928321971,44.47097928326703],[-68.32669294671066,44.47098145788932],[-68.32668659414755,44.470983607208915],[-68.32668022932259,44.4709857294476],[-68.32667384462023,44.470987830862406],[-68.32666744387417,44.470989906074294],[-68.32666103208206,44.470991957813546],[-68.32665460298908,44.47099398334244],[-68.32664815783168,44.470995984468836],[-68.32664169659954,44.470997962092945],[-68.32663522305387,44.4709999171372],[-68.32662873850362,44.471001845107956],[-68.32662223289128,44.471003745945914],[-68.32661571619157,44.47100562691207],[-68.32660918597293,44.47100748078984],[-68.32660264095746,44.47100930937233],[-68.32659608364922,44.47101111357453],[-68.32658951407923,44.47101289069579],[-68.32658292842423,44.47101464521494],[-68.3265763317647,44.471016372660586],[-68.32656972154486,44.47101807661872],[-68.32656310031017,44.47101975440355],[-68.32655836957203,44.471020158642],[-68.3265536435727,44.47102058811591],[-68.32654892106537,44.47102104191764],[-68.326544207027,44.47102152457792],[-68.32653949645989,44.471022033366474],[-68.32653479441349,44.47102256651251],[-68.32653009455011,44.47102312848005],[-68.32652539940482,44.471023717483426],[-68.32652071657249,44.47102432906614],[-68.32651603716997,44.471024970377954],[-68.32651136628814,44.471025636047266],[-68.3265066976307,44.471026326937206],[-68.32650204249164,44.47102704491493],[-68.32649739458499,44.47102778994337],[-68.32649275518865,44.47102856022952],[-68.32648812302473,44.4710293575664],[-68.3264834993918,44.47103017836055],[-68.32647888296023,44.471031028906054],[-68.32647427884152,44.471031902030894],[-68.3264696857268,44.47103280222866],[-68.3264651023899,44.471033726791376],[-68.32646052504889,44.47103467659694],[-68.32645596122617,44.47103565349034],[-68.32645140841774,44.47103665655645],[-68.32644686410922,44.47103768578053],[-68.32644233589546,44.471038736705935],[-68.32643781489338,44.4710398164825],[-68.32643330745098,44.471040919746024],[-68.32642881479441,44.47104204920454],[-68.32642433066876,44.47104320212036],[-68.32641986131857,44.471044382131396],[-68.32641540175649,44.47104558560713],[-68.32641096075179,44.47104681530013],[-68.32640652827799,44.47104806845046],[-68.326402113094,44.47104934871079],[-68.32639771273723,44.47105065156532],[-68.32639332467255,44.471051978799565],[-68.32638894762208,44.47105333220664],[-68.32638459293159,44.471054709152554],[-68.32638024802917,44.4710561095632],[-68.32637592041654,44.47105753708389],[-68.32637160888825,44.471058987206185],[-68.32636731342365,44.47106046173048],[-68.32636303403302,44.47106195975659],[-68.3263587707164,44.47106348128449],[-68.32635452348413,44.471065025414006],[-68.3263502923155,44.47106659394553],[-68.32634608220818,44.471068189609355],[-68.32634188695909,44.47106980516675],[-68.3263377128127,44.4710714442556],[-68.32633355469889,44.471073110447115],[-68.32632941144328,44.471074796532214],[-68.3263252905476,44.47107650615616],[-68.32632118826095,44.471078237496364],[-68.32631710202756,44.471079994138805],[-68.3263130369176,44.47108177251229],[-68.32630899166351,44.471083573509645],[-68.32630496750177,44.4710853989387],[-68.3263009619698,44.47108724428356],[-68.32629697753016,44.47108911406013],[-68.32629301297747,44.471091003759916],[-68.32628906952746,44.471092916991196],[-68.32628514591262,44.47109485464681],[-68.32628124598733,44.47109680954721],[-68.32627736339316,44.47109878795691],[-68.32627350818764,44.471100789935164],[-68.32626966908713,44.47110281271462],[-68.32626585489191,44.47110485634722],[-68.32626206435519,44.47110691992529],[-68.32625829491079,44.471109007935084],[-68.32625454915595,44.471111113189714],[-68.32625082450377,44.47111324197591],[-68.32624712730237,44.47111538892939],[-68.32623823087947,44.47111997376715],[-68.32622931839133,44.471124534201984],[-68.32622038099625,44.47112907378285],[-68.32621141869419,44.47113359250977],[-68.32620243779185,44.47113808861936],[-68.32619343576448,44.47114256299702],[-68.32618441262247,44.471147014742485],[-68.32617537090088,44.471151442070195],[-68.32616630300483,44.471155849436734],[-68.32615721648779,44.47116023598633],[-68.32614810886645,44.47116459900352],[-68.32613898136698,44.471168941196396],[-68.32612983403081,44.47117325896402],[-68.3261206618084,44.47117755407725],[-68.32611147347946,44.47118182838834],[-68.32610226404627,44.471186079167026],[-68.32609303225166,44.47119030640584],[-68.32608378309328,44.47119451283514],[-68.32607450905913,44.471198695709745],[-68.32606522017561,44.47120285778962],[-68.32605591018788,44.47120699633708],[-68.32604658035315,44.47121111135952],[-68.3260372306714,44.4712152028569],[-68.32602786366739,44.47121926994384],[-68.32601847300339,44.471223317084345],[-68.32600906626396,44.47122734072206],[-68.32599963967759,44.47123134083472],[-68.32599019324418,44.47123531742233],[-68.32598072944715,44.471239273200325],[-68.32597124580316,44.47124320545326],[-68.32596174235367,44.471247110580265],[-68.32595222153014,44.47125099579791],[-68.32594268212728,44.47125485659763],[-68.32593312538148,44.47125869478735],[-68.32592354879915,44.471262508551746],[-68.32591395613112,44.47126629971351],[-68.32590434362653,44.471270066449975],[-68.32589471501556,44.47127381238422],[-68.32588506532122,44.47127753298551],[-68.32587540081916,44.47128122919114],[-68.32586571898459,44.47128490188649],[-68.32585601730315,44.471288551056716],[-68.32584629955684,44.47129217582386],[-68.32583656572487,44.47129577798836],[-68.32583076813938,44.47129853191991],[-68.32582499421203,44.471301305796906],[-68.32581924140767,44.47130410140488],[-68.32581350845878,44.471306919636646],[-68.32580779912658,44.47130976141468],[-68.3258021058886,44.47131262489405],[-68.32579643753483,44.47131551102691],[-68.32579079408603,44.471318418012835],[-68.32578517051338,44.471321345822126],[-68.32577956678584,44.471324297155455],[-68.32577398796323,44.47132726934185],[-68.32576843275724,44.47133026507456],[-68.32576289872608,44.471333278037214],[-68.3257573883012,44.47133631544637],[-68.32575189776286,44.471339372778736],[-68.32574643585954,44.47134245458732],[-68.32574099513101,44.47134555362586],[-68.32573557424757,44.47134867618845],[-68.32573018204062,44.47135181962643],[-68.3257248084526,44.471354983880374],[-68.32571946483976,44.47135816541628],[-68.32571414107196,44.471361370476224],[-68.32570884598064,44.47136459641157],[-68.32570357076548,44.471367843170334],[-68.32569832048631,44.47137110808159],[-68.32569309885254,44.47137439656886],[-68.32568789713636,44.471377702278716],[-68.32568272283949,44.47138102885658],[-68.32567757470471,44.47138437629496],[-68.3256724539996,44.471387743701136],[-68.32566735319132,44.47139113013031],[-68.32566228106992,44.47139453653469],[-68.32565723386378,44.471397962892],[-68.32565221409767,44.471401408316886],[-68.32564722050401,44.47140487370212],[-68.32564224933196,44.47140835722506],[-68.32563730810396,44.47141186073059],[-68.325632394316,44.47141538330374],[-68.3256275054433,44.471418925829816],[-68.32562264528856,44.471422485630505],[-68.3256178088126,44.47142606357626],[-68.32561300101312,44.47142966239751],[-68.32560822193163,44.47143327849331],[-68.32560346651856,44.47143691363447],[-68.32559874486259,44.47144056517971],[-68.32559404685433,44.47144423757073],[-68.32558937755367,44.47144792813652],[-68.3255847319318,44.4714516368475],[-68.3255801188306,44.47145536015469],[-68.32557553567344,44.47145910344457],[-68.32557097618472,44.4714628657798],[-68.32556644919592,44.471466644511715],[-68.32556194587556,44.47147044228898],[-68.32555747634345,44.47147425376975],[-68.32555303422026,44.471478087018774],[-68.32554862085652,44.47148193394158],[-68.32554423619001,44.47148579993949],[-68.32553988025182,44.471489682311805],[-68.32553555681359,44.471493581080814],[-68.3255312583321,44.471497496202],[-68.32552699110373,44.47150142681227],[-68.32552275758066,44.47150537832774],[-68.32551855283776,44.47150934171659],[-68.32551437555571,44.47151332237269],[-68.32551022698124,44.47151732120364],[-68.32550611092744,44.471521334630914],[-68.32550202361239,44.47152536353244],[-68.32549827169416,44.47152701678753],[-68.32549453835372,44.47152869445966],[-68.32549082612621,44.4715303947632],[-68.3254871350324,44.47153211589781],[-68.32548346755553,44.4715338605789],[-68.32547981617321,44.471535626961526],[-68.3254761846466,44.471537415968186],[-68.32547257799415,44.471539228528776],[-68.32546899498976,44.47154106193527],[-68.32546542934742,44.47154291615051],[-68.32546189109364,44.47154479393453],[-68.32545836894475,44.4715466925199],[-68.32545487544158,44.471548614681495],[-68.32545140311353,44.47155055407328],[-68.32544795439208,44.47155251791182],[-68.32544452555744,44.471554501673744],[-68.32544112539966,44.47155650631128],[-68.32543774511832,44.4715585317724],[-68.32543439351383,44.47156057810917],[-68.32543106305337,44.47156264437675],[-68.32542776000216,44.47156473241272],[-68.32542448186658,44.47156684040181],[-68.32542122741015,44.47156896653617],[-68.32541799786932,44.47157111262366],[-68.32541479699498,44.47157328048694],[-68.32541162106735,44.47157546560274],[-68.32540846753055,44.47157767155703],[-68.32540534393819,44.471579897494145],[-68.32540224905375,44.47158214160623],[-68.32539917784847,44.47158440386358],[-68.32539613536153,44.471586683395756],[-68.32539311651223,44.47158898467403],[-68.32539013142046,44.47159130235657],[-68.3253871699663,44.47159364178526],[-68.32538423727199,44.47159599488786],[-68.32538133327526,44.471598367065674],[-68.32537845670853,44.47160075921152],[-68.32537560889122,44.471603165931484],[-68.3253727910391,44.47160559083385],[-68.32537000440932,44.47160803392613],[-68.32536724275738,44.471610491570246],[-68.32536451355386,44.47161297011229],[-68.32536181184264,44.471615463221056],[-68.32535914013803,44.471617970911424],[-68.32535650091297,44.471620496799055],[-68.32535388918019,44.47162303725345],[-68.32535130992696,44.47162559590514],[-68.32534876069074,44.4716281682382],[-68.32534624269765,44.4716307569607],[-68.3253437534644,44.47163335935715],[-68.32534129795752,44.471635980858565],[-68.32533887375598,44.47163861334813],[-68.32533647827282,44.47164126311253],[-68.32533411658866,44.47164392568036],[-68.32533178993998,44.47164660285953],[-68.32532948825879,44.471649295490785],[-68.32532722413784,44.471652001848],[-68.3253249913015,44.471654720993826],[-68.32532279224345,44.47165745474353],[-68.32532062570648,44.47166020308971],[-68.32531848672402,44.4716629606014],[-68.3253163852811,44.47166573363944],[-68.32531432138806,44.47166852130368],[-68.32531228505992,44.47167131723319],[-68.32531028124251,44.47167412865937],[-68.3253083137489,44.471676952003676],[-68.3253063800751,44.471679786351025],[-68.32530447768595,44.47168263348701],[-68.32530211165295,44.47168414547671],[-68.3252997705253,44.47168567831982],[-68.32529745433415,44.47168722931571],[-68.32529516557311,44.47168880027966],[-68.32529290171745,44.47169039209698],[-68.32529066155143,44.47169200115944],[-68.32528845009351,44.47169362839695],[-68.32528626731252,44.471695276510154],[-68.32528410821084,44.47169694276871],[-68.32528198285641,44.4716986263318],[-68.32527988118125,44.47170032804027],[-68.32527780822454,44.47170204702356],[-68.32527576397592,44.47170378418194],[-68.32527374718859,44.471705538607736],[-68.325271760408,44.47170730761514],[-68.32526980483955,44.47170909571268],[-68.32526787799992,44.47171090018487],[-68.32526597989948,44.47171272013149],[-68.32526411556708,44.471714555582224],[-68.3252622787063,44.471716407400194],[-68.32526046931717,44.471718275585374],[-68.3252586937168,44.47172015747428],[-68.32525695062725,44.47172205485988],[-68.3252552400589,44.471723966841985],[-68.3252535582401,44.47172589339833],[-68.3252519089633,44.47172783275075],[-68.32525029598963,44.471729785821715],[-68.32524871175524,44.471731754367156],[-68.32524716007313,44.47173373480843],[-68.32524564215908,44.47173573075388],[-68.32524415555051,44.47173773768755],[-68.32524270149426,44.4717397565171],[-68.32524128500879,44.47174178817244],[-68.32523989731442,44.47174383080117],[-68.32523854593363,44.47174588624824],[-68.32523723088715,44.47174795271328],[-68.32523594841378,44.47175002927375],[-68.32523469850311,44.47175211682989],[-68.32523348239161,44.471754217189556],[-68.3252323026767,44.47175632316589],[-68.32523115925463,44.47175844376102],[-68.32523004845753,44.47176056995056],[-68.32522897526232,44.47176270626525],[-68.3252279371339,44.47176485449069],[-68.32522693288767,44.47176700831793],[-68.32522596625374,44.47176917137011],[-68.32522503472808,44.471771342732204],[-68.32522413707424,44.471773520596315],[-68.32522327954712,44.47177570770024],[-68.32522245589182,44.471777901306204],[-68.32522166737593,44.471780100521414],[-68.32522091648276,44.471782308061385],[-68.32522020325374,44.47178452032524],[-68.32521952514342,44.47178673999876],[-68.32521888596487,44.47178896350339],[-68.32521827814378,44.471791193495186],[-68.32521771052204,44.47179342642532],[-68.32521718052301,44.47179566768021],[-68.32521668822969,44.47179791005815],[-68.32521623233303,44.47180015805275],[-68.32521581285377,44.47180240986362],[-68.32521542981263,44.471804663690314],[-68.32521508444613,44.47180692134068],[-68.32521477927902,44.47180918192935],[-68.3252145080149,44.47181144631946],[-68.32521427699169,44.471813710047016],[-68.32521407861427,44.47181597756856],[-68.32521392043627,44.47181824802842],[-68.32521380001589,44.47182051511026],[-68.32521371727016,44.47182278601578],[-68.32521367475496,44.471825057158966],[-68.32521366492708,44.4718273284953],[-68.32521369532978,44.471829600069285],[-68.3252137634486,44.471831871866115],[-68.32521386931471,44.47183414118515],[-68.32521401038257,44.471836410712136],[-68.32521418920805,44.471838676861104],[-68.32521440573937,44.47184094413311],[-68.32521466254273,44.471843208041946],[-68.32521495206458,44.47184546944325],[-68.32521528185852,44.471847727481396],[-68.32521564938936,44.47184998394193],[-68.32521605342069,44.471852237017025],[-68.32521649519934,44.4718544876143],[-68.32521697350961,44.47185673212545],[-68.32521748834108,44.47185897145074],[-68.32521804088877,44.471861210998846],[-68.3252186299992,44.47186344176021],[-68.32521925564123,44.47186566643549],[-68.32521991902024,44.47186788953312],[-68.32522061394357,44.471870102914124],[-68.32522135164302,44.47187231384701],[-68.32522212463766,44.47187451688593],[-68.32522293164955,44.47187671382389],[-68.3252237789958,44.47187890199741],[-68.32522466034891,44.471881084970164],[-68.32522557701799,44.47188325824852],[-68.3252268978996,44.47188570489779],[-68.32522825911563,44.471888142782575],[-68.32522964938238,44.47189056913541],[-68.32523107621198,44.47189298670146],[-68.32523253966662,44.47189539007952],[-68.32523403336695,44.471897787334264],[-68.32523556243515,44.47190017039355],[-68.3252371293545,44.47190254197285],[-68.3252387252831,44.471904905621045],[-68.32524035784712,44.47190725418098],[-68.32524202324389,44.47190959033098],[-68.325243717681,44.47191191584924],[-68.32524544996933,44.47191422988752],[-68.32524721385388,44.471916529708004],[-68.32524901182839,44.47191881712603],[-68.32525083762756,44.47192109030399],[-68.32525270130905,44.47192334930133],[-68.32525459278406,44.47192559675924],[-68.32525651836974,44.47192783001427],[-68.32525847681934,44.47193004815869],[-68.32526046686519,44.47193225208534],[-68.32526248726049,44.47193444088657],[-68.32526453551156,44.47193661274711],[-68.3252666178319,44.47193877400555],[-68.32526873180034,44.47194091654518],[-68.32527087610791,44.471943044859565],[-68.32527304824013,44.47194515893389],[-68.32527525326735,44.471947255196994],[-68.32527748363593,44.47194933450453],[-68.32527974685803,44.47195139960172],[-68.32528203794631,44.47195344685795],[-68.32528435941518,44.47195547628813],[-68.32528670873984,44.471957488777576],[-68.32528908715676,44.47195948613415],[-68.3252914947178,44.47196146385678],[-68.32529393140221,44.4719634237459],[-68.32529639217084,44.471965366672],[-68.32529888332004,44.47196729177204],[-68.32530140233543,44.47196919903113],[-68.32530394546608,44.471971086626546],[-68.32530651772012,44.47197295638846],[-68.32530911535704,44.47197480559393],[-68.32531173833537,44.47197663784379],[-68.32531438921097,44.47197844955206],[-68.32531706546945,44.47198024070389],[-68.32531976582248,44.47198201399248],[-68.32532249154802,44.4719837676248],[-68.32532524642805,44.47198550072299],[-68.32532802166212,44.471987213234975],[-68.32533082227906,44.471988905190535],[-68.32533364701129,44.471990577482394],[-68.32533649210794,44.47199222828788],[-68.32533936257708,44.471993859437134],[-68.32534225846021,44.47199546732924],[-68.32534517469736,44.471997054635196],[-68.3253481150602,44.47199862137726],[-68.32535107703423,44.472000167540564],[-68.32535405939342,44.47200169041705],[-68.3253570671666,44.47200319003645],[-68.32536009025459,44.47200466994012],[-68.32536313999304,44.47200612839457],[-68.3253662088905,44.472007560854074],[-68.32536929561721,44.47200897361281],[-68.32537240145108,44.47201036487766],[-68.32537553398726,44.472011730192214],[-68.3253786780666,44.4720130757688],[-68.3253818476014,44.47201439448739],[-68.32538502868974,44.4720156925678],[-68.32538823519205,44.472016967391085],[-68.3253914545362,44.47201821888295],[-68.32539469429659,44.47201944438734],[-68.32539795189658,44.4720206492907],[-68.32540122489428,44.472021827276635],[-68.32540451449512,44.47202298285368],[-68.3254078207198,44.47202411422137],[-68.32541113978631,44.47202522225767],[-68.32541448052628,44.4720263043139],[-68.32541783285083,44.472027363031295],[-68.32542120181999,44.47202839573894],[-68.32542458364135,44.47202940421492],[-68.32542797829413,44.47203039025973],[-68.32543138960187,44.472031349394555],[-68.32543481252534,44.47203228248988],[-68.32543825332982,44.47203319138329],[-68.32544170193692,44.47203407781581],[-68.32544516345843,44.472034934615415],[-68.32544863782172,44.4720357680836],[-68.32545212376962,44.47203657821293],[-68.3254556226319,44.47203735870936],[-68.32545913056434,44.472038115852094],[-68.32546265136969,44.47203884696275],[-68.32546617998798,44.4720395547123],[-68.32546971649181,44.47204023279924],[-68.32547326709464,44.47204088756215],[-68.3254768242843,44.47204151625588],[-68.32548039184276,44.47204211800249],[-68.32548396727638,44.472042690986704],[-68.32548755052294,44.47204324060978],[-68.32549284417325,44.47204407581797],[-68.32549815073799,44.47204488139309],[-68.32550346137519,44.472045660884035],[-68.3255087798565,44.47204641431307],[-68.32551410740801,44.47204714438828],[-68.32551944033067,44.4720478447859],[-68.32552478106628,44.47204852182221],[-68.32553012967705,44.472049170096],[-68.3255354785679,44.472049794063736],[-68.32554083656,44.472050391977],[-68.32554620242728,44.47205096112772],[-68.32555156983177,44.472051505979834],[-68.32555694508034,44.47205202477002],[-68.32556232443238,44.47205251477536],[-68.32556770783609,44.47205298049698],[-68.32557309660048,44.47205341744119],[-68.32557848940615,44.47205383100186],[-68.32558388632566,44.47205421487747],[-68.3255892835148,44.472054575347244],[-68.3255946860646,44.47205490703962],[-68.3256000914088,44.472055214440815],[-68.32560550211367,44.47205549306461],[-68.32561091312958,44.47205574468174],[-68.32561632443586,44.47205597109259],[-68.32562174109235,44.472056169626285],[-68.32562715678198,44.47205634294626],[-68.32563257655427,44.47205648928186],[-68.32563799788443,44.472056609518425],[-68.32564341826838,44.47205670274089],[-68.32564884021023,44.472056769864295],[-68.32565426122662,44.47205680817318],[-68.32565968378007,44.47205682218347],[-68.32566510917972,44.47205680740147],[-68.32567053233447,44.47205676919884],[-68.32567595080242,44.47205670125917],[-68.32568137459985,44.47205660724274],[-68.3256867936794,44.472056486189935],[-68.32569221304918,44.472056339930894],[-68.32569762896864,44.47205616574267],[-68.3257030451783,44.47205596634823],[-68.32570845792728,44.47205573992482],[-68.3257138697196,44.47205548738755],[-68.32571927930844,44.47205520782874],[-68.32572468416899,44.472054902133785],[-68.32573008558953,44.47205456760946],[-68.32573548728989,44.4720542087791],[-68.32574088047993,44.47205382469054],[-68.32574627527954,44.472053410001884],[-68.32575166153771,44.47205297275565],[-68.32575704311937,44.4720525048722],[-68.32576242621731,44.472052014490565],[-68.32576779708508,44.472051494327424],[-68.32577316821187,44.47205095165865],[-68.32577853085941,44.47205038103106],[-68.32578389006687,44.47204978157409],[-68.32578924199008,44.47204915956699],[-68.32579458920564,44.47204850962333],[-68.32579992916801,44.47204783442887],[-68.32580526067181,44.4720471294752],[-68.3258105886837,44.47204640019321],[-68.32581590441353,44.47204564563078],[-68.32582121665148,44.47204486674005],[-68.32582652167761,44.47204405899769],[-68.3258318182141,44.47204322419672],[-68.32583710620901,44.4720423668382],[-68.32584238697147,44.47204148242848],[-68.32584765924416,44.472040570960175],[-68.32585292049201,44.47203963421886],[-68.32585817325014,44.472038670418904],[-68.32586341748743,44.472037682261],[-68.32586865069983,44.472036668830064],[-68.32587387542245,44.47203562834053],[-68.3258790929022,44.47203456170004],[-68.32588429430746,44.472033471557275],[-68.3258894909842,44.47203235527839],[-68.32589467288513,44.4720312119038],[-68.32589984499762,44.472030045063995],[-68.32590500233428,44.472028851128556],[-68.32591015238651,44.472027634642984],[-68.32591528892013,44.47202639106917],[-68.32592041443915,44.47202512132208],[-68.32592552765526,44.47202382809505],[-68.3259306285996,44.47202250868735],[-68.32593571347972,44.472021164877205],[-68.32594079110655,44.47201979581633],[-68.32594585266916,44.472018402352965],[-68.32595089694146,44.47201698177909],[-68.32595593392934,44.47201553865513],[-68.32596451301013,44.472013960687036],[-68.32597308484772,44.472012356567554],[-68.32598164942137,44.47201072809717],[-68.32599020426842,44.472009070759896],[-68.32599874806951,44.47200738994966],[-68.32600728086607,44.47200568206559],[-68.32601580390494,44.47200394801532],[-68.3260243158978,44.47200219049207],[-68.32603282067844,44.472000404116834],[-68.32604131316621,44.471998593360986],[-68.32604979212466,44.47199675641667],[-68.32605826506588,44.4719948960291],[-68.3260667245088,44.471993006752434],[-68.32607517291602,44.47199109310257],[-68.32608360901997,44.47198915597238],[-68.32609203288278,44.471987189960494],[-68.32610044570988,44.471985199575435],[-68.32610884999495,44.47198318663251],[-68.32611723827758,44.47198114388545],[-68.32612561422584,44.47197908035867],[-68.32613398171488,44.47197698707227],[-68.32614233437582,44.4719748711909],[-68.32615067477484,44.47197272822832],[-68.32615900287048,44.4719705617854],[-68.32616731493258,44.47196836823898],[-68.32617561848362,44.471966149434095],[-68.32618390722726,44.47196390623379],[-68.32619218241028,44.47196163954571],[-68.32620044280655,44.47195934666183],[-68.32620869094083,44.47195702669677],[-68.32621692676135,44.471954684151584],[-68.32622514651716,44.471952317203595],[-68.32623335022897,44.471949924052396],[-68.32624154163734,44.47194750742086],[-68.32624972077333,44.47194506460834],[-68.3262578851018,44.4719425974005],[-68.32626603212903,44.471940103982014],[-68.32627416685276,44.4719375870832],[-68.32628228675861,44.47193504668927],[-68.3262903893632,44.4719324800847],[-68.32629847711878,44.47192989268566],[-68.32630655264337,44.47192727550481],[-68.32631460702254,44.47192463839261],[-68.3263226491396,44.471921974199255],[-68.3263306764387,44.47191928651078],[-68.32633868644686,44.47191657171149],[-68.32634668159564,44.47191383701796],[-68.32635465567145,44.47191107609158],[-68.32636261745405,44.471908290784704],[-68.32637056440831,44.471905482882946],[-68.3263784902689,44.471902650548785],[-68.32638640385694,44.471899792033724],[-68.32639429756706,44.47189691269452],[-68.32640217523304,44.47189400715219],[-68.32641003682379,44.47189107810733],[-68.32641787857801,44.47188812463752],[-68.32642570298944,44.47188514855803],[-68.32643351255174,44.471882151684085],[-68.32644130105137,44.47187912767714],[-68.32644907347576,44.4718760801677],[-68.32645682604287,44.47187301003373],[-68.32646456254504,44.471869915497095],[-68.32647227794313,44.471866797428326],[-68.3264799785231,44.47186365586448],[-68.32648765796789,44.471860493469165],[-68.32649531759681,44.4718573048485],[-68.32650296111935,44.47185409542599],[-68.32651058353775,44.471850862471385],[-68.32651819113802,44.471847606021704],[-68.32652577386251,44.47184432601771],[-68.32653334051169,44.47184102251126],[-68.32654088602563,44.47183769817337],[-68.32654841294978,44.47183435031819],[-68.32655591878012,44.47183097803071],[-68.32656340475314,44.471827583118774],[-68.3265708695909,44.471824167375374],[-68.32658267804595,44.47181870210753],[-68.32659446287073,44.471813214192245],[-68.3266062303409,44.4718077045668],[-68.32661797796273,44.47180217141594],[-68.32662970189213,44.471796621018974],[-68.32664140977582,44.47179104441822],[-68.32665309649187,44.47178544968597],[-68.3266647633699,44.47177983052812],[-68.32667641035813,44.471774191445775],[-68.32668803619937,44.471768532431504],[-68.32669964217153,44.47176285169231],[-68.32671122829528,44.471757147427766],[-68.32672279327201,44.47175142323135],[-68.32673433963686,44.47174567731741],[-68.32674586485464,44.4717399114716],[-68.32675736519522,44.47173412207081],[-68.32676884565628,44.47172831184537],[-68.32678031000951,44.47172248081746],[-68.32679175070123,44.47171662984291],[-68.32680317026661,44.47171075713605],[-68.32681456491333,44.471704864475136],[-68.32682594470936,44.47169895101919],[-68.32683729963843,44.47169301310814],[-68.32684863463624,44.471687058873506],[-68.32685994476708,44.47168108018377],[-68.32687123875897,44.471675083392284],[-68.32688250912038,44.47166906395353],[-68.32689375457345,44.471663023660504],[-68.32690497885872,44.47165696523614],[-68.32691618455267,44.47165088329394],[-68.32692736910984,44.47164478051974],[-68.32693852871726,44.47163866049218],[-68.32694966973334,44.47163251694681],[-68.32696078459418,44.47162635163962],[-68.32697187575208,44.471620169986714],[-68.32698295206956,44.47161396663866],[-68.32699399848086,44.47160773970614],[-68.32700502874279,44.47160149557216],[-68.32701603032469,44.471595230561796]]]},"properties":{"OBJECTID":"404","EGAD_SEQ":"","MAP_REFERENCE":"","FEATURE_NA":"LANDFILL","POLYGON_TY":"LF WASTE AREA","EGAD_SITE_SEQ":"29,762","SITE_DESCR":"LANDFILL MUNICIPAL","LOCATION_A":"WITHIN 3M","LOCATION_M":"DIGITIZED","DATA_SOURC":"MDEP TECH SERVICES","GlobalID":"{9E368B27-EABE-46C6-ADC1-AF683B588DDF}","Shape_Length":"488.88","Shape_Area":"13,641.46"},"id":404},{"type":"Feature","geometry":{"type":"Polygon","coordinates":[[[-70.36070006041383,43.638931434763705],[-70.36052050056018,43.63899210162545],[-70.3600709150541,43.639465657271835],[-70.3594782566555,43.64017501674016],[-70.35901169628411,43.64063526591916],[-70.35868954446266,43.64093622468396],[-70.35857724421265,43.64105911119267],[-70.35854563967474,43.64111801526479],[-70.35858018588884,43.64118963447072],[-70.35879754487965,43.64134461981309],[-70.36037809883292,43.64215868508988],[-70.3618594706898,43.642919883757806],[-70.36202553935576,43.64299894224033],[-70.3620582564605,43.642989547501756],[-70.36223640263606,43.64286587374244],[-70.3628169826219,43.64235923233626],[-70.36328391081095,43.641898963381095],[-70.36376570022469,43.64139349540162],[-70.36402320322188,43.64114731674795],[-70.36424724978218,43.640861018159434],[-70.36424511077658,43.64076650307233],[-70.36416481272109,43.640698551530456],[-70.36407723665167,43.6406244407489],[-70.36332927951607,43.64027320853631],[-70.36216439381185,43.63967932958747],[-70.36118047168709,43.639154685049895],[-70.3607496405542,43.63893084449681],[-70.36070006041383,43.638931434763705]]]},"properties":{"OBJECTID":"405","EGAD_SEQ":"","MAP_REFERENCE":"","FEATURE_NA":"ASHFILL/BALEFILL PHASE 3","POLYGON_TY":"LF WASTE AREA","EGAD_SITE_SEQ":"31,344","SITE_DESCR":"LANDFILL MUNICIPAL","LOCATION_A":"WITHIN 30M","LOCATION_M":"CAD","DATA_SOURC":"WOODARD AND CURRAN","GlobalID":"{F1E49772-89E7-4BEC-A1E4-90A2802CB528}","Shape_Length":"1,314.77","Shape_Area":"111,790.76"},"id":405},{"type":"Feature","geometry":{"type":"Polygon","coordinates":[[[-68.87888370224003,44.47149719854372],[-68.87896198524659,44.471355131466275],[-68.87908983596408,44.47124357676868],[-68.87918915829003,44.47121322190719],[-68.87926022607896,44.47113206509989],[-68.87931006497278,44.47103058188083],[-68.87936010239191,44.470832638712785],[-68.87940303931109,44.4706397628787],[-68.87943859363065,44.4705890329123],[-68.87941737552215,44.47056362631456],[-68.87938194792564,44.47055343468849],[-68.87925431907522,44.470558377402],[-68.8790132616937,44.470558122322856],[-68.8785878119262,44.47058305418412],[-68.8783183217984,44.47061830493203],[-68.87819766251555,44.47067909804828],[-68.87809100654307,44.47082621460067],[-68.87794895418526,44.47094790633346],[-68.87784253132658,44.470983330084145],[-68.87770059468983,44.47104917657334],[-68.87762955667256,44.471115098863734],[-68.8776222016873,44.47124201377107],[-68.87765032874418,44.471353734008815],[-68.877664232611,44.47148574564142],[-68.87762858073597,44.4715821666751],[-68.87756450068109,44.47170902078199],[-68.87759956915475,44.47189182348728],[-68.87762055733094,44.4720289193627],[-68.87766298119693,44.47208481255477],[-68.87777635830773,44.4721153947824],[-68.87802449083038,44.47212581334497],[-68.87825135627946,44.47213620960231],[-68.87844989007743,44.47213134438728],[-68.87870518503041,44.472106231582515],[-68.87886829276889,44.47209117379754],[-68.87899599842319,44.47205069228705],[-68.87901741615502,44.47197963995247],[-68.87903885355051,44.47189843341602],[-68.87902488356605,44.47179688274373],[-68.87895418191236,44.471700348620104],[-68.87889052958104,44.47162412946205],[-68.87888370224003,44.47149719854372]]]},"properties":{"OBJECTID":"406","EGAD_SEQ":"","MAP_REFERENCE":"","FEATURE_NA":"SOLID WASTE AREA","POLYGON_TY":"LF WASTE AREA","EGAD_SITE_SEQ":"35,551","SITE_DESCR":"LANDFILL COMMERCIAL","LOCATION_A":"WITHIN 30M","LOCATION_M":"CAD","DATA_SOURC":"SEVEE & MAHER ENGINEERS","GlobalID":"{5D81B6D3-777F-4E94-8A60-1421231ADA1B}","Shape_Length":"568.73","Shape_Area":"18,582.49"},"id":406},{"type":"Feature","geometry":{"type":"Polygon","coordinates":[[[-69.91946273545707,43.93686430311762],[-69.91936376625782,43.93686509948437],[-69.91923817503984,43.93697339914114],[-69.91891794859026,43.93729783981719],[-69.9189401788928,43.93736407763531],[-69.91904661111018,43.93738876562305],[-69.91935804992117,43.93741180508521],[-69.91976194156561,43.937469861682374],[-69.91988322193829,43.93754041147428],[-69.91999837655038,43.937672317534755],[-69.91997356591718,43.93789731110482],[-69.91985072895827,43.93818440272995],[-69.91984570780667,43.93831727543505],[-69.91990423156393,43.93844452883757],[-69.92007681071827,43.93863217090527],[-69.92023430636071,43.93875862712343],[-69.92040452447243,43.93879301824439],[-69.92058094342235,43.938771161611804],[-69.92079938524573,43.93872342025203],[-69.92089709466556,43.93864089034177],[-69.92105795562631,43.93852719596506],[-69.92118974925839,43.938362646787674],[-69.92121534545134,43.938188735564694],[-69.92128987361235,43.93797866674244],[-69.92137917122025,43.93780935134926],[-69.9213984066214,43.93768147166703],[-69.92139635549826,43.937548655012],[-69.92122519515075,43.93745296498003],[-69.92092702567493,43.93737362520639],[-69.92074188551545,43.937288265267675],[-69.9205212420993,43.937192972911575],[-69.92022982964399,43.937093140582604],[-69.92000243411232,43.9370183369938],[-69.91969759215355,43.936964592645914],[-69.91946273545707,43.93686430311762]]]},"properties":{"OBJECTID":"407","EGAD_SEQ":"","MAP_REFERENCE":"","FEATURE_NA":"WASTE AREA","POLYGON_TY":"LF WASTE AREA","EGAD_SITE_SEQ":"95,127","SITE_DESCR":"LANDFILL MUNICIPAL","LOCATION_A":"WITHIN 3M","LOCATION_M":"DIGITIZED","DATA_SOURC":"MDEP GIS UNIT","GlobalID":"{D25A0CEF-FA30-458A-82AA-265646267768}","Shape_Length":"669.42","Shape_Area":"21,221.12"},"id":407},{"type":"Feature","geometry":{"type":"Polygon","coordinates":[[[-70.75076190275826,43.11961267666521],[-70.75079456094535,43.1194577926073],[-70.75066736990222,43.11944544438767],[-70.75063881498791,43.11960741348229],[-70.75076190275826,43.11961267666521]]]},"properties":{"OBJECTID":"408","EGAD_SEQ":"","MAP_REFERENCE":"","FEATURE_NA":"KITTERY LANDFILL FIRE PIT","POLYGON_TY":"LF WASTE AREA","EGAD_SITE_SEQ":"27,816","SITE_DESCR":"LANDFILL MUNICIPAL","LOCATION_A":"WITHIN 3M","LOCATION_M":"DIGITIZED","DATA_SOURC":"MDEP TECH SERVICES","GlobalID":"{56AFEF17-3FB6-4A33-99F9-B3B543B78A4E}","Shape_Length":"56.02","Shape_Area":"181.63"},"id":408},{"type":"Feature","geometry":{"type":"Polygon","coordinates":[[[-70.64916966142867,43.86489457731928],[-70.64921999214039,43.86476873536229],[-70.64918719112582,43.86469413886944],[-70.64903853700106,43.8645989721881],[-70.648839485605,43.864487850834216],[-70.6485888115476,43.86431630557399],[-70.64834712491684,43.86419189614537],[-70.64800063725227,43.86416909157952],[-70.64767649675058,43.86425995791297],[-70.64749640044481,43.864418254754696],[-70.64727574426732,43.864499285830675],[-70.64702911816146,43.86461405630557],[-70.64693253291846,43.864735003479],[-70.64689079847211,43.86489408595714],[-70.64690951804572,43.86515516909212],[-70.6469857958657,43.865273624341015],[-70.64710963862123,43.86530520352559],[-70.64730224544796,43.86532188960834],[-70.6476097889248,43.865325795789985],[-70.64774953475036,43.865376607056625],[-70.64793430606609,43.86538784357338],[-70.64807874794005,43.865330153094106],[-70.64820883142083,43.86516979657015],[-70.64837102488588,43.865059022072465],[-70.64857700454257,43.86500322339006],[-70.64870077214849,43.865032021631485],[-70.64876984059308,43.865028244599564],[-70.64891074596218,43.864981725314266],[-70.64899103176488,43.86496666504141],[-70.64916966142867,43.86489457731928]]]},"properties":{"OBJECTID":"409","EGAD_SEQ":"","MAP_REFERENCE":"","FEATURE_NA":"EST WASTE AREA","POLYGON_TY":"LF WASTE AREA","EGAD_SITE_SEQ":"28,122","SITE_DESCR":"LANDFILL MUNICIPAL","LOCATION_A":"WITHIN 5M","LOCATION_M":"DIGITIZED","DATA_SOURC":"MDEP TECH SERVICES","GlobalID":"{D28C04D5-A1A8-4D7C-A820-37CF1D2DC4DF}","Shape_Length":"509.61","Shape_Area":"16,353.8"},"id":409},{"type":"Feature","geometry":{"type":"Polygon","coordinates":[[[-70.64875025018111,43.986582524066314],[-70.64857754553076,43.98656429441255],[-70.64839852879575,43.98652543426841],[-70.64826495672446,43.98646934107981],[-70.64814377726198,43.98644622303743],[-70.64800102213891,43.98647314908808],[-70.64788764382466,43.986524516759616],[-70.64776841185451,43.98657182449272],[-70.64771390044567,43.9866762200569],[-70.64769519122753,43.98682983123912],[-70.64778458094572,43.98694872815946],[-70.64789772529241,43.98709629306724],[-70.64802177350934,43.987222979238965],[-70.64820790448704,43.987311469366844],[-70.64833562733696,43.98736350275268],[-70.64867048348923,43.987433268927525],[-70.64894027464058,43.98743351999096],[-70.64918631196709,43.987405101720256],[-70.64929269096766,43.98730824513813],[-70.6493524788099,43.98718719560046],[-70.64938334879864,43.987058275047836],[-70.64938093917307,43.98697127853046],[-70.64927387324478,43.986836060121696],[-70.64915016867938,43.986721804031326],[-70.64875025018111,43.986582524066314]]]},"properties":{"OBJECTID":"410","EGAD_SEQ":"","MAP_REFERENCE":"","FEATURE_NA":"EST WASTE AREA","POLYGON_TY":"LF WASTE AREA","EGAD_SITE_SEQ":"28,962","SITE_DESCR":"LANDFILL MUNICIPAL","LOCATION_A":"WITHIN 3M","LOCATION_M":"DIGITIZED","DATA_SOURC":"MDEP TECH SERVICES","GlobalID":"{9124C3B2-8823-4890-B56E-68FF24F4F4B6}","Shape_Length":"385.91","Shape_Area":"10,630.22"},"id":410},{"type":"Feature","geometry":{"type":"Polygon","coordinates":[[[-68.95890896801923,44.45437734274778],[-68.95891714530951,44.45417684179591],[-68.95888960381785,44.45400305007718],[-68.95886085192959,44.453748912481814],[-68.95884258535713,44.45356812800767],[-68.95885608351934,44.453406559730475],[-68.95883156324778,44.45334139317475],[-68.95874708010868,44.453256977706324],[-68.95865569258503,44.453175082258326],[-68.95850504796853,44.45309319403466],[-68.9583599846364,44.45300737522515],[-68.95824541064046,44.45292069140712],[-68.95805930953964,44.452683880334256],[-68.95790206936069,44.45253591467147],[-68.95783058771752,44.45249289275551],[-68.95771025063381,44.452598981320996],[-68.95763314220179,44.45265827306544],[-68.95764352514169,44.45280630537213],[-68.95786768328387,44.45297180832148],[-68.95824485350445,44.45318930668136],[-68.95837456518001,44.45336747430354],[-68.95839231649038,44.45357259862412],[-68.95827223995374,44.453980104074624],[-68.95804249312793,44.45419451865872],[-68.95801246906639,44.45430175789449],[-68.95798850856694,44.454343709299806],[-68.95797839956151,44.45438875735506],[-68.95800293744743,44.45442336951176],[-68.9582318926038,44.454566387189274],[-68.9585113549481,44.454630839189946],[-68.9587408953804,44.45470957161978],[-68.95880081045294,44.4546809940762],[-68.95890896801923,44.45437734274778]]]},"properties":{"OBJECTID":"411","EGAD_SEQ":"","MAP_REFERENCE":"","FEATURE_NA":"WASTE AREA","POLYGON_TY":"LF WASTE AREA","EGAD_SITE_SEQ":"29,212","SITE_DESCR":"LANDFILL MUNICIPAL","LOCATION_A":"WITHIN 5M","LOCATION_M":"DIGITIZED","DATA_SOURC":"MDEP GIS UNIT","GlobalID":"{E3193A49-A482-4F27-AF2D-531959594B82}","Shape_Length":"601.46","Shape_Area":"10,457.92"},"id":411},{"type":"Feature","geometry":{"type":"Polygon","coordinates":[[[-70.40833035692813,44.067618817948365],[-70.40833183263302,44.067576315828674],[-70.40833042492096,44.06754638997038],[-70.40829972761284,44.0675175031614],[-70.40822310946491,44.06747112001273],[-70.40802648816282,44.06739727129774],[-70.40777624423696,44.06729773580285],[-70.40745896964141,44.067185356840895],[-70.40721158250389,44.067081097780104],[-70.40700763563609,44.06698307361928],[-70.40673951754052,44.06692848895957],[-70.40655183373997,44.066931700427475],[-70.40646246036245,44.06697665149664],[-70.406404368878,44.067050501535626],[-70.40644011797286,44.06715966951857],[-70.40648927335673,44.06726241692101],[-70.4066858928596,44.067390849988094],[-70.4070344480269,44.06762845010527],[-70.40742768916597,44.06782109875665],[-70.40758856085975,44.06795916307265],[-70.40770474558072,44.06798484932792],[-70.40778071309559,44.06796237361242],[-70.40792371025874,44.06788531474249],[-70.40808458088657,44.067808255956216],[-70.40822445488517,44.06772864135233],[-70.40833035692813,44.067618817948365]]]},"properties":{"OBJECTID":"412","EGAD_SEQ":"","MAP_REFERENCE":"","FEATURE_NA":"WASTE AREA","POLYGON_TY":"LF WASTE AREA","EGAD_SITE_SEQ":"28,622","SITE_DESCR":"LANDFILL MUNICIPAL","LOCATION_A":"WITHIN 3M","LOCATION_M":"DIGITIZED","DATA_SOURC":"MDEP GIS UNIT","GlobalID":"{32ED4777-861E-4E2D-A682-49D2B65D4760}","Shape_Length":"404.69","Shape_Area":"8,932.81"},"id":412},{"type":"Feature","geometry":{"type":"Polygon","coordinates":[[[-69.51789668867453,46.609695114636715],[-69.517930619121,46.60963552268134],[-69.51792996757705,46.60956717157092],[-69.51779132589377,46.60949944597976],[-69.51761886454862,46.60950319800436],[-69.51742563535772,46.609590257572215],[-69.5172497106223,46.60968318178137],[-69.51705653545449,46.60977618458324],[-69.51697579087879,46.60990136938554],[-69.5169334321836,46.6099818021541],[-69.51697745917139,46.61007670438761],[-69.51712021648358,46.61012360933938],[-69.51726680622407,46.61011997504567],[-69.51740468607181,46.61010746424853],[-69.51756361676073,46.61004136291154],[-69.51772237847489,46.60995743160292],[-69.51781614311133,46.60984110305135],[-69.51789668867453,46.609695114636715]]]},"properties":{"OBJECTID":"413","EGAD_SEQ":"","MAP_REFERENCE":"","FEATURE_NA":"EST WASTE AREA","POLYGON_TY":"LF WASTE AREA","EGAD_SITE_SEQ":"94,975","SITE_DESCR":"LANDFILL MUNICIPAL","LOCATION_A":"WITHIN 3M","LOCATION_M":"DIGITIZED","DATA_SOURC":"MDEP GIS UNIT","GlobalID":"{B8AC62A3-CE6F-483A-9E9F-9BF0ECD6C04F}","Shape_Length":"225.11","Shape_Area":"3,331.83"},"id":413},{"type":"Feature","geometry":{"type":"Polygon","coordinates":[[[-69.07257973465158,47.07423766205694],[-69.07239031086714,47.0746754438063],[-69.0723307667951,47.074805295922324],[-69.07217884688704,47.074875862876816],[-69.072102899949,47.07492041892645],[-69.07215188752986,47.07501311284002],[-69.07229856402584,47.075079782207595],[-69.07241805463916,47.07511679733979],[-69.07267318228214,47.07508696359613],[-69.0728305201729,47.07500897495816],[-69.07291726988433,47.074923612580825],[-69.07290623898427,47.07479751345307],[-69.07293319255264,47.07465655406784],[-69.07306329685349,47.074515529814725],[-69.07308480018703,47.074359737791774],[-69.0730032176576,47.07425222897561],[-69.07286737602706,47.07416700829243],[-69.07272081233532,47.07418193751981],[-69.07257973465158,47.07423766205694]]]},"properties":{"OBJECTID":"414","EGAD_SEQ":"","MAP_REFERENCE":"","FEATURE_NA":"EST WASTE AREA","POLYGON_TY":"LF WASTE AREA","EGAD_SITE_SEQ":"29,810","SITE_DESCR":"LANDFILL MUNICIPAL","LOCATION_A":"WITHIN 3M","LOCATION_M":"DIGITIZED","DATA_SOURC":"MDEP GIS UNIT","GlobalID":"{31C0DF64-C97A-4816-AA5C-22DB3E50220F}","Shape_Length":"284.48","Shape_Area":"4,408.98"},"id":414},{"type":"Feature","geometry":{"type":"Polygon","coordinates":[[[-68.89374450444316,47.16447985299686],[-68.89382131721004,47.16431041393484],[-68.89382781978125,47.164245223976295],[-68.89378969505329,47.16418868521101],[-68.8938025369782,47.16414088624581],[-68.89389826794705,47.16407143267818],[-68.89405140560824,47.163975952657765],[-68.89412797489098,47.163928213470484],[-68.89412809578008,47.16386736387232],[-68.89408358110784,47.16381951185458],[-68.89402627807115,47.16379338028736],[-68.89395615935348,47.16380200796462],[-68.89380950724328,47.16384099044131],[-68.89356722683726,47.16389726904753],[-68.8932164155538,47.16404906687631],[-68.89299320049173,47.16413144061009],[-68.89284011161278,47.164200839785174],[-68.89273794511945,47.164300712195015],[-68.89275682698351,47.1644180830029],[-68.89280120238912,47.16453547766226],[-68.89289023944026,47.16462683549333],[-68.89309412063163,47.16465310449626],[-68.89332362342537,47.16461420101548],[-68.89350219500511,47.16454917026915],[-68.89374450444316,47.16447985299686]]]},"properties":{"OBJECTID":"415","EGAD_SEQ":"","MAP_REFERENCE":"","FEATURE_NA":"EST WASTE AREA","POLYGON_TY":"LF WASTE AREA","EGAD_SITE_SEQ":"29,882","SITE_DESCR":"LANDFILL MUNICIPAL","LOCATION_A":"WITHIN 3M","LOCATION_M":"DIGITIZED","DATA_SOURC":"MDEP GIS UNIT","GlobalID":"{C1D5E290-2E34-4AA8-9F3A-14951FA42BD9}","Shape_Length":"314.36","Shape_Area":"5,462.92"},"id":415},{"type":"Feature","geometry":{"type":"Polygon","coordinates":[[[-68.51997036767709,47.243111953086576],[-68.52080668712848,47.243263162419986],[-68.52126240569368,47.2433210940801],[-68.5214424536486,47.243260725404774],[-68.52160194398095,47.24299144191593],[-68.52144717793011,47.2427361254675],[-68.52116416940777,47.24260251452042],[-68.52027545985236,47.24245618244704],[-68.51949815615617,47.24239689786924],[-68.51886992589655,47.242394261736145],[-68.51829344761619,47.24245805360992],[-68.51786691703946,47.24248172701719],[-68.51753742698374,47.242526180760194],[-68.51746157423848,47.24264300981924],[-68.51739222834566,47.24286682759232],[-68.5175484087055,47.24296425954258],[-68.5178551409868,47.242955363499846],[-68.51807249458999,47.24290534417609],[-68.51829686466117,47.242906287616684],[-68.51851301649928,47.24298869015276],[-68.51997036767709,47.243111953086576]]]},"properties":{"OBJECTID":"416","EGAD_SEQ":"","MAP_REFERENCE":"","FEATURE_NA":"EST WASTE AREA","POLYGON_TY":"LF WASTE AREA","EGAD_SITE_SEQ":"29,819","SITE_DESCR":"LANDFILL MUNICIPAL","LOCATION_A":"WITHIN 3M","LOCATION_M":"DIGITIZED","DATA_SOURC":"MDEP GIS UNIT","GlobalID":"{39FE9A80-DEC0-4713-9C45-297E6D4914A9}","Shape_Length":"725.85","Shape_Area":"20,942.23"},"id":416},{"type":"Feature","geometry":{"type":"Polygon","coordinates":[[[-68.58439239240938,47.156215957457924],[-68.58440312910106,47.15614645302039],[-68.58434741065717,47.15610104852306],[-68.5842813338317,47.156076468616654],[-68.5841236413053,47.15603417004865],[-68.5839912438517,47.156016304164226],[-68.58380781998201,47.156005205928246],[-68.58374130907643,47.156036258485706],[-68.58370516685692,47.15609523854127],[-68.58364863296569,47.15615414537524],[-68.58355647259779,47.15620596680852],[-68.58346924626177,47.1562786701136],[-68.58341246866785,47.156368869252695],[-68.58341685938595,47.156459290811725],[-68.58349272327094,47.15653606411275],[-68.58364510222349,47.156606160507266],[-68.58380282452289,47.1566449828031],[-68.58400184227385,47.15661788849608],[-68.58413990686472,47.15656275541998],[-68.58421165108888,47.15651433555692],[-68.58425278313699,47.15646928249179],[-68.58428380194869,47.15641376070985],[-68.58433548087325,47.156323541740605],[-68.58439239240938,47.156215957457924]]]},"properties":{"OBJECTID":"417","EGAD_SEQ":"","MAP_REFERENCE":"","FEATURE_NA":"EST WASTE AREA","POLYGON_TY":"LF WASTE AREA","EGAD_SITE_SEQ":"29,886","SITE_DESCR":"LANDFILL MUNICIPAL","LOCATION_A":"WITHIN 3M","LOCATION_M":"DIGITIZED","DATA_SOURC":"MDEP GIS UNIT","GlobalID":"{D3338EC4-8381-4799-8B14-78B00ED64DBC}","Shape_Length":"226.65","Shape_Area":"3,770.94"},"id":417},{"type":"Feature","geometry":{"type":"Polygon","coordinates":[[[-68.61031645507445,46.971208783050265],[-68.61032369938208,46.97114389917961],[-68.61029707807094,46.97107890005382],[-68.61022280979648,46.97104619210058],[-68.60993797130928,46.97109622207756],[-68.6097884910724,46.971160621292206],[-68.60958462372797,46.97125265385086],[-68.60941472271172,46.971330892430295],[-68.60941438518843,46.97137725412407],[-68.60945465262431,46.97142839141346],[-68.60950165929957,46.97148418786606],[-68.60953545767019,46.9714935755147],[-68.60967823238134,46.9714198813869],[-68.60986154554092,46.97136023289471],[-68.61008542820409,46.97130999645464],[-68.61031645507445,46.971208783050265]]]},"properties":{"OBJECTID":"418","EGAD_SEQ":"","MAP_REFERENCE":"","FEATURE_NA":"EST WASTE AREA","POLYGON_TY":"LF WASTE AREA","EGAD_SITE_SEQ":"29,890","SITE_DESCR":"LANDFILL MUNICIPAL","LOCATION_A":"WITHIN 3M","LOCATION_M":"DIGITIZED","DATA_SOURC":"MDEP GIS UNIT","GlobalID":"{251F84BE-776D-408F-BCF5-6D4BE499A182}","Shape_Length":"180.78","Shape_Area":"1,591.09"},"id":418},{"type":"Feature","geometry":{"type":"Polygon","coordinates":[[[-68.60987896566265,47.03971809648274],[-68.60958738414776,47.03971246670741],[-68.60937019920982,47.03973490680935],[-68.60936243636594,47.039869332863944],[-68.60929370437277,47.039994278651896],[-68.60929930141668,47.04015656710672],[-68.60928468902836,47.040300242056],[-68.60932372175006,47.040527553206324],[-68.60949164428122,47.040750667762964],[-68.60969445851889,47.04083944847595],[-68.60989072829405,47.040895752668334],[-68.61008058702379,47.04090103537654],[-68.61012728337164,47.041007829130876],[-68.61011969109556,47.04111907419697],[-68.61023363364508,47.041304912957926],[-68.61043705865332,47.04131024214417],[-68.61062752605758,47.04123207283395],[-68.61070985370061,47.041102536350344],[-68.61057505883772,47.04098617102476],[-68.6106235439537,47.04084724723873],[-68.6106934205613,47.040564671359206],[-68.61056004395383,47.04025358670484],[-68.6102506454222,47.039900176819714],[-68.60987896566265,47.03971809648274]]]},"properties":{"OBJECTID":"419","EGAD_SEQ":"","MAP_REFERENCE":"","FEATURE_NA":"EST WASTE AREA","POLYGON_TY":"LF WASTE AREA","EGAD_SITE_SEQ":"29,816","SITE_DESCR":"LANDFILL MUNICIPAL","LOCATION_A":"WITHIN 3M","LOCATION_M":"DIGITIZED","DATA_SOURC":"MDEP GIS UNIT","GlobalID":"{B4073C67-CB92-4CE0-9D78-16CC9A43A4E7}","Shape_Length":"480.83","Shape_Area":"12,632.26"},"id":419},{"type":"Feature","geometry":{"type":"Polygon","coordinates":[[[-68.38402868564201,47.23783175195564],[-68.3840149336987,47.23752525898482],[-68.38405974270076,47.237210152564295],[-68.38412515534576,47.236923321945355],[-68.38410256154337,47.23668307645782],[-68.38374383581417,47.23665463020548],[-68.38347784800332,47.23683587289565],[-68.38338358780895,47.237106604494045],[-68.38330135105198,47.237506688366715],[-68.3832804928133,47.23781299604903],[-68.38370329423776,47.23791249986011],[-68.38402868564201,47.23783175195564]]]},"properties":{"OBJECTID":"420","EGAD_SEQ":"148,594","MAP_REFERENCE":"","FEATURE_NA":"EST WASTE AREA","POLYGON_TY":"LF WASTE AREA","EGAD_SITE_SEQ":"32,860","SITE_DESCR":"SEPTAGE DISPOSAL/STORAGE SITE","LOCATION_A":"WITHIN 3M","LOCATION_M":"DIGITIZED","DATA_SOURC":"MDEP PFAS INVESTIGATION","GlobalID":"{533AC73B-6ADD-4CD1-8DCE-5ACBCD50837B}","Shape_Length":"354.06","Shape_Area":"6,853.84"},"id":420},{"type":"Feature","geometry":{"type":"Polygon","coordinates":[[[-68.34398313447993,47.28326107403807],[-68.34327832981523,47.28260785191282],[-68.34228376939213,47.28291960677044],[-68.34254025521511,47.28379498352929],[-68.34263812068365,47.283934656061305],[-68.34280016619604,47.283971255001724],[-68.34299947675629,47.28396169699769],[-68.34398313447993,47.28326107403807]]]},"properties":{"OBJECTID":"421","EGAD_SEQ":"148,592","MAP_REFERENCE":"","FEATURE_NA":"EST WASTE AREA","POLYGON_TY":"LF WASTE AREA","EGAD_SITE_SEQ":"32,656","SITE_DESCR":"SEPTAGE DISPOSAL/STORAGE SITE","LOCATION_A":"WITHIN 3M","LOCATION_M":"DIGITIZED","DATA_SOURC":"MDEP PFAS INVESTIGATION","GlobalID":"{960C5F90-4C01-4848-B977-5FA4A012274D}","Shape_Length":"424.98","Shape_Area":"11,816.04"},"id":421},{"type":"Feature","geometry":{"type":"Polygon","coordinates":[[[-68.31395487190308,47.28846205498435],[-68.31361765152624,47.288367924882614],[-68.31337411349983,47.28835725523347],[-68.31326474918428,47.28843950001224],[-68.3132233041239,47.28850372939701],[-68.31315311765637,47.2886967420127],[-68.31311095809917,47.28881623320153],[-68.31308161889105,47.28899106824826],[-68.31316164694663,47.28908365963259],[-68.31348593082363,47.289131658159654],[-68.31364813256137,47.289151052076356],[-68.31381057267778,47.2891520248489],[-68.31402704086833,47.28916253153155],[-68.31409555770793,47.28909846389981],[-68.3141921003816,47.28896087548073],[-68.31428864256308,47.28882328607471],[-68.31430396421278,47.28868521153067],[-68.31427808265244,47.28859294494924],[-68.31395487190308,47.28846205498435]]]},"properties":{"OBJECTID":"422","EGAD_SEQ":"","MAP_REFERENCE":"","FEATURE_NA":"EST WASTE AREA","POLYGON_TY":"LF WASTE AREA","EGAD_SITE_SEQ":"29,880","SITE_DESCR":"LANDFILL MUNICIPAL","LOCATION_A":"WITHIN 3M","LOCATION_M":"DIGITIZED","DATA_SOURC":"MDEP GIS UNIT","GlobalID":"{B19E5ED9-BCFE-4464-8790-96CDA8C8612D}","Shape_Length":"296.59","Shape_Area":"6,391.33"},"id":422},{"type":"Feature","geometry":{"type":"Polygon","coordinates":[[[-68.29916337849298,47.33978947172184],[-68.2988597116506,47.33979940493655],[-68.29861565365712,47.33989223259118],[-68.29857081093236,47.34000396429595],[-68.29851690624979,47.34014511529424],[-68.29850558009694,47.340345478218794],[-68.2985726911882,47.340516845513385],[-68.29876230129092,47.34060643185892],[-68.29903909883514,47.34066118069446],[-68.29934308254792,47.34062766894102],[-68.29947456326417,47.340522361283824],[-68.29960807172112,47.340263794524674],[-68.29961087822576,47.34005158988065],[-68.29958696774266,47.339892277640324],[-68.29941446880379,47.339820482466195],[-68.29916337849298,47.33978947172184]]]},"properties":{"OBJECTID":"423","EGAD_SEQ":"","MAP_REFERENCE":"","FEATURE_NA":"EST WASTE AREA","POLYGON_TY":"LF WASTE AREA","EGAD_SITE_SEQ":"29,828","SITE_DESCR":"LANDFILL MUNICIPAL","LOCATION_A":"WITHIN 3M","LOCATION_M":"DIGITIZED","DATA_SOURC":"MDEP GIS UNIT","GlobalID":"{8B3BC1D1-21B4-4845-8E72-7F7B5BBE72A4}","Shape_Length":"299.4","Shape_Area":"6,760.93"},"id":423},{"type":"Feature","geometry":{"type":"Polygon","coordinates":[[[-68.21222188826768,47.220271735687035],[-68.21233493442334,47.220296659434524],[-68.21242371104726,47.220285196453396],[-68.2125311708963,47.22020866601058],[-68.2125714053349,47.22012442878834],[-68.21259059027246,47.22002555933239],[-68.21255583109428,47.21997944167932],[-68.21236446189786,47.219978126272025],[-68.21227207093517,47.21999439384349],[-68.21217577893286,47.220034781045264],[-68.21209380445144,47.22006560855484],[-68.21206123095719,47.22011126331116],[-68.21203581560249,47.22015213780161],[-68.21204576719622,47.220198085005535],[-68.21206294988015,47.22023442296638],[-68.21222188826768,47.220271735687035]]]},"properties":{"OBJECTID":"424","EGAD_SEQ":"","MAP_REFERENCE":"","FEATURE_NA":"EST WASTE AREA","POLYGON_TY":"LF WASTE AREA","EGAD_SITE_SEQ":"29,829","SITE_DESCR":"LANDFILL MUNICIPAL","LOCATION_A":"WITHIN 3M","LOCATION_M":"DIGITIZED","DATA_SOURC":"MDEP GIS UNIT","GlobalID":"{3ED509EB-B24A-4523-BF2D-E29664E3785F}","Shape_Length":"124.37","Shape_Area":"1,109.13"},"id":424},{"type":"Feature","geometry":{"type":"Polygon","coordinates":[[[-68.24695528441751,47.19341346014739],[-68.2468796283545,47.19341940217176],[-68.24686005323633,47.19346756673805],[-68.24683548311205,47.193535016482336],[-68.24682008428925,47.19362184363423],[-68.24684274271902,47.193689603859454],[-68.24695045689731,47.193754703519296],[-68.24713373820663,47.19382029968944],[-68.24737405769605,47.19386051292763],[-68.24752982223612,47.19386797543723],[-68.24771006503705,47.19381442654924],[-68.24790978949738,47.19371915046437],[-68.24809684619647,47.19351754538852],[-68.2482937552388,47.19328702851741],[-68.24829094164816,47.19315178751759],[-68.2481971685301,47.19310287894696],[-68.24803700150517,47.193072851655295],[-68.24790476296798,47.193071983617344],[-68.24784277595901,47.193113431481564],[-68.24783632444642,47.19323573298612],[-68.2477121210591,47.19333472364865],[-68.24758223863724,47.193501288145235],[-68.24740671975012,47.19355486876594],[-68.2472796582517,47.19352183821741],[-68.24695528441751,47.19341346014739]]]},"properties":{"OBJECTID":"425","EGAD_SEQ":"","MAP_REFERENCE":"","FEATURE_NA":"EST WASTE AREA","POLYGON_TY":"LF WASTE AREA","EGAD_SITE_SEQ":"29,878","SITE_DESCR":"LANDFILL MUNICIPAL","LOCATION_A":"WITHIN 3M","LOCATION_M":"DIGITIZED","DATA_SOURC":"MDEP GIS UNIT","GlobalID":"{354EDBAF-895E-4F00-AFFB-663D12D9D309}","Shape_Length":"337.6","Shape_Area":"4,766.89"},"id":425},{"type":"Feature","geometry":{"type":"Polygon","coordinates":[[[-67.96613463032361,47.169606802375846],[-67.96611026673226,47.16943679857315],[-67.96602853609447,47.16937192061326],[-67.96585793390153,47.16932510410168],[-67.96574242942081,47.16929010505821],[-67.96560421176372,47.16928508392999],[-67.96541525646774,47.16932865311337],[-67.96517534437423,47.16943212972491],[-67.96494059545866,47.16955451626606],[-67.96467657577017,47.169759644526536],[-67.96431342226371,47.16994123723566],[-67.96409321095904,47.170169397108],[-67.96422813148966,47.17034417414187],[-67.96470393445995,47.17034470220956],[-67.9649984354788,47.17027945008415],[-67.96531484376071,47.170225713525994],[-67.96576474504013,47.17013545205957],[-67.9660381436126,47.170017184919075],[-67.96614130155577,47.16983324052664],[-67.96613463032361,47.169606802375846]]]},"properties":{"OBJECTID":"426","EGAD_SEQ":"","MAP_REFERENCE":"","FEATURE_NA":"EST WASTE AREA","POLYGON_TY":"LF WASTE AREA","EGAD_SITE_SEQ":"29,885","SITE_DESCR":"LANDFILL MUNICIPAL","LOCATION_A":"WITHIN 3M","LOCATION_M":"DIGITIZED","DATA_SOURC":"MDEP GIS UNIT","GlobalID":"{9E0D8BB2-AA09-4A4C-A3A8-B4ABCD0EBF29}","Shape_Length":"429.68","Shape_Area":"11,352.49"},"id":426},{"type":"Feature","geometry":{"type":"Polygon","coordinates":[[[-68.14310201867906,47.05069076035848],[-68.14302209536653,47.05051094307198],[-68.14290570973846,47.05045347619031],[-68.14274739869094,47.05042870999545],[-68.14234055238326,47.05041151501346],[-68.14217481298202,47.05041970613193],[-68.14212568500169,47.05047121685157],[-68.14209012897804,47.050536978868124],[-68.1421371397328,47.05061750815408],[-68.14221864939047,47.050698295831],[-68.14238121454024,47.05088816509305],[-68.14228197377534,47.051052492325745],[-68.14219076619298,47.05114613502587],[-68.14206551558425,47.05121122423444],[-68.14202320936258,47.051267503157156],[-68.1420501269623,47.05131015104853],[-68.1423601578697,47.05134077168351],[-68.14265616196376,47.051385434311136],[-68.14285010706709,47.05133972363041],[-68.14301061295393,47.051227733123106],[-68.14309537159922,47.05110574403177],[-68.14312644428834,47.05088902733516],[-68.14310201867906,47.05069076035848]]]},"properties":{"OBJECTID":"427","EGAD_SEQ":"","MAP_REFERENCE":"","FEATURE_NA":"EST WASTE AREA","POLYGON_TY":"LF WASTE AREA","EGAD_SITE_SEQ":"29,883","SITE_DESCR":"LANDFILL MUNICIPAL","LOCATION_A":"WITHIN 3M","LOCATION_M":"DIGITIZED","DATA_SOURC":"MDEP GIS UNIT","GlobalID":"{3D00BCAD-1083-4EF4-A1B1-5433DA16EE9A}","Shape_Length":"344.87","Shape_Area":"6,664.57"},"id":427},{"type":"Feature","geometry":{"type":"Polygon","coordinates":[[[-67.98370475011865,46.96864796734577],[-67.98339809376749,46.968639717742164],[-67.98321137448853,46.968693330066564],[-67.98310485862952,46.968775289220495],[-67.98313946108675,46.96907958152441],[-67.98323256332857,46.96927938056385],[-67.98354593649452,46.969359541128505],[-67.98374765092582,46.96936685889332],[-67.98379744823578,46.96929544910307],[-67.98390448871162,46.969185859217134],[-67.98388403774011,46.968986706427664],[-67.98377489245145,46.96878123838325],[-67.98370475011865,46.96864796734577]]]},"properties":{"OBJECTID":"428","EGAD_SEQ":"","MAP_REFERENCE":"","FEATURE_NA":"EST WASTE AREA","POLYGON_TY":"LF WASTE AREA","EGAD_SITE_SEQ":"49,995","SITE_DESCR":"LANDFILL MUNICIPAL","LOCATION_A":"WITHIN 3M","LOCATION_M":"DIGITIZED","DATA_SOURC":"MDEP GIS UNIT","GlobalID":"{5568998F-A37E-4978-9CBC-3CC3CCC66513}","Shape_Length":"234.66","Shape_Area":"3,893.52"},"id":428},{"type":"Feature","geometry":{"type":"Polygon","coordinates":[[[-67.88844587506102,46.82562813616194],[-67.88868007393849,46.82526724004543],[-67.88887953214982,46.8249248719723],[-67.8888709422405,46.82467481385691],[-67.88845381281841,46.82457643343091],[-67.88805988616288,46.824685802664625],[-67.8877879658403,46.82487653686501],[-67.88765208382509,46.825134623914224],[-67.88769618585766,46.82532842891202],[-67.8878716967669,46.82548106281378],[-67.88805476082968,46.825600753756454],[-67.88844587506102,46.82562813616194]]]},"properties":{"OBJECTID":"429","EGAD_SEQ":"","MAP_REFERENCE":"","FEATURE_NA":"EST WASTE AREA","POLYGON_TY":"LF WASTE AREA","EGAD_SITE_SEQ":"29,818","SITE_DESCR":"LANDFILL MUNICIPAL","LOCATION_A":"WITHIN 3M","LOCATION_M":"DIGITIZED","DATA_SOURC":"MDEP GIS UNIT","GlobalID":"{FAD32F6C-27A3-49AB-8F9F-2235DC21271D}","Shape_Length":"331.58","Shape_Area":"7,684.9"},"id":429},{"type":"Feature","geometry":{"type":"Polygon","coordinates":[[[-67.88964606905108,46.823739036820974],[-67.88987928201388,46.823425294030436],[-67.88989651649192,46.82325566704441],[-67.88967687394087,46.823244103488555],[-67.8894756086194,46.82334119718152],[-67.88916325815961,46.82349380983625],[-67.88908321966827,46.823709992548636],[-67.88914793678606,46.82390399713063],[-67.88933070573214,46.82403783256364],[-67.88951175267312,46.82392167714299],[-67.88964606905108,46.823739036820974]]]},"properties":{"OBJECTID":"430","EGAD_SEQ":"","MAP_REFERENCE":"","FEATURE_NA":"EST WASTE AREA","POLYGON_TY":"LF WASTE AREA","EGAD_SITE_SEQ":"29,818","SITE_DESCR":"LANDFILL MUNICIPAL","LOCATION_A":"WITHIN 3M","LOCATION_M":"DIGITIZED","DATA_SOURC":"MDEP GIS UNIT","GlobalID":"{C436A558-FE55-4598-BAAB-9C25ED95EE60}","Shape_Length":"231.79","Shape_Area":"3,118.51"},"id":430},{"type":"Feature","geometry":{"type":"Polygon","coordinates":[[[-68.47620489438751,46.787152484264446],[-68.47637864880888,46.78693710686282],[-68.47631322708945,46.78679924331077],[-68.47623909554788,46.78657618113617],[-68.47586755719165,46.7865351765806],[-68.47554306496603,46.786559892846206],[-68.47540853614714,46.78666408641864],[-68.47530236323053,46.78679461348471],[-68.47520470605829,46.787029990505225],[-68.47511607618043,46.78731781343482],[-68.47513279410204,46.78756026531483],[-68.47532193495047,46.787724899506095],[-68.47563600610843,46.787791845293604],[-68.47589406809342,46.78773407137059],[-68.47609529045948,46.78763673212055],[-68.47610692402601,46.787420613817304],[-68.47620489438751,46.787152484264446]]]},"properties":{"OBJECTID":"431","EGAD_SEQ":"","MAP_REFERENCE":"","FEATURE_NA":"EST WASTE AREA","POLYGON_TY":"LF WASTE AREA","EGAD_SITE_SEQ":"29,874","SITE_DESCR":"LANDFILL MUNICIPAL","LOCATION_A":"WITHIN 3M","LOCATION_M":"DIGITIZED","DATA_SOURC":"MDEP GIS UNIT","GlobalID":"{A9D30E03-C471-4723-827D-ADBA12070881}","Shape_Length":"384.16","Shape_Area":"9,852.99"},"id":431},{"type":"Feature","geometry":{"type":"Polygon","coordinates":[[[-68.36683430014635,46.66434768852212],[-68.3668454276962,46.66417318745558],[-68.36677947512781,46.66404343104922],[-68.3666888093539,46.663966621247674],[-68.36658318235818,46.663932858725616],[-68.36636641440036,46.66392502328985],[-68.36611148420081,46.66388379820553],[-68.3658611395735,46.663862504480136],[-68.36558172705293,46.663854320344754],[-68.36533515374279,46.66392262568637],[-68.36528634521231,46.663975438373136],[-68.3653176688494,46.664181311555986],[-68.36534343704277,46.66445019149225],[-68.36540390736967,46.66463631979199],[-68.36554283934213,46.664706763050035],[-68.36583620855711,46.66475815570354],[-68.36615841285023,46.66481634254835],[-68.36644742902357,46.66482789649992],[-68.36667889106964,46.66481590660456],[-68.36677106903917,46.664763333361336],[-68.36680605927698,46.664668020754846],[-68.3668435964135,46.66460075783149],[-68.36683233084874,46.66451635560312],[-68.36683430014635,46.66434768852212]]]},"properties":{"OBJECTID":"432","EGAD_SEQ":"","MAP_REFERENCE":"","FEATURE_NA":"EST WASTE AREA","POLYGON_TY":"LF WASTE AREA","EGAD_SITE_SEQ":"29,812","SITE_DESCR":"LANDFILL MUNICIPAL","LOCATION_A":"WITHIN 3M","LOCATION_M":"DIGITIZED","DATA_SOURC":"MDEP GIS UNIT","GlobalID":"{151D1A35-EF97-4F0E-9EB7-951F6835E47B}","Shape_Length":"391.35","Shape_Area":"10,975.09"},"id":432},{"type":"Feature","geometry":{"type":"Polygon","coordinates":[[[-68.06311378724322,46.68330378453367],[-68.06343629498609,46.68312405156852],[-68.06347467596764,46.682987988908955],[-68.06368599169139,46.68274796023477],[-68.0637610383778,46.68257500415992],[-68.06365017162273,46.68221455814518],[-68.0634721957708,46.682089122151055],[-68.0632947029143,46.68202952357794],[-68.06328262306856,46.68221774839604],[-68.06308751016157,46.68227082542785],[-68.06282378557022,46.68220791646811],[-68.06258696010727,46.68212092637795],[-68.06218286560649,46.68200826578559],[-68.06180440836584,46.681944413105434],[-68.06129598670178,46.68173976927289],[-68.06101514149832,46.68164634020652],[-68.06061756268167,46.681667376705114],[-68.06032505032276,46.68173787477841],[-68.06014558645452,46.681906499919194],[-68.0600368335281,46.682069630253736],[-68.0600063518225,46.682300228122514],[-68.06028509209459,46.682515141505924],[-68.06036020656884,46.68276483212808],[-68.06030377511752,46.68296484237703],[-68.06048522379092,46.68319110615726],[-68.06073014019769,46.683320691559445],[-68.06135657430359,46.68333798146339],[-68.06237229967965,46.683303785118625],[-68.06311378724322,46.68330378453367]]]},"properties":{"OBJECTID":"433","EGAD_SEQ":"","MAP_REFERENCE":"","FEATURE_NA":"EST WASTE AREA","POLYGON_TY":"LF WASTE AREA","EGAD_SITE_SEQ":"29,876","SITE_DESCR":"LANDFILL MUNICIPAL","LOCATION_A":"WITHIN 3M","LOCATION_M":"DIGITIZED","DATA_SOURC":"MDEP GIS UNIT","GlobalID":"{ACB56361-158B-4FF7-92AB-3970E684D2CA}","Shape_Length":"825.7","Shape_Area":"39,011.01"},"id":433},{"type":"Feature","geometry":{"type":"Polygon","coordinates":[[[-67.86910235612378,46.65630234239591],[-67.8690656478658,46.65622616852215],[-67.86895659945918,46.65617564954783],[-67.86877473120188,46.656173851404496],[-67.86862130474069,46.65618551837416],[-67.86846849563184,46.656167526496965],[-67.86834557216885,46.656093796125],[-67.86828076727575,46.65598768022277],[-67.86813418950476,46.6559005305928],[-67.86804394356935,46.65586667738011],[-67.86791048670838,46.65583898768014],[-67.8678010008392,46.65590631771908],[-67.86751214867236,46.65588778269462],[-67.86731578556063,46.65589243081266],[-67.86712865133904,46.65591365059704],[-67.86703182981793,46.65596543013595],[-67.8668166671078,46.65595341060536],[-67.86663376554495,46.65600104067035],[-67.866526890896,46.6560757919715],[-67.86638685706177,46.65613373489548],[-67.86621373428711,46.65617157263401],[-67.86598366143214,46.65618577293849],[-67.86584404019453,46.65622394218868],[-67.86578522985677,46.65628928072091],[-67.86574793761432,46.656470197768066],[-67.8658031649093,46.656576220151024],[-67.86583080985716,46.65685666375894],[-67.86595249133433,46.6569897140038],[-67.86619472177013,46.65708110999293],[-67.86705507618755,46.65691584657292],[-67.86709693484829,46.65683624736159],[-67.86723232080496,46.656771665488435],[-67.86811519931209,46.65671102912864],[-67.8690925993074,46.65677029340132],[-67.86913342917346,46.65664874064165],[-67.86904910976341,46.65646464591613],[-67.86901879474448,46.65640699211339],[-67.86910235612378,46.65630234239591]]]},"properties":{"OBJECTID":"434","EGAD_SEQ":"148,683","MAP_REFERENCE":"","FEATURE_NA":"EST WASTE AREA","POLYGON_TY":"LF WASTE AREA","EGAD_SITE_SEQ":"32,386","SITE_DESCR":"SEPTAGE DISPOSAL/STORAGE SITE","LOCATION_A":"WITHIN 3M","LOCATION_M":"DIGITIZED","DATA_SOURC":"MDEP PFAS INVESTIGATION","GlobalID":"{6050B62E-6C44-4708-8BD3-38AC9896BCF1}","Shape_Length":"686.19","Shape_Area":"22,559.73"},"id":434},{"type":"Feature","geometry":{"type":"Polygon","coordinates":[[[-67.92785765288315,46.579495269684124],[-67.9277155275236,46.57949747969176],[-67.92755420031014,46.57949090686247],[-67.92746515220614,46.579540676230586],[-67.92734535543596,46.5796610040703],[-67.92725480991525,46.57978666653325],[-67.92717873823256,46.57992258552262],[-67.92711000507462,46.58005857328931],[-67.92716601116938,46.58019573098897],[-67.92733562907209,46.58052625208611],[-67.92745667889389,46.580714623809826],[-67.92746736308253,46.58091714282006],[-67.92739803062253,46.581083487671926],[-67.92744729938852,46.581190219480696],[-67.927619815295,46.581374013136084],[-67.9277230430596,46.58134967870724],[-67.92786335992244,46.58130544921548],[-67.92801924964635,46.58121582256257],[-67.92797921241807,46.581013028531736],[-67.92793323276426,46.58073933282526],[-67.92788865119797,46.58039480422517],[-67.92787052814322,46.58019727594221],[-67.92789880099109,46.579961824774664],[-67.92793661262817,46.5798679533471],[-67.92800357811589,46.57975451839673],[-67.9279491795983,46.5795953120559],[-67.92785765288315,46.579495269684124]]]},"properties":{"OBJECTID":"435","EGAD_SEQ":"","MAP_REFERENCE":"","FEATURE_NA":"EST WASTE AREA","POLYGON_TY":"LF WASTE AREA","EGAD_SITE_SEQ":"29,888","SITE_DESCR":"LANDFILL MUNICIPAL","LOCATION_A":"WITHIN 3M","LOCATION_M":"DIGITIZED","DATA_SOURC":"MDEP GIS UNIT","GlobalID":"{82C22F9A-F5BB-428B-A870-493D166FB3B7}","Shape_Length":"483.83","Shape_Area":"9,318.66"},"id":435},{"type":"Feature","geometry":{"type":"Polygon","coordinates":[[[-67.86009491490726,46.51232912361382],[-67.86012889003752,46.512199912590766],[-67.86009931589945,46.51211864998954],[-67.85992993996388,46.51199281008714],[-67.85959494320346,46.511935491433995],[-67.85936179245078,46.51186839161071],[-67.85911413775696,46.511747167759765],[-67.85877313406108,46.51160342003714],[-67.85825733694669,46.51159287413787],[-67.85792699576962,46.511686738631916],[-67.85771968684934,46.511878991908056],[-67.8576218131914,46.51207233883046],[-67.8576634001353,46.512326455519045],[-67.85808087895823,46.512551937956296],[-67.85861855312105,46.51263827283689],[-67.8593536878448,46.512629413790215],[-67.85974792227664,46.512471407385135],[-67.86009491490726,46.51232912361382]]]},"properties":{"OBJECTID":"436","EGAD_SEQ":"","MAP_REFERENCE":"","FEATURE_NA":"EST WASTE AREA","POLYGON_TY":"LF WASTE AREA","EGAD_SITE_SEQ":"79,838","SITE_DESCR":"LANDFILL MUNICIPAL","LOCATION_A":"WITHIN 3M","LOCATION_M":"DIGITIZED","DATA_SOURC":"MDEP GIS UNIT","GlobalID":"{4056E144-0D68-416A-B00A-086D403FE5A9}","Shape_Length":"492.98","Shape_Area":"16,157.94"},"id":436},{"type":"Feature","geometry":{"type":"Polygon","coordinates":[[[-67.8589983298064,46.5113033846425],[-67.8590959712682,46.51112083106199],[-67.85908279835944,46.510629490864055],[-67.85900063167338,46.51007268839812],[-67.85894964331652,46.50989404911262],[-67.85894408563816,46.50978603588721],[-67.8588980905185,46.50974239316212],[-67.85883589600212,46.50972557958077],[-67.85854634546028,46.50973888318848],[-67.85810001047693,46.50977221362185],[-67.85782688301477,46.50974789442444],[-67.85762354039885,46.50975126152672],[-67.85732424860957,46.50985622948482],[-67.85700241202612,46.50991778842141],[-67.8569001174052,46.5099491530396],[-67.85688301428964,46.51001915492462],[-67.85692572661767,46.51021930433533],[-67.85728735075182,46.51087066550438],[-67.85741911572133,46.511298414981844],[-67.85745503195334,46.51144991535697],[-67.85750816697548,46.511526016037806],[-67.8576562336092,46.51154908693766],[-67.85786773905917,46.51152960735525],[-67.85861203167269,46.51145606971264],[-67.85890940826641,46.511442843114935],[-67.85898847975426,46.51140044907009],[-67.8589983298064,46.5113033846425]]]},"properties":{"OBJECTID":"437","EGAD_SEQ":"","MAP_REFERENCE":"","FEATURE_NA":"EST WASTE AREA","POLYGON_TY":"LF WASTE AREA","EGAD_SITE_SEQ":"29,830","SITE_DESCR":"LANDFILL MUNICIPAL","LOCATION_A":"WITHIN 3M","LOCATION_M":"DIGITIZED","DATA_SOURC":"MDEP GIS UNIT","GlobalID":"{C359DBFD-1C38-4EF4-B760-BD954D0C7BBA}","Shape_Length":"645.21","Shape_Area":"27,343.25"},"id":437},{"type":"Feature","geometry":{"type":"Polygon","coordinates":[[[-68.34922765124688,46.49317662938366],[-68.34948577289992,46.49291393978709],[-68.34960191546217,46.49275974873041],[-68.34982316415265,46.49263955437579],[-68.35002246812894,46.49251619842342],[-68.35005861332809,46.49243442379614],[-68.3500642031217,46.492334257649404],[-68.34998630478923,46.492230580599504],[-68.34982891704206,46.49215681451077],[-68.34961394860986,46.49211915656629],[-68.34947698607822,46.49217606779022],[-68.34921740512719,46.49219280901112],[-68.34904069619235,46.492264674977264],[-68.34883742956006,46.492351569997275],[-68.3485272452265,46.49255627241539],[-68.34840677503291,46.49270436570607],[-68.3483431642608,46.492877072742274],[-68.34846476675517,46.49300225330924],[-68.34877874519785,46.493216583061546],[-68.34896690738033,46.4932905257519],[-68.34922765124688,46.49317662938366]]]},"properties":{"OBJECTID":"438","EGAD_SEQ":"","MAP_REFERENCE":"","FEATURE_NA":"EST WASTE AREA","POLYGON_TY":"LF WASTE AREA","EGAD_SITE_SEQ":"29,831","SITE_DESCR":"LANDFILL MUNICIPAL","LOCATION_A":"WITHIN 3M","LOCATION_M":"DIGITIZED","DATA_SOURC":"MDEP GIS UNIT","GlobalID":"{AA7EAD0A-F52E-4213-9AC6-87A9F91BEC3F}","Shape_Length":"390.85","Shape_Area":"9,858.99"},"id":438},{"type":"Feature","geometry":{"type":"Polygon","coordinates":[[[-67.89149881583613,46.324244834071585],[-67.89147601428826,46.324072885739085],[-67.89138768105607,46.32401780750885],[-67.8912595198464,46.323997199632636],[-67.89103012691889,46.32400659374644],[-67.8908676479647,46.32402438276916],[-67.89067132050535,46.324057334689265],[-67.89055175491222,46.32416461802744],[-67.89048343151853,46.32422592209047],[-67.89047596240628,46.32431880156559],[-67.89055862809185,46.324377698163005],[-67.89068932593405,46.324549376898126],[-67.89076110778113,46.32469314127841],[-67.89081480804201,46.32474679951484],[-67.89088007893798,46.324770205181224],[-67.89103367986431,46.324760308447864],[-67.89115996902676,46.32474635137088],[-67.89124845215235,46.32470545890489],[-67.8912872548382,46.3246830627235],[-67.89132104037785,46.32463784361058],[-67.89137302184785,46.324505505415814],[-67.89149881583613,46.324244834071585]]]},"properties":{"OBJECTID":"439","EGAD_SEQ":"","MAP_REFERENCE":"","FEATURE_NA":"EST WASTE AREA","POLYGON_TY":"LF WASTE AREA","EGAD_SITE_SEQ":"29,832","SITE_DESCR":"LANDFILL MUNICIPAL","LOCATION_A":"WITHIN 3M","LOCATION_M":"DIGITIZED","DATA_SOURC":"MDEP GIS UNIT","GlobalID":"{912CE6B8-A116-4412-BE9E-0DAD13D36F92}","Shape_Length":"264.13","Shape_Area":"4,936.21"},"id":439},{"type":"Feature","geometry":{"type":"Polygon","coordinates":[[[-67.88758314683663,46.320586193295206],[-67.88749965453198,46.32036171682105],[-67.88735689290444,46.32016571072743],[-67.88718803926777,46.32001592605749],[-67.88699462595564,46.31983685482175],[-67.88685405576987,46.319739629994366],[-67.88676673883586,46.3197039231577],[-67.886679068556,46.319685641151125],[-67.88662782705983,46.319731617735414],[-67.88653844816454,46.31979755639789],[-67.88651961966744,46.31989903877953],[-67.88652004109062,46.32008494514509],[-67.88654236262713,46.320224590125164],[-67.88662307249078,46.32037932596859],[-67.88667910424383,46.32051058456629],[-67.88678525930109,46.32065104579766],[-67.8869914270764,46.320821526908084],[-67.88712279245804,46.32095932806216],[-67.88719240274091,46.32104133783432],[-67.88724659949075,46.32105638938716],[-67.88734342093164,46.32103699817043],[-67.8874741878088,46.32099760458248],[-67.88760471904564,46.32096982744143],[-67.88762272184917,46.32090900388009],[-67.8876432556782,46.32072330052733],[-67.88758314683663,46.320586193295206]]]},"properties":{"OBJECTID":"440","EGAD_SEQ":"","MAP_REFERENCE":"","FEATURE_NA":"EST WASTE AREA","POLYGON_TY":"LF WASTE AREA","EGAD_SITE_SEQ":"95,108","SITE_DESCR":"LANDFILL MUNICIPAL","LOCATION_A":"WITHIN 3M","LOCATION_M":"DIGITIZED","DATA_SOURC":"MDEP GIS UNIT","GlobalID":"{2A792F01-F5D6-4120-82D1-C5A8F82A7C13}","Shape_Length":"372.44","Shape_Area":"7,769.07"},"id":440},{"type":"Feature","geometry":{"type":"Polygon","coordinates":[[[-67.88435908268625,46.26383110783961],[-67.88429476640927,46.264098262608556],[-67.8842112828122,46.26434253675335],[-67.88425948060375,46.26454724777585],[-67.88460901688008,46.264736745326616],[-67.88477802599715,46.26479285766783],[-67.88502029348832,46.26478614337567],[-67.8852174063383,46.264747218260396],[-67.88533139386955,46.264612168732725],[-67.88545256611769,46.26444541913318],[-67.88552775560744,46.26428729764189],[-67.88559539033827,46.26417902905852],[-67.88552083169175,46.26398313901049],[-67.88541826328373,46.26387774894082],[-67.8852571801075,46.26375363341062],[-67.88502339067894,46.263665119072115],[-67.88485355790024,46.26364984645425],[-67.8847276822001,46.26372577643977],[-67.88460881037693,46.26377908021676],[-67.88445795984035,46.263795763119504],[-67.88435908268625,46.26383110783961]]]},"properties":{"OBJECTID":"441","EGAD_SEQ":"","MAP_REFERENCE":"","FEATURE_NA":"EST WASTE AREA","POLYGON_TY":"LF WASTE AREA","EGAD_SITE_SEQ":"29,826","SITE_DESCR":"LANDFILL MUNICIPAL","LOCATION_A":"WITHIN 3M","LOCATION_M":"DIGITIZED","DATA_SOURC":"MDEP GIS UNIT","GlobalID":"{FE29F057-B5E1-491A-9617-2FAB507C97B4}","Shape_Length":"366.95","Shape_Area":"9,954.72"},"id":441},{"type":"Feature","geometry":{"type":"Polygon","coordinates":[[[-69.42260511820378,46.063024449953296],[-69.4226576219771,46.06296119552401],[-69.4226555859255,46.06291836903846],[-69.42263293067654,46.062861341692646],[-69.42255939020896,46.06285566442964],[-69.42251839822505,46.06285938547261],[-69.4224416299674,46.062878706574764],[-69.42239554668782,46.06288720572605],[-69.42238565449426,46.06293483473309],[-69.42232438674341,46.06296956631126],[-69.4222750923338,46.063005443454564],[-69.42220003426714,46.06302475717546],[-69.42214715810506,46.06303923048691],[-69.42214225723616,46.063068994430694],[-69.42214250208511,46.063101119036475],[-69.42213080975748,46.063136856331234],[-69.4221242735119,46.063176144983146],[-69.42213478131231,46.06320942061809],[-69.42217241996163,46.063214040934895],[-69.42219123928861,46.06321635108861],[-69.4222099225744,46.06320081513659],[-69.42223884288971,46.0631828607965],[-69.4222984095116,46.06314932538452],[-69.42240914305205,46.063101323749436],[-69.4224893027909,46.06307842063246],[-69.42254551430105,46.063053226328904],[-69.42260511820378,46.063024449953296]]]},"properties":{"OBJECTID":"442","EGAD_SEQ":"","MAP_REFERENCE":"","FEATURE_NA":"EST WASTE AREA","POLYGON_TY":"LF WASTE AREA","EGAD_SITE_SEQ":"72,550","SITE_DESCR":"MUNICIPAL LANDFILL","LOCATION_A":"WITHIN 3M","LOCATION_M":"DIGITIZED","DATA_SOURC":"MDEP GIS UNIT","GlobalID":"{25A27960-6C17-427C-9848-ACFC4DD53C20}","Shape_Length":"128.26","Shape_Area":"802.28"},"id":442},{"type":"Feature","geometry":{"type":"Polygon","coordinates":[[[-68.14164033755185,46.12379431509941],[-68.14164693202346,46.12361457055553],[-68.14161770675308,46.123537673975584],[-68.14158414541485,46.12349511744413],[-68.14145847503006,46.123507393955336],[-68.14136780204693,46.1234696959798],[-68.14128105342887,46.12342409644835],[-68.14118596345286,46.123426025376865],[-68.14103772575642,46.12342226812877],[-68.14092791964019,46.12339235788524],[-68.14082154604391,46.123386270737456],[-68.14072183170407,46.12344104603002],[-68.14064492853011,46.12349599183906],[-68.14061753376555,46.12354602312748],[-68.14055203603726,46.12360105462508],[-68.14050170508645,46.12365884528874],[-68.14050022493042,46.12375401925316],[-68.14045688171076,46.123851522670506],[-68.14051276051936,46.12392597571222],[-68.14056066604991,46.124024164371725],[-68.14068101575872,46.1241096781913],[-68.14079813888856,46.124158151656026],[-68.14095435182045,46.12413817355561],[-68.14107651028928,46.12410736322247],[-68.14117573378391,46.124084312300866],[-68.14145864479904,46.123985964950975],[-68.14160014164563,46.12393414706815],[-68.14165427276554,46.123876384461305],[-68.14164033755185,46.12379431509941]]]},"properties":{"OBJECTID":"443","EGAD_SEQ":"","MAP_REFERENCE":"","FEATURE_NA":"EST WASTE AREA","POLYGON_TY":"LF WASTE AREA","EGAD_SITE_SEQ":"29,879","SITE_DESCR":"MUNICIPAL LANDFILL","LOCATION_A":"WITHIN 3M","LOCATION_M":"DIGITIZED","DATA_SOURC":"MDEP GIS UNIT","GlobalID":"{9AE37790-9801-4C41-BD8A-FEFDF17B40D4}","Shape_Length":"287.11","Shape_Area":"5,899.86"},"id":443},{"type":"Feature","geometry":{"type":"Polygon","coordinates":[[[-68.14919596197899,46.065775047871824],[-68.14924213688069,46.065988844869956],[-68.1494185846004,46.06609344173876],[-68.14985399207185,46.06608290996081],[-68.15018133804516,46.06602337390143],[-68.15048017428326,46.06588788406629],[-68.15050375812288,46.06564017912091],[-68.15077260290025,46.06552512303023],[-68.15093391490986,46.065326639552666],[-68.15078766629767,46.06518784153517],[-68.15057302859317,46.06499345066983],[-68.15036659372849,46.06490929008576],[-68.14990279351635,46.06483698557478],[-68.14957481865314,46.06493782924502],[-68.14932649607591,46.06500483698555],[-68.14922663804653,46.06506606331832],[-68.14915581676888,46.065168819708475],[-68.14902596916426,46.06525048004254],[-68.14900311949488,46.065449990980945],[-68.14919596197899,46.065775047871824]]]},"properties":{"OBJECTID":"444","EGAD_SEQ":"","MAP_REFERENCE":"","FEATURE_NA":"EST WASTE AREA","POLYGON_TY":"LF WASTE AREA","EGAD_SITE_SEQ":"29,872","SITE_DESCR":"MUNICIPAL LANDFILL","LOCATION_A":"WITHIN 3M","LOCATION_M":"DIGITIZED","DATA_SOURC":"MDEP GIS UNIT","GlobalID":"{DB3232F1-BB1A-4677-B7C9-726862F6E124}","Shape_Length":"454.5","Shape_Area":"14,599.64"},"id":444},{"type":"Feature","geometry":{"type":"Polygon","coordinates":[[[-68.54767419156993,46.089433661177786],[-68.54781483391339,46.089428930025036],[-68.54787204913691,46.0894027155253],[-68.54787658391236,46.08931283661571],[-68.5478930798576,46.089154259571956],[-68.54785525384463,46.089132957644296],[-68.54774876888732,46.08914311252624],[-68.54764996959524,46.08914272157217],[-68.54758521884585,46.0891609733464],[-68.54757321404635,46.08923495890047],[-68.54755743055111,46.08930628523202],[-68.54756839775843,46.089359209406176],[-68.54755291687059,46.08939352084958],[-68.54757159276247,46.08943325512035],[-68.54762485780054,46.08942553405064],[-68.54767419156993,46.089433661177786]]]},"properties":{"OBJECTID":"445","EGAD_SEQ":"","MAP_REFERENCE":"","FEATURE_NA":"EST WASTE AREA","POLYGON_TY":"LF WASTE AREA","EGAD_SITE_SEQ":"79,839","SITE_DESCR":"MUNICIPAL LANDFILL","LOCATION_A":"WITHIN 3M","LOCATION_M":"DIGITIZED","DATA_SOURC":"MDEP GIS UNIT","GlobalID":"{10FAF6B5-5AA9-435C-9808-2AFC0DDC0052}","Shape_Length":"107.95","Shape_Area":"762.8"},"id":445},{"type":"Feature","geometry":{"type":"Polygon","coordinates":[[[-68.54744723141683,46.089305848978285],[-68.54727295310896,46.089241701915874],[-68.54708336590949,46.08919071434352],[-68.54688626641278,46.08912912052334],[-68.54679511100905,46.08912347060516],[-68.54669618310177,46.089138942996264],[-68.54662370152523,46.089173028245995],[-68.54656635596638,46.08921510538434],[-68.54652025819263,46.08927573516074],[-68.54644714917157,46.089386494240415],[-68.54642387195187,46.089444571162964],[-68.54646146054404,46.089494956815415],[-68.54653711330523,46.08953756158111],[-68.54675338732889,46.08957807972914],[-68.5471556000797,46.089651063628736],[-68.54725804915361,46.08966997750748],[-68.54731891378243,46.08966228668167],[-68.54738016767632,46.08960700423033],[-68.54744921536312,46.08952795603581],[-68.54750315074517,46.08943827272098],[-68.5474770905445,46.089372068373436],[-68.54744723141683,46.089305848978285]]]},"properties":{"OBJECTID":"446","EGAD_SEQ":"","MAP_REFERENCE":"","FEATURE_NA":"EST WASTE AREA","POLYGON_TY":"LF WASTE AREA","EGAD_SITE_SEQ":"29,637","SITE_DESCR":"MUNICIPAL LANDFILL","LOCATION_A":"WITHIN 3M","LOCATION_M":"DIGITIZED","DATA_SOURC":"MDEP GIS UNIT","GlobalID":"{A1208195-E9B3-4593-AC5D-9BA5247EF333}","Shape_Length":"224.07","Shape_Area":"3,468.98"},"id":446},{"type":"Feature","geometry":{"type":"Polygon","coordinates":[[[-68.43468425922545,45.99287113465511],[-68.43473654259026,45.992587360421496],[-68.4346153423197,45.99236297743179],[-68.43455474253985,45.99225078678712],[-68.43424736256972,45.99212015971396],[-68.43386598655084,45.99198055822461],[-68.4333597286021,45.991978049261796],[-68.43282675443568,45.992173367781376],[-68.43251656414782,45.99231814701871],[-68.43242977743934,45.99235214427342],[-68.43250184119518,45.992550464433265],[-68.43252222665555,45.99297231139616],[-68.43263186328714,45.99311917477983],[-68.43283975729338,45.99331816894451],[-68.43318532571516,45.99333709746869],[-68.43335881336517,45.993277708386444],[-68.43380413285698,45.99320245196702],[-68.43418727255688,45.99316992126105],[-68.43447267837749,45.99303362192559],[-68.43468425922545,45.99287113465511]]]},"properties":{"OBJECTID":"447","EGAD_SEQ":"","MAP_REFERENCE":"","FEATURE_NA":"EST WASTE AREA","POLYGON_TY":"LF WASTE AREA","EGAD_SITE_SEQ":"29,674","SITE_DESCR":"MUNICIPAL LANDFILL","LOCATION_A":"WITHIN 3M","LOCATION_M":"DIGITIZED","DATA_SOURC":"MDEP GIS UNIT","GlobalID":"{7973919C-6EF9-48FE-9D40-5B412E5AC53C}","Shape_Length":"529.19","Shape_Area":"20,435.12"},"id":447},{"type":"Feature","geometry":{"type":"Polygon","coordinates":[[[-68.44815779729588,45.918052382165556],[-68.44826364419491,45.91820272708888],[-68.44841447377888,45.9182739650415],[-68.4486735976231,45.918248773860654],[-68.44880758082732,45.91810840054302],[-68.44879051575062,45.91791882284568],[-68.44886889708437,45.91765478903363],[-68.44887125290187,45.91741683016025],[-68.44885506033869,45.91713911936147],[-68.4487242215,45.916962213656646],[-68.44845949028274,45.91691686715267],[-68.44816780054855,45.91704325871552],[-68.44810914417958,45.917228063323314],[-68.44813817800781,45.917483802141035],[-68.44816751786982,45.917708694141886],[-68.44815779729588,45.918052382165556]]]},"properties":{"OBJECTID":"448","EGAD_SEQ":"","MAP_REFERENCE":"","FEATURE_NA":"EST WASTE AREA","POLYGON_TY":"LF WASTE AREA","EGAD_SITE_SEQ":"27,842","SITE_DESCR":"MUNICIPAL LANDFILL","LOCATION_A":"WITHIN 3M","LOCATION_M":"DIGITIZED","DATA_SOURC":"MDEP GIS UNIT","GlobalID":"{756F3D18-20E0-4875-806C-BFA314E53E5D}","Shape_Length":"362.85","Shape_Area":"7,397.31"},"id":448},{"type":"Feature","geometry":{"type":"Polygon","coordinates":[[[-68.37977254176394,45.859539562870815],[-68.37998433267211,45.85977868497903],[-68.38001992223536,45.85998159641069],[-68.38020859316067,45.860031095276995],[-68.38039799992582,45.86001449484336],[-68.38046195034151,45.85993551765945],[-68.38046982445665,45.85979453922115],[-68.38055323405419,45.859667191245826],[-68.38064896426471,45.859566351001966],[-68.38071379440956,45.85940805359787],[-68.38058286587848,45.859270729471945],[-68.38043277222297,45.859155335607184],[-68.38033381969349,45.85897852259001],[-68.38033592458213,45.858789037503065],[-68.38012936512996,45.85864689598346],[-68.37992231561716,45.85854882009088],[-68.37974616499177,45.85850820207332],[-68.37959460484585,45.8585250069237],[-68.37950562351519,45.858586220074],[-68.37940984392722,45.85869146579529],[-68.37934554896893,45.85880129003936],[-68.37943144370973,45.859017694978],[-68.37942386253533,45.85913223304],[-68.3795040873924,45.859291318403145],[-68.37977254176394,45.859539562870815]]]},"properties":{"OBJECTID":"449","EGAD_SEQ":"","MAP_REFERENCE":"","FEATURE_NA":"EST WASTE AREA","POLYGON_TY":"LF WASTE AREA","EGAD_SITE_SEQ":"29,168","SITE_DESCR":"MUNICIPAL LANDFILL","LOCATION_A":"WITHIN 3M","LOCATION_M":"DIGITIZED","DATA_SOURC":"MDEP GIS UNIT","GlobalID":"{87BBC376-E651-4BD5-99CE-2465329D0D3E}","Shape_Length":"431.26","Shape_Area":"10,354.18"},"id":449},{"type":"Feature","geometry":{"type":"Polygon","coordinates":[[[-67.85180276746118,45.844245579681605],[-67.85179962742387,45.84402626365394],[-67.85173973881754,45.84396148178949],[-67.8516337244028,45.843906931751],[-67.85150409633204,45.84388423514041],[-67.85138134872308,45.843899046631684],[-67.85131892928328,45.843957251798344],[-67.85127627138462,45.844170758306056],[-67.85122761341383,45.84430397903069],[-67.85103567453714,45.844334138979924],[-67.85099488687555,45.844456742384516],[-67.85100666550217,45.84462800895898],[-67.85113354296477,45.8447843884152],[-67.85137694967689,45.844856364790374],[-67.85148571820125,45.8447772328029],[-67.851640501745,45.84469321413774],[-67.85175725052551,45.84459811665415],[-67.8518057974914,45.84447024277745],[-67.85180276746118,45.844245579681605]]]},"properties":{"OBJECTID":"450","EGAD_SEQ":"","MAP_REFERENCE":"","FEATURE_NA":"EST WASTE AREA","POLYGON_TY":"LF WASTE AREA","EGAD_SITE_SEQ":"29,873","SITE_DESCR":"MUNICIPAL LANDFILL","LOCATION_A":"WITHIN 3M","LOCATION_M":"DIGITIZED","DATA_SOURC":"MDEP GIS UNIT","GlobalID":"{015E44B6-ADC7-4E32-8CDD-6FEDEEC29AF7}","Shape_Length":"280.34","Shape_Area":"4,703.84"},"id":450},{"type":"Feature","geometry":{"type":"Polygon","coordinates":[[[-67.88191265921755,45.66891004467147],[-67.88211393412554,45.668916293566426],[-67.88229792596164,45.668871026426594],[-67.8824956529131,45.66874887439208],[-67.88263795222426,45.668651853152234],[-67.88270720048052,45.66854555919181],[-67.88258780362113,45.66841174764489],[-67.88257120145484,45.66832600820848],[-67.88243866607235,45.668239134627996],[-67.88239223657071,45.66811887289676],[-67.88217521332365,45.66798410572682],[-67.88188783625117,45.66801124465474],[-67.88151951774864,45.66811888927675],[-67.88120009666113,45.66822273259226],[-67.88094907170588,45.668263062282094],[-67.88102033261056,45.66836217358146],[-67.88106684460634,45.66847815764298],[-67.88108319006048,45.66857673097711],[-67.88118555602036,45.66864619541923],[-67.88136716136867,45.66872071388648],[-67.88163944120416,45.6688389083359],[-67.88191265921755,45.66891004467147]]]},"properties":{"OBJECTID":"451","EGAD_SEQ":"","MAP_REFERENCE":"","FEATURE_NA":"EST WASTE AREA","POLYGON_TY":"LF WASTE AREA","EGAD_SITE_SEQ":"29,691","SITE_DESCR":"MUNICIPAL LANDFILL","LOCATION_A":"WITHIN 3M","LOCATION_M":"DIGITIZED","DATA_SOURC":"MDEP GIS UNIT","GlobalID":"{F284AE59-70BC-4EEB-9B01-D2D521937C53}","Shape_Length":"370.63","Shape_Area":"9,338.15"},"id":451},{"type":"Feature","geometry":{"type":"Polygon","coordinates":[[[-68.07924974142297,45.63618034705127],[-68.07937471322893,45.63637069367376],[-68.07947875816811,45.63644213375243],[-68.07962901830763,45.636485062962336],[-68.07986655060556,45.636506231309376],[-68.07999898694388,45.63652013513041],[-68.08009072990953,45.63650482797447],[-68.08014167436478,45.636466728566994],[-68.08016175499955,45.63635777900284],[-68.08018498556943,45.636056306565],[-68.08012641704651,45.636001279321164],[-68.0800491319036,45.63597177471773],[-68.07988983079031,45.63592235466053],[-68.07975376778768,45.63585065792318],[-68.07964966975521,45.63578242739726],[-68.07963263518327,45.63570526995494],[-68.07951833853213,45.63570114018757],[-68.07936655802334,45.635751262958706],[-68.0793015765708,45.63580850461558],[-68.07924090704351,45.635881825177094],[-68.07918428528829,45.63598727120708],[-68.07915973320782,45.63608976598813],[-68.07924974142297,45.63618034705127]]]},"properties":{"OBJECTID":"452","EGAD_SEQ":"","MAP_REFERENCE":"","FEATURE_NA":"EST WASTE AREA","POLYGON_TY":"LF WASTE AREA","EGAD_SITE_SEQ":"29,877","SITE_DESCR":"MUNICIPAL LANDFILL","LOCATION_A":"WITHIN 3M","LOCATION_M":"DIGITIZED","DATA_SOURC":"MDEP GIS UNIT","GlobalID":"{D5FB17F7-E82F-43E9-97C9-FBDC1F70FE1D}","Shape_Length":"272.27","Shape_Area":"5,002.99"},"id":452},{"type":"Feature","geometry":{"type":"Polygon","coordinates":[[[-68.26088739887679,45.61607788029747],[-68.26104813707809,45.61609535144048],[-68.26117348948098,45.6161331310122],[-68.26132005425464,45.61611559444734],[-68.26137933752167,45.61605846968698],[-68.26136605362291,45.615955690845006],[-68.26132594576437,45.615889708231826],[-68.26121538891178,45.615839700386005],[-68.26107212911309,45.61582850460038],[-68.26091998276212,45.61582546722563],[-68.26084059170527,45.61585370714952],[-68.26081349753474,45.615911039923624],[-68.26078602681517,45.61599712384839],[-68.26080586457755,45.61604654512043],[-68.26088739887679,45.61607788029747]]]},"properties":{"OBJECTID":"453","EGAD_SEQ":"","MAP_REFERENCE":"","FEATURE_NA":"EST WASTE AREA","POLYGON_TY":"LF WASTE AREA","EGAD_SITE_SEQ":"29,827","SITE_DESCR":"MUNICIPAL LANDFILL","LOCATION_A":"WITHIN 3M","LOCATION_M":"DIGITIZED","DATA_SOURC":"MDEP GIS UNIT","GlobalID":"{0032AF30-E0BE-4CCD-A591-1A0B252E8E3B}","Shape_Length":"131.97","Shape_Area":"1,233.34"},"id":453},{"type":"Feature","geometry":{"type":"Polygon","coordinates":[[[-68.53543691952689,45.61795929467016],[-68.53553158134915,45.61797939707388],[-68.53570407722866,45.61793080542688],[-68.53571522404678,45.61785691237156],[-68.53565259683272,45.61778518303279],[-68.53549502476515,45.61772785621992],[-68.535357771762,45.61776180322803],[-68.53533280130527,45.6178085291418],[-68.53527628330843,45.61784773333404],[-68.53529353810767,45.61788477315384],[-68.53543691952689,45.61795929467016]]]},"properties":{"OBJECTID":"454","EGAD_SEQ":"","MAP_REFERENCE":"","FEATURE_NA":"EST WASTE AREA","POLYGON_TY":"LF WASTE AREA","EGAD_SITE_SEQ":"29,635","SITE_DESCR":"MUNICIPAL LANDFILL","LOCATION_A":"WITHIN 3M","LOCATION_M":"DIGITIZED","DATA_SOURC":"MDEP GIS UNIT","GlobalID":"{D95C40A7-8E5D-4497-AA6C-BDC8E31699D4}","Shape_Length":"94.97","Shape_Area":"644.09"},"id":454},{"type":"Feature","geometry":{"type":"Polygon","coordinates":[[[-69.75681391770502,45.652385448676],[-69.75669090099233,45.65220998070342],[-69.75650851331514,45.65210541893055],[-69.75626609000183,45.65202240826885],[-69.75607421948793,45.65196021646985],[-69.75591355326455,45.65197538234435],[-69.75582411506777,45.652053538593165],[-69.75584611905236,45.65219441931438],[-69.75558652855032,45.652330111567416],[-69.75535491744388,45.65230343798227],[-69.75535529659221,45.652331640735625],[-69.75541855662772,45.65254981319799],[-69.7555413805186,45.65271118117574],[-69.75571343024617,45.65279465892709],[-69.75576569012111,45.65294239080568],[-69.75562664552778,45.653070234256624],[-69.75584972385133,45.65320978477052],[-69.75618225573568,45.65326399461907],[-69.75681364613907,45.65311173587984],[-69.75706280353921,45.652947904740444],[-69.75708120077752,45.65282085915906],[-69.75695742234949,45.65258898601608],[-69.75681391770502,45.652385448676]]]},"properties":{"OBJECTID":"455","EGAD_SEQ":"","MAP_REFERENCE":"","FEATURE_NA":"EST WASTE AREA","POLYGON_TY":"LF WASTE AREA","EGAD_SITE_SEQ":"60,561","SITE_DESCR":"MUNICIPAL LANDFILL","LOCATION_A":"WITHIN 3M","LOCATION_M":"DIGITIZED","DATA_SOURC":"MDEP GIS UNIT","GlobalID":"{7063F56B-750E-4B35-A1E6-884424D5679B}","Shape_Length":"455.32","Shape_Area":"12,619.53"},"id":455},{"type":"Feature","geometry":{"type":"Polygon","coordinates":[[[-69.50510432034416,45.608029746187626],[-69.50488021081819,45.60809974644039],[-69.50456893549158,45.60823914084426],[-69.50439762827484,45.60832369461267],[-69.50441227065186,45.608390175051056],[-69.50443053469277,45.608468962726256],[-69.50448742429633,45.608547579827714],[-69.50451288761586,45.608646052323884],[-69.50448892668516,45.608715167694946],[-69.50457311191649,45.608704937123576],[-69.50472383794781,45.608674695888276],[-69.50494479131632,45.60864414405989],[-69.50508518123269,45.60863612913001],[-69.50517254684404,45.60858891526171],[-69.50526651422423,45.60849484366793],[-69.5053253449246,45.60839846296098],[-69.50542966814051,45.608284628789555],[-69.50544983009178,45.60818348926144],[-69.50534731286876,45.60810753895158],[-69.50510432034416,45.608029746187626]]]},"properties":{"OBJECTID":"456","EGAD_SEQ":"","MAP_REFERENCE":"","FEATURE_NA":"EST WASTE AREA","POLYGON_TY":"LF WASTE AREA","EGAD_SITE_SEQ":"94,978","SITE_DESCR":"MUNICIPAL LANDFILL","LOCATION_A":"WITHIN 3M","LOCATION_M":"DIGITIZED","DATA_SOURC":"MDEP GIS UNIT","GlobalID":"{EE1C2611-2F13-42E6-8FDD-795E2258FEDF}","Shape_Length":"248.69","Shape_Area":"4,021.54"},"id":456},{"type":"Feature","geometry":{"type":"Polygon","coordinates":[[[-69.42410882854652,45.65615428177497],[-69.42427189971563,45.656107464783055],[-69.42443184687359,45.65599596342698],[-69.42448101939335,45.65587563137448],[-69.42446171619392,45.65576294707264],[-69.42439006114687,45.65569851754002],[-69.4242107017061,45.655682547330855],[-69.42407369623953,45.65569045022034],[-69.42392885295482,45.65570762325026],[-69.42387124194762,45.65575774608614],[-69.42377389802385,45.65578213690969],[-69.42372438949198,45.655858107190646],[-69.42371207500032,45.65597275676958],[-69.4237601894939,45.65606130463676],[-69.42373682928663,45.65610945066586],[-69.42378975510857,45.656136981604824],[-69.42385032231047,45.656129362675316],[-69.42397152898849,45.656123368371325],[-69.42410882854652,45.65615428177497]]]},"properties":{"OBJECTID":"457","EGAD_SEQ":"","MAP_REFERENCE":"","FEATURE_NA":"EST WASTE AREA","POLYGON_TY":"LF WASTE AREA","EGAD_SITE_SEQ":"72,551","SITE_DESCR":"MUNICIPAL LANDFILL","LOCATION_A":"WITHIN 3M","LOCATION_M":"DIGITIZED","DATA_SOURC":"MDEP GIS UNIT","GlobalID":"{AEC3200B-FABE-4C10-AC6C-F3DB2B7524ED}","Shape_Length":"187.21","Shape_Area":"2,482.75"},"id":457},{"type":"Feature","geometry":{"type":"Polygon","coordinates":[[[-67.43562618190127,45.556796018357424],[-67.43568816690757,45.55672996125464],[-67.4356916838991,45.55660323782244],[-67.43567603725953,45.55644455989873],[-67.43560706039496,45.55640135848387],[-67.43543432622745,45.55630391446349],[-67.43529588604316,45.55623511080112],[-67.43518623793916,45.55621248020722],[-67.43512022110279,45.556243268561644],[-67.43499986819432,45.55624514064616],[-67.43497875035276,45.55628358663435],[-67.43487775592251,45.55631037339984],[-67.4347670338871,45.55632646305682],[-67.4346045422734,45.556401707605495],[-67.43449755940699,45.55646362608932],[-67.43440541319295,45.55653279122645],[-67.43440247998286,45.556638393423384],[-67.43442460008042,45.556744339056266],[-67.43454270415847,45.55682342962181],[-67.43469194901407,45.55686421061125],[-67.43488215975279,45.55687385991545],[-67.43494856968633,45.556828992154834],[-67.43501448957721,45.55680172380719],[-67.43508503016649,45.55678860456977],[-67.4353199448824,45.556812951520705],[-67.43544443002885,45.556842828607294],[-67.43555014248815,45.55682666967161],[-67.43562618190127,45.556796018357424]]]},"properties":{"OBJECTID":"458","EGAD_SEQ":"","MAP_REFERENCE":"","FEATURE_NA":"EST WASTE AREA","POLYGON_TY":"LF WASTE AREA","EGAD_SITE_SEQ":"29,749","SITE_DESCR":"LANDFILL MUNICIPAL","LOCATION_A":"WITHIN 3M","LOCATION_M":"DIGITIZED","DATA_SOURC":"MDEP GIS UNIT","GlobalID":"{22081698-F48E-480E-91B6-ACA64915F7DC}","Shape_Length":"287.89","Shape_Area":"5,445.4"},"id":458},{"type":"Feature","geometry":{"type":"Polygon","coordinates":[[[-68.34728940128906,45.516319742822056],[-68.3473972839947,45.51623115001381],[-68.34746542128815,45.51611415925131],[-68.34749343605819,45.51600163334479],[-68.3474220387494,45.51582280704417],[-68.34731654629957,45.515704824291745],[-68.34712380427764,45.51562390357476],[-68.34707662445032,45.51566119558822],[-68.34696982843806,45.51565589010939],[-68.34682296598848,45.515650355429926],[-68.34662246045811,45.51566329457948],[-68.34644752579523,45.515774978873665],[-68.34635294495082,45.5158683418953],[-68.34628480437117,45.51598533288078],[-68.34629007002202,45.51610743892557],[-68.34634832460137,45.516267409879745],[-68.34653976348308,45.516461009474156],[-68.34698649450176,45.51652460170335],[-68.34714753187245,45.516459788817514],[-68.34728940128906,45.516319742822056]]]},"properties":{"OBJECTID":"459","EGAD_SEQ":"","MAP_REFERENCE":"","FEATURE_NA":"EST WASTE AREA","POLYGON_TY":"LF WASTE AREA","EGAD_SITE_SEQ":"29,634","SITE_DESCR":"LANDFILL MUNICIPAL","LOCATION_A":"WITHIN 3M","LOCATION_M":"DIGITIZED","DATA_SOURC":"MDEP GIS UNIT","GlobalID":"{A3E74876-0A02-45AD-A196-C9D9242EB09E}","Shape_Length":"307.02","Shape_Area":"7,103.97"},"id":459},{"type":"Feature","geometry":{"type":"Polygon","coordinates":[[[-68.11833097167269,45.44180004389901],[-68.11836317497016,45.4417397672122],[-68.11828570837552,45.44169515044245],[-68.11814511945946,45.44168856260502],[-68.11805142209657,45.44168233758448],[-68.11790216167205,45.44173070529542],[-68.11758886678096,45.441772303186774],[-68.1173851546898,45.441803743049526],[-68.11725916824986,45.441863294687266],[-68.1170612972663,45.44202133210453],[-68.11694166509486,45.44217447073432],[-68.11693033033413,45.44239997766444],[-68.1170774491223,45.44248915077239],[-68.11739744864235,45.44251913627635],[-68.11761739357097,45.44244930548273],[-68.11801476065386,45.44202869870176],[-68.11833097167269,45.44180004389901]]]},"properties":{"OBJECTID":"460","EGAD_SEQ":"","MAP_REFERENCE":"","FEATURE_NA":"EST WASTE AREA","POLYGON_TY":"LF WASTE AREA","EGAD_SITE_SEQ":"29,676","SITE_DESCR":"LANDFILL MUNICIPAL","LOCATION_A":"WITHIN 3M","LOCATION_M":"DIGITIZED","DATA_SOURC":"MDEP GIS UNIT","GlobalID":"{B88AD9B5-B9FB-4436-893E-FC0B9064632B}","Shape_Length":"318.1","Shape_Area":"5,827.68"},"id":460},{"type":"Feature","geometry":{"type":"Polygon","coordinates":[[[-67.71643618592911,45.322846959565766],[-67.71631843360908,45.32265782006533],[-67.71619732424861,45.32261733028711],[-67.7160306183988,45.322631107801485],[-67.7158644415316,45.32262141346475],[-67.71574068199736,45.32269827848035],[-67.71540585233096,45.322788420095634],[-67.71513951048742,45.322793249638224],[-67.71501680969034,45.32282317156895],[-67.71501486389405,45.322909231342756],[-67.71514476419213,45.323051554649666],[-67.71532940821197,45.32322579615515],[-67.71552797318371,45.32327498391885],[-67.71572883685332,45.32322246382326],[-67.71607511142588,45.323116798237834],[-67.71634304514824,45.32304155354387],[-67.71646768937953,45.322925569465546],[-67.71643618592911,45.322846959565766]]]},"properties":{"OBJECTID":"461","EGAD_SEQ":"","MAP_REFERENCE":"","FEATURE_NA":"EST WASTE AREA","POLYGON_TY":"LF WASTE AREA","EGAD_SITE_SEQ":"29,747","SITE_DESCR":"LANDFILL MUNICIPAL","LOCATION_A":"WITHIN 3M","LOCATION_M":"DIGITIZED","DATA_SOURC":"MDEP GIS UNIT","GlobalID":"{520AB3FF-1047-4183-B1DC-A5CAA2B48185}","Shape_Length":"295.01","Shape_Area":"5,308.48"},"id":461},{"type":"Feature","geometry":{"type":"Polygon","coordinates":[[[-67.63436107742375,45.24487871078938],[-67.63443883784306,45.24464987590544],[-67.63448344734596,45.244511821344176],[-67.63443375780835,45.2444309908435],[-67.6343894047818,45.244342931074804],[-67.63432396969561,45.24427285452102],[-67.63420167567695,45.24420574441551],[-67.63405278977244,45.24417114028429],[-67.6339443180867,45.244173490151134],[-67.63385544287132,45.24421983814394],[-67.63383401217916,45.24425240594453],[-67.63372431657379,45.24430579960828],[-67.63359913836041,45.2443590070061],[-67.63350011535611,45.244397940230854],[-67.63332350002658,45.24444323872224],[-67.63317251532455,45.24449613769214],[-67.63308416242256,45.24452060944266],[-67.6330315900646,45.244560097376635],[-67.6330507474658,45.24462232674454],[-67.63306929272457,45.24471007810354],[-67.63307725354905,45.24480864415495],[-67.63304829914695,45.244939592498916],[-67.6330772553922,45.245023821045315],[-67.6332338416559,45.24516793165573],[-67.63349592787002,45.245218479459176],[-67.63375407530272,45.24521792179512],[-67.63401852065608,45.24517002587404],[-67.6341019746336,45.24513455341065],[-67.63421718148147,45.24506663738134],[-67.6342856755577,45.24500910396731],[-67.63436107742375,45.24487871078938]]]},"properties":{"OBJECTID":"462","EGAD_SEQ":"","MAP_REFERENCE":"","FEATURE_NA":"EST WASTE AREA","POLYGON_TY":"LF WASTE AREA","EGAD_SITE_SEQ":"29,745","SITE_DESCR":"LANDFILL MUNICIPAL","LOCATION_A":"WITHIN 3M","LOCATION_M":"DIGITIZED","DATA_SOURC":"MDEP GIS UNIT","GlobalID":"{49DCCD80-27D2-42A3-9CD2-64816E7C1FE3}","Shape_Length":"368.17","Shape_Area":"9,683.94"},"id":462},{"type":"Feature","geometry":{"type":"Polygon","coordinates":[[[-67.52970178497026,45.22814680392514],[-67.52990608032583,45.228042586326865],[-67.53008069314251,45.227916616501645],[-67.53015343497583,45.22783207469416],[-67.53013603514103,45.22772500277931],[-67.52999002104244,45.22752367317919],[-67.52985279931626,45.22737231998156],[-67.52956387445568,45.22724038206269],[-67.52944607426208,45.22711777029087],[-67.52929583987633,45.22708021974273],[-67.52919378532893,45.227128767770886],[-67.52909099712775,45.22720579898401],[-67.52895669055059,45.22733228656596],[-67.52885371794666,45.22741643814382],[-67.5288608549989,45.22753050099695],[-67.52891819260553,45.227652334445175],[-67.52902554871423,45.22778905812303],[-67.52919318409613,45.227933681096964],[-67.52934195132259,45.228028199225434],[-67.52954073647655,45.228137607185246],[-67.52970178497026,45.22814680392514]]]},"properties":{"OBJECTID":"463","EGAD_SEQ":"","MAP_REFERENCE":"","FEATURE_NA":"EST WASTE AREA","POLYGON_TY":"LF WASTE AREA","EGAD_SITE_SEQ":"81,481","SITE_DESCR":"LANDFILL MUNICIPAL","LOCATION_A":"WITHIN 3M","LOCATION_M":"DIGITIZED","DATA_SOURC":"MDEP GIS UNIT","GlobalID":"{9557C70F-C6FB-46BF-8432-3836BEE9F9DE}","Shape_Length":"328.07","Shape_Area":"7,583.57"},"id":463},{"type":"Feature","geometry":{"type":"Polygon","coordinates":[[[-67.459116036926,44.99192100662138],[-67.45922497021387,44.99194542259198],[-67.45934380541516,44.9919355531676],[-67.45944038661482,44.99188459018826],[-67.45955147110688,44.99182872320215],[-67.4596192841128,44.99177864571486],[-67.45965954442707,44.99175114332425],[-67.45965528402755,44.99170901800182],[-67.45960768289206,44.99167523069616],[-67.4595264390953,44.99162314313989],[-67.45947606622828,44.99155872350283],[-67.45939807262366,44.99151942734824],[-67.45930821093151,44.99152076417181],[-67.45924121760122,44.99154025765654],[-67.45912902077664,44.99157061314828],[-67.45902732474367,44.99161130854315],[-67.45892318511633,44.991676192375344],[-67.45887231985041,44.99169717799651],[-67.45885641580801,44.99175432906872],[-67.45887774697805,44.991829829960786],[-67.45892835853445,44.99188532856154],[-67.45900645349269,44.9919208023804],[-67.459116036926,44.99192100662138]]]},"properties":{"OBJECTID":"464","EGAD_SEQ":"","MAP_REFERENCE":"","FEATURE_NA":"EST WASTE AREA","POLYGON_TY":"LF WASTE AREA","EGAD_SITE_SEQ":"29,689","SITE_DESCR":"LANDFILL MUNICIPAL","LOCATION_A":"WITHIN 3M","LOCATION_M":"DIGITIZED","DATA_SOURC":"MDEP GIS UNIT","GlobalID":"{BE717012-0810-4113-92B8-E23E7C8BC770}","Shape_Length":"170.5","Shape_Area":"2,055.91"},"id":464},{"type":"Feature","geometry":{"type":"Polygon","coordinates":[[[-67.62142133482656,45.00122798852672],[-67.62151290692604,45.00125087961312],[-67.62167108292029,45.00124034031021],[-67.6216958300245,45.00130599659092],[-67.62159770751973,45.00137328255524],[-67.62151667848892,45.00145944838279],[-67.62140487667303,45.001548355489646],[-67.62133261848767,45.00163462707721],[-67.62144128618237,45.001676399118],[-67.62168510148626,45.00157041198804],[-67.6218123721666,45.00138521050817],[-67.62193169254995,45.00116567861789],[-67.62194381958385,45.00102577215576],[-67.62193743676302,45.00092610144543],[-67.62190570996937,45.00078566571501],[-67.6217959244796,45.00079056549436],[-67.62169044936343,45.000798629163086],[-67.62165312715275,45.000891547496174],[-67.62166872973779,45.00097265502576],[-67.62158005064303,45.00101204458591],[-67.62147843774368,45.00104194023664],[-67.62141183529359,45.00107537135873],[-67.62138388080186,45.00114350427957],[-67.62136514407815,45.0011930748969],[-67.62142133482656,45.00122798852672]]]},"properties":{"OBJECTID":"465","EGAD_SEQ":"","MAP_REFERENCE":"","FEATURE_NA":"EST WASTE AREA","POLYGON_TY":"LF WASTE AREA","EGAD_SITE_SEQ":"29,750","SITE_DESCR":"LANDFILL MUNICIPAL","LOCATION_A":"WITHIN 3M","LOCATION_M":"DIGITIZED","DATA_SOURC":"MDEP GIS UNIT","GlobalID":"{15A660F9-32BF-4979-BA16-9936F40BA2F6}","Shape_Length":"277.84","Shape_Area":"2,395.09"},"id":465},{"type":"Feature","geometry":{"type":"Polygon","coordinates":[[[-67.27786887955833,44.88403591435875],[-67.27824696063595,44.88397353468226],[-67.2783941681392,44.88385417770417],[-67.27842033635594,44.883664914455636],[-67.27847909459365,44.88352963482629],[-67.27829565027845,44.88348796430868],[-67.27812967154873,44.883548681119954],[-67.27797125482657,44.88358519619891],[-67.27778418272787,44.883665046074775],[-67.27764221570108,44.88383797354584],[-67.27762433404583,44.88397873233055],[-67.27761532064025,44.884051542090226],[-67.27770304388012,44.884091769772624],[-67.27786800916286,44.88406507970375],[-67.27786887955833,44.88403591435875]]]},"properties":{"OBJECTID":"466","EGAD_SEQ":"","MAP_REFERENCE":"","FEATURE_NA":"EST WASTE AREA","POLYGON_TY":"LF WASTE AREA","EGAD_SITE_SEQ":"29,695","SITE_DESCR":"LANDFILL MUNICIPAL","LOCATION_A":"WITHIN 3M","LOCATION_M":"DIGITIZED","DATA_SOURC":"MDEP GIS UNIT","GlobalID":"{B1872369-C299-49C3-95DE-4E9442B20F36}","Shape_Length":"216.43","Shape_Area":"2,843.58"},"id":466},{"type":"Feature","geometry":{"type":"Polygon","coordinates":[[[-67.55273001735286,44.83629006168807],[-67.55261479268563,44.836233270227694],[-67.55245889953174,44.836247893100754],[-67.55232508099873,44.83631259382654],[-67.55226775440745,44.8364280624586],[-67.55235840966341,44.83653434095653],[-67.55250987142549,44.83669672115774],[-67.5526952001894,44.836748868606755],[-67.55298657639021,44.83660316788889],[-67.55287481389963,44.836408092374704],[-67.55273001735286,44.83629006168807]]]},"properties":{"OBJECTID":"467","EGAD_SEQ":"","MAP_REFERENCE":"","FEATURE_NA":"EST WASTE AREA","POLYGON_TY":"LF WASTE AREA","EGAD_SITE_SEQ":"29,741","SITE_DESCR":"LANDFILL MUNICIPAL","LOCATION_A":"WITHIN 3M","LOCATION_M":"DIGITIZED","DATA_SOURC":"MDEP GIS UNIT","GlobalID":"{6D3FAFF5-3E5C-422B-8E69-C7A5E2D009AE}","Shape_Length":"170.09","Shape_Area":"2,058.17"},"id":467},{"type":"Feature","geometry":{"type":"Polygon","coordinates":[[[-67.38086413243606,44.73543131561917],[-67.38122277915393,44.7353755354546],[-67.38142684793611,44.735295430807966],[-67.38156868439293,44.73521997650932],[-67.38160358022331,44.73508214165528],[-67.38174958186865,44.7348573501382],[-67.38179347176187,44.73467537653221],[-67.38176752428701,44.73449241312612],[-67.38164506819915,44.73442981288032],[-67.38143756341779,44.73435493945984],[-67.38123704906774,44.734307831569865],[-67.38095133198016,44.73425398145822],[-67.38081474731099,44.734141380991765],[-67.38056721164386,44.734110204453074],[-67.38048714546782,44.734197599335985],[-67.38047552608735,44.73433576492901],[-67.38034704796848,44.734488871353534],[-67.38015726454871,44.73461344290689],[-67.37991876042442,44.73481478682417],[-67.37982008311803,44.735012581642295],[-67.37997871093366,44.73516976220191],[-67.3801135985951,44.73534320508594],[-67.3804129855512,44.73546364952155],[-67.38062219010865,44.73547768249028],[-67.38073920512697,44.73545720987283],[-67.38086413243606,44.73543131561917]]]},"properties":{"OBJECTID":"468","EGAD_SEQ":"","MAP_REFERENCE":"","FEATURE_NA":"EST WASTE AREA","POLYGON_TY":"LF WASTE AREA","EGAD_SITE_SEQ":"29,693","SITE_DESCR":"LANDFILL MUNICIPAL","LOCATION_A":"WITHIN 3M","LOCATION_M":"DIGITIZED","DATA_SOURC":"MDEP GIS UNIT","GlobalID":"{659BFF2F-CE1D-4F25-BB11-0AFDF46EBCFB}","Shape_Length":"479.58","Shape_Area":"15,845.22"},"id":468},{"type":"Feature","geometry":{"type":"Polygon","coordinates":[[[-67.53692341617284,44.74125759167578],[-67.53706656437237,44.74123041586713],[-67.53718987061542,44.74118304107182],[-67.5372817608816,44.74106999246959],[-67.53725508242424,44.74091734876709],[-67.53710931758697,44.74084658309073],[-67.53687880510876,44.740807367386736],[-67.53675527208492,44.74086380336667],[-67.53664676730617,44.74092949893708],[-67.53658617169465,44.74101212511743],[-67.53655341257216,44.74110054813278],[-67.5365820100412,44.74117706517132],[-67.53663608416383,44.741252096547086],[-67.5367033781695,44.74130735270285],[-67.53678116351053,44.74135005090903],[-67.5368736330781,44.74131497364377],[-67.53692341617284,44.74125759167578]]]},"properties":{"OBJECTID":"469","EGAD_SEQ":"","MAP_REFERENCE":"","FEATURE_NA":"EST WASTE AREA","POLYGON_TY":"LF WASTE AREA","EGAD_SITE_SEQ":"29,751","SITE_DESCR":"LANDFILL MUNICIPAL","LOCATION_A":"WITHIN 3M","LOCATION_M":"DIGITIZED","DATA_SOURC":"MDEP GIS UNIT","GlobalID":"{A8B8FF04-43D9-4895-86C2-D60F3F067D78}","Shape_Length":"180.43","Shape_Area":"2,337.56"},"id":469},{"type":"Feature","geometry":{"type":"Polygon","coordinates":[[[-68.02127152566004,44.73731686046514],[-68.0214168059916,44.7373552527148],[-68.0215473319692,44.73734151190162],[-68.02157507705236,44.737241452857226],[-68.02131119848018,44.73712775093029],[-68.02115015946589,44.73709665309287],[-68.02107589023358,44.73717402526054],[-68.0210953547325,44.73725591526919],[-68.02127152566004,44.73731686046514]]]},"properties":{"OBJECTID":"470","EGAD_SEQ":"","MAP_REFERENCE":"","FEATURE_NA":"EST WASTE AREA","POLYGON_TY":"LF WASTE AREA","EGAD_SITE_SEQ":"29,692","SITE_DESCR":"LANDFILL MUNICIPAL","LOCATION_A":"WITHIN 3M","LOCATION_M":"DIGITIZED","DATA_SOURC":"MDEP GIS UNIT","GlobalID":"{320FE7C3-3397-4B60-BF1A-723E397280FF}","Shape_Length":"106.82","Shape_Area":"705.34"},"id":470},{"type":"Feature","geometry":{"type":"Polygon","coordinates":[[[-67.93097521218968,44.51029221503455],[-67.93190066838724,44.51014125224767],[-67.93238966588852,44.510015225475],[-67.9325781048359,44.509690486874405],[-67.93238276637453,44.50928235128558],[-67.93203967613002,44.50919207676559],[-67.93122654558778,44.5093005586194],[-67.9306571130742,44.50938955012367],[-67.93004792492209,44.50943463299202],[-67.92977009320536,44.50965695165556],[-67.92984482187522,44.51000591771803],[-67.93002491266616,44.51013820513167],[-67.93068134859926,44.51028220864177],[-67.93097521218968,44.51029221503455]]]},"properties":{"OBJECTID":"471","EGAD_SEQ":"","MAP_REFERENCE":"","FEATURE_NA":"EST WASTE AREA","POLYGON_TY":"LF WASTE AREA","EGAD_SITE_SEQ":"93,635","SITE_DESCR":"LANDFILL MUNICIPAL","LOCATION_A":"WITHIN 3M","LOCATION_M":"DIGITIZED","DATA_SOURC":"MDEP GIS UNIT","GlobalID":"{6561CDE8-CFE1-4787-921C-7DF546DD8DDA}","Shape_Length":"564.41","Shape_Area":"20,010.27"},"id":471},{"type":"Feature","geometry":{"type":"Polygon","coordinates":[[[-70.62123034747746,43.249199517320974],[-70.62117732386382,43.24920273618696],[-70.6210801147817,43.24927032310314],[-70.62073988366801,43.24951170349372],[-70.62043499998701,43.24973055440011],[-70.62037313953142,43.249788485010306],[-70.62038639511843,43.24987860034512],[-70.62047918642853,43.24996227790481],[-70.62054104657007,43.2499912430942],[-70.62060732486334,43.25000411678353],[-70.62068244085464,43.24996549648706],[-70.62076639454044,43.24988825497924],[-70.62093430106331,43.24975308277891],[-70.62124360322736,43.24948595616506],[-70.62137616094819,43.24936687475069],[-70.62135406802162,43.24929606974062],[-70.62123034747746,43.249199517320974]]]},"properties":{"OBJECTID":"472","EGAD_SEQ":"","MAP_REFERENCE":"","FEATURE_NA":"EST WASTE AREA","POLYGON_TY":"LF WASTE AREA","EGAD_SITE_SEQ":"37,945","SITE_DESCR":"LANDFILL MUNICIPAL","LOCATION_A":"WITHIN 3M","LOCATION_M":"DIGITIZED","DATA_SOURC":"MDEP GIS UNIT","GlobalID":"{3E02161C-9880-449B-AA5C-D047A8C4D11C}","Shape_Length":"247.52","Shape_Area":"2,883.37"},"id":472},{"type":"Feature","geometry":{"type":"Polygon","coordinates":[[[-70.758438763724,43.324323317410666],[-70.7584553324877,43.32421884744783],[-70.75840010010631,43.324102323655694],[-70.75823992696263,43.32406214313415],[-70.75809079846772,43.32402999821283],[-70.75791405468311,43.323985799461326],[-70.75778702027596,43.32396972665147],[-70.75762684673484,43.32400990798123],[-70.75746114982115,43.324066161161134],[-70.75723469645301,43.324158576346186],[-70.75710766103445,43.324287154586074],[-70.7570579528932,43.3243755521318],[-70.75710213846256,43.32448805751544],[-70.75728440538958,43.32456440001522],[-70.7575108585453,43.32464877925571],[-70.75781463678028,43.32476128382413],[-70.75808527511627,43.324821554297216],[-70.75821783324571,43.324797445577154],[-70.75830620538655,43.32475324770344],[-70.75842771627342,43.324672887520315],[-70.75846637933613,43.324508147699156],[-70.758438763724,43.324323317410666]]]},"properties":{"OBJECTID":"473","EGAD_SEQ":"","MAP_REFERENCE":"","FEATURE_NA":"EST WASTE AREA","POLYGON_TY":"LF WASTE AREA","EGAD_SITE_SEQ":"27,879","SITE_DESCR":"LANDFILL MUNICIPAL","LOCATION_A":"WITHIN 3M","LOCATION_M":"DIGITIZED","DATA_SOURC":"MDEP GIS UNIT","GlobalID":"{EFCB2A40-60F0-4B64-A684-9A04C19865AC}","Shape_Length":"328.67","Shape_Area":"7,717.22"},"id":473},{"type":"Feature","geometry":{"type":"Polygon","coordinates":[[[-70.4777221191113,43.49942226985246],[-70.47736421276798,43.49958092509129],[-70.47722502702561,43.49951602107012],[-70.4769963655396,43.49948717480131],[-70.476857179277,43.49947996257223],[-70.47677764447131,43.49953044439104],[-70.47685717989131,43.499609771667544],[-70.47708584139468,43.499624195380285],[-70.47744374773913,43.499732368829335],[-70.47766246892338,43.49981890796077],[-70.47780165365396,43.499891023773785],[-70.4779905494252,43.499876600823704],[-70.47816950159509,43.499782849998134],[-70.4784081059879,43.499638618297524],[-70.47853734981473,43.4994655394561],[-70.47849758244915,43.49930688397872],[-70.47826892046302,43.499263613826415],[-70.47802037398851,43.49932851854173],[-70.4777221191113,43.49942226985246]]]},"properties":{"OBJECTID":"474","EGAD_SEQ":"","MAP_REFERENCE":"","FEATURE_NA":"EST WASTE AREA","POLYGON_TY":"LF WASTE AREA","EGAD_SITE_SEQ":"27,747","SITE_DESCR":"LANDFILL MUNICIPAL","LOCATION_A":"WITHIN 3M","LOCATION_M":"DIGITIZED","DATA_SOURC":"MDEP GIS UNIT","GlobalID":"{9D6D83B3-C93B-4FC9-B93F-F11EA20F418D}","Shape_Length":"345.36","Shape_Area":"4,760.42"},"id":474},{"type":"Feature","geometry":{"type":"Polygon","coordinates":[[[-70.40644659511462,43.51863593520303],[-70.40619494148262,43.51894007865592],[-70.4060830956689,43.5190009068595],[-70.40595260964484,43.51900766571684],[-70.40575688008322,43.51905497636984],[-70.405458623756,43.51910228666796],[-70.40516036926881,43.51912256307341],[-70.40500192083272,43.51921718467066],[-70.40497396025845,43.51938615130796],[-70.40498328080983,43.51956863504835],[-70.405216292067,43.51964973901184],[-70.40530017614775,43.51969704920266],[-70.40537474017525,43.520007945450644],[-70.4053374585697,43.52037290789732],[-70.4053560995168,43.52050132067511],[-70.40543998294896,43.52056890535176],[-70.4055891115225,43.52060945693606],[-70.40582212233922,43.520656766267344],[-70.40609241667268,43.52073110973458],[-70.40640931229855,43.52090007264906],[-70.40668892658054,43.5208189707861],[-70.40691261769418,43.5205283543165],[-70.4068753368855,43.52013635842733],[-70.40698718254045,43.519811945380404],[-70.40705242471866,43.519453737982545],[-70.40710834764603,43.51913608097136],[-70.40706174562813,43.518933319779606],[-70.40714563026404,43.51875759277568],[-70.40730407822163,43.51855483043697],[-70.40722019415584,43.51850751900682],[-70.4070990280033,43.51843317231376],[-70.40701514393547,43.51842641352407],[-70.40674484930184,43.518514277969494],[-70.40644659511462,43.51863593520303]]]},"properties":{"OBJECTID":"475","EGAD_SEQ":"","MAP_REFERENCE":"","FEATURE_NA":"EST WASTE AREA","POLYGON_TY":"LF WASTE AREA","EGAD_SITE_SEQ":"29,899","SITE_DESCR":"LANDFILL MUNICIPAL","LOCATION_A":"WITHIN 3M","LOCATION_M":"DIGITIZED","DATA_SOURC":"MDEP GIS UNIT","GlobalID":"{EC80761E-EC3B-405B-87D1-F0F569E786DB}","Shape_Length":"766.78","Shape_Area":"30,073.59"},"id":475},{"type":"Feature","geometry":{"type":"Polygon","coordinates":[[[-70.40722951475452,43.516932707244834],[-70.40662368320054,43.51729768857267],[-70.40623222389172,43.51760859735185],[-70.40605513422231,43.5178451567203],[-70.40601785238125,43.51808847463585],[-70.40608309577419,43.51821013281904],[-70.40615766015068,43.51827096237124],[-70.40628814634992,43.518237168383095],[-70.40648387588645,43.51815606252276],[-70.40738796249121,43.51796681591549],[-70.40802175442974,43.51782488043257],[-70.40841321402283,43.51764239143433],[-70.40861826456836,43.517513972836355],[-70.40859962450601,43.517284171326395],[-70.40842253508725,43.517020573871676],[-70.40795651144867,43.516878635963444],[-70.40753709046892,43.516838082429366],[-70.40722951475452,43.516932707244834]]]},"properties":{"OBJECTID":"476","EGAD_SEQ":"","MAP_REFERENCE":"","FEATURE_NA":"EST WASTE AREA","POLYGON_TY":"LF WASTE AREA","EGAD_SITE_SEQ":"27,939","SITE_DESCR":"LANDFILL MUNICIPAL","LOCATION_A":"WITHIN 3M","LOCATION_M":"DIGITIZED","DATA_SOURC":"MDEP GIS UNIT","GlobalID":"{A358F069-4584-41D1-A820-9064ACD1DE6F}","Shape_Length":"569.78","Shape_Area":"19,486.21"},"id":476},{"type":"Feature","geometry":{"type":"Polygon","coordinates":[[[-70.48465417013993,43.528376588439194],[-70.48463895865375,43.52839181834115],[-70.48344477353469,43.527737166533015],[-70.48235253035004,43.527198658526665],[-70.48139135624675,43.52830734778903],[-70.48136223077677,43.52858187659072],[-70.48158067848246,43.5288352877307],[-70.48220689860266,43.52914149007207],[-70.48284768068335,43.52942657454162],[-70.48331370383262,43.52941601640412],[-70.48364865903612,43.52944769220648],[-70.48418749861214,43.529247077779445],[-70.484697212007,43.52923651849238],[-70.48500304064206,43.52926819495201],[-70.48538168492614,43.52906757950708],[-70.48545746527695,43.52882033365592],[-70.48465417013993,43.528376588439194]]]},"properties":{"OBJECTID":"477","EGAD_SEQ":"","MAP_REFERENCE":"","FEATURE_NA":"EST WASTE AREA","POLYGON_TY":"LF WASTE AREA","EGAD_SITE_SEQ":"27,948","SITE_DESCR":"LANDFILL MUNICIPAL","LOCATION_A":"WITHIN 3M","LOCATION_M":"DIGITIZED","DATA_SOURC":"MDEP GIS UNIT","GlobalID":"{16EA566A-16B0-4CC5-8D0C-91E99C12A7C1}","Shape_Length":"888.25","Shape_Area":"47,007.84"},"id":477},{"type":"Feature","geometry":{"type":"Polygon","coordinates":[[[-70.48465417013993,43.528376588439194],[-70.48545746527695,43.52882033365592],[-70.48546906376761,43.528782493589325],[-70.4854981904862,43.528507965561175],[-70.485541880413,43.528339023887504],[-70.48542537429053,43.52813840581059],[-70.48494478713252,43.52808561082089],[-70.48465417013993,43.528376588439194]]]},"properties":{"OBJECTID":"478","EGAD_SEQ":"","MAP_REFERENCE":"","FEATURE_NA":"EST WASTE AREA","POLYGON_TY":"LF WASTE AREA","EGAD_SITE_SEQ":"101,432","SITE_DESCR":"LANDFILL MUNICIPAL","LOCATION_A":"WITHIN 3M","LOCATION_M":"DIGITIZED","DATA_SOURC":"MDEP GIS UNIT","GlobalID":"{54D90DA5-A36C-4CD8-929A-D161C2DC1D01}","Shape_Length":"238.93","Shape_Area":"3,398.22"},"id":478},{"type":"Feature","geometry":{"type":"Polygon","coordinates":[[[-70.47991988733958,43.5305909718397],[-70.47994784799353,43.530523397881176],[-70.47958435042874,43.53037473391055],[-70.47942590148749,43.53036121929289],[-70.47925813315717,43.53055042709915],[-70.47917424887679,43.53071260484064],[-70.47889463494303,43.53100992902126],[-70.47868958445414,43.531219406603526],[-70.47843793171371,43.53137482539539],[-70.47814899678217,43.531773505805845],[-70.47799986902454,43.532138398063836],[-70.47782278105174,43.532483016003376],[-70.47789734400897,43.53276005967581],[-70.47800919052332,43.533003316893016],[-70.47840064988078,43.533334416219304],[-70.47876414868898,43.53359118515818],[-70.47896919860298,43.53371281224344],[-70.47911832620174,43.53367227047587],[-70.47923017206416,43.53356415714366],[-70.479985130326,43.532665459905346],[-70.48020882226368,43.53244922960361],[-70.48020882146909,43.532178941172944],[-70.48020882170664,43.531942437873795],[-70.48001309140786,43.53157078730673],[-70.4799012462649,43.531232921468664],[-70.47981736181094,43.53088829703101],[-70.47991988733958,43.5305909718397]]]},"properties":{"OBJECTID":"479","EGAD_SEQ":"","MAP_REFERENCE":"","FEATURE_NA":"EST WASTE AREA","POLYGON_TY":"LF WASTE AREA","EGAD_SITE_SEQ":"101,430","SITE_DESCR":"LANDFILL MUNICIPAL","LOCATION_A":"WITHIN 3M","LOCATION_M":"DIGITIZED","DATA_SOURC":"MDEP GIS UNIT","GlobalID":"{B1F44BDE-6057-4FAB-8196-50956AA5422F}","Shape_Length":"884.84","Shape_Area":"43,484.7"},"id":479},{"type":"Feature","geometry":{"type":"Polygon","coordinates":[[[-70.48025542392304,43.532570859400984],[-70.48052571770255,43.532678973674614],[-70.48087057526043,43.53258437300074],[-70.48115018901773,43.53263843054906],[-70.4814391238502,43.532624916064705],[-70.48156961045675,43.53253707287445],[-70.48172805858204,43.532428958147136],[-70.48199835288479,43.532368143167325],[-70.48229660830356,43.53231408540998],[-70.48241777362318,43.5322059696527],[-70.48244573596986,43.53205055386112],[-70.48234320988702,43.53177350570325],[-70.48226864687001,43.53118562020834],[-70.48181194362206,43.53102344391212],[-70.48157893092777,43.53081396578427],[-70.48142048325002,43.53052339703543],[-70.48115019007017,43.530280129755084],[-70.48097310007735,43.530172010578305],[-70.4806655245623,43.530117950981314],[-70.48033930887118,43.53034770422259],[-70.48024610371259,43.530577456732814],[-70.48010629602041,43.53087478233129],[-70.48019018064161,43.5312531935146],[-70.48051639786443,43.53184107901875],[-70.48046047467975,43.53216542659558],[-70.48049775664292,43.53226678453163],[-70.48025542392304,43.532570859400984]]]},"properties":{"OBJECTID":"480","EGAD_SEQ":"","MAP_REFERENCE":"","FEATURE_NA":"EST WASTE AREA","POLYGON_TY":"LF WASTE AREA","EGAD_SITE_SEQ":"101,431","SITE_DESCR":"LANDFILL MUNICIPAL","LOCATION_A":"WITHIN 3M","LOCATION_M":"DIGITIZED","DATA_SOURC":"MDEP GIS UNIT","GlobalID":"{DDDBB124-9364-4A37-89C8-EE281DD97680}","Shape_Length":"794.42","Shape_Area":"35,472.51"},"id":480},{"type":"Feature","geometry":{"type":"Polygon","coordinates":[[[-70.3129720977748,43.5678499126992],[-70.3132316996084,43.56784991274961],[-70.3134302173383,43.56786835391142],[-70.31355747375912,43.56783147233421],[-70.31366945809637,43.567735579654205],[-70.31375599240214,43.56759542900918],[-70.31380180417231,43.56750322481797],[-70.31382725525685,43.56738520223975],[-70.31379671312395,43.56733356735508],[-70.31373563143165,43.567259803879075],[-70.31367454814904,43.56723398617903],[-70.31357783468145,43.56725611579759],[-70.31338440608859,43.567248739147665],[-70.31316043655026,43.567248738898265],[-70.31302808985484,43.56724136315628],[-70.31292119581144,43.56731512686608],[-70.3128041208023,43.56737045000445],[-70.31277357946229,43.567440525598634],[-70.31275321867084,43.56751797745934],[-70.31284484282594,43.567672881147246],[-70.31283975230666,43.56776877356176],[-70.31289574457098,43.56782409619737],[-70.3129720977748,43.5678499126992]]]},"properties":{"OBJECTID":"481","EGAD_SEQ":"","MAP_REFERENCE":"","FEATURE_NA":"EST WASTE AREA","POLYGON_TY":"LF WASTE AREA","EGAD_SITE_SEQ":"28,118","SITE_DESCR":"LANDFILL MUNICIPAL","LOCATION_A":"WITHIN 3M","LOCATION_M":"DIGITIZED","DATA_SOURC":"MDEP GIS UNIT","GlobalID":"{EFDDA715-5114-4A55-B994-40C820E57060}","Shape_Length":"261.47","Shape_Area":"4,877.31"},"id":481},{"type":"Feature","geometry":{"type":"Polygon","coordinates":[[[-70.37667367192087,43.609430665662714],[-70.37666730863779,43.609237170735916],[-70.3765209645103,43.609098959784404],[-70.37634917057916,43.608905463504904],[-70.37603739410717,43.60881792938455],[-70.37582742207667,43.60883174981256],[-70.37555382353908,43.60892849888601],[-70.37517841957825,43.609043675237594],[-70.3748475544924,43.609191099996984],[-70.37472029992924,43.609370774715416],[-70.37486664344338,43.609504377931444],[-70.37485391751272,43.60985451012966],[-70.37486028079742,43.61013092926566],[-70.37493027104502,43.610209247815575],[-70.375032075235,43.610301386510145],[-70.3753374881788,43.610273745144205],[-70.37565562756248,43.61025992399869],[-70.37599921763172,43.610218461247264],[-70.37615192382304,43.610107894123395],[-70.37617101204245,43.60998350637637],[-70.37627917972392,43.60990058004775],[-70.37635553243896,43.60973012168391],[-70.37640643490772,43.60953202042787],[-70.37648915143984,43.6094490942399],[-70.37667367192087,43.609430665662714]]]},"properties":{"OBJECTID":"482","EGAD_SEQ":"","MAP_REFERENCE":"","FEATURE_NA":"EST WASTE AREA","POLYGON_TY":"LF WASTE AREA","EGAD_SITE_SEQ":"28,115","SITE_DESCR":"LANDFILL MUNICIPAL","LOCATION_A":"WITHIN 3M","LOCATION_M":"DIGITIZED","DATA_SOURC":"MDEP GIS UNIT","GlobalID":"{F04BB02B-F240-4C98-8B0B-2FAFB77DCA33}","Shape_Length":"525.11","Shape_Area":"18,156.7"},"id":482},{"type":"Feature","geometry":{"type":"Polygon","coordinates":[[[-70.76144230350941,43.69140677139939],[-70.76125340830069,43.690903563221326],[-70.76107445452249,43.69079573299489],[-70.76081596676597,43.69070227899884],[-70.76064695579997,43.690702279258915],[-70.76051771184376,43.690795732907176],[-70.76045806162668,43.69095388433323],[-70.76051771160859,43.691349262171826],[-70.7606469557493,43.69166556239568],[-70.76063701437803,43.69198186052526],[-70.76057736332163,43.6921400092969],[-70.76066683978344,43.69224064913426],[-70.76078614140411,43.69226940311153],[-70.76089550219704,43.69225502619448],[-70.76101480374335,43.69215438636147],[-70.76119375716716,43.69204655770129],[-70.76135282599067,43.69194591775962],[-70.76145224494576,43.69183090053562],[-70.76150195369561,43.69167993923161],[-70.76144230350941,43.69140677139939]]]},"properties":{"OBJECTID":"483","EGAD_SEQ":"","MAP_REFERENCE":"","FEATURE_NA":"EST WASTE AREA","POLYGON_TY":"LF WASTE AREA","EGAD_SITE_SEQ":"27,824","SITE_DESCR":"LANDFILL MUNICIPAL","LOCATION_A":"WITHIN 3M","LOCATION_M":"DIGITIZED","DATA_SOURC":"MDEP GIS UNIT","GlobalID":"{9F855E91-EB92-4CB0-81FD-1CA99ABBD596}","Shape_Length":"426.66","Shape_Area":"10,232.64"},"id":483},{"type":"Feature","geometry":{"type":"Polygon","coordinates":[[[-70.16496341611908,43.68344639161185],[-70.16482502576662,43.68345674479928],[-70.16476298876256,43.68349125519559],[-70.16475821665432,43.683536118155295],[-70.16472958380169,43.68363274562329],[-70.16470095134652,43.68376043301147],[-70.16467231921783,43.68388121797927],[-70.1646198268156,43.683984746945946],[-70.16464368625624,43.68405031529361],[-70.16472958426894,43.68408827658536],[-70.1648297984993,43.684133139278565],[-70.16491092329986,43.68417800196489],[-70.1649681889413,43.68416764902772],[-70.16500636559643,43.68414694254447],[-70.1650731746608,43.68407447235903],[-70.16517816052858,43.68399510040533],[-70.16526405718766,43.68390537488194],[-70.16534518296045,43.683794942994716],[-70.16541199232213,43.68370176628297],[-70.16538335956679,43.683629294834304],[-70.16531177899301,43.683577530003326],[-70.16525451389735,43.6835223138374],[-70.1651686165067,43.68346019540342],[-70.16505885746079,43.68343258727363],[-70.16496341611908,43.68344639161185]]]},"properties":{"OBJECTID":"484","EGAD_SEQ":"","MAP_REFERENCE":"","FEATURE_NA":"EST WASTE AREA","POLYGON_TY":"LF WASTE AREA","EGAD_SITE_SEQ":"29,104","SITE_DESCR":"LANDFILL MUNICIPAL","LOCATION_A":"WITHIN 3M","LOCATION_M":"DIGITIZED","DATA_SOURC":"MDEP GIS UNIT","GlobalID":"{42C00AD1-CC2F-4894-9133-595ED6DE1376}","Shape_Length":"226.46","Shape_Area":"3,452.2"},"id":484},{"type":"Feature","geometry":{"type":"Polygon","coordinates":[[[-68.13361915312989,44.51822629813577],[-68.13378981597984,44.51825550273814],[-68.13400826456095,44.51828227410451],[-68.13412431646506,44.5182822744566],[-68.13423695400523,44.518231165844924],[-68.13434276498458,44.518138683112404],[-68.13453049336037,44.51795858498433],[-68.13458169287463,44.51789287353843],[-68.13458169319941,44.517841764466496],[-68.13454756019331,44.51771764253977],[-68.13451684073263,44.517625159355816],[-68.13444516267829,44.51754241093776],[-68.13437007020539,44.517481566206754],[-68.13425060707418,44.51745236168115],[-68.13411748962935,44.51741098722608],[-68.13403898469006,44.51738178150816],[-68.13396047934,44.51739881796617],[-68.13383077602671,44.51745722859213],[-68.13367376554618,44.51755214573716],[-68.13357136826862,44.51764462944965],[-68.13346555695557,44.517744414440976],[-68.13341777081216,44.51784419849635],[-68.13339729174925,44.51792207917299],[-68.1334348378711,44.51801942908042],[-68.133482623603,44.51812894815347],[-68.13351675626495,44.51818979150314],[-68.13361915312989,44.51822629813577]]]},"properties":{"OBJECTID":"485","EGAD_SEQ":"","MAP_REFERENCE":"","FEATURE_NA":"EST WASTE AREA","POLYGON_TY":"LF WASTE AREA","EGAD_SITE_SEQ":"29,807","SITE_DESCR":"LANDFILL MUNICIPAL","LOCATION_A":"WITHIN 3M","LOCATION_M":"DIGITIZED","DATA_SOURC":"MDEP GIS UNIT","GlobalID":"{5951C29E-25CB-480F-B6D4-E2BD0FF22D1E}","Shape_Length":"299.61","Shape_Area":"6,815.05"},"id":485},{"type":"Feature","geometry":{"type":"Polygon","coordinates":[[[-68.23813178912718,44.551547587302494],[-68.2381354300904,44.55168250151768],[-68.23810994440824,44.55182779411017],[-68.23812450705834,44.55189006158037],[-68.23825921684369,44.551941951903075],[-68.23845946157537,44.55193935766248],[-68.23865606558583,44.551903033875895],[-68.23883446545409,44.55177590409089],[-68.23895097121111,44.55158650456384],[-68.23895825254111,44.5513400261023],[-68.2388599503848,44.55116359835426],[-68.23868883319162,44.550979385827425],[-68.23850679194852,44.55086263160012],[-68.23828106250907,44.5507977685298],[-68.23812450786299,44.55076403934009],[-68.23802256520644,44.55074328248727],[-68.23795703061705,44.55078220111406],[-68.23789877754986,44.55081333510722],[-68.23786600941531,44.55085484811657],[-68.23787329100753,44.55089636100184],[-68.23792790297912,44.55095863017637],[-68.23800071951548,44.551080573154636],[-68.23805533180133,44.55121289439727],[-68.23812450775341,44.55133224185335],[-68.23813178912718,44.551547587302494]]]},"properties":{"OBJECTID":"486","EGAD_SEQ":"","MAP_REFERENCE":"","FEATURE_NA":"EST WASTE AREA","POLYGON_TY":"LF WASTE AREA","EGAD_SITE_SEQ":"29,806","SITE_DESCR":"LANDFILL MUNICIPAL","LOCATION_A":"WITHIN 3M","LOCATION_M":"DIGITIZED","DATA_SOURC":"MDEP GIS UNIT","GlobalID":"{4A13FA25-299B-4320-B259-828707C5A353}","Shape_Length":"357.64","Shape_Area":"7,547.66"},"id":486},{"type":"Feature","geometry":{"type":"Polygon","coordinates":[[[-70.61039413609046,43.51504290466482],[-70.61031163749304,43.51499032867239],[-70.61022413989815,43.51497945164005],[-70.61005164296239,43.515003019381396],[-70.60999664456065,43.515113609680775],[-70.61000914461935,43.51520788200611],[-70.61006664304526,43.51529309000326],[-70.61015664113768,43.51532391020355],[-70.6102791387621,43.51529671658702],[-70.61041163519609,43.51521332072273],[-70.61045163437291,43.51516255851131],[-70.61044163496088,43.515090040898144],[-70.61039413609046,43.51504290466482]]]},"properties":{"OBJECTID":"487","EGAD_SEQ":"","MAP_REFERENCE":"","FEATURE_NA":"EST WASTE AREA","POLYGON_TY":"LF WASTE AREA","EGAD_SITE_SEQ":"27,872","SITE_DESCR":"LANDFILL MUNICIPAL","LOCATION_A":"WITHIN 3M","LOCATION_M":"DIGITIZED","DATA_SOURC":"MDEP GIS UNIT","GlobalID":"{1E055FB3-9638-4536-8B1A-8F278ABD1356}","Shape_Length":"118","Shape_Area":"1,053.62"},"id":487},{"type":"Feature","geometry":{"type":"Polygon","coordinates":[[[-70.44330720263012,43.44754245371599],[-70.44330790167876,43.44751504863444],[-70.44329881491994,43.44750337591482],[-70.44327294985963,43.44749018078822],[-70.44324429014333,43.447490688448404],[-70.44321493036398,43.44750083855955],[-70.44320514363275,43.4475419466338],[-70.44322611473154,43.447563769273984],[-70.44325547450337,43.44756884440509],[-70.44328763054672,43.44756173932929],[-70.44330720263012,43.44754245371599]]]},"properties":{"OBJECTID":"488","EGAD_SEQ":"","MAP_REFERENCE":"","FEATURE_NA":"EST WASTE AREA","POLYGON_TY":"LF WASTE AREA","EGAD_SITE_SEQ":"56,042","SITE_DESCR":"LANDFILL MUNICIPAL","LOCATION_A":"WITHIN 3M","LOCATION_M":"DIGITIZED","DATA_SOURC":"MDEP GIS UNIT","GlobalID":"{A641890E-9F2B-4888-AF79-D0515B3D3BD4}","Shape_Length":"27.46","Shape_Area":"57.38"},"id":488},{"type":"Feature","geometry":{"type":"Polygon","coordinates":[[[-68.26584417842824,44.648510783216786],[-68.2659621405459,44.648673965013415],[-68.26593592655838,44.64886978219162],[-68.2659818005668,44.648981677113866],[-68.26602767521997,44.64909823440094],[-68.26613908366821,44.649126208937595],[-68.26629636673701,44.64908424799474],[-68.26641432933364,44.64901897623313],[-68.26647986321866,44.64891640526098],[-68.26651918411285,44.648739237942145],[-68.26646020361181,44.64859004281815],[-68.26630291971198,44.64840821236405],[-68.26621117142095,44.6483522639804],[-68.26613253073018,44.64832895180106],[-68.26604733492388,44.648380237861495],[-68.2659162655314,44.64842219951945],[-68.2658441784359,44.648459497918104],[-68.26584417842824,44.648510783216786]]]},"properties":{"OBJECTID":"489","EGAD_SEQ":"","MAP_REFERENCE":"","FEATURE_NA":"EST WASTE AREA","POLYGON_TY":"LF WASTE AREA","EGAD_SITE_SEQ":"79,887","SITE_DESCR":"LANDFILL MUNICIPAL","LOCATION_A":"WITHIN 3M","LOCATION_M":"DIGITIZED","DATA_SOURC":"MDEP GIS UNIT","GlobalID":"{263845AE-D00E-4469-9602-59A0B94B4063}","Shape_Length":"225.88","Shape_Area":"3,203.15"},"id":489},{"type":"Feature","geometry":{"type":"Polygon","coordinates":[[[-68.26449809742275,44.64811653531068],[-68.26464594406708,44.64818591069041],[-68.26471829453503,44.64823290761896],[-68.26484412054958,44.648237383459346],[-68.26491017940238,44.648188149218164],[-68.2649227614788,44.64813891464325],[-68.26489130462394,44.64809639333121],[-68.26476862403895,44.648022542210214],[-68.26467110927231,44.647973307318836],[-68.2645893215911,44.6479509280753],[-68.26454213726497,44.64798002091079],[-68.2644949516625,44.64805611114186],[-68.26449809742275,44.64811653531068]]]},"properties":{"OBJECTID":"490","EGAD_SEQ":"","MAP_REFERENCE":"","FEATURE_NA":"EST WASTE AREA","POLYGON_TY":"LF WASTE AREA","EGAD_SITE_SEQ":"29,758","SITE_DESCR":"LANDFILL MUNICIPAL","LOCATION_A":"WITHIN 3M","LOCATION_M":"DIGITIZED","DATA_SOURC":"MDEP GIS UNIT","GlobalID":"{921E7B51-7D29-4638-AB7B-6BD418680229}","Shape_Length":"100.3","Shape_Area":"674.43"},"id":490},{"type":"Feature","geometry":{"type":"Polygon","coordinates":[[[-68.39028464435897,44.75943485327277],[-68.39020076048921,44.75942889688986],[-68.39016301282375,44.759440809728424],[-68.39011687619197,44.75946165665353],[-68.39011687599633,44.75950335172518],[-68.39010429297683,44.759551002141286],[-68.39014204167295,44.75963736928285],[-68.39020914872937,44.759685020324426],[-68.39030981010869,44.75972075857003],[-68.39039788803369,44.759726714754116],[-68.39048177299809,44.759685020002415],[-68.3905740454874,44.7596343910493],[-68.3906201819415,44.75959865322789],[-68.39067890055009,44.75955100225246],[-68.39066212449184,44.75949441698367],[-68.39062018213964,44.75949441734871],[-68.39055307424427,44.75950632938903],[-68.39048596663075,44.7594944167931],[-68.39038530634302,44.75946761349431],[-68.39028464435897,44.75943485327277]]]},"properties":{"OBJECTID":"491","EGAD_SEQ":"","MAP_REFERENCE":"","FEATURE_NA":"EST WASTE AREA","POLYGON_TY":"LF WASTE AREA","EGAD_SITE_SEQ":"37,949","SITE_DESCR":"LANDFILL MUNICIPAL","LOCATION_A":"WITHIN 3M","LOCATION_M":"DIGITIZED","DATA_SOURC":"MDEP GIS UNIT","GlobalID":"{23E14A52-5847-49B2-8800-404A6B8C54E2}","Shape_Length":"125.44","Shape_Area":"993.34"},"id":491},{"type":"Feature","geometry":{"type":"Polygon","coordinates":[[[-68.65844403756968,44.33237856384442],[-68.65869854844127,44.33245138443964],[-68.65886398066071,44.33245138434798],[-68.65898487255782,44.33241952544966],[-68.65915030529733,44.332282986626936],[-68.65913757986641,44.332119140301124],[-68.65908667726298,44.33197805031209],[-68.65892760854466,44.331782343091675],[-68.65883255581096,44.33169531099863],[-68.65867023994542,44.33166744532246],[-68.65848195432683,44.3317045987408],[-68.65833911598813,44.33176497413954],[-68.65826120414509,44.331857858023064],[-68.65822874160403,44.3319414535232],[-68.65821575632968,44.332076135294315],[-68.65844403756968,44.33237856384442]]]},"properties":{"OBJECTID":"492","EGAD_SEQ":"","MAP_REFERENCE":"","FEATURE_NA":"EST WASTE AREA","POLYGON_TY":"LF WASTE AREA","EGAD_SITE_SEQ":"29,765","SITE_DESCR":"LANDFILL MUNICIPAL","LOCATION_A":"WITHIN 3M","LOCATION_M":"DIGITIZED","DATA_SOURC":"MDEP GIS UNIT","GlobalID":"{D23B18EE-8AEB-42C6-B172-D07A5E2E9F8B}","Shape_Length":"254.24","Shape_Area":"4,855.93"},"id":492},{"type":"Feature","geometry":{"type":"Polygon","coordinates":[[[-68.59883701018248,45.2011701581798],[-68.59886696928487,45.20111587656953],[-68.59887124914033,45.20103445402093],[-68.59877281373234,45.20098017240027],[-68.5986529789848,45.20091684359083],[-68.59849462539236,45.2008474840943],[-68.5983362726302,45.200799233160566],[-68.59816935999064,45.20080526491768],[-68.59801956760796,45.20085049929857],[-68.59794253081508,45.2009711251808],[-68.59792969096058,45.201100798605246],[-68.59796820944824,45.20123348652905],[-68.59802384632697,45.201342049158725],[-68.59813512209011,45.20137522101592],[-68.59837907108326,45.201414424179184],[-68.5985930619601,45.201384267639526],[-68.59873857439062,45.20131189291878],[-68.59883701018248,45.2011701581798]]]},"properties":{"OBJECTID":"493","EGAD_SEQ":"","MAP_REFERENCE":"","FEATURE_NA":"EST WASTE AREA","POLYGON_TY":"LF WASTE AREA","EGAD_SITE_SEQ":"29,640","SITE_DESCR":"LANDFILL MUNICIPAL","LOCATION_A":"WITHIN 3M","LOCATION_M":"DIGITIZED","DATA_SOURC":"MDEP GIS UNIT","GlobalID":"{C81C2866-0A52-4CB1-BD3C-316D317A78DE}","Shape_Length":"225.98","Shape_Area":"3,842.51"},"id":493},{"type":"Feature","geometry":{"type":"Polygon","coordinates":[[[-68.48055632221406,45.037910410946324],[-68.48061183320722,45.03800538107658],[-68.48068195356868,45.038069382770395],[-68.48083388146853,45.03811893206331],[-68.48100041815476,45.038100351190245],[-68.48111728446895,45.038069382886846],[-68.48122538742015,45.03800331597983],[-68.48123707375709,45.03788563542607],[-68.48123415156995,45.037753502625144],[-68.48119617050796,45.037670919783835],[-68.4811523446714,45.037611046395995],[-68.48103839952599,45.03757388386313],[-68.48098873061356,45.03758007738342],[-68.48094198448716,45.037580077377385],[-68.48089523726584,45.03755323827442],[-68.48084556810029,45.03751607512863],[-68.48076668224573,45.03749130073103],[-68.48070240616444,45.03747478351227],[-68.48062644210987,45.03750162371846],[-68.48059138129547,45.037528462671986],[-68.48055924330545,45.037578013121625],[-68.48055632221406,45.037910410946324]]]},"properties":{"OBJECTID":"494","EGAD_SEQ":"","MAP_REFERENCE":"","FEATURE_NA":"EST WASTE AREA","POLYGON_TY":"LF WASTE AREA","EGAD_SITE_SEQ":"29,629","SITE_DESCR":"LANDFILL MUNICIPAL","LOCATION_A":"WITHIN 3M","LOCATION_M":"DIGITIZED","DATA_SOURC":"MDEP GIS UNIT","GlobalID":"{7CB76D24-D09A-4AAA-9D68-0D9E81941BD9}","Shape_Length":"206.75","Shape_Area":"3,036.73"},"id":494},{"type":"Feature","geometry":{"type":"Polygon","coordinates":[[[-68.62694823396104,45.105898082443794],[-68.6268065427827,45.10577915635155],[-68.62670314502739,45.105776453673776],[-68.6266188957289,45.10579537362532],[-68.62646954588524,45.10582240274363],[-68.62634700078814,45.10587916306702],[-68.62632019521293,45.105944031175156],[-68.62637380744432,45.10606295691219],[-68.62641976155575,45.10616566520404],[-68.62649252217307,45.10627648171579],[-68.62658060171621,45.10628999602477],[-68.62666102144938,45.10626567062961],[-68.62682568926063,45.106252156149296],[-68.62692142690729,45.10620350565231],[-68.62702482380568,45.10609539104953],[-68.62704397239938,45.10599268317467],[-68.62694823396104,45.105898082443794]]]},"properties":{"OBJECTID":"495","EGAD_SEQ":"","MAP_REFERENCE":"","FEATURE_NA":"EST WASTE AREA","POLYGON_TY":"LF WASTE AREA","EGAD_SITE_SEQ":"60,565","SITE_DESCR":"LANDFILL MUNICIPAL","LOCATION_A":"WITHIN 3M","LOCATION_M":"DIGITIZED","DATA_SOURC":"MDEP GIS UNIT","GlobalID":"{EE8A6703-2F2A-4FC4-AAD3-24FDF244C03D}","Shape_Length":"178.17","Shape_Area":"2,341.01"},"id":495},{"type":"Feature","geometry":{"type":"Polygon","coordinates":[[[-69.04917954834484,45.349561056224395],[-69.04926930256428,45.349535431131414],[-69.04929735173931,45.34950192040911],[-69.04931417962678,45.349432930202624],[-69.04925527890417,45.34941124700182],[-69.04914589068595,45.34939941950957],[-69.04907296524674,45.34941124716917],[-69.04906174717655,45.34945461251517],[-69.04908138092631,45.34951966152117],[-69.04912064801452,45.34957091197368],[-69.04917954834484,45.349561056224395]]]},"properties":{"OBJECTID":"496","EGAD_SEQ":"","MAP_REFERENCE":"","FEATURE_NA":"EST WASTE AREA","POLYGON_TY":"LF WASTE AREA","EGAD_SITE_SEQ":"29,563","SITE_DESCR":"LANDFILL MUNICIPAL","LOCATION_A":"WITHIN 3M","LOCATION_M":"DIGITIZED","DATA_SOURC":"MDEP GIS UNIT","GlobalID":"{EDF64B35-3BC9-44B8-9E3D-FCCB767DEEB3}","Shape_Length":"62.92","Shape_Area":"281.25"},"id":496},{"type":"Feature","geometry":{"type":"Polygon","coordinates":[[[-69.02170132966612,45.299822044727804],[-69.02180903466869,45.29984571873744],[-69.0218853251834,45.299836249015144],[-69.02192571483613,45.299818887364296],[-69.02201546894213,45.29973997145059],[-69.02202220086161,45.299661055302764],[-69.02195039764197,45.299601078933705],[-69.02183147323004,45.299591609696606],[-69.02167215961819,45.29961370620692],[-69.02161157560802,45.29963738071157],[-69.02158913635782,45.299670525610495],[-69.0215824047688,45.299711561812735],[-69.02160484392634,45.299762068330224],[-69.02170132966612,45.299822044727804]]]},"properties":{"OBJECTID":"497","EGAD_SEQ":"","MAP_REFERENCE":"","FEATURE_NA":"EST WASTE AREA","POLYGON_TY":"LF WASTE AREA","EGAD_SITE_SEQ":"30,802","SITE_DESCR":"LANDFILL MUNICIPAL","LOCATION_A":"WITHIN 3M","LOCATION_M":"DIGITIZED","DATA_SOURC":"MDEP GIS UNIT","GlobalID":"{420C88AF-798F-4DAF-B7EF-B89FA4799A78}","Shape_Length":"99.55","Shape_Area":"745.21"},"id":497},{"type":"Feature","geometry":{"type":"Polygon","coordinates":[[[-69.09483143192232,45.27726069095645],[-69.09471310403501,45.27718667717682],[-69.09456848017727,45.277054070046276],[-69.09444576992415,45.27700472819988],[-69.09432744180494,45.27693379792824],[-69.09426608626767,45.276918378623826],[-69.0941696710342,45.27688753984119],[-69.09406010732873,45.27690604357499],[-69.09395931002746,45.276939965846225],[-69.09391110163334,45.276970804995585],[-69.0939286318463,45.27705098665751],[-69.0939987525806,45.2771157477989],[-69.09406449025893,45.277134251148475],[-69.09411708068222,45.277158922314214],[-69.09418281846258,45.277199012968886],[-69.09427923435906,45.277285361226156],[-69.09441947480063,45.277411800920135],[-69.09456847982165,45.27752281993183],[-69.09474378081659,45.27768934802391],[-69.09485334413769,45.27774177357191],[-69.09497167237879,45.27774794207521],[-69.09513382547807,45.27778186425734],[-69.09519079910672,45.27774177366193],[-69.09518641621067,45.27769551596134],[-69.09512506116369,45.27762150372563],[-69.09507247132382,45.27752898789938],[-69.0950111156094,45.277473478162754],[-69.09493661299342,45.27735012339144],[-69.09483143192232,45.27726069095645]]]},"properties":{"OBJECTID":"498","EGAD_SEQ":"","MAP_REFERENCE":"","FEATURE_NA":"EST WASTE AREA","POLYGON_TY":"LF WASTE AREA","EGAD_SITE_SEQ":"29,572","SITE_DESCR":"LANDFILL MUNICIPAL","LOCATION_A":"WITHIN 3M","LOCATION_M":"DIGITIZED","DATA_SOURC":"MDEP GIS UNIT","GlobalID":"{6F744946-10F3-4F66-A899-0BDEC6FD0863}","Shape_Length":"296.48","Shape_Area":"3,831.46"},"id":498},{"type":"Feature","geometry":{"type":"Polygon","coordinates":[[[-68.92988025685918,45.15881726075936],[-68.92999324351317,45.15879191113194],[-68.93014218006907,45.158723102583664],[-68.93021408184698,45.158639809007354],[-68.93015758801653,45.158523921983324],[-68.93012163713337,45.15842976404726],[-68.93002405836516,45.1583754412909],[-68.92991620673395,45.15835371262501],[-68.92978267641787,45.15835371252704],[-68.92964914608305,45.15837544142361],[-68.92954129566864,45.15842614170613],[-68.92948993818602,45.158545650494446],[-68.9295104803412,45.15868326641956],[-68.92968509671338,45.158799153627804],[-68.92988025685918,45.15881726075936]]]},"properties":{"OBJECTID":"499","EGAD_SEQ":"","MAP_REFERENCE":"","FEATURE_NA":"EST WASTE AREA","POLYGON_TY":"LF WASTE AREA","EGAD_SITE_SEQ":"94,979","SITE_DESCR":"LANDFILL MUNICIPAL","LOCATION_A":"WITHIN 3M","LOCATION_M":"DIGITIZED","DATA_SOURC":"MDEP GIS UNIT","GlobalID":"{76BB60EE-7492-49EE-BF9C-F93C6E029077}","Shape_Length":"172.14","Shape_Area":"2,268.36"},"id":499},{"type":"Feature","geometry":{"type":"Polygon","coordinates":[[[-70.25428530727476,43.673128847752814],[-70.25421628326751,43.67312647005585],[-70.25416369204001,43.67315024397586],[-70.2541538320749,43.67322156511303],[-70.25417355267356,43.673264357761376],[-70.25422943057227,43.67331666064629],[-70.25430831625468,43.673328547200235],[-70.2543839142937,43.67331903774048],[-70.25442006944184,43.673288132027686],[-70.25446608651076,43.673221565163395],[-70.25443321785293,43.67317877281123],[-70.25428530727476,43.673128847752814]]]},"properties":{"OBJECTID":"500","EGAD_SEQ":"","MAP_REFERENCE":"","FEATURE_NA":"EST WASTE AREA","POLYGON_TY":"LF WASTE AREA","EGAD_SITE_SEQ":"29,102","SITE_DESCR":"LANDFILL MUNICIPAL","LOCATION_A":"WITHIN 3M","LOCATION_M":"DIGITIZED","DATA_SOURC":"MDEP GIS UNIT","GlobalID":"{C41DC98D-E8B5-4E85-9741-2EB260AE9D16}","Shape_Length":"74.94","Shape_Area":"415.56"},"id":500},{"type":"Feature","geometry":{"type":"Polygon","coordinates":[[[-70.32026060427253,43.70746162383798],[-70.32002949416172,43.70769829664105],[-70.31990623570505,43.707776259378434],[-70.31976757014885,43.70786814429986],[-70.31965586708235,43.70792661592086],[-70.31965586741389,43.70797951900664],[-70.31967897765726,43.70803242265292],[-70.31974060768019,43.708051912942665],[-70.31982534805348,43.70806305084299],[-70.31989082927635,43.70804356027721],[-70.32005645678709,43.70799065663804],[-70.32024134462903,43.7079349695632],[-70.32042238124255,43.70784030034717],[-70.32056104664285,43.7076593151174],[-70.32054178761234,43.707545155291044],[-70.32051097348509,43.70742264193287],[-70.3204608990963,43.70730291269903],[-70.32043393684121,43.707302912686494],[-70.32039541824807,43.70733910935497],[-70.32035690026005,43.7073920135704],[-70.32026060427253,43.70746162383798]]]},"properties":{"OBJECTID":"501","EGAD_SEQ":"","MAP_REFERENCE":"","FEATURE_NA":"EST WASTE AREA","POLYGON_TY":"LF WASTE AREA","EGAD_SITE_SEQ":"29,105","SITE_DESCR":"LANDFILL MUNICIPAL","LOCATION_A":"WITHIN 3M","LOCATION_M":"DIGITIZED","DATA_SOURC":"MDEP GIS UNIT","GlobalID":"{7241BDDE-CC65-40E5-8DCF-D03B7236D7D5}","Shape_Length":"238.78","Shape_Area":"2,664.08"},"id":501},{"type":"Feature","geometry":{"type":"Polygon","coordinates":[[[-70.06951659478135,43.8038489347495],[-70.06947268375072,43.803830587284814],[-70.06944726174429,43.803832255893546],[-70.0694102839775,43.80384059547294],[-70.069377928975,43.803862278562335],[-70.06933864029008,43.803892301874235],[-70.06933864091984,43.803930665061145],[-70.06935481764857,43.80394901189838],[-70.06940566163856,43.80394901240799],[-70.06944957367621,43.803920657419646],[-70.06948192797202,43.80388729824926],[-70.06951659478135,43.8038489347495]]]},"properties":{"OBJECTID":"502","EGAD_SEQ":"","MAP_REFERENCE":"","FEATURE_NA":"EST WASTE AREA","POLYGON_TY":"LF WASTE AREA","EGAD_SITE_SEQ":"60,560","SITE_DESCR":"LANDFILL MUNICIPAL","LOCATION_A":"WITHIN 3M","LOCATION_M":"DIGITIZED","DATA_SOURC":"MDEP GIS UNIT","GlobalID":"{633B369D-091D-493C-8403-017ABB3D2644}","Shape_Length":"42.51","Shape_Area":"115.2"},"id":502},{"type":"Feature","geometry":{"type":"Polygon","coordinates":[[[-69.859866971016,43.90614055784014],[-69.859697491425,43.90620161079791],[-69.85962430655128,43.906165533766234],[-69.85957423238183,43.906129456608134],[-69.85958193607875,43.906015675738104],[-69.85950875120777,43.905846390975796],[-69.85943556734955,43.90565490412667],[-69.85935853047346,43.90562437691293],[-69.85932771586614,43.90564380347298],[-69.85928534602228,43.90571040765528],[-69.8592083087348,43.905910219055144],[-69.85916593827166,43.90621826155686],[-69.85914282793593,43.90643749787849],[-69.85914667938641,43.90652630222671],[-69.85922371567497,43.90659013036702],[-69.85940475209523,43.906698360969784],[-69.85955882581322,43.90674553799276],[-69.85969749088856,43.906706685916056],[-69.86000178585925,43.90657070497442],[-69.86018282185451,43.90645692401577],[-69.86020978393296,43.906357019470114],[-69.86016741445317,43.906209936573056],[-69.8600364517185,43.90614888291246],[-69.859866971016,43.90614055784014]]]},"properties":{"OBJECTID":"503","EGAD_SEQ":"","MAP_REFERENCE":"","FEATURE_NA":"EST WASTE AREA","POLYGON_TY":"LF WASTE AREA","EGAD_SITE_SEQ":"37,943","SITE_DESCR":"LANDFILL MUNICIPAL","LOCATION_A":"WITHIN 3M","LOCATION_M":"DIGITIZED","DATA_SOURC":"MDEP GIS UNIT","GlobalID":"{19F0C322-98EA-4AD4-B2C4-F39F6F747DCD}","Shape_Length":"348.4","Shape_Area":"5,733.47"},"id":503},{"type":"Feature","geometry":{"type":"Polygon","coordinates":[[[-69.71142752249717,43.88052982442098],[-69.71159084051867,43.88055425641318],[-69.71175723943799,43.88052316134394],[-69.711858927896,43.88040100175773],[-69.7118989864778,43.88029439002419],[-69.71187125353349,43.880218873419516],[-69.71174491267806,43.88015001879419],[-69.71162781777292,43.88017000871432],[-69.71149223290244,43.880218873170506],[-69.71143676672807,43.880285505342485],[-69.71141827833947,43.88034547505946],[-69.71142752277316,43.88043653917252],[-69.71142752249717,43.88052982442098]]]},"properties":{"OBJECTID":"504","EGAD_SEQ":"","MAP_REFERENCE":"","FEATURE_NA":"EST WASTE AREA","POLYGON_TY":"LF WASTE AREA","EGAD_SITE_SEQ":"29,559","SITE_DESCR":"LANDFILL MUNICIPAL","LOCATION_A":"WITHIN 3M","LOCATION_M":"DIGITIZED","DATA_SOURC":"MDEP GIS UNIT","GlobalID":"{31983CEE-997F-4803-80F7-21D2AB8751B7}","Shape_Length":"134.5","Shape_Area":"1,314.88"},"id":504},{"type":"Feature","geometry":{"type":"Polygon","coordinates":[[[-69.13768990517544,44.046204113585205],[-69.13750935037805,44.04625278032978],[-69.1374055318348,44.0462917145488],[-69.13738296224784,44.04634038095859],[-69.13741004578907,44.04636958164955],[-69.1374732401746,44.04638580365213],[-69.13774858584111,44.04636633701336],[-69.13803295850259,44.04633064811693],[-69.13811872236708,44.04632091439517],[-69.13818642958417,44.04627549211596],[-69.13825865197813,44.04624953606657],[-69.13834441562769,44.046236558237055],[-69.1383940679542,44.046197624863545],[-69.13838052599581,44.04615220181722],[-69.1383218460592,44.046110024242395],[-69.13817288827198,44.046106779573186],[-69.13768990517544,44.046204113585205]]]},"properties":{"OBJECTID":"505","EGAD_SEQ":"","MAP_REFERENCE":"","FEATURE_NA":"EST WASTE AREA","POLYGON_TY":"LF WASTE AREA","EGAD_SITE_SEQ":"32,699","SITE_DESCR":"LANDFILL MUNICIPAL","LOCATION_A":"WITHIN 3M","LOCATION_M":"DIGITIZED","DATA_SOURC":"MDEP GIS UNIT","GlobalID":"{6391B958-C0FC-4668-86D8-6B01D15B9550}","Shape_Length":"182.71","Shape_Area":"1,396.22"},"id":505},{"type":"Feature","geometry":{"type":"Polygon","coordinates":[[[-69.17368917704039,44.08797747823844],[-69.17365220003401,44.088038897821214],[-69.17365913296129,44.08812521790408],[-69.1736776212795,44.088141818125614],[-69.17381397603802,44.08815343759134],[-69.17392490869985,44.08813019763292],[-69.17395726407875,44.08809533774081],[-69.17396419768346,44.08802063792085],[-69.17396650922105,44.08794925837801],[-69.17390410911645,44.087914398689314],[-69.1737446436277,44.087930998630895],[-69.17368917704039,44.08797747823844]]]},"properties":{"OBJECTID":"506","EGAD_SEQ":"","MAP_REFERENCE":"","FEATURE_NA":"EST WASTE AREA","POLYGON_TY":"LF WASTE AREA","EGAD_SITE_SEQ":"32,701","SITE_DESCR":"LANDFILL MUNICIPAL","LOCATION_A":"WITHIN 3M","LOCATION_M":"DIGITIZED","DATA_SOURC":"MDEP GIS UNIT","GlobalID":"{E75C7BD1-1A80-4234-AE86-A774067F62DD}","Shape_Length":"86.58","Shape_Area":"548.9"},"id":506},{"type":"Feature","geometry":{"type":"Polygon","coordinates":[[[-69.1733355788221,44.08774009847017],[-69.17321309136571,44.08773179856039],[-69.17313682497073,44.08775503842035],[-69.17310446944866,44.087788237860806],[-69.17307904719175,44.08785463842414],[-69.17307211389618,44.08792767797062],[-69.17310909202237,44.08804719841752],[-69.17316455868283,44.08811359795246],[-69.17324082454365,44.08812853776988],[-69.17331940128913,44.08813019766036],[-69.17337948981263,44.088087037965096],[-69.17339104616762,44.08793929852085],[-69.17338411197626,44.08780151875285],[-69.1733355788221,44.08774009847017]]]},"properties":{"OBJECTID":"507","EGAD_SEQ":"","MAP_REFERENCE":"","FEATURE_NA":"EST WASTE AREA","POLYGON_TY":"LF WASTE AREA","EGAD_SITE_SEQ":"37,953","SITE_DESCR":"LANDFILL MUNICIPAL","LOCATION_A":"WITHIN 3M","LOCATION_M":"DIGITIZED","DATA_SOURC":"MDEP GIS UNIT","GlobalID":"{DBAEBF37-DE03-4499-964A-EB8F1DE24236}","Shape_Length":"117.99","Shape_Area":"948.65"},"id":507},{"type":"Feature","geometry":{"type":"Polygon","coordinates":[[[-68.97818373264202,44.32833993101416],[-68.97807180864912,44.32827834352661],[-68.97792544672168,44.328339930916975],[-68.97777047549144,44.32840151914521],[-68.9775982854961,44.32849390032107],[-68.97737443845347,44.32859244076732],[-68.97722807639526,44.32866018710739],[-68.97703005837697,44.32872177474227],[-68.97698701050729,44.32878952079037],[-68.97696979137675,44.328881902413926],[-68.97706449661233,44.328980441195654],[-68.97719363869867,44.32902355266186],[-68.97731417249979,44.32898044153019],[-68.97746053385072,44.32890653703766],[-68.97772742882604,44.328863425441114],[-68.97794266585498,44.32887574367782],[-68.97810624721026,44.32881415597117],[-68.97833870319859,44.32869098084217],[-68.9783817504478,44.32861707623723],[-68.97839897005323,44.32850005951069],[-68.97833009357755,44.32841999546634],[-68.97818373264202,44.32833993101416]]]},"properties":{"OBJECTID":"508","EGAD_SEQ":"","MAP_REFERENCE":"","FEATURE_NA":"EST WASTE AREA","POLYGON_TY":"LF WASTE AREA","EGAD_SITE_SEQ":"29,408","SITE_DESCR":"LANDFILL MUNICIPAL","LOCATION_A":"WITHIN 3M","LOCATION_M":"DIGITIZED","DATA_SOURC":"MDEP GIS UNIT","GlobalID":"{6D5F048D-834B-4699-BF69-C07CEE0CC923}","Shape_Length":"300.22","Shape_Area":"4,889.01"},"id":508},{"type":"Feature","geometry":{"type":"Polygon","coordinates":[[[-68.87744629916567,44.547840194862864],[-68.87723140615242,44.54782841459228],[-68.87707712334382,44.54789124375687],[-68.87680712852271,44.54796585396309],[-68.87669692694847,44.54814648833005],[-68.87699447211448,44.548264292753174],[-68.87730854688137,44.54831926850344],[-68.87756752061593,44.54830356130278],[-68.87780996469014,44.5482485852075],[-68.87788710602459,44.548060098333764],[-68.87776037333602,44.547895171174595],[-68.87744629916567,44.547840194862864]]]},"properties":{"OBJECTID":"509","EGAD_SEQ":"","MAP_REFERENCE":"","FEATURE_NA":"EST WASTE AREA","POLYGON_TY":"LF WASTE AREA","EGAD_SITE_SEQ":"29,211","SITE_DESCR":"LANDFILL MUNICIPAL","LOCATION_A":"WITHIN 15M","LOCATION_M":"DIGITIZED","DATA_SOURC":"MDEP GIS UNIT","GlobalID":"{FE73AA9A-F3EB-4F13-91E3-CD77635DD1F9}","Shape_Length":"238.06","Shape_Area":"3,767.23"},"id":509},{"type":"Feature","geometry":{"type":"Polygon","coordinates":[[[-68.87073062529691,44.63063383716101],[-68.87092433843168,44.63090955024317],[-68.87102119604934,44.63117760234101],[-68.87115033841879,44.63121589535014],[-68.8713871002544,44.63118526108257],[-68.87161309968018,44.631085699094484],[-68.87175300403527,44.63091720860595],[-68.87172071874315,44.63068744802751],[-68.87155928992891,44.630518956519545],[-68.87141938489279,44.63022026585127],[-68.87146243327922,44.62999050263206],[-68.87138709969784,44.629829668031654],[-68.87104271948942,44.62971478573794],[-68.87069833866872,44.62956160930607],[-68.87044005363664,44.629569268531135],[-68.87009567424916,44.62953863251288],[-68.8698911984633,44.62956926848705],[-68.86979434063727,44.6297147863869],[-68.86979434118983,44.62981435059646],[-68.87000957922129,44.6299751853181],[-68.87041853055116,44.63022792477272],[-68.87073062529691,44.63063383716101]]]},"properties":{"OBJECTID":"510","EGAD_SEQ":"","MAP_REFERENCE":"","FEATURE_NA":"EST WASTE AREA","POLYGON_TY":"LF WASTE AREA","EGAD_SITE_SEQ":"29,214","SITE_DESCR":"LANDFILL MUNICIPAL","LOCATION_A":"WITHIN 3M","LOCATION_M":"DIGITIZED","DATA_SOURC":"MDEP GIS UNIT","GlobalID":"{DBAFE88D-44D3-4EA3-982E-966092221928}","Shape_Length":"540.86","Shape_Area":"14,719.05"},"id":510},{"type":"Feature","geometry":{"type":"Polygon","coordinates":[[[-68.70087563761787,44.828601397850264],[-68.70093845190281,44.82866704975016],[-68.7010111854733,44.82868815229525],[-68.70112359044697,44.82872097775813],[-68.70121616056498,44.828706910079084],[-68.70130542423446,44.828683462388234],[-68.70136823922601,44.828645947052145],[-68.701434359417,44.82858029494639],[-68.70140460526314,44.82850057470117],[-68.70132526044596,44.82839037295221],[-68.70128889307425,44.82826141315201],[-68.70116656919095,44.8281699683781],[-68.70106408268855,44.82815824486662],[-68.70091530963886,44.82820982955692],[-68.70074008921448,44.828275481809314],[-68.70069380434978,44.828348167607494],[-68.70070372296497,44.828432578418294],[-68.70076653716276,44.82850526473297],[-68.70087563761787,44.828601397850264]]]},"properties":{"OBJECTID":"511","EGAD_SEQ":"","MAP_REFERENCE":"","FEATURE_NA":"EST WASTE AREA","POLYGON_TY":"LF WASTE AREA","EGAD_SITE_SEQ":"29,678","SITE_DESCR":"LANDFILL MUNICIPAL","LOCATION_A":"WITHIN 3M","LOCATION_M":"DIGITIZED","DATA_SOURC":"MDEP GIS UNIT","GlobalID":"{AAE90615-A465-432D-8F56-D04FD9277518}","Shape_Length":"185.07","Shape_Area":"2,473.18"},"id":511},{"type":"Feature","geometry":{"type":"Polygon","coordinates":[[[-69.03061480715327,44.90008705553118],[-69.03052258492785,44.900217704998546],[-69.03049420925291,44.90031317880767],[-69.03049420874603,44.90049910159839],[-69.03048711542523,44.900795571891045],[-69.0304800211485,44.9009513431741],[-69.03055096053956,44.901066915495115],[-69.03064318282011,44.901217662209206],[-69.03077796918825,44.901288009662586],[-69.03096950820218,44.90128801008963],[-69.03107591859053,44.90119756243872],[-69.03112557686151,44.90100159242212],[-69.03111848211458,44.90088099431607],[-69.03099788428433,44.90060462437161],[-69.03100497797597,44.9003986025009],[-69.03133839626216,44.90034835366193],[-69.03149446452184,44.900308153317575],[-69.03155831141606,44.9002579040478],[-69.03157249867893,44.90020263001472],[-69.03156540486131,44.90015238052722],[-69.03154412311727,44.9000820305983],[-69.03148027749837,44.90003680552824],[-69.03121070428917,44.900036805707245],[-69.03084181545456,44.90004183097556],[-69.03061480715327,44.90008705553118]]]},"properties":{"OBJECTID":"512","EGAD_SEQ":"","MAP_REFERENCE":"","FEATURE_NA":"EST WASTE AREA","POLYGON_TY":"LF WASTE AREA","EGAD_SITE_SEQ":"29,677","SITE_DESCR":"LANDFILL MUNICIPAL","LOCATION_A":"WITHIN 3M","LOCATION_M":"DIGITIZED","DATA_SOURC":"MDEP GIS UNIT","GlobalID":"{7E345611-81E8-489E-8DC9-4D8C277D3461}","Shape_Length":"405.76","Shape_Area":"7,058.07"},"id":512},{"type":"Feature","geometry":{"type":"Polygon","coordinates":[[[-70.94370730034011,44.91607206364693],[-70.94379242875472,44.91602383783243],[-70.94384350511072,44.91592015137099],[-70.94390479776747,44.915828521097076],[-70.9439354436,44.91575376934964],[-70.9439388490439,44.915703131602136],[-70.94382988518686,44.91566213906923],[-70.94369708556287,44.91564767167575],[-70.94361536150014,44.91565249374123],[-70.94358131141361,44.915691075552246],[-70.94355747464174,44.915763414863854],[-70.94355406941814,44.915833343066225],[-70.9435881206668,44.91592497394442],[-70.94362217245263,44.91602142629419],[-70.94370730034011,44.91607206364693]]]},"properties":{"OBJECTID":"513","EGAD_SEQ":"","MAP_REFERENCE":"","FEATURE_NA":"EST WASTE AREA","POLYGON_TY":"LF WASTE AREA","EGAD_SITE_SEQ":"27,173","SITE_DESCR":"LANDFILL MUNICIPAL","LOCATION_A":"WITHIN 3M","LOCATION_M":"DIGITIZED","DATA_SOURC":"MDEP GIS UNIT","GlobalID":"{3A5730E2-D5A9-4423-BCC7-4CD4CBBB5982}","Shape_Length":"124.61","Shape_Area":"999.67"},"id":513},{"type":"Feature","geometry":{"type":"Polygon","coordinates":[[[-70.96755234292804,44.68783599444483],[-70.96735282422678,44.68783883060462],[-70.96720518019796,44.68786152658938],[-70.96709344920711,44.68792110291204],[-70.96704955449032,44.68796365717285],[-70.96706950635313,44.688045928932866],[-70.96712138248407,44.68809131980399],[-70.9672570543447,44.68807997154867],[-70.96740469927873,44.688085645510014],[-70.96754436221788,44.688045928324115],[-70.96765609351847,44.6879948632845],[-70.96771594895289,44.68795230916708],[-70.9677039779989,44.68788989599881],[-70.96764412189269,44.687858689306694],[-70.96755234292804,44.68783599444483]]]},"properties":{"OBJECTID":"514","EGAD_SEQ":"","MAP_REFERENCE":"","FEATURE_NA":"EST WASTE AREA","POLYGON_TY":"LF WASTE AREA","EGAD_SITE_SEQ":"27,299","SITE_DESCR":"LANDFILL MUNICIPAL","LOCATION_A":"WITHIN 3M","LOCATION_M":"DIGITIZED","DATA_SOURC":"MDEP GIS UNIT","GlobalID":"{45038671-0BAD-45CA-A00A-C6E65F18AE2F}","Shape_Length":"132.76","Shape_Area":"1,137.05"},"id":514},{"type":"Feature","geometry":{"type":"Polygon","coordinates":[[[-70.96839874187489,44.39548373025513],[-70.96828914335696,44.3954837299599],[-70.96817954326802,44.39555812574163],[-70.96812474412143,44.395659931024255],[-70.96819598353244,44.39580089090855],[-70.96832750273914,44.39594576671885],[-70.96843162174105,44.39601624686088],[-70.96859054078467,44.39599666912653],[-70.9687549397435,44.39588703385113],[-70.96889193891303,44.39580480709522],[-70.96889193881763,44.39572649564261],[-70.96882069931678,44.39561294421344],[-70.9686782202668,44.39552680112043],[-70.96839874187489,44.39548373025513]]]},"properties":{"OBJECTID":"515","EGAD_SEQ":"","MAP_REFERENCE":"","FEATURE_NA":"EST WASTE AREA","POLYGON_TY":"LF WASTE AREA","EGAD_SITE_SEQ":"27,165","SITE_DESCR":"LANDFILL MUNICIPAL","LOCATION_A":"WITHIN 3M","LOCATION_M":"DIGITIZED","DATA_SOURC":"MDEP GIS UNIT","GlobalID":"{7D27337D-B2FB-4F42-863A-8D9AFBFF671E}","Shape_Length":"185.27","Shape_Area":"2,532.45"},"id":515},{"type":"Feature","geometry":{"type":"Polygon","coordinates":[[[-69.1442296409945,44.46155047955998],[-69.14401386720189,44.46119407425929],[-69.14397687692882,44.46114347304786],[-69.14393064014921,44.461139073145404],[-69.14385974280226,44.46115227321502],[-69.14381967132083,44.46119627435622],[-69.14376110406685,44.461244675016395],[-69.14364088746467,44.46133707596118],[-69.14356382552344,44.46145147845554],[-69.14351450546913,44.46161867975819],[-69.14351142395273,44.461730881679664],[-69.14359156818561,44.46185628240704],[-69.14371486700468,44.46200368289332],[-69.14380117591213,44.46207188375259],[-69.1438689904692,44.46209388307131],[-69.14395838203207,44.46209608325158],[-69.14406318626912,44.46207408335693],[-69.14414949635501,44.46201688333282],[-69.14418648530751,44.46194868290038],[-69.14422655860557,44.46179248178738],[-69.14424197099481,44.46162527979541],[-69.1442296409945,44.46155047955998]]]},"properties":{"OBJECTID":"516","EGAD_SEQ":"","MAP_REFERENCE":"","FEATURE_NA":"EST WASTE AREA","POLYGON_TY":"LF WASTE AREA","EGAD_SITE_SEQ":"29,411","SITE_DESCR":"LANDFILL MUNICIPAL","LOCATION_A":"WITHIN 3M","LOCATION_M":"DIGITIZED","DATA_SOURC":"MDEP GIS UNIT","GlobalID":"{0CE712B2-EFBC-443C-AC3F-95D25D82A269}","Shape_Length":"260.02","Shape_Area":"4,425.86"},"id":516},{"type":"Feature","geometry":{"type":"Polygon","coordinates":[[[-69.44410650454705,44.252219312853754],[-69.44400046711255,44.2522087151539],[-69.4439141585692,44.25221931322579],[-69.44381305321973,44.252224611874205],[-69.44368975380758,44.25228466709255],[-69.44363303615148,44.252350020336074],[-69.4436305702902,44.25239241202738],[-69.44360097919886,44.25249662443817],[-69.44354426065232,44.25265205999876],[-69.44352206725644,44.252729777235366],[-69.44353193127746,44.25277923350086],[-69.44363796893684,44.252841054793194],[-69.4437218118857,44.25287991335516],[-69.44379825689697,44.2528922774532],[-69.44388949795727,44.252872848065046],[-69.44397827385373,44.25282162472073],[-69.44413363009161,44.25274214190958],[-69.44423966803495,44.25268561954144],[-69.44434817065954,44.25258847268343],[-69.44439749014467,44.25245246719727],[-69.44436296683456,44.25236061857949],[-69.4442692592493,44.25228290093638],[-69.44410650454705,44.252219312853754]]]},"properties":{"OBJECTID":"517","EGAD_SEQ":"","MAP_REFERENCE":"","FEATURE_NA":"EST WASTE AREA","POLYGON_TY":"LF WASTE AREA","EGAD_SITE_SEQ":"95,125","SITE_DESCR":"LANDFILL MUNICIPAL","LOCATION_A":"WITHIN 3M","LOCATION_M":"DIGITIZED","DATA_SOURC":"MDEP GIS UNIT","GlobalID":"{42173BE6-F0A2-4685-ABA3-AEEE7667E99A}","Shape_Length":"226.61","Shape_Area":"3,732.31"},"id":517},{"type":"Feature","geometry":{"type":"Polygon","coordinates":[[[-69.38160397783417,44.39228373973486],[-69.38143465216228,44.392350286562625],[-69.38136692181892,44.39241078344338],[-69.3813626890193,44.39248035477235],[-69.3813965534175,44.39254992673752],[-69.38149814886678,44.3926164734942],[-69.38161244415977,44.3926618461576],[-69.38174790393893,44.39271629310393],[-69.38188336480431,44.39276468994643],[-69.38195109507507,44.39274956640557],[-69.38203575789545,44.39274654098717],[-69.38209925437981,44.392655796477776],[-69.38209078786721,44.39252572770121],[-69.38209078799493,44.39244103215253],[-69.38203999064646,44.39231096361803],[-69.38192992868865,44.39224441594055],[-69.3817479038111,44.39224441674865],[-69.38160397783417,44.39228373973486]]]},"properties":{"OBJECTID":"518","EGAD_SEQ":"","MAP_REFERENCE":"","FEATURE_NA":"EST WASTE AREA","POLYGON_TY":"LF WASTE AREA","EGAD_SITE_SEQ":"29,172","SITE_DESCR":"LANDFILL MUNICIPAL","LOCATION_A":"WITHIN 3M","LOCATION_M":"DIGITIZED","DATA_SOURC":"MDEP GIS UNIT","GlobalID":"{3AF936D4-0326-43F6-A8C3-E0E1A86B0089}","Shape_Length":"186.49","Shape_Area":"2,512.73"},"id":518},{"type":"Feature","geometry":{"type":"Polygon","coordinates":[[[-69.32092398959793,44.49878778720343],[-69.32092669872927,44.498596480803386],[-69.32090502519955,44.49831821541189],[-69.32090231587526,44.49825058198617],[-69.3208400033455,44.49823898778811],[-69.32071267098297,44.498237055112476],[-69.32058804766349,44.49826604083556],[-69.32049051600328,44.49831821613562],[-69.32043091321698,44.498368458296746],[-69.32039298436928,44.49845541574041],[-69.32034150922226,44.4986119400694],[-69.32030358058276,44.49880904305097],[-69.32031170829407,44.49889600003003],[-69.32035505594453,44.49893851263243],[-69.32049051629102,44.49897522831182],[-69.32065848713191,44.499013875472784],[-69.32077769143535,44.49899261932611],[-69.32087251375667,44.49895590456588],[-69.32092128056112,44.498884405697225],[-69.32092398959793,44.49878778720343]]]},"properties":{"OBJECTID":"519","EGAD_SEQ":"","MAP_REFERENCE":"","FEATURE_NA":"EST WASTE AREA","POLYGON_TY":"LF WASTE AREA","EGAD_SITE_SEQ":"29,406","SITE_DESCR":"LANDFILL MUNICIPAL","LOCATION_A":"WITHIN 3M","LOCATION_M":"DIGITIZED","DATA_SOURC":"MDEP GIS UNIT","GlobalID":"{B3BB233E-BF2B-49ED-B19A-333C25770B7E}","Shape_Length":"231.45","Shape_Area":"3,512.51"},"id":519},{"type":"Feature","geometry":{"type":"Polygon","coordinates":[[[-69.3315541867909,44.42598810580986],[-69.3317235123707,44.42595283622141],[-69.33187167206587,44.4258772582736],[-69.3319704453004,44.42576137214589],[-69.33180817472538,44.425585022585324],[-69.33163884985507,44.42526759183683],[-69.3313778061032,44.42498542997926],[-69.33118025922852,44.424965275709546],[-69.33072872521579,44.4251416270737],[-69.33036185365388,44.42541874991797],[-69.33065817322867,44.42572106383693],[-69.33079222226463,44.42594275941277],[-69.33078516724706,44.426149339067074],[-69.33086982974933,44.42630049360323],[-69.33093332664811,44.42636599432194],[-69.33119436990178,44.42622995481199],[-69.3314060266646,44.426164454766024],[-69.3315541867909,44.42598810580986]]]},"properties":{"OBJECTID":"520","EGAD_SEQ":"","MAP_REFERENCE":"","FEATURE_NA":"EST WASTE AREA","POLYGON_TY":"LF WASTE AREA","EGAD_SITE_SEQ":"29,407","SITE_DESCR":"LANDFILL MUNICIPAL","LOCATION_A":"WITHIN 3M","LOCATION_M":"DIGITIZED","DATA_SOURC":"MDEP GIS UNIT","GlobalID":"{36EA9C02-C30D-4CF5-A162-6E4907440B66}","Shape_Length":"426.34","Shape_Area":"11,117.29"},"id":520},{"type":"Feature","geometry":{"type":"Polygon","coordinates":[[[-69.96028708338866,45.339506861192184],[-69.96003874037528,45.33967190146368],[-69.95989876440052,45.339744900224105],[-69.95971363449807,45.33984963734857],[-69.95964590477134,45.33991946147428],[-69.95960526702225,45.340014675923115],[-69.95965493569388,45.34008450013562],[-69.95975427330245,45.34020510602272],[-69.95979491180054,45.34024319149806],[-69.95984909492529,45.340246365501194],[-69.95993488716023,45.340233669871914],[-69.96011098569245,45.340179715024924],[-69.96024644532051,45.340100369287406],[-69.96039996802085,45.339967069204256],[-69.96050381993182,45.33987185393359],[-69.96054897372116,45.339808377036],[-69.96054445864256,45.339713162153856],[-69.96053091255266,45.33957668607598],[-69.96049479002623,45.33948464446712],[-69.96044060557347,45.33944021014392],[-69.96034578334627,45.33946242725984],[-69.96028708338866,45.339506861192184]]]},"properties":{"OBJECTID":"521","EGAD_SEQ":"","MAP_REFERENCE":"","FEATURE_NA":"EST WASTE AREA","POLYGON_TY":"LF WASTE AREA","EGAD_SITE_SEQ":"29,092","SITE_DESCR":"LANDFILL MUNICIPAL","LOCATION_A":"WITHIN 3M","LOCATION_M":"DIGITIZED","DATA_SOURC":"MDEP GIS UNIT","GlobalID":"{7D86900C-5D71-47C7-8D1F-F92398EEF65C}","Shape_Length":"246.66","Shape_Area":"3,730.2"},"id":521},{"type":"Feature","geometry":{"type":"Polygon","coordinates":[[[-69.60597689426974,45.37106651083395],[-69.606061662797,45.371015081032226],[-69.60619266785295,45.37092846165033],[-69.60636605745093,45.370906806666184],[-69.6063891759843,45.37085266954421],[-69.60645853201872,45.370646948160456],[-69.60644311877385,45.370595517086706],[-69.60638146952458,45.3705549143742],[-69.60633137929598,45.37051972488606],[-69.60621193392093,45.370530552040286],[-69.60616184353489,45.37055762120143],[-69.60608092822822,45.37064153450161],[-69.60601542588547,45.37072274027221],[-69.60597304220192,45.37083913563675],[-69.6059345105703,45.370914927073294],[-69.60590368648552,45.37097989129418],[-69.60589597959812,45.37102320165378],[-69.60592295103706,45.37105297634962],[-69.60597689426974,45.37106651083395]]]},"properties":{"OBJECTID":"522","EGAD_SEQ":"","MAP_REFERENCE":"","FEATURE_NA":"EST WASTE AREA","POLYGON_TY":"LF WASTE AREA","EGAD_SITE_SEQ":"29,573","SITE_DESCR":"LANDFILL MUNICIPAL","LOCATION_A":"WITHIN 3M","LOCATION_M":"DIGITIZED","DATA_SOURC":"MDEP GIS UNIT","GlobalID":"{80CF1E8F-FE24-4169-88A0-6E638791FD9D}","Shape_Length":"163.56","Shape_Area":"1,506.87"},"id":522},{"type":"Feature","geometry":{"type":"Polygon","coordinates":[[[-69.49840893001127,45.29351329244078],[-69.49823395984838,45.29341799939527],[-69.49812107648674,45.293386235015376],[-69.49765825307367,45.293402117565165],[-69.49731960279735,45.29354505701404],[-69.49677211689168,45.293862699797685],[-69.49683984657321,45.2941565172935],[-69.49728009323395,45.29420416339331],[-69.49840893001127,45.29351329244078]]]},"properties":{"OBJECTID":"523","EGAD_SEQ":"","MAP_REFERENCE":"","FEATURE_NA":"EST WASTE AREA","POLYGON_TY":"LF WASTE AREA","EGAD_SITE_SEQ":"29,569","SITE_DESCR":"LANDFILL MUNICIPAL","LOCATION_A":"WITHIN 3M","LOCATION_M":"DIGITIZED","DATA_SOURC":"MDEP GIS UNIT","GlobalID":"{B8013091-AAC9-4BAE-B9DF-E17D11327C2E}","Shape_Length":"334.86","Shape_Area":"6,118.32"},"id":523},{"type":"Feature","geometry":{"type":"Polygon","coordinates":[[[-69.38027910718746,45.2981825943369],[-69.38011735946591,45.298219637279885],[-69.38001203612255,45.29829636963349],[-69.37996689770632,45.29834928815691],[-69.37994056641132,45.29846041683952],[-69.37995937508892,45.298553024279244],[-69.38004965180365,45.298658861006636],[-69.38015121364059,45.298730301536345],[-69.38026029918511,45.298767343960385],[-69.38040323806433,45.298754114711016],[-69.3805612225253,45.29873030074614],[-69.3806138849821,45.29869061246462],[-69.3806815922261,45.29860858876662],[-69.38071168497194,45.29853714920827],[-69.38073425438573,45.29843395777328],[-69.38067406892759,45.29830959890867],[-69.38056498455967,45.298219637299354],[-69.38044461492622,45.29818259404413],[-69.38027910718746,45.2981825943369]]]},"properties":{"OBJECTID":"524","EGAD_SEQ":"","MAP_REFERENCE":"","FEATURE_NA":"EST WASTE AREA","POLYGON_TY":"LF WASTE AREA","EGAD_SITE_SEQ":"29,574","SITE_DESCR":"LANDFILL MUNICIPAL","LOCATION_A":"WITHIN 3M","LOCATION_M":"DIGITIZED","DATA_SOURC":"MDEP GIS UNIT","GlobalID":"{FE24B320-F379-43DD-9042-5C47F1DD28F3}","Shape_Length":"200.89","Shape_Area":"3,148.35"},"id":524},{"type":"Feature","geometry":{"type":"Polygon","coordinates":[[[-69.21196505227613,45.27342414100686],[-69.2119393725589,45.27329945222495],[-69.21191112702664,45.273248854113795],[-69.21185720017043,45.27324162513826],[-69.21181354664488,45.27324343259107],[-69.21176732437448,45.273252467590964],[-69.21175962116158,45.27328318867901],[-69.21175191722672,45.27333017277152],[-69.21176989243212,45.27340787726769],[-69.21181354679291,45.273489195948436],[-69.21184436096637,45.27350545941094],[-69.2119085585116,45.273500038437085],[-69.21194964486521,45.27349281051029],[-69.21197275535808,45.273458475520655],[-69.21196505227613,45.27342414100686]]]},"properties":{"OBJECTID":"525","EGAD_SEQ":"","MAP_REFERENCE":"","FEATURE_NA":"EST WASTE AREA","POLYGON_TY":"LF WASTE AREA","EGAD_SITE_SEQ":"29,562","SITE_DESCR":"LANDFILL MUNICIPAL","LOCATION_A":"WITHIN 3M","LOCATION_M":"DIGITIZED","DATA_SOURC":"MDEP GIS UNIT","GlobalID":"{D64808C4-EEAF-47C1-BF26-C17D4042F65D}","Shape_Length":"78.16","Shape_Area":"392.74"},"id":525},{"type":"Feature","geometry":{"type":"Polygon","coordinates":[[[-69.39041267698515,45.156015493117906],[-69.39003385972835,45.15588597320205],[-69.38952876775174,45.15586978368893],[-69.38929918159998,45.15587787857521],[-69.38916142852315,45.155991208446835],[-69.38912699109183,45.15614501331164],[-69.38913846984387,45.15642024113923],[-69.38933361966703,45.15671165810764],[-69.38957468516583,45.15688974537866],[-69.38982723043331,45.15693831457288],[-69.39004533855719,45.15693022002025],[-69.39048155308605,45.15676832215735],[-69.39069966077295,45.15666308831162],[-69.3907226197065,45.15654166529923],[-69.39041267698515,45.156015493117906]]]},"properties":{"OBJECTID":"526","EGAD_SEQ":"","MAP_REFERENCE":"","FEATURE_NA":"EST WASTE AREA","POLYGON_TY":"LF WASTE AREA","EGAD_SITE_SEQ":"29,570","SITE_DESCR":"LANDFILL MUNICIPAL","LOCATION_A":"WITHIN 3M","LOCATION_M":"DIGITIZED","DATA_SOURC":"MDEP GIS UNIT","GlobalID":"{9B6B1519-B338-40C4-B839-F73E97CF8367}","Shape_Length":"392.73","Shape_Area":"11,450.68"},"id":526},{"type":"Feature","geometry":{"type":"Polygon","coordinates":[[[-69.16172875595485,45.05512826061217],[-69.16176049380404,45.05506847224121],[-69.16176754751355,45.05495138699808],[-69.16173933541899,45.05480938869376],[-69.16167938490929,45.05470974127286],[-69.16162296278436,45.05462005746554],[-69.16167233240947,45.054557777655056],[-69.16172170348891,45.05451542699951],[-69.16168291155425,45.054473076945484],[-69.16161943549861,45.05443321751554],[-69.1615806442982,45.0543883757151],[-69.161492483203,45.05437093691882],[-69.1613866897441,45.054368446227464],[-69.16125268490498,45.05439584898579],[-69.16107988871997,45.0544406906648],[-69.16098467431672,45.0545079534597],[-69.16094588309782,45.054610092626824],[-69.16093177672438,45.05473216128243],[-69.16088946036996,45.05481686252462],[-69.16082950992296,45.054871668262564],[-69.16082950984146,45.05496633343138],[-69.1608788799914,45.055051034237934],[-69.16101641240783,45.055163137487796],[-69.16116452313429,45.05524534583067],[-69.16133731899897,45.055262784169635],[-69.16148542994516,45.05523787198459],[-69.16160180363465,45.055195522044386],[-69.16172875595485,45.05512826061217]]]},"properties":{"OBJECTID":"527","EGAD_SEQ":"","MAP_REFERENCE":"","FEATURE_NA":"EST WASTE AREA","POLYGON_TY":"LF WASTE AREA","EGAD_SITE_SEQ":"29,627","SITE_DESCR":"LANDFILL MUNICIPAL","LOCATION_A":"WITHIN 3M","LOCATION_M":"DIGITIZED","DATA_SOURC":"MDEP GIS UNIT","GlobalID":"{7175E421-2F9F-447C-B5DC-C108B291BDEA}","Shape_Length":"286.32","Shape_Area":"5,610.6"},"id":527},{"type":"Feature","geometry":{"type":"Polygon","coordinates":[[[-69.2773793430943,44.82076245502821],[-69.27727214466053,44.82056565152426],[-69.27717755727377,44.820458303796286],[-69.27703883059776,44.82037332013988],[-69.27688118580845,44.820301754967495],[-69.27665417677177,44.82026149898255],[-69.27650914299805,44.82024360814419],[-69.27640194556058,44.820274918069224],[-69.2763262761743,44.820324119128806],[-69.27624430069439,44.820395684283646],[-69.27613710216264,44.82052092304278],[-69.27602990393048,44.82069536238605],[-69.27579028312532,44.82091452939444],[-69.27562633256302,44.821209732310216],[-69.2756704733878,44.82139758742992],[-69.2757839787108,44.82158544248507],[-69.27598576301274,44.82166595241885],[-69.27633258121465,44.82173304264969],[-69.27672353965038,44.82167937005944],[-69.276975771987,44.82159438809265],[-69.277114499736,44.821487042281774],[-69.2772027799765,44.82124104157963],[-69.27730997913581,44.82099951217102],[-69.2773793430943,44.82076245502821]]]},"properties":{"OBJECTID":"528","EGAD_SEQ":"","MAP_REFERENCE":"","FEATURE_NA":"EST WASTE AREA","POLYGON_TY":"LF WASTE AREA","EGAD_SITE_SEQ":"29,638","SITE_DESCR":"LANDFILL MUNICIPAL","LOCATION_A":"WITHIN 3M","LOCATION_M":"DIGITIZED","DATA_SOURC":"MDEP GIS UNIT","GlobalID":"{16887F0B-0DFA-4B34-B4F9-7F6BF5A251DC}","Shape_Length":"471.54","Shape_Area":"16,223.04"},"id":528},{"type":"Feature","geometry":{"type":"Polygon","coordinates":[[[-69.26962200872975,44.82128476751196],[-69.26939278037197,44.82125957654172],[-69.26919260961442,44.821287056975535],[-69.26912480957046,44.82132140806477],[-69.26911189542821,44.821392399322775],[-69.26911189587028,44.82152980186205],[-69.26917323864818,44.821655753958126],[-69.26920229550117,44.82183437663922],[-69.26924426631068,44.82193513755738],[-69.26938309485787,44.822001548057514],[-69.26951546611508,44.822008418608924],[-69.26964783767396,44.82196948846376],[-69.26975115079522,44.82187788735831],[-69.26983186516294,44.82166720430551],[-69.26986092299575,44.821415299709805],[-69.26980926515762,44.821335148150865],[-69.26962200872975,44.82128476751196]]]},"properties":{"OBJECTID":"529","EGAD_SEQ":"","MAP_REFERENCE":"","FEATURE_NA":"EST WASTE AREA","POLYGON_TY":"LF WASTE AREA","EGAD_SITE_SEQ":"32,297","SITE_DESCR":"LANDFILL MUNICIPAL","LOCATION_A":"WITHIN 10M","LOCATION_M":"DIGITIZED","DATA_SOURC":"MDEP GIS UNIT","GlobalID":"{F67CAF8E-82FC-4F8B-A70E-6FC5F6F88689}","Shape_Length":"236.75","Shape_Area":"3,928.09"},"id":529},{"type":"Feature","geometry":{"type":"Polygon","coordinates":[[[-69.26962200872975,44.82128476751196],[-69.26939278037197,44.82125957654172],[-69.26919260961442,44.821287056975535],[-69.26912480957046,44.82132140806477],[-69.26911189542821,44.821392399322775],[-69.26911189587028,44.82152980186205],[-69.26917323864818,44.821655753958126],[-69.26920229550117,44.82183437663922],[-69.26924426631068,44.82193513755738],[-69.26938309485787,44.822001548057514],[-69.26951546611508,44.822008418608924],[-69.26964783767396,44.82196948846376],[-69.26975115079522,44.82187788735831],[-69.26983186516294,44.82166720430551],[-69.26986092299575,44.821415299709805],[-69.26980926515762,44.821335148150865],[-69.26962200872975,44.82128476751196]]]},"properties":{"OBJECTID":"530","EGAD_SEQ":"","MAP_REFERENCE":"","FEATURE_NA":"EST WASTE AREA","POLYGON_TY":"LF WASTE AREA","EGAD_SITE_SEQ":"95,116","SITE_DESCR":"LANDFILL MUNICIPAL","LOCATION_A":"WITHIN 10M","LOCATION_M":"DIGITIZED","DATA_SOURC":"MDEP GIS UNIT","GlobalID":"{73B2604B-0B3F-4FDB-8E72-67F38937F7A2}","Shape_Length":"236.75","Shape_Area":"3,928.09"},"id":530},{"type":"Feature","geometry":{"type":"Polygon","coordinates":[[[-69.57058132399139,44.998921203475604],[-69.57040913362286,44.998997302677225],[-69.57037146783344,44.9990734022724],[-69.57036070559168,44.99915711095247],[-69.57044680008198,44.99921038104687],[-69.57057594247676,44.99923701534655],[-69.57075889497298,44.999229405500124],[-69.57094722786535,44.99915711120463],[-69.57101718085381,44.999077206906726],[-69.57097413234943,44.998959252914325],[-69.57084499010662,44.99890217903769],[-69.57058132399139,44.998921203475604]]]},"properties":{"OBJECTID":"531","EGAD_SEQ":"","MAP_REFERENCE":"","FEATURE_NA":"EST WASTE AREA","POLYGON_TY":"LF WASTE AREA","EGAD_SITE_SEQ":"29,455","SITE_DESCR":"LANDFILL MUNICIPAL","LOCATION_A":"WITHIN 3M","LOCATION_M":"DIGITIZED","DATA_SOURC":"MDEP GIS UNIT","GlobalID":"{A79174EA-1F00-475A-88F8-F5186B28B190}","Shape_Length":"142.08","Shape_Area":"1,469.76"},"id":531},{"type":"Feature","geometry":{"type":"Polygon","coordinates":[[[-69.57258303462467,44.998000393002634],[-69.5724108445134,44.997832971390174],[-69.57236779682324,44.997791115721476],[-69.57227632010053,44.99777589549114],[-69.57221712975415,44.99777209080328],[-69.57216332063074,44.99778350569579],[-69.57200189216076,44.997859606506864],[-69.57179203571384,44.99795092788335],[-69.57159832142425,44.99809551892441],[-69.57143151333455,44.998247719367406],[-69.57140460758143,44.99839611488905],[-69.57139384682262,44.998521679944325],[-69.57144765559765,44.99860919483056],[-69.57145303618681,44.998692904760865],[-69.57150146461696,44.99871573436773],[-69.57156603660773,44.99870051481857],[-69.57173284621602,44.99864724449592],[-69.57200727355507,44.99851026521877],[-69.57238393934887,44.99835045531724],[-69.57258303415921,44.99824391414049],[-69.5726529872292,44.9982020590889],[-69.57265298727323,44.99814117903036],[-69.57258303462467,44.998000393002634]]]},"properties":{"OBJECTID":"532","EGAD_SEQ":"","MAP_REFERENCE":"","FEATURE_NA":"EST WASTE AREA","POLYGON_TY":"LF WASTE AREA","EGAD_SITE_SEQ":"27,840","SITE_DESCR":"LANDFILL MUNICIPAL","LOCATION_A":"WITHIN 3M","LOCATION_M":"DIGITIZED","DATA_SOURC":"MDEP GIS UNIT","GlobalID":"{2F75AEEC-BBF6-41F8-A70E-12A03848939D}","Shape_Length":"309.69","Shape_Area":"6,010.63"},"id":532},{"type":"Feature","geometry":{"type":"Polygon","coordinates":[[[-70.9553254976141,43.977009340953295],[-70.95551681921602,43.9772846977516],[-70.95573205733793,43.9773793516872],[-70.95610274356332,43.97738795683435],[-70.95658105043567,43.97747400532753],[-70.95704739894269,43.97746540099538],[-70.95734633943385,43.9773449321548],[-70.95758549305755,43.977172833805376],[-70.95821924840854,43.97686305638705],[-70.95885300310118,43.976639326797276],[-70.95927152159362,43.9764328062441],[-70.95934326647128,43.97614023516045],[-70.95930739419825,43.9757444004448],[-70.95904432604371,43.97552927139917],[-70.95875734248717,43.975279721483886],[-70.95847035817984,43.97509901229836],[-70.9582790363681,43.97509901177563],[-70.95809967176598,43.97519366889672],[-70.95807575605745,43.97562392783103],[-70.95811162945044,43.97589929265967],[-70.95780072993875,43.975968132595774],[-70.9574061277921,43.97607139441452],[-70.9569756523116,43.97628652033754],[-70.95682020254438,43.97634675643032],[-70.95652126158204,43.97621768066965],[-70.95612665903177,43.976019763286594],[-70.95594729442811,43.975899291780316],[-70.95574401409714,43.975959527956675],[-70.9555287765328,43.976174655109546],[-70.95536136930676,43.97631233550753],[-70.95517004754267,43.97642420094756],[-70.95500264033296,43.97648443667053],[-70.95500264013884,43.97657909162934],[-70.9553254976141,43.977009340953295]]]},"properties":{"OBJECTID":"533","EGAD_SEQ":"","MAP_REFERENCE":"","FEATURE_NA":"EST WASTE AREA","POLYGON_TY":"LF WASTE AREA","EGAD_SITE_SEQ":"29,512","SITE_DESCR":"LANDFILL MUNICIPAL","LOCATION_A":"WITHIN 3M","LOCATION_M":"DIGITIZED","DATA_SOURC":"MDEP GIS UNIT","GlobalID":"{8C775EFC-AFDF-4A26-BC68-443B7C6A825A}","Shape_Length":"1,030.87","Shape_Area":"45,816.19"},"id":533},{"type":"Feature","geometry":{"type":"Polygon","coordinates":[[[-70.77417629914646,43.98840814648468],[-70.77427272563696,43.988437879644025],[-70.77431405164265,43.98851056027716],[-70.77432323484561,43.9886228841341],[-70.77429568484162,43.98871538683821],[-70.77422221639944,43.98881779970801],[-70.77426813415804,43.98889047925855],[-70.77434160223146,43.98892681910127],[-70.77449312907103,43.98892681965319],[-70.77461710642517,43.988850835510796],[-70.774736491332,43.98872860114703],[-70.77472271661728,43.98855681117637],[-70.77464924872955,43.98836189520891],[-70.77463088105593,43.98830242879965],[-70.7746722071669,43.988226444745266],[-70.77462169832286,43.9881273343534],[-70.77449772058947,43.988031527892616],[-70.77438292793465,43.98791259481065],[-70.77426354192839,43.98784321728796],[-70.77418548289634,43.987843216975364],[-70.77407987303165,43.98786964624419],[-70.77401558887249,43.987948935246294],[-70.77393752905921,43.988018312954935],[-70.77387324491838,43.98808438672699],[-70.7737905938767,43.98817358542721],[-70.77378141021605,43.98823635548465],[-70.77381814433724,43.988295821331086],[-70.77391916158167,43.98829582189582],[-70.77406609801474,43.98833546591929],[-70.77417629914646,43.98840814648468]]]},"properties":{"OBJECTID":"534","EGAD_SEQ":"","MAP_REFERENCE":"","FEATURE_NA":"EST WASTE AREA","POLYGON_TY":"LF WASTE AREA","EGAD_SITE_SEQ":"27,113","SITE_DESCR":"LANDFILL MUNICIPAL","LOCATION_A":"WITHIN 3M","LOCATION_M":"DIGITIZED","DATA_SOURC":"MDEP GIS UNIT","GlobalID":"{0DE7EE76-AB1D-44D5-BC68-A9952092837B}","Shape_Length":"326.05","Shape_Area":"4,888.8"},"id":534},{"type":"Feature","geometry":{"type":"Polygon","coordinates":[[[-70.1147169775128,43.96286058738466],[-70.11451519241997,43.96276375866895],[-70.11434031133774,43.962763759202346],[-70.11411162203754,43.9628654286627],[-70.11399727723243,43.96299130609056],[-70.11382239656602,43.96317527985502],[-70.1136004325718,43.9634173500062],[-70.11360043221659,43.96355290857857],[-70.11342555136987,43.96370299163081],[-70.11335828975308,43.96379497684234],[-70.11344573021411,43.9638627557408],[-70.1137416826605,43.96385307351993],[-70.11420578780027,43.96383370798209],[-70.11433358540012,43.96379013614094],[-70.1144412046342,43.963678784523786],[-70.11466316786728,43.96352386038164],[-70.11487840584913,43.96322369386396],[-70.11500620330187,43.96306392743276],[-70.1149053109544,43.96297194091101],[-70.1147169775128,43.96286058738466]]]},"properties":{"OBJECTID":"535","EGAD_SEQ":"","MAP_REFERENCE":"","FEATURE_NA":"EST WASTE AREA","POLYGON_TY":"LF WASTE AREA","EGAD_SITE_SEQ":"28,407","SITE_DESCR":"LANDFILL MUNICIPAL","LOCATION_A":"WITHIN 3M","LOCATION_M":"DIGITIZED","DATA_SOURC":"MDEP GIS UNIT","GlobalID":"{D58D299C-A48D-45DD-A6DF-6A577F642623}","Shape_Length":"390.33","Shape_Area":"9,234.01"},"id":535},{"type":"Feature","geometry":{"type":"Polygon","coordinates":[[[-69.5779747310437,44.24383881444635],[-69.57794952900458,44.243760579763936],[-69.57768070755309,44.243730489860326],[-69.57743288823991,44.24371243566007],[-69.57722707149384,44.24371243600211],[-69.57711366254944,44.24376960708391],[-69.57701705454967,44.243844832659185],[-69.57697925139585,44.243932094510754],[-69.57696245027286,44.24408254485475],[-69.57705065762151,44.24419989692447],[-69.57718926846732,44.244263085422084],[-69.57748329224884,44.244245031876744],[-69.57763870396877,44.24419688793792],[-69.57772691105018,44.24411865317466],[-69.57795372959367,44.243950148759545],[-69.5779747310437,44.24383881444635]]]},"properties":{"OBJECTID":"536","EGAD_SEQ":"","MAP_REFERENCE":"","FEATURE_NA":"EST WASTE AREA","POLYGON_TY":"LF WASTE AREA","EGAD_SITE_SEQ":"29,401","SITE_DESCR":"LANDFILL MUNICIPAL","LOCATION_A":"WITHIN 10M","LOCATION_M":"DIGITIZED","DATA_SOURC":"MDEP GIS UNIT","GlobalID":"{E1DB1D57-5D8D-45FC-A6D7-74A771ACBACB}","Shape_Length":"231.02","Shape_Area":"3,785.66"},"id":536},{"type":"Feature","geometry":{"type":"Polygon","coordinates":[[[-69.59071295094624,44.28327289071962],[-69.59046093101765,44.28325785588712],[-69.59015290612491,44.28331799633153],[-69.58998489284092,44.2833881598163],[-69.58976087450858,44.28348338141289],[-69.58965586584065,44.28360867248724],[-69.58946685117262,44.28373396395407],[-69.58933384067302,44.2838793013667],[-69.58923583190611,44.28408477760262],[-69.58908882091144,44.2843604151427],[-69.58911682288715,44.28452078518365],[-69.58933384067385,44.28460097046593],[-69.58963486470775,44.284646074401905],[-69.58990788648453,44.28460097026773],[-69.5901459052959,44.28447568151273],[-69.5906149425,44.28397953372263],[-69.59099297305964,44.28363373042497],[-69.59083195968724,44.28340820597715],[-69.59071295094624,44.28327289071962]]]},"properties":{"OBJECTID":"537","EGAD_SEQ":"","MAP_REFERENCE":"","FEATURE_NA":"EST WASTE AREA","POLYGON_TY":"LF WASTE AREA","EGAD_SITE_SEQ":"27,769","SITE_DESCR":"LANDFILL MUNICIPAL","LOCATION_A":"WITHIN 3M","LOCATION_M":"DIGITIZED","DATA_SOURC":"MDEP GIS UNIT","GlobalID":"{67D6D898-0D56-4398-B085-A549872FBAEC}","Shape_Length":"464.17","Shape_Area":"13,768.91"},"id":537},{"type":"Feature","geometry":{"type":"Polygon","coordinates":[[[-69.79803920491844,44.101363945903266],[-69.79795519806692,44.1016454669545],[-69.79809520976383,44.10190017515465],[-69.798412568748,44.1019537980599],[-69.79891660886955,44.10174600969594],[-69.79899128123556,44.101397460472946],[-69.799065954757,44.10111593820777],[-69.79914996130246,44.10077408865318],[-69.79924330220207,44.10052607837812],[-69.79896327877657,44.10040542441426],[-69.79869259145745,44.10080090013398],[-69.79837523266568,44.10096177135676],[-69.7981885502827,44.10102209709605],[-69.79803920491844,44.101363945903266]]]},"properties":{"OBJECTID":"538","EGAD_SEQ":"","MAP_REFERENCE":"","FEATURE_NA":"EST WASTE AREA","POLYGON_TY":"LF WASTE AREA","EGAD_SITE_SEQ":"27,583","SITE_DESCR":"LANDFILL MUNICIPAL","LOCATION_A":"WITHIN 15M","LOCATION_M":"DIGITIZED","DATA_SOURC":"MDEP GIS UNIT","GlobalID":"{85016EBB-D9DA-4660-9C0C-23D01FDC6054}","Shape_Length":"435.44","Shape_Area":"9,604.73"},"id":538},{"type":"Feature","geometry":{"type":"Polygon","coordinates":[[[-70.03602457185792,44.0047929755705],[-70.03576112670991,44.00471949933826],[-70.03539015319413,44.004711765148784],[-70.03511595496879,44.00475043641874],[-70.03503530919701,44.00480457732],[-70.03499767360792,44.004878053297155],[-70.0349707910265,44.00497086489814],[-70.03500842717257,44.00513715259952],[-70.03511595517855,44.005287971190775],[-70.03530950625844,44.0053923834017],[-70.03549230543543,44.00555866989836],[-70.03569660916632,44.005674683072485],[-70.03594392508467,44.00571335430177],[-70.03620737026371,44.00574429150245],[-70.03646543970085,44.005713353844584],[-70.03677189540151,44.00562441027479],[-70.03690630696128,44.00548519459679],[-70.03694931772822,44.00530730663196],[-70.03686329502477,44.00518742492946],[-70.03673426036627,44.005102348257395],[-70.0364976980696,44.004970864549094],[-70.03602457185792,44.0047929755705]]]},"properties":{"OBJECTID":"539","EGAD_SEQ":"","MAP_REFERENCE":"","FEATURE_NA":"EST WASTE AREA","POLYGON_TY":"LF WASTE AREA","EGAD_SITE_SEQ":"37,948","SITE_DESCR":"LANDFILL MUNICIPAL","LOCATION_A":"WITHIN 3M","LOCATION_M":"DIGITIZED","DATA_SOURC":"MDEP GIS UNIT","GlobalID":"{A73914E5-2423-4181-9012-8E9702BCB2D2}","Shape_Length":"427.98","Shape_Area":"12,722.38"},"id":539},{"type":"Feature","geometry":{"type":"Polygon","coordinates":[[[-69.94047396718747,44.16524139002765],[-69.94047029678032,44.165491509678844],[-69.94049598879147,44.165562595493725],[-69.94059141684637,44.16562578300711],[-69.94078961299438,44.165631049158755],[-69.94113095247712,44.165673173414675],[-69.94135851105399,44.165691603350396],[-69.9415420269716,44.16573372857638],[-69.94175123410284,44.16572846307891],[-69.94190538746734,44.16568633824412],[-69.94204118864651,44.16556259557543],[-69.94209624379442,44.16540725838427],[-69.94210725490034,44.16515450682316],[-69.94201182596534,44.16505972470422],[-69.94195677158635,44.16487542465919],[-69.94195310191704,44.16475957906444],[-69.94198246442778,44.16465426494069],[-69.94189070613186,44.16459634221028],[-69.94183565161049,44.164562114860416],[-69.94172554243573,44.16457264617449],[-69.94156404851984,44.16455421624226],[-69.94135117024963,44.164556849397925],[-69.94110893009791,44.16456211441094],[-69.94081530507547,44.164564747332165],[-69.9406171083977,44.16457527916555],[-69.94046662594617,44.16457264588207],[-69.94041524127188,44.16463583481625],[-69.94039321995531,44.164733250807615],[-69.94040790163724,44.16481223667774],[-69.94045194483104,44.16488595613018],[-69.94047396718747,44.16524139002765]]]},"properties":{"OBJECTID":"540","EGAD_SEQ":"","MAP_REFERENCE":"","FEATURE_NA":"EST WASTE AREA","POLYGON_TY":"LF WASTE AREA","EGAD_SITE_SEQ":"27,529","SITE_DESCR":"LANDFILL MUNICIPAL","LOCATION_A":"WITHIN 3M","LOCATION_M":"DIGITIZED","DATA_SOURC":"MDEP GIS UNIT","GlobalID":"{582FE62C-492B-42DA-85DA-4DEA59BB524A}","Shape_Length":"477.37","Shape_Area":"15,414.46"},"id":540},{"type":"Feature","geometry":{"type":"Polygon","coordinates":[[[-70.30169558975058,43.994152008846285],[-70.30160538874738,43.99406548625824],[-70.301506167484,43.99407630166223],[-70.3014099526428,43.99414335690424],[-70.30136184499472,43.9942385310181],[-70.30136184509665,43.994355337081856],[-70.3013738716237,43.994493771951966],[-70.30142498571429,43.99460408769485],[-70.30153623456148,43.9947122399708],[-70.30171362998934,43.994787946379425],[-70.30194214150356,43.99482255544008],[-70.30212254427408,43.994783620425],[-70.30224582005641,43.99472305552265],[-70.3023270009728,43.994673305400106],[-70.3022999404648,43.9946278809298],[-70.30169558975058,43.994152008846285]]]},"properties":{"OBJECTID":"541","EGAD_SEQ":"","MAP_REFERENCE":"","FEATURE_NA":"EST WASTE AREA","POLYGON_TY":"LF WASTE AREA","EGAD_SITE_SEQ":"29,019","SITE_DESCR":"LANDFILL MUNICIPAL","LOCATION_A":"WITHIN 3M","LOCATION_M":"DIGITIZED","DATA_SOURC":"MDEP GIS UNIT","GlobalID":"{0B880656-DC49-4BB8-90B9-1E07D1AF995A}","Shape_Length":"246.38","Shape_Area":"3,812.76"},"id":541},{"type":"Feature","geometry":{"type":"Polygon","coordinates":[[[-70.31423886464125,43.99997631570584],[-70.31428772354658,43.9999087267285],[-70.31425014046843,43.99981950928766],[-70.31414490442967,43.9997302912763],[-70.3139607432767,43.99974110506215],[-70.31375403148849,43.99976814095157],[-70.3136938971681,43.999814101683704],[-70.31370893049618,43.999979019215225],[-70.31375779023202,44.00002497984926],[-70.31423886464125,43.99997631570584]]]},"properties":{"OBJECTID":"542","EGAD_SEQ":"","MAP_REFERENCE":"","FEATURE_NA":"EST WASTE AREA","POLYGON_TY":"LF WASTE AREA","EGAD_SITE_SEQ":"95,114","SITE_DESCR":"LANDFILL MUNICIPAL","LOCATION_A":"WITHIN 3M","LOCATION_M":"DIGITIZED","DATA_SOURC":"MDEP GIS UNIT","GlobalID":"{5AB62F01-E167-4D26-9836-3E3E11FEE04C}","Shape_Length":"134.27","Shape_Area":"1,218.49"},"id":542},{"type":"Feature","geometry":{"type":"Polygon","coordinates":[[[-70.42050825028413,44.1999181774147],[-70.42047341149215,44.19996713207661],[-70.42049152750393,44.20003007351557],[-70.42051521835265,44.200096011176804],[-70.42055563153738,44.200128980324145],[-70.42063924661994,44.20013697316545],[-70.42079532639723,44.20009601133098],[-70.4208677915144,44.20004406042885],[-70.42088869546048,44.199977122423284],[-70.42086082437437,44.199922173822955],[-70.42081622910759,44.19989619820664],[-70.42072146652325,44.1998951991272],[-70.42060998157967,44.19991018501618],[-70.42050825028413,44.1999181774147]]]},"properties":{"OBJECTID":"543","EGAD_SEQ":"","MAP_REFERENCE":"","FEATURE_NA":"EST WASTE AREA","POLYGON_TY":"LF WASTE AREA","EGAD_SITE_SEQ":"27,169","SITE_DESCR":"LANDFILL MUNICIPAL","LOCATION_A":"WITHIN 3M","LOCATION_M":"DIGITIZED","DATA_SOURC":"MDEP GIS UNIT","GlobalID":"{33414E3A-9F7E-434C-A811-D7ECE55D8FBD}","Shape_Length":"97.41","Shape_Area":"688.27"},"id":543},{"type":"Feature","geometry":{"type":"Polygon","coordinates":[[[-70.64830776281333,44.319751788177776],[-70.64813900983664,44.31979268243248],[-70.6478668275271,44.31974984110166],[-70.64774162459803,44.31990367986184],[-70.64774978944179,44.32001857243963],[-70.64803558020606,44.320320406053405],[-70.64815534094896,44.3203768778896],[-70.64832137154784,44.320371036126566],[-70.64849828956626,44.32026588160362],[-70.64856633475205,44.32014709533554],[-70.64848740235391,44.3199582049411],[-70.64837852918507,44.31978878782408],[-70.64830776281333,44.319751788177776]]]},"properties":{"OBJECTID":"544","EGAD_SEQ":"","MAP_REFERENCE":"","FEATURE_NA":"EST WASTE AREA","POLYGON_TY":"LF WASTE AREA","EGAD_SITE_SEQ":"95,105","SITE_DESCR":"LANDFILL MUNICIPAL","LOCATION_A":"WITHIN 10M","LOCATION_M":"DIGITIZED","DATA_SOURC":"MDEP GIS UNIT","GlobalID":"{21922F03-FD01-4E10-9DBD-01439A4B3F66}","Shape_Length":"216.45","Shape_Area":"3,284"},"id":544},{"type":"Feature","geometry":{"type":"Polygon","coordinates":[[[-70.6925184190806,44.397336565914316],[-70.69238657995383,44.39734872101143],[-70.69226750142558,44.39742164836768],[-70.6921739381869,44.39749457651122],[-70.692139916125,44.39758877545089],[-70.69219520247249,44.397682974356364],[-70.69227600707971,44.397765017606815],[-70.69243761437963,44.39782275216346],[-70.69259496905032,44.39783794560702],[-70.69270554353923,44.39778932727758],[-70.6927225552968,44.39767993513721],[-70.69273106106274,44.397512809028825],[-70.69263749740357,44.39735783633326],[-70.6925184190806,44.397336565914316]]]},"properties":{"OBJECTID":"545","EGAD_SEQ":"","MAP_REFERENCE":"","FEATURE_NA":"EST WASTE AREA","POLYGON_TY":"LF WASTE AREA","EGAD_SITE_SEQ":"27,166","SITE_DESCR":"LANDFILL MUNICIPAL","LOCATION_A":"WITHIN 3M","LOCATION_M":"DIGITIZED","DATA_SOURC":"MDEP GIS UNIT","GlobalID":"{5798F964-D135-411C-B85B-6559364A47D9}","Shape_Length":"164.1","Shape_Area":"1,997.76"},"id":545},{"type":"Feature","geometry":{"type":"Polygon","coordinates":[[[-70.64233915621315,44.41174419537388],[-70.64243271811587,44.411814067972344],[-70.64250926917002,44.41180799196436],[-70.64261559114172,44.41176849878103],[-70.6427346709007,44.41162267831184],[-70.64286225536712,44.41146774338372],[-70.64282823242841,44.41130673201756],[-70.64268363642736,44.41124901121727],[-70.64248800553847,44.411252049441046],[-70.64226260445541,44.41120040406696],[-70.64213501924701,44.41125204946062],[-70.64210099716361,44.41131280871588],[-70.64233915621315,44.41174419537388]]]},"properties":{"OBJECTID":"546","EGAD_SEQ":"","MAP_REFERENCE":"","FEATURE_NA":"EST WASTE AREA","POLYGON_TY":"LF WASTE AREA","EGAD_SITE_SEQ":"29,515","SITE_DESCR":"LANDFILL MUNICIPAL","LOCATION_A":"WITHIN 3M","LOCATION_M":"DIGITIZED","DATA_SOURC":"MDEP GIS UNIT","GlobalID":"{C5BCB1FD-5B61-4111-B654-6F47E6B85A82}","Shape_Length":"201.37","Shape_Area":"2,700.38"},"id":546},{"type":"Feature","geometry":{"type":"Polygon","coordinates":[[[-70.72771067194188,44.97560550237784],[-70.72703287531925,44.97592515357364],[-70.72672720203472,44.97609438046958],[-70.72672055751056,44.97621659881059],[-70.72676042780333,44.97632001432118],[-70.72691326409226,44.976456334616245],[-70.7270993265214,44.97655034880299],[-70.72755119066782,44.97657385264526],[-70.72790337903241,44.97655504984088],[-70.72822234113231,44.97644693368124],[-70.72814260035955,44.97612258402424],[-70.72801634456941,44.97575592696818],[-70.72789673355727,44.9756243048322],[-70.72771067194188,44.97560550237784]]]},"properties":{"OBJECTID":"547","EGAD_SEQ":"","MAP_REFERENCE":"","FEATURE_NA":"EST WASTE AREA","POLYGON_TY":"LF WASTE AREA","EGAD_SITE_SEQ":"29,518","SITE_DESCR":"LANDFILL MUNICIPAL","LOCATION_A":"WITHIN 3M","LOCATION_M":"DIGITIZED","DATA_SOURC":"MDEP GIS UNIT","GlobalID":"{61E688B2-F1F5-4FF2-9CE1-BEE2C1631F20}","Shape_Length":"359.84","Shape_Area":"8,981.88"},"id":547},{"type":"Feature","geometry":{"type":"Polygon","coordinates":[[[-70.65841063890099,44.92929364089072],[-70.65812357289998,44.92941784146213],[-70.65801725240716,44.92950816886012],[-70.65802256723356,44.92956462349822],[-70.65807041278683,44.92965118711116],[-70.65819799759781,44.92974151404901],[-70.65833089916303,44.929779150383766],[-70.65851696045361,44.92979420515884],[-70.65868175746958,44.9297640957239],[-70.65888376787728,44.9296888232281],[-70.65905388161251,44.92955709586139],[-70.65913893846728,44.92941407797192],[-70.65908577739883,44.92933127747423],[-70.65895819275771,44.92924471346723],[-70.65870302289342,44.929195785982486],[-70.65841063890099,44.92929364089072]]]},"properties":{"OBJECTID":"548","EGAD_SEQ":"","MAP_REFERENCE":"","FEATURE_NA":"EST WASTE AREA","POLYGON_TY":"LF WASTE AREA","EGAD_SITE_SEQ":"29,519","SITE_DESCR":"LANDFILL MUNICIPAL","LOCATION_A":"WITHIN 3M","LOCATION_M":"DIGITIZED","DATA_SOURC":"MDEP GIS UNIT","GlobalID":"{29890284-69E0-45D2-81B0-4F5AC732E7E7}","Shape_Length":"235.48","Shape_Area":"3,989.99"},"id":548},{"type":"Feature","geometry":{"type":"Polygon","coordinates":[[[-69.93652847396181,45.06995112076638],[-69.93640801592844,45.070067128415495],[-69.93639706518171,45.07019086989254],[-69.93643539284916,45.07032234493022],[-69.93651752372148,45.07043835208455],[-69.93661607989503,45.07049248909403],[-69.93676391436576,45.070504089688086],[-69.93687342214044,45.07046155433095],[-69.93703220823777,45.07035328023486],[-69.93713623975381,45.07024113978891],[-69.93719099277992,45.070101931023004],[-69.93716361605907,45.06995885483919],[-69.93708696083273,45.069920184645234],[-69.9368515207473,45.069904717673516],[-69.93652847396181,45.06995112076638]]]},"properties":{"OBJECTID":"549","EGAD_SEQ":"","MAP_REFERENCE":"","FEATURE_NA":"EST WASTE AREA","POLYGON_TY":"LF WASTE AREA","EGAD_SITE_SEQ":"29,463","SITE_DESCR":"LANDFILL MUNICIPAL","LOCATION_A":"WITHIN 3M","LOCATION_M":"DIGITIZED","DATA_SOURC":"MDEP GIS UNIT","GlobalID":"{83879D6C-D2C6-4455-B513-8F9C78227641}","Shape_Length":"206.79","Shape_Area":"3,180.68"},"id":549},{"type":"Feature","geometry":{"type":"Polygon","coordinates":[[[-70.43314624540399,44.8885741532154],[-70.43302663536822,44.88868537730076],[-70.43286590758153,44.88873569329419],[-70.43282479136724,44.88879395315649],[-70.43286216934362,44.88884956532551],[-70.43298925607598,44.88887339865275],[-70.43322100313726,44.888820434761186],[-70.43347891410961,44.88874628588983],[-70.4336620691851,44.88864830314019],[-70.43357609787344,44.88851324485535],[-70.43344901113687,44.88840466920544],[-70.43339294421268,44.88830403743194],[-70.43331071103027,44.8882166466923],[-70.43323969272045,44.88817427500771],[-70.43319483772453,44.888190164088876],[-70.43315745940664,44.888240480524914],[-70.43319109961101,44.888415261464274],[-70.43319483802206,44.88850000432577],[-70.43314624540399,44.8885741532154]]]},"properties":{"OBJECTID":"550","EGAD_SEQ":"","MAP_REFERENCE":"","FEATURE_NA":"EST WASTE AREA","POLYGON_TY":"LF WASTE AREA","EGAD_SITE_SEQ":"29,366","SITE_DESCR":"LANDFILL MUNICIPAL","LOCATION_A":"WITHIN 3M","LOCATION_M":"DIGITIZED","DATA_SOURC":"MDEP GIS UNIT","GlobalID":"{621A2D87-BF83-4749-9F32-A495B4089D2E}","Shape_Length":"224.78","Shape_Area":"2,213.47"},"id":550},{"type":"Feature","geometry":{"type":"Polygon","coordinates":[[[-70.64592855362055,44.6293214433636],[-70.64579671555421,44.62953935783554],[-70.6458009682875,44.62957567728332],[-70.64582223263683,44.629657394900015],[-70.64576694477762,44.629730033265865],[-70.6458009685027,44.62976937873847],[-70.64594981720447,44.629763326045335],[-70.64607740307657,44.62973305969377],[-70.64618797639383,44.62964226196377],[-70.6463113086285,44.62955449133809],[-70.64632406746139,44.629487906117],[-70.64623050484897,44.629381975499],[-70.64615395434193,44.62932144291753],[-70.64606039159213,44.62930025683378],[-70.64592855362055,44.6293214433636]]]},"properties":{"OBJECTID":"551","EGAD_SEQ":"","MAP_REFERENCE":"","FEATURE_NA":"EST WASTE AREA","POLYGON_TY":"LF WASTE AREA","EGAD_SITE_SEQ":"27,242","SITE_DESCR":"LANDFILL MUNICIPAL","LOCATION_A":"WITHIN 3M","LOCATION_M":"DIGITIZED","DATA_SOURC":"MDEP GIS UNIT","GlobalID":"{301C3B3B-4B4A-4CCF-A9B2-9A4DD658014E}","Shape_Length":"152.61","Shape_Area":"1,535.74"},"id":551},{"type":"Feature","geometry":{"type":"Polygon","coordinates":[[[-70.53469019954929,44.600706927313155],[-70.53481246873807,44.60071828262507],[-70.5351952251837,44.600411687190544],[-70.53562582544632,44.600158082199584],[-70.53589694336978,44.59993097267452],[-70.53602452863937,44.59980606248238],[-70.53617337765519,44.599635728381614],[-70.536199958492,44.59951081741665],[-70.53608300467522,44.59940104683514],[-70.53599794849131,44.59935183907733],[-70.53585441464968,44.59935562430191],[-70.53573746222428,44.599355623683394],[-70.53562050839828,44.599378335403124],[-70.53554076789334,44.59944646928673],[-70.53543976375659,44.599507032554705],[-70.53523243702917,44.59955623993779],[-70.53509421922502,44.599605446927754],[-70.53492942194909,44.59965465454816],[-70.53480715328432,44.59974171391536],[-70.53476462478507,44.59979092162312],[-70.53464767220312,44.59981363232809],[-70.53445629341836,44.599775780324414],[-70.53432870873735,44.599806062453084],[-70.53431276056395,44.59986283953475],[-70.5342914967963,44.60004074301551],[-70.53437123649925,44.60018836421696],[-70.53451477025375,44.60032462932807],[-70.53458919485034,44.60055930766176],[-70.53461577550877,44.60067286189861],[-70.53469019954929,44.600706927313155]]]},"properties":{"OBJECTID":"552","EGAD_SEQ":"","MAP_REFERENCE":"","FEATURE_NA":"EST WASTE AREA","POLYGON_TY":"LF WASTE AREA","EGAD_SITE_SEQ":"27,228","SITE_DESCR":"LANDFILL MUNICIPAL","LOCATION_A":"WITHIN 3M","LOCATION_M":"DIGITIZED","DATA_SOURC":"MDEP GIS UNIT","GlobalID":"{16A0FB75-CD1C-42C9-9B11-26E5BE0B3943}","Shape_Length":"470.36","Shape_Area":"11,721.43"},"id":552},{"type":"Feature","geometry":{"type":"Polygon","coordinates":[[[-70.45059219803072,44.62306257197125],[-70.45073509268093,44.623106159716365],[-70.45084940971739,44.62306838315103],[-70.4508963600305,44.62296667880741],[-70.45086165764997,44.622883861177655],[-70.45072284534535,44.6228795031591],[-70.45065343871481,44.6229042028066],[-70.45055545317919,44.62295796087825],[-70.45055137047122,44.62298701964292],[-70.45059219803072,44.62306257197125]]]},"properties":{"OBJECTID":"553","EGAD_SEQ":"","MAP_REFERENCE":"","FEATURE_NA":"EST WASTE AREA","POLYGON_TY":"LF WASTE AREA","EGAD_SITE_SEQ":"29,345","SITE_DESCR":"LANDFILL MUNICIPAL","LOCATION_A":"WITHIN 3M","LOCATION_M":"DIGITIZED","DATA_SOURC":"MDEP GIS UNIT","GlobalID":"{FA14A12E-EF1A-48AF-A31E-485682F6D3BF}","Shape_Length":"83.05","Shape_Area":"504.71"},"id":553},{"type":"Feature","geometry":{"type":"Polygon","coordinates":[[[-70.46134363554961,44.73440216672898],[-70.46087640549489,44.7342660835341],[-70.4607035297367,44.734259445927044],[-70.46054467044735,44.73431587005227],[-70.46044655287878,44.73436897570665],[-70.46042786356922,44.734495102256204],[-70.4604185189906,44.73464446129064],[-70.4604979479779,44.734926582625015],[-70.4605960669618,44.73514232209619],[-70.46072689144265,44.73523857484824],[-70.46084369869587,44.735225298257575],[-70.46102124661941,44.735142321725604],[-70.46121281167781,44.73502283578972],[-70.461385686398,44.73480377735543],[-70.46153520031535,44.734621227691484],[-70.46151183955551,44.73448182514558],[-70.46134363554961,44.73440216672898]]]},"properties":{"OBJECTID":"554","EGAD_SEQ":"","MAP_REFERENCE":"","FEATURE_NA":"EST WASTE AREA","POLYGON_TY":"LF WASTE AREA","EGAD_SITE_SEQ":"29,521","SITE_DESCR":"LANDFILL MUNICIPAL","LOCATION_A":"WITHIN 3M","LOCATION_M":"DIGITIZED","DATA_SOURC":"MDEP GIS UNIT","GlobalID":"{218A15D3-1EB3-49B7-BAF5-060B4876C87D}","Shape_Length":"309.58","Shape_Area":"6,722.27"},"id":554},{"type":"Feature","geometry":{"type":"Polygon","coordinates":[[[-70.35316003867152,44.84305314278096],[-70.35291583232072,44.84261849464041],[-70.35272644818096,44.842434739362716],[-70.35261680494628,44.842392334545345],[-70.35241246896871,44.84242060460201],[-70.35218819809164,44.842484211589536],[-70.35215829517418,44.842530150838684],[-70.35216327987962,44.842629095768245],[-70.35220813396613,44.84275984400266],[-70.35225797110563,44.84287999077448],[-70.35233771298942,44.84308848072931],[-70.3525021774821,44.8434347831184],[-70.35280618965017,44.84378108393748],[-70.35305039512846,44.843872959768184],[-70.35333447128787,44.843954234200396],[-70.35347900135028,44.84390829621439],[-70.35353382330325,44.84384115643286],[-70.35353382353287,44.84365033857764],[-70.35343414810949,44.843438316549275],[-70.35330456959872,44.843243963591235],[-70.35316003867152,44.84305314278096]]]},"properties":{"OBJECTID":"555","EGAD_SEQ":"","MAP_REFERENCE":"","FEATURE_NA":"EST WASTE AREA","POLYGON_TY":"LF WASTE AREA","EGAD_SITE_SEQ":"29,354","SITE_DESCR":"LANDFILL MUNICIPAL","LOCATION_A":"WITHIN 3M","LOCATION_M":"DIGITIZED","DATA_SOURC":"MDEP GIS UNIT","GlobalID":"{43D91ECC-8F1C-4F36-BE6D-F275134F9CB4}","Shape_Length":"439.39","Shape_Area":"10,351.6"},"id":555},{"type":"Feature","geometry":{"type":"Polygon","coordinates":[[[-70.37344409353933,44.348967259658686],[-70.3733643530487,44.348928056677714],[-70.37324474154197,44.348945876661965],[-70.37314008205924,44.34896725925108],[-70.3729656484887,44.34893162076934],[-70.37292079426828,44.34891736463407],[-70.37285600539111,44.34896369543119],[-70.37280616680044,44.34902071747929],[-70.37275632969153,44.34909199557343],[-70.37276131356228,44.349209603518446],[-70.37281613461845,44.3492773170425],[-70.37285600506885,44.34937710571998],[-70.37287095694673,44.34959093741476],[-70.3729158114515,44.349647959117775],[-70.3730005348991,44.349687161019695],[-70.37308526024475,44.34967646969054],[-70.37328461203012,44.34961232005749],[-70.37343412530956,44.3495980647993],[-70.37352383436956,44.34958024593742],[-70.37358364019246,44.3494555108636],[-70.37344409353933,44.348967259658686]]]},"properties":{"OBJECTID":"556","EGAD_SEQ":"","MAP_REFERENCE":"","FEATURE_NA":"EST WASTE AREA","POLYGON_TY":"LF WASTE AREA","EGAD_SITE_SEQ":"56,584","SITE_DESCR":"LANDFILL MUNICIPAL","LOCATION_A":"WITHIN 3M","LOCATION_M":"DIGITIZED","DATA_SOURC":"MDEP GIS UNIT","GlobalID":"{872E0B09-0CF4-4764-8A2A-8B514E503715}","Shape_Length":"254.25","Shape_Area":"4,247.64"},"id":556},{"type":"Feature","geometry":{"type":"Polygon","coordinates":[[[-70.27053292576224,44.240429755793585],[-70.27031391105989,44.240372223317124],[-70.27014599984311,44.240393144775815],[-70.26990508341878,44.24053959001204],[-70.26970067037678,44.240691265774],[-70.26953275956008,44.240879551563644],[-70.26944515292332,44.241062606928836],[-70.2693867488785,44.241261352331186],[-70.26931374411542,44.24149147719311],[-70.2691969366185,44.24165361052155],[-70.26916043467361,44.24186281345392],[-70.26918233622035,44.242092936950314],[-70.26918233576971,44.24225506777235],[-70.26906552783133,44.242438118674855],[-70.2691750350295,44.242521799001494],[-70.26944515290356,44.24257932926557],[-70.26965686775088,44.24256363976912],[-70.2698612804167,44.242464269243925],[-70.270175202264,44.242249837720024],[-70.27034311298847,44.24195695520473],[-70.27062053178663,44.24131365318911],[-70.27098555541477,44.240795868730174],[-70.27113156519476,44.240534359505915],[-70.27090524991648,44.240523899129116],[-70.270781141515,44.24044544621238],[-70.27053292576224,44.240429755793585]]]},"properties":{"OBJECTID":"557","EGAD_SEQ":"","MAP_REFERENCE":"","FEATURE_NA":"EST WASTE AREA","POLYGON_TY":"LF WASTE AREA","EGAD_SITE_SEQ":"28,627","SITE_DESCR":"LANDFILL MUNICIPAL","LOCATION_A":"WITHIN 3M","LOCATION_M":"DIGITIZED","DATA_SOURC":"MDEP GIS UNIT","GlobalID":"{E4C001F7-430D-4869-80A2-60891AE838D3}","Shape_Length":"649.28","Shape_Area":"22,222.61"},"id":557},{"type":"Feature","geometry":{"type":"Polygon","coordinates":[[[-70.02006061378174,44.24199879552333],[-70.02022852494952,44.241658840083694],[-70.02047674229156,44.24148101663151],[-70.02059354976682,44.241277042482736],[-70.0204694407205,44.24112536890091],[-70.02018472209144,44.24094231350272],[-70.01966638863456,44.24080632882103],[-70.01939627015321,44.24075402713858],[-70.01931596512662,44.24083770997196],[-70.01929406292895,44.24113059857729],[-70.01941087093033,44.241308423248604],[-70.01944007311235,44.24154900876864],[-70.01944007270185,44.241664070950854],[-70.01954228024375,44.24166407072484],[-70.01966638852318,44.24171637101481],[-70.01974669319914,44.24196741468521],[-70.01983429975182,44.24207201638561],[-70.01999490978388,44.24205632589729],[-70.02006061378174,44.24199879552333]]]},"properties":{"OBJECTID":"558","EGAD_SEQ":"","MAP_REFERENCE":"","FEATURE_NA":"EST WASTE AREA","POLYGON_TY":"LF WASTE AREA","EGAD_SITE_SEQ":"27,702","SITE_DESCR":"LANDFILL MUNICIPAL","LOCATION_A":"WITHIN 3M","LOCATION_M":"DIGITIZED","DATA_SOURC":"MDEP GIS UNIT","GlobalID":"{06F01122-9EE5-470C-B387-7A8BB0BBDD8E}","Shape_Length":"397.37","Shape_Area":"9,035.66"},"id":558},{"type":"Feature","geometry":{"type":"Polygon","coordinates":[[[-69.98731860578596,44.274907353099984],[-69.98702451860716,44.27492649547772],[-69.98673043237396,44.27506049247576],[-69.98659675583968,44.27530934152821],[-69.98658338838116,44.27563475841553],[-69.98647644839374,44.27584532051973],[-69.9865967565054,44.27597931529463],[-69.98677053454368,44.27619944734809],[-69.98675716666223,44.276410007952315],[-69.9864229773357,44.276869410646995],[-69.98626256707652,44.27725224372262],[-69.98602195007368,44.277635073929865],[-69.9859016411803,44.27794133696552],[-69.98594174413722,44.27808489623337],[-69.98614225823708,44.27819017353273],[-69.98636950669582,44.278247597158924],[-69.98651655059379,44.278142320589495],[-69.98679727033881,44.27795090758444],[-69.98711809237622,44.27761593242528],[-69.9874255466233,44.277462800904296],[-69.98788004389979,44.27668756456836],[-69.98842811563705,44.27607502529591],[-69.98873556939061,44.27589317592576],[-69.98885587868652,44.27543376540331],[-69.98848158625987,44.274869069098635],[-69.98828107231662,44.27455321922264],[-69.98769289835673,44.27456279027525],[-69.9875592216934,44.27470635891769],[-69.98731860578596,44.274907353099984]]]},"properties":{"OBJECTID":"559","EGAD_SEQ":"","MAP_REFERENCE":"","FEATURE_NA":"EST WASTE AREA","POLYGON_TY":"LF WASTE AREA","EGAD_SITE_SEQ":"34,966","SITE_DESCR":"LANDFILL MUNICIPAL","LOCATION_A":"WITHIN 3M","LOCATION_M":"DIGITIZED","DATA_SOURC":"MDEP GIS UNIT","GlobalID":"{5C9A56F4-216C-4403-9329-9584B9EBC533}","Shape_Length":"1,034.74","Shape_Area":"47,119.65"},"id":559},{"type":"Feature","geometry":{"type":"Polygon","coordinates":[[[-70.25468357443532,44.37275638837453],[-70.25416523948317,44.37281900950016],[-70.25395352595369,44.37291294114656],[-70.2538805209472,44.37298078076768],[-70.25384401810976,44.37307471144773],[-70.2539170234759,44.37325213704247],[-70.25407763466254,44.37334606773251],[-70.25431124941467,44.37345043471807],[-70.25456676695235,44.37343478014239],[-70.25471277646776,44.37339303323492],[-70.25493909169127,44.373330411973946],[-70.25511430337687,44.37321038961614],[-70.255209208757,44.372970343786115],[-70.25518730716533,44.37280335437548],[-70.25493909085685,44.37272507788561],[-70.25468357443532,44.37275638837453]]]},"properties":{"OBJECTID":"560","EGAD_SEQ":"","MAP_REFERENCE":"","FEATURE_NA":"EST WASTE AREA","POLYGON_TY":"LF WASTE AREA","EGAD_SITE_SEQ":"28,559","SITE_DESCR":"LANDFILL MUNICIPAL","LOCATION_A":"WITHIN 3M","LOCATION_M":"DIGITIZED","DATA_SOURC":"MDEP GIS UNIT","GlobalID":"{25CA8F3F-1F72-4487-9E2D-05D33AC9F1B4}","Shape_Length":"301.26","Shape_Area":"6,487.17"},"id":560},{"type":"Feature","geometry":{"type":"Polygon","coordinates":[[[-70.11523105808955,44.8431886386491],[-70.11518470240571,44.843101093401366],[-70.11503184177707,44.84309787619027],[-70.11480979108036,44.84308901295229],[-70.11450201821116,44.843170215416876],[-70.11429477410984,44.8432337335066],[-70.11409206258244,44.843278441085545],[-70.11389279258805,44.84331626048533],[-70.11384569509508,44.84339038280578],[-70.11389274056523,44.84350258509452],[-70.1140308281402,44.84356961936294],[-70.1141155782463,44.84356998891332],[-70.114329024285,44.843566736835506],[-70.11471822062572,44.84353682925327],[-70.11505025561729,44.84346257842848],[-70.11522410799985,44.84333004681417],[-70.11523105808955,44.8431886386491]]]},"properties":{"OBJECTID":"561","EGAD_SEQ":"","MAP_REFERENCE":"","FEATURE_NA":"EST WASTE AREA","POLYGON_TY":"LF WASTE AREA","EGAD_SITE_SEQ":"29,353","SITE_DESCR":"LANDFILL MUNICIPAL","LOCATION_A":"WITHIN 3M","LOCATION_M":"DIGITIZED","DATA_SOURC":"MDEP GIS UNIT","GlobalID":"{CF10C1EE-F93E-41BD-A818-4C553417DA95}","Shape_Length":"270.05","Shape_Area":"4,072.34"},"id":561},{"type":"Feature","geometry":{"type":"Polygon","coordinates":[[[-70.05292340085904,44.90678405333782],[-70.05278480671747,44.906798595719884],[-70.0526462112365,44.906813137945996],[-70.0525178825293,44.90687494345872],[-70.05245628458077,44.90694038369975],[-70.05238955375876,44.90713306863798],[-70.05235875463939,44.90729303386252],[-70.05247168390406,44.90745663371444],[-70.05262054575836,44.90752934413158],[-70.05275914010979,44.90754025079425],[-70.0529849992602,44.90747481089129],[-70.05306199696541,44.90737301573987],[-70.05309279522515,44.90714033973009],[-70.05303633089149,44.90690402771326],[-70.05300039922533,44.90682768033222],[-70.05292340085904,44.90678405333782]]]},"properties":{"OBJECTID":"562","EGAD_SEQ":"","MAP_REFERENCE":"","FEATURE_NA":"EST WASTE AREA","POLYGON_TY":"LF WASTE AREA","EGAD_SITE_SEQ":"95,115","SITE_DESCR":"LANDFILL MUNICIPAL","LOCATION_A":"WITHIN 3M","LOCATION_M":"DIGITIZED","DATA_SOURC":"MDEP GIS UNIT","GlobalID":"{FFDD5533-6A79-43A6-A07D-E41788222E8F}","Shape_Length":"230.01","Shape_Area":"3,824.48"},"id":562},{"type":"Feature","geometry":{"type":"Polygon","coordinates":[[[-69.84742034592226,44.912627324443086],[-69.84718536920485,44.91377884989335],[-69.84722296571259,44.91388534891455],[-69.84728875879745,44.91393859768011],[-69.84744854379174,44.91395190985901],[-69.84761772698468,44.913971878396964],[-69.84769291970343,44.91397187838962],[-69.8477587133368,44.913892004410975],[-69.84779630959221,44.91378550639083],[-69.84789969962482,44.913539228276385],[-69.84802188789442,44.91333954286602],[-69.848153474448,44.91307329378802],[-69.84822866670599,44.91276710629803],[-69.84834145614394,44.912594043714826],[-69.8483320569868,44.91250085487108],[-69.84813467645765,44.91246091778559],[-69.84773991492575,44.9123810416934],[-69.84758952915787,44.91239435397309],[-69.84748613990628,44.91243429197263],[-69.84742034592226,44.912627324443086]]]},"properties":{"OBJECTID":"563","EGAD_SEQ":"","MAP_REFERENCE":"","FEATURE_NA":"EST WASTE AREA","POLYGON_TY":"LF WASTE AREA","EGAD_SITE_SEQ":"29,466","SITE_DESCR":"LANDFILL MUNICIPAL","LOCATION_A":"WITHIN 3M","LOCATION_M":"DIGITIZED","DATA_SOURC":"MDEP GIS UNIT","GlobalID":"{DF7D324C-CC3F-444A-A105-DAB70E490CBC}","Shape_Length":"446.09","Shape_Area":"10,079.28"},"id":563},{"type":"Feature","geometry":{"type":"Polygon","coordinates":[[[-69.73883038139654,44.85015580883312],[-69.7386259514033,44.850170801021925],[-69.7385413594764,44.85024576538098],[-69.73852726153939,44.85037070661748],[-69.7384990635477,44.85046566101403],[-69.73855545843425,44.85059559897642],[-69.73877398721476,44.85071054290757],[-69.73898546604578,44.85070054785206],[-69.73913350229756,44.850640577052694],[-69.739175797648,44.85054062507835],[-69.7391898964889,44.85034571806879],[-69.7390841568778,44.850230773299536],[-69.73883038139654,44.85015580883312]]]},"properties":{"OBJECTID":"564","EGAD_SEQ":"","MAP_REFERENCE":"","FEATURE_NA":"EST WASTE AREA","POLYGON_TY":"LF WASTE AREA","EGAD_SITE_SEQ":"29,459","SITE_DESCR":"LANDFILL MUNICIPAL","LOCATION_A":"WITHIN 3M","LOCATION_M":"DIGITIZED","DATA_SOURC":"MDEP GIS UNIT","GlobalID":"{7E6F36C1-FB04-4512-96C9-2481EBBCF2A0}","Shape_Length":"188.67","Shape_Area":"2,683.37"},"id":564},{"type":"Feature","geometry":{"type":"Polygon","coordinates":[[[-69.71604333696243,44.797786182320266],[-69.71642230795547,44.79788222433782],[-69.7167065369021,44.797930244914234],[-69.71704490395985,44.79791103730989],[-69.71730206283847,44.79781499513992],[-69.71759982506033,44.798324014331605],[-69.71796526144777,44.79877540522092],[-69.71820888581529,44.79907312851284],[-69.71862846156603,44.79919798054988],[-69.71906157150799,44.799149960424124],[-69.7195352849892,44.798890653206676],[-69.71969770052557,44.798362430610005],[-69.71961649246131,44.797709348965],[-69.71923752207371,44.79737320161218],[-69.71930519472478,44.79689298640817],[-69.7192510561453,44.796556834305015],[-69.71904803621383,44.79591333687492],[-69.71866906561648,44.79534666881083],[-69.71831716309772,44.79516418191624],[-69.71792465735587,44.79506813490395],[-69.71747801386582,44.795125762852926],[-69.71699076430298,44.79519299553492],[-69.71663886303115,44.795375482444086],[-69.71635463490134,44.7956636190502],[-69.7161245457105,44.79590373236029],[-69.71589445611625,44.7963935593755],[-69.71577264326893,44.7965760431379],[-69.71559669239204,44.79702744706682],[-69.71559669221803,44.797305971985885],[-69.7156779009055,44.79758449482203],[-69.71584031738276,44.79770934892617],[-69.71604333696243,44.797786182320266]]]},"properties":{"OBJECTID":"565","EGAD_SEQ":"","MAP_REFERENCE":"","FEATURE_NA":"EST WASTE AREA","POLYGON_TY":"LF WASTE AREA","EGAD_SITE_SEQ":"29,464","SITE_DESCR":"LANDFILL MUNICIPAL","LOCATION_A":"WITHIN 3M","LOCATION_M":"DIGITIZED","DATA_SOURC":"MDEP GIS UNIT","GlobalID":"{96DDB996-DC73-4136-9749-6EAF0440CE26}","Shape_Length":"1,274.78","Shape_Area":"95,948.53"},"id":565},{"type":"Feature","geometry":{"type":"Polygon","coordinates":[[[-69.87570359660315,44.77923132374761],[-69.87597856844525,44.7794579867892],[-69.87616484054055,44.779580762087726],[-69.8764486830817,44.77963428012743],[-69.87670148155198,44.77963113155771],[-69.87682122771831,44.77951150469389],[-69.87690992864842,44.7793572476136],[-69.87701636920181,44.779165213040066],[-69.87691879779193,44.77895428928524],[-69.87671478587428,44.77878743855259],[-69.87662165000614,44.77874966073138],[-69.87654181985685,44.77863003109799],[-69.87633337277184,44.778519846094106],[-69.8761559702036,44.77842540155845],[-69.87597856945699,44.77834040101275],[-69.87587212801249,44.778359290401525],[-69.87577455661233,44.778397067746866],[-69.87571246574005,44.77848206800988],[-69.87567698594326,44.77868040170606],[-69.87565037515128,44.778733919895146],[-69.87557054485504,44.77881577116983],[-69.87554836999932,44.77895114086068],[-69.87556167533435,44.77901410334215],[-69.87565037511506,44.7790833618661],[-69.87567698566184,44.7791494721286],[-69.87570359660315,44.77923132374761]]]},"properties":{"OBJECTID":"566","EGAD_SEQ":"","MAP_REFERENCE":"","FEATURE_NA":"EST WASTE AREA","POLYGON_TY":"LF WASTE AREA","EGAD_SITE_SEQ":"29,458","SITE_DESCR":"LANDFILL MUNICIPAL","LOCATION_A":"WITHIN 3M","LOCATION_M":"DIGITIZED","DATA_SOURC":"MDEP GIS UNIT","GlobalID":"{EAA0B992-0B05-4410-A199-AED64771CDF0}","Shape_Length":"399.09","Shape_Area":"10,875.05"},"id":566},{"type":"Feature","geometry":{"type":"Polygon","coordinates":[[[-69.93508828298707,44.38173931942883],[-69.93481802174294,44.38176408308486],[-69.93459627035087,44.381823514479265],[-69.934506183447,44.3819027576165],[-69.93444381516134,44.38203647900015],[-69.93430521970657,44.3822048683175],[-69.93424978278556,44.38235839954008],[-69.9341458353672,44.38262584029404],[-69.93420820376724,44.38281899108244],[-69.934326009147,44.382972520424524],[-69.93449925399496,44.38311119234635],[-69.93454776187238,44.38326472123974],[-69.93463091828127,44.38336377196174],[-69.93482495170345,44.38334396127283],[-69.93498433625464,44.38324986307189],[-69.93522687746474,44.38296756822948],[-69.93552485764398,44.38265555581991],[-69.93569117136944,44.382467356699834],[-69.93571889041709,44.38223458435879],[-69.93571196118162,44.38200181047498],[-69.93560801490631,44.38177894046843],[-69.93540705104246,44.38171455580391],[-69.93508828298707,44.38173931942883]]]},"properties":{"OBJECTID":"567","EGAD_SEQ":"","MAP_REFERENCE":"","FEATURE_NA":"EST WASTE AREA","POLYGON_TY":"LF WASTE AREA","EGAD_SITE_SEQ":"27,597","SITE_DESCR":"LANDFILL MUNICIPAL","LOCATION_A":"WITHIN 3M","LOCATION_M":"DIGITIZED","DATA_SOURC":"MDEP GIS UNIT","GlobalID":"{558CD006-AD80-42F4-9818-9A790639FB85}","Shape_Length":"486.91","Shape_Area":"15,692.36"},"id":567},{"type":"Feature","geometry":{"type":"Polygon","coordinates":[[[-70.16023125188981,44.43023910609008],[-70.15999016533964,44.429686377235235],[-70.15976176709046,44.42926956106588],[-70.15944454881453,44.429024907195014],[-70.15910195157842,44.42878931384286],[-70.15865784457773,44.428589964676114],[-70.15841675850702,44.42846310590011],[-70.15816298269908,44.42845404451517],[-70.1580234073879,44.42849028987305],[-70.15792189697963,44.42848122879101],[-70.15787114145165,44.428571841543025],[-70.15778232080034,44.42868963968493],[-70.15765543224656,44.42878931389697],[-70.15750316815887,44.4288074367749],[-70.157439723223,44.4288889878888],[-70.15750316732415,44.42904302997426],[-70.15766812167276,44.42926956169291],[-70.15801071791465,44.4299038443747],[-70.15813760583148,44.430447510150074],[-70.15846751343864,44.43072840294693],[-70.1589623754089,44.43091868327264],[-70.1594191703161,44.43103647572973],[-70.15977445640071,44.4310274153123],[-70.16000285443366,44.430891500571015],[-70.16000285357832,44.430719341126455],[-70.16007898708277,44.43037502222078],[-70.16023125188981,44.43023910609008]]]},"properties":{"OBJECTID":"568","EGAD_SEQ":"","MAP_REFERENCE":"","FEATURE_NA":"EST WASTE AREA","POLYGON_TY":"LF WASTE AREA","EGAD_SITE_SEQ":"28,561","SITE_DESCR":"LANDFILL MUNICIPAL","LOCATION_A":"WITHIN 3M","LOCATION_M":"DIGITIZED","DATA_SOURC":"MDEP GIS UNIT","GlobalID":"{679B95C3-3DF8-41A0-AD29-2EA0FC408E05}","Shape_Length":"794.34","Shape_Area":"39,606.87"},"id":568},{"type":"Feature","geometry":{"type":"Polygon","coordinates":[[[-70.21977707915079,44.68658526685145],[-70.219898890548,44.68704715344487],[-70.21998009872999,44.68730696292466],[-70.22014251520692,44.687667807290936],[-70.22031508221484,44.68770389127658],[-70.22039629044811,44.68766059061087],[-70.22050795186912,44.68761728938675],[-70.22065006578981,44.68754512043362],[-70.22078202918607,44.6874585173453],[-70.22084293511529,44.68738634845564],[-70.22077187845862,44.6871554070889],[-70.22079217971871,44.68701828518065],[-70.22090384145974,44.686852295270945],[-70.22091399217167,44.686650219721855],[-70.22075157589342,44.68654196481421],[-70.22048764936855,44.68646979419443],[-70.22018311910342,44.68652031392294],[-70.21977707915079,44.68658526685145]]]},"properties":{"OBJECTID":"569","EGAD_SEQ":"","MAP_REFERENCE":"","FEATURE_NA":"EST WASTE AREA","POLYGON_TY":"LF WASTE AREA","EGAD_SITE_SEQ":"29,356","SITE_DESCR":"LANDFILL MUNICIPAL","LOCATION_A":"WITHIN 3M","LOCATION_M":"DIGITIZED","DATA_SOURC":"MDEP GIS UNIT","GlobalID":"{90C06555-D331-45D6-99F8-FBD6C60F320E}","Shape_Length":"375.92","Shape_Area":"8,759.86"},"id":569},{"type":"Feature","geometry":{"type":"Polygon","coordinates":[[[-70.11386387191874,44.69888260282691],[-70.11375342925473,44.69879948073915],[-70.11357802009398,44.69876715517948],[-70.11331815400334,44.698767154826214],[-70.1131752271909,44.698804098596575],[-70.11303230181848,44.69885489504355],[-70.11290236821586,44.698965724934354],[-70.11284389860415,44.69903037552057],[-70.11277243569869,44.69914582261156],[-70.11259702566855,44.699349008730294],[-70.1124540993722,44.69952448747539],[-70.11231117418325,44.69966302294424],[-70.1122462071262,44.69976461566955],[-70.11229168411802,44.699903149710615],[-70.11237614035824,44.69999088889082],[-70.11247358962136,44.70005091992963],[-70.11265549616927,44.700083245087235],[-70.11289587236811,44.700101716229256],[-70.11313624724387,44.700069391832514],[-70.11335713322939,44.700000123912154],[-70.11352604614875,44.69990776802727],[-70.11373393907874,44.69977385122399],[-70.11386387236712,44.69952910544679],[-70.11392883857701,44.699302830587825],[-70.11394183218339,44.69902113986515],[-70.11386387191874,44.69888260282691]]]},"properties":{"OBJECTID":"570","EGAD_SEQ":"","MAP_REFERENCE":"","FEATURE_NA":"EST WASTE AREA","POLYGON_TY":"LF WASTE AREA","EGAD_SITE_SEQ":"29,350","SITE_DESCR":"LANDFILL MUNICIPAL","LOCATION_A":"WITHIN 3M","LOCATION_M":"DIGITIZED","DATA_SOURC":"MDEP GIS UNIT","GlobalID":"{87070A8B-0B8D-4853-A98B-1E542CC6A6A9}","Shape_Length":"443.57","Shape_Area":"13,701.27"},"id":570},{"type":"Feature","geometry":{"type":"Polygon","coordinates":[[[-69.97461007008152,44.49705336847461],[-69.9744728611155,44.49714234083348],[-69.97433149339439,44.49710971753236],[-69.97424417901075,44.49709192314803],[-69.97417765252084,44.49713937489763],[-69.97418181081188,44.49725207303262],[-69.97427744093362,44.49731435358441],[-69.97439386188962,44.49732028432945],[-69.9745393865412,44.49728173004867],[-69.97458096525291,44.49736477084896],[-69.97453107023779,44.49744781078871],[-69.97472648908222,44.49753974775907],[-69.9748512249186,44.49758719954069],[-69.97495932990064,44.49762575355181],[-69.97515890591822,44.497569405046576],[-69.97523374760482,44.49746263946213],[-69.97511732845709,44.4973647703925],[-69.97515474849436,44.497290627850596],[-69.9751547489804,44.49716606649581],[-69.97509653901528,44.4969970192663],[-69.97507574898394,44.4969021156552],[-69.97494269758839,44.496813143526126],[-69.97478470015355,44.49680721170854],[-69.97477638416068,44.49670934141132],[-69.97470154205024,44.49661147173348],[-69.9745601760936,44.49660553990364],[-69.97450196520401,44.496679684113516],[-69.97450196558013,44.4967478966706],[-69.97453107071726,44.496869492662746],[-69.97461007008152,44.49705336847461]]]},"properties":{"OBJECTID":"571","EGAD_SEQ":"","MAP_REFERENCE":"","FEATURE_NA":"EST WASTE AREA","POLYGON_TY":"LF WASTE AREA","EGAD_SITE_SEQ":"27,585","SITE_DESCR":"LANDFILL MUNICIPAL","LOCATION_A":"WITHIN 3M","LOCATION_M":"DIGITIZED","DATA_SOURC":"MDEP GIS UNIT","GlobalID":"{CE60BAE4-23EA-42AE-AB10-1D51F8218B2B}","Shape_Length":"355.82","Shape_Area":"4,845.24"},"id":571},{"type":"Feature","geometry":{"type":"Polygon","coordinates":[[[-70.0768784624408,44.54303743339469],[-70.07640583134646,44.543117306846185],[-70.07629376434215,44.54316592484292],[-70.07625965716083,44.543218015870735],[-70.076245039025,44.543290942548694],[-70.07627427400169,44.543415961045945],[-70.07629376428102,44.5435652875292],[-70.07635223484921,44.543686831833014],[-70.07643993904207,44.543752812748785],[-70.07659585812354,44.543780594300515],[-70.07666894595614,44.54378406717746],[-70.07671767050672,44.543735449169276],[-70.07686384467385,44.54364515920324],[-70.0770051476096,44.543509723619756],[-70.07710259669636,44.543280525033765],[-70.0772000468265,44.543179815396286],[-70.07717568449091,44.543103415756164],[-70.07705874478299,44.543054797209145],[-70.0768784624408,44.54303743339469]]]},"properties":{"OBJECTID":"572","EGAD_SEQ":"","MAP_REFERENCE":"","FEATURE_NA":"EST WASTE AREA","POLYGON_TY":"LF WASTE AREA","EGAD_SITE_SEQ":"29,346","SITE_DESCR":"LANDFILL MUNICIPAL","LOCATION_A":"WITHIN 3M","LOCATION_M":"DIGITIZED","DATA_SOURC":"MDEP GIS UNIT","GlobalID":"{887225D7-2A9D-44A5-9D78-EE6A39D68DB4}","Shape_Length":"252.17","Shape_Area":"4,351.76"},"id":572},{"type":"Feature","geometry":{"type":"Polygon","coordinates":[[[-70.03136945239828,44.56285157504103],[-70.03146300475753,44.562929338085226],[-70.03158774065825,44.562959887940856],[-70.03174365960385,44.56297655122069],[-70.0318528027756,44.56294322419769],[-70.03197364065399,44.56285157520521],[-70.032063294306,44.56268771720134],[-70.03214125416001,44.56254052328639],[-70.03216074468416,44.56244609624713],[-70.03208668261873,44.56238777338595],[-70.03209837600272,44.562293346600406],[-70.03213345836481,44.562173924279236],[-70.03223090769815,44.56202950519754],[-70.03220362263927,44.56193507780098],[-70.03207888606926,44.56192396882726],[-70.0319034766612,44.56198506920055],[-70.03179043602478,44.562129487529134],[-70.0316773932288,44.562162814615185],[-70.03154875985389,44.56218503277016],[-70.03149028985712,44.56218781064685],[-70.03141622917235,44.56219891986555],[-70.0313655542143,44.56226279632233],[-70.03133047244945,44.562315564974526],[-70.03132657534422,44.562387773987105],[-70.03133437030041,44.56245720543949],[-70.03131488081237,44.562473868799685],[-70.03132657433744,44.562546077456],[-70.03131098263648,44.562618286745405],[-70.03126810565932,44.562684940254805],[-70.03128759511917,44.56275992603414],[-70.03136945239828,44.56285157504103]]]},"properties":{"OBJECTID":"573","EGAD_SEQ":"","MAP_REFERENCE":"","FEATURE_NA":"EST WASTE AREA","POLYGON_TY":"LF WASTE AREA","EGAD_SITE_SEQ":"27,598","SITE_DESCR":"LANDFILL MUNICIPAL","LOCATION_A":"WITHIN 3M","LOCATION_M":"DIGITIZED","DATA_SOURC":"MDEP GIS UNIT","GlobalID":"{B39C75FD-1FB6-4FB3-93BA-3817EED2488C}","Shape_Length":"319.27","Shape_Area":"5,731.62"},"id":573},{"type":"Feature","geometry":{"type":"Polygon","coordinates":[[[-70.00598095246781,44.641724731905],[-70.00550298621464,44.64189017567575],[-70.00532213355925,44.6420556192764],[-70.00492813460154,44.642372718018855],[-70.00432098881147,44.64292878557876],[-70.00415305431424,44.643103416847254],[-70.00423056193884,44.64314018198519],[-70.00440495502842,44.64313099078468],[-70.00470206933713,44.64297933674393],[-70.00518649505231,44.642689815104454],[-70.00586469041258,44.64234974010345],[-70.00637495095918,44.642046428108124],[-70.0069950147196,44.64162822199848],[-70.00710481771559,44.64150873430886],[-70.0069433435401,44.64143979936087],[-70.00667852350139,44.641471969203835],[-70.00638141052654,44.64157766986954],[-70.00598095246781,44.641724731905]]]},"properties":{"OBJECTID":"574","EGAD_SEQ":"","MAP_REFERENCE":"","FEATURE_NA":"EST WASTE AREA","POLYGON_TY":"LF WASTE AREA","EGAD_SITE_SEQ":"29,352","SITE_DESCR":"LANDFILL MUNICIPAL","LOCATION_A":"WITHIN 3M","LOCATION_M":"DIGITIZED","DATA_SOURC":"MDEP GIS UNIT","GlobalID":"{B3164D15-3F79-4F27-A2CB-C929AA2FDF45}","Shape_Length":"614.89","Shape_Area":"11,143.3"},"id":574},{"type":"Feature","geometry":{"type":"Polygon","coordinates":[[[-69.92973446200948,44.7001370356117],[-69.92994034236536,44.70021450917802],[-69.9300856699212,44.700201597342925],[-69.93037632471022,44.70002082489978],[-69.93060037172661,44.69985296379899],[-69.93069120170128,44.69971523242953],[-69.93072147800038,44.699448375403605],[-69.93071542225807,44.6993278584472],[-69.93056403957041,44.69925038331384],[-69.9302915506614,44.69925899150256],[-69.9298676778874,44.699332162708444],[-69.92970418526282,44.699418245941466],[-69.92955885691534,44.69962054057697],[-69.9295164701302,44.69976257780418],[-69.92948619346119,44.6998701804325],[-69.92952252589173,44.69998208778969],[-69.92960124530637,44.70004234548572],[-69.92973446200948,44.7001370356117]]]},"properties":{"OBJECTID":"575","EGAD_SEQ":"","MAP_REFERENCE":"","FEATURE_NA":"EST WASTE AREA","POLYGON_TY":"LF WASTE AREA","EGAD_SITE_SEQ":"29,460","SITE_DESCR":"LANDFILL MUNICIPAL","LOCATION_A":"WITHIN 3M","LOCATION_M":"DIGITIZED","DATA_SOURC":"MDEP GIS UNIT","GlobalID":"{2B0A8E3F-7952-4EAB-AE92-5B50C5AD4CE5}","Shape_Length":"323.81","Shape_Area":"7,623.92"},"id":575},{"type":"Feature","geometry":{"type":"Polygon","coordinates":[[[-70.44861165900373,43.88433196665818],[-70.44818828300605,43.88400480377216],[-70.44803595525502,43.88389054867811],[-70.44788955280828,43.883792244659226],[-70.44773226917907,43.88370209061334],[-70.44756925544064,43.88360399666341],[-70.44734581360919,43.883526700048975],[-70.44716394683579,43.88356506039],[-70.4469722659368,43.88365562863656],[-70.44677125510098,43.88381842976822],[-70.44662484260819,43.883948488320314],[-70.4466554389725,43.884068292389784],[-70.44669359727109,43.88450049868184],[-70.44674458771148,43.884776293464476],[-70.44685834606808,43.884899050980124],[-70.44702068471352,43.884969110130044],[-70.4472314069323,43.884978460917814],[-70.44761214806273,43.88491754791841],[-70.4480093081428,43.88484841237976],[-70.44826724861869,43.88474899024462],[-70.44853383729328,43.88454929758767],[-70.44864760329577,43.884443689192004],[-70.44861165900373,43.88433196665818]]]},"properties":{"OBJECTID":"576","EGAD_SEQ":"","MAP_REFERENCE":"","FEATURE_NA":"EST WASTE AREA","POLYGON_TY":"LF WASTE AREA","EGAD_SITE_SEQ":"95,122","SITE_DESCR":"LANDFILL MUNICIPAL","LOCATION_A":"WITHIN 3M","LOCATION_M":"DIGITIZED","DATA_SOURC":"MDEP GIS UNIT","GlobalID":"{73585D09-C5D3-482D-BA7A-6531B1929914}","Shape_Length":"500.21","Shape_Area":"17,935.16"},"id":576},{"type":"Feature","geometry":{"type":"Polygon","coordinates":[[[-70.4486739281019,43.884615629859496],[-70.44855831746091,43.88464514092314],[-70.44817718466308,43.88491839969983],[-70.44799453232145,43.885153085301276],[-70.44795274685586,43.88548614484491],[-70.44806757651364,43.88565295736326],[-70.44819406521327,43.88584366062614],[-70.4484750291403,43.886008367706],[-70.44869362451986,43.886113767854894],[-70.44880554466907,43.886160425981345],[-70.44891600843478,43.88614700540546],[-70.4490742741399,43.886048845455925],[-70.44921602229222,43.88595490049005],[-70.44932017053507,43.885909509604126],[-70.44952001575433,43.885927006420836],[-70.44986393988239,43.88594668032312],[-70.45006378536044,43.88596417618458],[-70.45024555895066,43.88592180492648],[-70.45030977624795,43.88582884359455],[-70.45017978499257,43.885722321048604],[-70.44968313738943,43.88534401080057],[-70.44952817833467,43.885349983453764],[-70.44941625917437,43.88530332601575],[-70.44935262426442,43.88519195501177],[-70.44921690389076,43.88507749084835],[-70.4490375614034,43.88499162501367],[-70.44887386234575,43.88486549730353],[-70.44880304170013,43.88468610774821],[-70.4486739281019,43.884615629859496]]]},"properties":{"OBJECTID":"577","EGAD_SEQ":"","MAP_REFERENCE":"","FEATURE_NA":"EST WASTE AREA","POLYGON_TY":"LF WASTE AREA","EGAD_SITE_SEQ":"37,956","SITE_DESCR":"LANDFILL MUNICIPAL","LOCATION_A":"WITHIN 3M","LOCATION_M":"DIGITIZED","DATA_SOURC":"MDEP GIS UNIT","GlobalID":"{63E798DD-0C03-47C9-8731-505360A97ADD}","Shape_Length":"559.62","Shape_Area":"17,193.43"},"id":577},{"type":"Feature","geometry":{"type":"Polygon","coordinates":[[[-70.09197368170054,44.641322202189194],[-70.09196406266406,44.64116508847497],[-70.09194118965881,44.64101286469902],[-70.0918664647921,44.64094212205251],[-70.09169664583273,44.64078177580034],[-70.09149951859487,44.640588343342664],[-70.09129607697774,44.640414026418476],[-70.09112030502816,44.64029184635962],[-70.09087835601476,44.640198881970036],[-70.09071086357052,44.64016237076136],[-70.09062422720167,44.64016796231597],[-70.09056472081393,44.64019711346885],[-70.09042525073765,44.64023179227417],[-70.09037250626818,44.64026564286894],[-70.09030739983952,44.640352012173125],[-70.09032848398306,44.64040897658311],[-70.09040925213135,44.64044631647245],[-70.09043682959721,44.64049369154072],[-70.09043060407912,44.64051756973401],[-70.0903712769469,44.64055624729191],[-70.0903188890004,44.64060914909361],[-70.09021384396162,44.640700664665175],[-70.09008932004325,44.64082094893592],[-70.09000091762334,44.64108856667925],[-70.0899901619628,44.64122681950173],[-70.09009361962465,44.641406858204526],[-70.09023701922067,44.64158175047979],[-70.09048022099073,44.64174139726219],[-70.0908033032717,44.64189075411687],[-70.09099891503865,44.642003216871146],[-70.09109454597619,44.64212139870926],[-70.09111598870437,44.642197415062896],[-70.09119053573379,44.64225863256859],[-70.09133170691554,44.64231444923575],[-70.09149155415282,44.64229863010325],[-70.09164437090861,44.64226382332186],[-70.09174417398974,44.64224857690211],[-70.09180260850545,44.64216226969462],[-70.0918817730334,44.64211387441507],[-70.09200870729805,44.64212218798902],[-70.09216765885606,44.642058738992695],[-70.0922992997362,44.641962204048404],[-70.0923103181356,44.641838239038854],[-70.09225346327445,44.641652993420585],[-70.0921302501615,44.64148743794561],[-70.09197368170054,44.641322202189194]]]},"properties":{"OBJECTID":"578","EGAD_SEQ":"","MAP_REFERENCE":"","FEATURE_NA":"FARMINGTON MLF EAST","POLYGON_TY":"LF WASTE AREA","EGAD_SITE_SEQ":"29,516","SITE_DESCR":"SLUDGE UTILIZATION SITE","LOCATION_A":"WITHIN 3M","LOCATION_M":"DIGITIZED","DATA_SOURC":"MDEP GIS UNIT","GlobalID":"{FB79EC33-2B5E-4968-A06C-72B5F20C3674}","Shape_Length":"662.54","Shape_Area":"27,011.14"},"id":578},{"type":"Feature","geometry":{"type":"Polygon","coordinates":[[[-70.09288446742954,44.64149927886151],[-70.0931330073047,44.641587411778175],[-70.09330628244545,44.64157622567451],[-70.09359127061003,44.64147345599072],[-70.09374923416108,44.641357611751744],[-70.09380721855622,44.64124748817308],[-70.09413678647445,44.64099279919039],[-70.09466901422942,44.64077033565404],[-70.09502423866778,44.64063317932158],[-70.09499138629342,44.64046834304297],[-70.09429867243925,44.6400411907786],[-70.09382728101447,44.63978852513503],[-70.093490043588,44.63965236861773],[-70.09302352474191,44.639611305693684],[-70.09278657221343,44.639765837693176],[-70.09255695244498,44.639783617156525],[-70.09254986266998,44.63986425264209],[-70.09261683623193,44.63995676678428],[-70.09255657911444,44.640025329993485],[-70.09241022564649,44.640050850442805],[-70.09217379362535,44.63994251110518],[-70.09193904533718,44.63983145803431],[-70.09169312772492,44.639878348060435],[-70.09155463862037,44.6399471760616],[-70.09146871309676,44.64011493205345],[-70.09166489178774,44.6403567817559],[-70.09191594932923,44.6406578702149],[-70.09216631504604,44.640920199169294],[-70.09234298488343,44.641090006504974],[-70.09260033832335,44.64129238859521],[-70.09288446742954,44.64149927886151]]]},"properties":{"OBJECTID":"579","EGAD_SEQ":"","MAP_REFERENCE":"","FEATURE_NA":"FARMINGTON MLF WEST","POLYGON_TY":"LF WASTE AREA","EGAD_SITE_SEQ":"29,516","SITE_DESCR":"SLUDGE UTILIZATION SITE","LOCATION_A":"WITHIN 3M","LOCATION_M":"DIGITIZED","DATA_SOURC":"MDEP GIS UNIT","GlobalID":"{A11B9688-3693-45CD-99B5-CED6400790EB}","Shape_Length":"792.07","Shape_Area":"35,514.22"},"id":579},{"type":"Feature","geometry":{"type":"Polygon","coordinates":[[[-68.53324113254376,45.36916196015248],[-68.53318228671672,45.369119997516286],[-68.53311628891326,45.36904801672465],[-68.53306871181,45.36898523856651],[-68.53301352275739,45.36894850617202],[-68.53299146595754,45.36893146645218],[-68.53297488377137,45.36892357557984],[-68.53294702104635,45.36893780349812],[-68.53293561172705,45.36897556790649],[-68.5329240950837,45.3690263703271],[-68.53297162786441,45.36909436374475],[-68.53305560758099,45.36922900090309],[-68.53311245419151,45.36928920926436],[-68.53318989368395,45.36931951377178],[-68.53329892895314,45.36933169439894],[-68.53338222796533,45.3693242116575],[-68.53359148884715,45.36929507836461],[-68.53362121136887,45.36927955358866],[-68.53360294065789,45.36925209868559],[-68.53356804219128,45.36922196818836],[-68.53350736844281,45.36917738966497],[-68.5334593513389,45.36916806707803],[-68.53341864855828,45.36916920511154],[-68.53333724045335,45.36917147932436],[-68.53324113254376,45.36916196015248]]]},"properties":{"OBJECTID":"580","EGAD_SEQ":"","MAP_REFERENCE":"","FEATURE_NA":"EST WASTE AREA","POLYGON_TY":"LF WASTE AREA","EGAD_SITE_SEQ":"150,120","SITE_DESCR":"LANDFILL MUNICIPAL","LOCATION_A":"WITHIN 3M","LOCATION_M":"DIGITIZED","DATA_SOURC":"MDEP GIS UNIT","GlobalID":"{ECE42FD0-9E27-445A-AE44-4D424A92D82E}","Shape_Length":"156.93","Shape_Area":"980.88"},"id":580},{"type":"Feature","geometry":{"type":"Polygon","coordinates":[[[-69.31060787245151,44.52662789126642],[-69.31076507222025,44.52655153328077],[-69.31082899536695,44.52647542806509],[-69.31073504764305,44.52634913308615],[-69.3105896265836,44.52622067692985],[-69.31048984554259,44.526207142624095],[-69.31040620853858,44.52620506887661],[-69.3103939042842,44.52631094497991],[-69.31040734493772,44.52641905219787],[-69.3104625487438,44.52651784156089],[-69.3105111973028,44.52659364057917],[-69.31060787245151,44.52662789126642]]]},"properties":{"OBJECTID":"581","EGAD_SEQ":"","MAP_REFERENCE":"","FEATURE_NA":"EST WASTE AREA","POLYGON_TY":"LF WASTE AREA","EGAD_SITE_SEQ":"158,447","SITE_DESCR":"LANDFILL MUNICIPAL","LOCATION_A":"WITHIN 5M","LOCATION_M":"DIGITIZED","DATA_SOURC":"MDEP TECH SERVICES","GlobalID":"{47787838-50EC-41A5-8C0E-1CE87161F939}","Shape_Length":"127.45","Shape_Area":"1,063.19"},"id":581},{"type":"Feature","geometry":{"type":"Polygon","coordinates":[[[-69.66056360641248,44.634895585829334],[-69.66055311180901,44.63486427642482],[-69.66053918499347,44.634828160631095],[-69.66047317246418,44.63466927921695],[-69.66034415735365,44.63461693753105],[-69.66012019741711,44.634536189793586],[-69.65991280095618,44.63442638576998],[-69.65970887233854,44.634323803845916],[-69.65953219142447,44.63424036736318],[-69.65940645129078,44.634178354121396],[-69.65924356424351,44.63411896694407],[-69.65912501783095,44.63409552178477],[-69.65905083775525,44.634110425001765],[-69.6589125876341,44.63413776839384],[-69.65878472292879,44.63418676663987],[-69.65867710545959,44.63423323529901],[-69.65866118949738,44.63432019670743],[-69.65866522707971,44.634378088297474],[-69.65869269603294,44.63441653888751],[-69.65875744765395,44.6344644260027],[-69.65892338495705,44.63449483793343],[-69.65913353032049,44.63454912838429],[-69.65926243490536,44.63459181779736],[-69.6594255692406,44.634672921142034],[-69.65954449958028,44.634730145644646],[-69.65971453140004,44.63482327568936],[-69.65990821365715,44.634916265222536],[-69.66005745058372,44.63496366338738],[-69.66019289791625,44.6349870107764],[-69.6603145790783,44.63498872267374],[-69.66041947467824,44.63500017948606],[-69.66049316282081,44.63494184117468],[-69.66056360641248,44.634895585829334]]]},"properties":{"OBJECTID":"582","EGAD_SEQ":"","MAP_REFERENCE":"","FEATURE_NA":"SOLID WASTE BOUNDARY","POLYGON_TY":"LF WASTE AREA","EGAD_SITE_SEQ":"36,958","SITE_DESCR":"LANDFILL MUNICIPAL","LOCATION_A":"WITHIN 3M","LOCATION_M":"GPS MAPPING GRADE","DATA_SOURC":"MDEP GIS UNIT","GlobalID":"{806749E9-4C61-430C-B91E-14DF445E1827}","Shape_Length":"382.24","Shape_Area":"6,867.75"},"id":582},{"type":"Feature","geometry":{"type":"Polygon","coordinates":[[[-69.67350516890278,44.64099490487728],[-69.67401963067559,44.64058531198467],[-69.67354849546115,44.64039676978038],[-69.67324580050288,44.64029093612995],[-69.6729934878915,44.64019676189698],[-69.67237287711734,44.64011671403004],[-69.67163490163745,44.640025395958666],[-69.67109803381047,44.639944848641335],[-69.67093042363256,44.63993387543058],[-69.67045655078351,44.63950618537155],[-69.66975180574603,44.639390745814296],[-69.66891596907138,44.63952717717832],[-69.66846778438713,44.639876571006056],[-69.66838624788112,44.640068370943965],[-69.66843717224893,44.64012785933192],[-69.66870581422074,44.64018607400166],[-69.6692248375722,44.640171078476776],[-69.66967755885413,44.64021625402787],[-69.6700962386676,44.64021379820019],[-69.67051629183861,44.64033091014007],[-69.67071891262935,44.640473210116404],[-69.67127377349946,44.64066127190239],[-69.67134117843146,44.6406967470069],[-69.67207971418154,44.64083589568925],[-69.67290157451596,44.640938675554125],[-69.67318669467936,44.64097286657149],[-69.67350516890278,44.64099490487728]]]},"properties":{"OBJECTID":"583","EGAD_SEQ":"","MAP_REFERENCE":"","FEATURE_NA":"LANDFILL BOUNDARY","POLYGON_TY":"LF WASTE AREA","EGAD_SITE_SEQ":"30,369","SITE_DESCR":"LANDFILL SPECIAL WASTE","LOCATION_A":"WITHIN 3M","LOCATION_M":"CAD","DATA_SOURC":"MDEP GIS UNIT","GlobalID":"{38A36823-9C5B-470B-985E-A1C00886DA9C}","Shape_Length":"1,009.74","Shape_Area":"32,970.48"},"id":583},{"type":"Feature","geometry":{"type":"Polygon","coordinates":[[[-69.66032103703242,44.63555816801979],[-69.6603776901988,44.63548786133402],[-69.66047784064253,44.63537869226185],[-69.66057812384383,44.63528159107997],[-69.66059104167317,44.63522842863334],[-69.66055977918629,44.63515380410518],[-69.66050516284102,44.63510585940133],[-69.66042702459076,44.635070114042804],[-69.66037298314379,44.635072841910905],[-69.66019712479489,44.635061791697446],[-69.66005503045338,44.63504813430852],[-69.65992280022249,44.635010290349555],[-69.65982092668564,44.63496744281611],[-69.6596917213849,44.63489821010755],[-69.65956259713448,44.63483621659286],[-69.65944374727806,44.63478623055432],[-69.65920788469018,44.63484791616519],[-69.65900905000932,44.63489732698256],[-69.65901690239829,44.6349938028536],[-69.65902930793948,44.635194015236806],[-69.65912150305657,44.63527794101332],[-69.65922372798889,44.63535215634219],[-69.65940117700589,44.63550315529277],[-69.65951362226404,44.63558454845572],[-69.65962249900237,44.635649074333806],[-69.65975816651081,44.63569172681824],[-69.6598936663072,44.63571989779365],[-69.65996457881081,44.635714664492355],[-69.66008261037621,44.63569226383308],[-69.66023045402976,44.63561660388576],[-69.66032103703242,44.63555816801979]]]},"properties":{"OBJECTID":"584","EGAD_SEQ":"","MAP_REFERENCE":"","FEATURE_NA":"SOLID WASTE BOUNDARY","POLYGON_TY":"LF WASTE AREA","EGAD_SITE_SEQ":"36,958","SITE_DESCR":"LANDFILL MUNICIPAL","LOCATION_A":"WITHIN 3M","LOCATION_M":"GPS MAPPING GRADE","DATA_SOURC":"MDEP GIS UNIT","GlobalID":"{1B9E4B07-F69E-4FF4-BD75-FEFDE1AFB480}","Shape_Length":"353.48","Shape_Area":"8,011.82"},"id":584},{"type":"Feature","geometry":{"type":"Polygon","coordinates":[[[-69.59492509752434,44.49962873003167],[-69.59466303656204,44.49987486140118],[-69.59440153643811,44.50017640722665],[-69.59411445851009,44.50050117744379],[-69.5938978395258,44.500774780071495],[-69.59379708358928,44.50102007051786],[-69.59384375188124,44.501167610950496],[-69.59400614397336,44.50127298584679],[-69.59440728463504,44.50137711821825],[-69.59482670268778,44.50137493463171],[-69.5950521209677,44.501332195809965],[-69.59517990487402,44.50120683795963],[-69.59526195486193,44.50102629945486],[-69.59541568845565,44.5009146603544],[-69.59558312622389,44.50088145951202],[-69.59571806489096,44.50082533779021],[-69.59598134879808,44.500699271301755],[-69.59611614548463,44.50062929467837],[-69.59617210108081,44.500421182253554],[-69.59626705230384,44.5002405756597],[-69.5963433522953,44.5001293395254],[-69.59640660543515,44.500004317196385],[-69.59636026116593,44.499889103025254],[-69.59623027186834,44.499797416573976],[-69.59603632251616,44.499761483566786],[-69.59588221682291,44.49983617923954],[-69.59576640215775,44.499869111256416],[-69.59555936075675,44.49981477216753],[-69.59541001496794,44.499723185713485],[-69.59524164194436,44.499664026965085],[-69.59506690931829,44.499614136984256],[-69.59492509752434,44.49962873003167]]]},"properties":{"OBJECTID":"585","EGAD_SEQ":"","MAP_REFERENCE":"","FEATURE_NA":"EST WASTE AREA","POLYGON_TY":"LF WASTE AREA","EGAD_SITE_SEQ":"27,777","SITE_DESCR":"LANDFILL MUNICIPAL","LOCATION_A":"WITHIN 5M","LOCATION_M":"DIGITIZED","DATA_SOURC":"MDEP GIS UNIT","GlobalID":"{BB415C9C-FAC9-4709-BE23-F409A3C14955}","Shape_Length":"636.62","Shape_Area":"24,573.18"},"id":585},{"type":"Feature","geometry":{"type":"Polygon","coordinates":[[[-69.01196962694492,44.62035913500151],[-69.01200838177567,44.62015593213025],[-69.01198247314694,44.61993888294926],[-69.01191132198244,44.61981881824391],[-69.01180785138146,44.619749557218995],[-69.01166559307694,44.61972186295292],[-69.01151040148025,44.61968955151575],[-69.01134228114671,44.61967571434573],[-69.01125176092266,44.619694195594896],[-69.01113539856034,44.619832751447795],[-69.01105784526483,44.62004057519626],[-69.0110708120922,44.620220681256626],[-69.01109022648741,44.620308424330084],[-69.01117429683087,44.6203638339057],[-69.01136828588706,44.6203915236417],[-69.01165279730338,44.6204053489524],[-69.01187910868401,44.62039147163856],[-69.01196962694492,44.62035913500151]]]},"properties":{"OBJECTID":"586","EGAD_SEQ":"","MAP_REFERENCE":"","FEATURE_NA":"EST WASTE AREA","POLYGON_TY":"LF WASTE AREA","EGAD_SITE_SEQ":"29,173","SITE_DESCR":"LANDFILL MUNICIPAL","LOCATION_A":"WITHIN 5M","LOCATION_M":"DIGITIZED","DATA_SOURC":"MDEP GIS UNIT","GlobalID":"{93E6D604-4209-4477-B923-269281E4B572}","Shape_Length":"263.31","Shape_Area":"5,138.81"},"id":586},{"type":"Feature","geometry":{"type":"Polygon","coordinates":[[[-69.06860941663403,44.808489783451655],[-69.06856780106104,44.808407053628585],[-69.06855116657462,44.808383420152865],[-69.06843487203099,44.80834506837515],[-69.06831857192718,44.80830080471621],[-69.06816911356307,44.808303849461794],[-69.06792829508969,44.80828921579367],[-69.06770413411503,44.80831594870312],[-69.0675505159008,44.808313084239636],[-69.06748415085376,44.80836632216606],[-69.06737210626602,44.80841072071267],[-69.06732230618435,44.80842848357774],[-69.06731405324071,44.808472820833806],[-69.06733900552221,44.80850827221608],[-69.0674012915264,44.80851710267028],[-69.06747605782131,44.80854661374594],[-69.06748031283576,44.80863527601197],[-69.06753022340595,44.808712089557844],[-69.067621613863,44.808756368768776],[-69.06766320760192,44.80882136544906],[-69.06785424053565,44.80886558449189],[-69.06812826070508,44.808868376782506],[-69.0684022342231,44.80883274692057],[-69.06853503833806,44.80878833491018],[-69.0686096969407,44.80872622419676],[-69.06862618785776,44.808628682311266],[-69.06860941663403,44.808489783451655]]]},"properties":{"OBJECTID":"587","EGAD_SEQ":"","MAP_REFERENCE":"","FEATURE_NA":"EST WASTE AREA","POLYGON_TY":"LF WASTE AREA","EGAD_SITE_SEQ":"29,619","SITE_DESCR":"LANDFILL MUNICIPAL","LOCATION_A":"WITHIN 5M","LOCATION_M":"DIGITIZED","DATA_SOURC":"MDEP GIS UNIT","GlobalID":"{6AC61907-FE1E-45AE-BED5-C11ABA4D19F8}","Shape_Length":"280.52","Shape_Area":"5,174.89"},"id":587}]}